Nombre_Empresa,Monto_Credito,Divisa,Operacion,Fecha_Inicio,Fecha_Fin,Plazo
alsea,6491306.7,MXN,OP-917808,"January 12, 2021",N/A,N/A
LIVERPOOL,9910268.33,USD,OP-352758,24-Aug-2020,N/A,N/A
SORIANA,5742369.36,MXN,OP-127488,"September 24, 2018","October 30, 2019",401
grupo bimbo,2979588.9,EUR,OP-464174,13-Oct-2019,N/A,N/A
cemex,1882163.23,MXN,OP-455017,12/08/2021,N/A,N/A
grupo lala,7114606.04,EUR,OP-946459,05-Jun-2018,2020-06-03,729
grupo bimbo,6849130.11,USD,OP-305190,18/11/2021,N/A,N/A
GRUPO CARSO,3362270.98,MXN,OP-442824,"October 15, 2015",N/A,N/A
PEMEX,6816806.53,MXN,OP-382283,09/03/2020,N/A,N/A
américa móvil,6454554.68,USD,OP-153202,29/10/2024,N/A,N/A
FEMSA,8600497.33,MXN,OP-258010,"March 11, 2018",03-Jun-2024,2276
pemex,446043.29,USD,OP-381405,21-Sep-2020,27-Oct-2022,766
GRUPO MÉXICO,1764724.73,MXN,OP-612668,2020-02-11,N/A,N/A
GRUPO MÉXICO,7679304.06,EUR,OP-437566,"August 03, 2018",N/A,N/A
grupo carso,745275.87,MXN,OP-616316,2024-09-19,N/A,N/A
américa móvil,1306910.96,USD,OP-183602,"January 10, 2024",N/A,N/A
grupo méxico,7821905.12,USD,OP-426593,02-Sep-2015,2017-09-13,742
SORIANA,5646698.53,MXN,OP-776836,26/12/2018,N/A,N/A
GRUPO LALA,4941305.28,MXN,OP-951442,05-Jan-2024,N/A,N/A
GRUPO MÉXICO,6366594.76,USD,OP-434344,2022-05-15,N/A,N/A
SORIANA,749501.69,EUR,OP-717986,19/01/2021,N/A,N/A
GRUPO LALA,5206497.38,EUR,OP-539164,2021-05-05,"November 23, 2021",202
PEMEX,1616454.18,MXN,OP-438407,13-Jun-2021,06/07/2023,724
walmart de méxico,3853213.75,EUR,OP-212329,07/11/2018,N/A,N/A
TELMEX,4980042.51,MXN,OP-897239,"October 07, 2020",N/A,N/A
GRUPO BIMBO,4234431.08,MXN,OP-126709,28/10/2020,N/A,N/A
pemex,4108470.43,EUR,OP-296269,"December 09, 2017",2019-04-09,486
GRUPO CARSO,6888589.31,EUR,OP-239333,2018-05-13,N/A,N/A
SORIANA,9024275.57,USD,OP-675490,2017-04-06,17/01/2024,2477
femsa,350227.49,USD,OP-453099,23/03/2019,2019-04-01,9
grupo bimbo,8801921.67,USD,OP-928309,"September 26, 2020",N/A,N/A
GRUPO BIMBO,3644797.76,EUR,OP-717057,11-Jun-2016,N/A,N/A
GRUPO LALA,8253361.37,EUR,OP-947595,20-Feb-2023,2025-06-07,838
alsea,3046816.91,USD,OP-326508,"November 15, 2023",N/A,N/A
grupo carso,4257292.54,EUR,OP-178968,"January 09, 2019",N/A,N/A
grupo méxico,9495824.63,USD,OP-713767,2018-10-19,16-Nov-2022,1489
SORIANA,8365292.56,MXN,OP-339428,"March 22, 2022","October 23, 2024",946
alsea,4390556.56,MXN,OP-146095,2017-06-05,"July 12, 2025",2959
femsa,7611108.23,USD,OP-259535,"May 03, 2016","April 07, 2020",1435
cemex,7554339.85,EUR,OP-652798,2020-09-26,N/A,N/A
alsea,9415007.55,MXN,OP-186850,17-Sep-2019,16/11/2022,1156
banorte,8579721.33,MXN,OP-899783,18-Jul-2020,N/A,N/A
WALMART DE MÉXICO,1986157.02,EUR,OP-377411,18/10/2019,N/A,N/A
soriana,110705.43,EUR,OP-295685,10/05/2024,17-Jul-2025,285
alsea,3416287.33,EUR,OP-585617,"May 22, 2021",N/A,N/A
CEMEX,7449261.97,USD,OP-143364,2016-06-02,03-Oct-2020,1584
AMÉRICA MÓVIL,6861807.32,MXN,OP-578570,05-Jul-2021,2022-01-05,184
liverpool,4533759.82,MXN,OP-469784,"June 04, 2024",N/A,N/A
PEMEX,6849512.5,MXN,OP-483741,"October 17, 2017",07/05/2022,1722
soriana,5657585.82,MXN,OP-751750,2016-06-14,N/A,N/A
cemex,9602325.06,USD,OP-425391,"September 11, 2021",2022-04-20,221
SORIANA,8399610.4,MXN,OP-753737,23/10/2015,N/A,N/A
BANORTE,4121260.93,EUR,OP-376915,"November 22, 2022",N/A,N/A
FEMSA,3248384.6,MXN,OP-286907,26/09/2020,N/A,N/A
GRUPO CARSO,980659.2,EUR,OP-925886,22-Sep-2018,N/A,N/A
liverpool,1516863.6,USD,OP-815444,13/02/2017,22-Aug-2025,3112
femsa,1224481.85,MXN,OP-953891,"August 20, 2016","July 09, 2023",2514
soriana,3447708.15,MXN,OP-422337,15-Jul-2023,N/A,N/A
FEMSA,1890902.36,USD,OP-187293,21-Dec-2018,N/A,N/A
CEMEX,5648740.9,USD,OP-894362,05/01/2017,14-Jul-2023,2265
pemex,721285.95,USD,OP-148107,24-Aug-2024,N/A,N/A
américa móvil,9272547.98,USD,OP-538146,25/07/2021,N/A,N/A
PEMEX,9629235.09,USD,OP-682035,27/01/2022,N/A,N/A
GRUPO CARSO,7402771.69,USD,OP-390735,2017-06-30,2018-05-06,310
FEMSA,6326359.13,MXN,OP-531197,29/01/2017,2023-02-21,2214
AMÉRICA MÓVIL,3768053.32,EUR,OP-459616,"September 22, 2017",18/02/2018,149
PEMEX,1079359.37,USD,OP-811615,22/02/2019,2025-03-13,2211
bbva méxico,7615499.69,USD,OP-725449,"April 09, 2018",02-Mar-2020,693
AMÉRICA MÓVIL,9211008.16,MXN,OP-925897,"June 08, 2016",06/11/2017,368
GRUPO CARSO,920536.21,EUR,OP-431684,21-Jan-2019,N/A,N/A
SORIANA,7234701.3,USD,OP-715667,"November 03, 2020",N/A,N/A
GRUPO CARSO,5481827.91,USD,OP-766385,02/09/2020,N/A,N/A
américa móvil,8700425.32,EUR,OP-948625,22/11/2018,N/A,N/A
pemex,2629596.16,MXN,OP-249972,"May 19, 2024",N/A,N/A
grupo bimbo,4757862.92,EUR,OP-759585,"September 20, 2015",06/05/2019,1354
walmart de méxico,1649173.83,MXN,OP-818161,2025-07-21,N/A,N/A
GRUPO BIMBO,8913167.95,MXN,OP-483289,2024-05-11,N/A,N/A
walmart de méxico,6334359.84,MXN,OP-362154,15/05/2024,N/A,N/A
soriana,7248503.51,EUR,OP-407533,15-Apr-2024,N/A,N/A
grupo carso,6751808.63,EUR,OP-960864,13-Oct-2017,N/A,N/A
PEMEX,3166624.55,USD,OP-261651,19-Oct-2023,N/A,N/A
bbva méxico,1603154.45,MXN,OP-110621,"October 02, 2021",N/A,N/A
américa móvil,6714637.1,EUR,OP-689024,2025-08-19,N/A,N/A
grupo lala,7420889.03,USD,OP-185564,05/11/2019,25-Jun-2019,45
pemex,9670974.38,EUR,OP-315818,07-Jun-2020,"December 27, 2024",1664
cemex,9891633.81,EUR,OP-347541,05-May-2020,N/A,N/A
bbva méxico,4624824.83,USD,OP-949785,06/07/2023,N/A,N/A
banorte,2211553.93,USD,OP-501072,25/07/2023,2024-08-28,400
alsea,2261750.58,USD,OP-350288,2020-01-15,2021-10-24,648
GRUPO CARSO,7091900.55,USD,OP-843481,14/08/2017,N/A,N/A
liverpool,380011.54,EUR,OP-991317,2022-02-21,"July 10, 2022",139
GRUPO MÉXICO,1252627.42,USD,OP-846258,"September 24, 2020",N/A,N/A
ALSEA,8160670.75,MXN,OP-774841,13-Mar-2023,N/A,N/A
grupo méxico,512214.07,USD,OP-653362,2020-12-04,N/A,N/A
BANORTE,3700964.0,USD,OP-740709,"June 07, 2018",N/A,N/A
CEMEX,1516059.77,USD,OP-801689,2020-01-05,2025-03-21,1902
américa móvil,6808159.6,EUR,OP-421115,15-Aug-2021,N/A,N/A
GRUPO BIMBO,4791404.48,USD,OP-474339,29/08/2024,N/A,N/A
WALMART DE MÉXICO,2569547.06,MXN,OP-708456,2020-12-29,N/A,N/A
LIVERPOOL,2130561.17,EUR,OP-188186,"March 16, 2024",N/A,N/A
SORIANA,8478957.32,EUR,OP-899133,"December 16, 2023",27/01/2025,408
BBVA MÉXICO,2559164.99,EUR,OP-564877,22-Jul-2016,2016-09-01,41
GRUPO BIMBO,8522930.43,USD,OP-637478,2019-02-25,26/04/2022,1156
grupo bimbo,294493.49,EUR,OP-924884,05-Mar-2019,14-Jun-2025,2293
cemex,3632152.02,EUR,OP-688663,2020-04-29,2023-04-14,1080
grupo carso,993890.92,MXN,OP-545500,2020-01-09,N/A,N/A
GRUPO BIMBO,1582907.02,MXN,OP-213272,2023-10-09,N/A,N/A
BBVA MÉXICO,3112375.77,MXN,OP-873149,28-Jun-2020,N/A,N/A
FEMSA,5607182.65,EUR,OP-381344,"January 17, 2021",N/A,N/A
cemex,4755124.27,MXN,OP-818226,2019-05-03,N/A,N/A
telmex,332680.2,MXN,OP-960186,08-Jun-2018,"December 12, 2021",1283
femsa,7730311.39,EUR,OP-846071,15/12/2020,N/A,N/A
américa móvil,7719971.37,USD,OP-503913,"July 11, 2023",07-Aug-2025,758
PEMEX,2719798.41,MXN,OP-662890,"October 31, 2023",N/A,N/A
soriana,453808.37,EUR,OP-992422,06-Oct-2018,10-Jul-2024,2104
bbva méxico,194178.15,EUR,OP-207137,09/08/2021,N/A,N/A
grupo lala,5753926.71,MXN,OP-945824,"May 21, 2016",25-May-2018,734
ALSEA,2485582.54,MXN,OP-258118,"January 02, 2016",22/06/2021,1998
soriana,8289413.07,USD,OP-306775,2016-07-28,03/08/2021,1684
grupo lala,4133874.93,USD,OP-354960,"November 24, 2017",N/A,N/A
walmart de méxico,2876263.96,USD,OP-520712,25-Mar-2019,"February 19, 2023",1427
LIVERPOOL,8242774.03,USD,OP-748159,2024-03-18,N/A,N/A
walmart de méxico,7687567.4,USD,OP-744172,2021-06-28,N/A,N/A
grupo bimbo,5044029.07,EUR,OP-737439,04-Jan-2024,N/A,N/A
TELMEX,1595627.34,EUR,OP-183840,"September 17, 2017","June 04, 2025",2817
WALMART DE MÉXICO,1679677.85,MXN,OP-877128,01/03/2024,N/A,N/A
walmart de méxico,4764112.22,MXN,OP-634747,13-Jun-2016,"June 06, 2019",1088
grupo méxico,8455383.79,USD,OP-284915,23-Oct-2017,2020-08-17,1029
FEMSA,1982549.71,MXN,OP-815771,2021-04-11,27-Aug-2021,138
GRUPO LALA,3666242.85,USD,OP-954030,"August 05, 2022",N/A,N/A
telmex,8107710.25,EUR,OP-501606,05/01/2020,N/A,N/A
grupo lala,2202087.17,EUR,OP-528237,2018-07-29,13/08/2025,2572
walmart de méxico,2255544.82,EUR,OP-214330,02/01/2017,"December 09, 2018",676
TELMEX,4718505.85,EUR,OP-505096,2024-09-07,N/A,N/A
grupo lala,8297019.78,USD,OP-449406,"February 21, 2016",2017-10-22,609
soriana,8042101.91,USD,OP-821644,07/09/2017,06/12/2022,1799
PEMEX,3240554.66,USD,OP-588078,2015-11-10,14/06/2022,2408
LIVERPOOL,8392254.47,MXN,OP-256960,2016-11-06,N/A,N/A
pemex,4208659.46,MXN,OP-103875,20-Oct-2020,N/A,N/A
liverpool,255558.79,USD,OP-490018,05/02/2020,N/A,N/A
américa móvil,1049002.98,USD,OP-332325,06-Jul-2022,N/A,N/A
bbva méxico,6160133.57,MXN,OP-674833,31/01/2025,N/A,N/A
FEMSA,4449579.5,MXN,OP-514702,30-Oct-2022,N/A,N/A
BBVA MÉXICO,5388518.95,USD,OP-378599,15-Feb-2018,N/A,N/A
PEMEX,1476962.66,MXN,OP-177276,"July 15, 2017",2017-11-03,111
femsa,9349623.93,EUR,OP-252727,17/03/2018,07-Feb-2022,1423
AMÉRICA MÓVIL,3289476.62,MXN,OP-825258,27/08/2022,N/A,N/A
telmex,9484707.36,EUR,OP-545847,2025-08-14,N/A,N/A
femsa,9016373.15,EUR,OP-975208,17/09/2022,N/A,N/A
liverpool,997640.51,EUR,OP-928343,21-Mar-2020,N/A,N/A
BANORTE,9299755.3,USD,OP-123837,31-Mar-2019,18/09/2022,1267
banorte,4416286.11,USD,OP-420303,17-Oct-2016,N/A,N/A
GRUPO MÉXICO,1650269.05,EUR,OP-993355,13-May-2022,N/A,N/A
CEMEX,3765845.4,MXN,OP-812768,21/09/2019,"April 28, 2025",2046
GRUPO BIMBO,6219878.78,USD,OP-652660,"September 10, 2020",N/A,N/A
AMÉRICA MÓVIL,371662.73,USD,OP-898061,07-Nov-2023,N/A,N/A
grupo bimbo,8336675.34,MXN,OP-138099,31/03/2025,N/A,N/A
TELMEX,9485315.54,MXN,OP-353718,"July 30, 2023",N/A,N/A
LIVERPOOL,8776305.58,USD,OP-949363,"August 15, 2025",N/A,N/A
alsea,9852968.09,EUR,OP-554028,"April 29, 2022",N/A,N/A
TELMEX,2901262.15,MXN,OP-120946,"February 10, 2024",08/09/2024,181
CEMEX,3607276.8,EUR,OP-458685,08/05/2017,08/10/2017,5
grupo lala,5181203.45,MXN,OP-826750,2015-12-02,N/A,N/A
alsea,7430299.56,USD,OP-211258,07-Jan-2025,N/A,N/A
AMÉRICA MÓVIL,5646740.94,USD,OP-252368,2021-09-20,N/A,N/A
WALMART DE MÉXICO,9268161.91,EUR,OP-854541,15-Aug-2023,N/A,N/A
ALSEA,8559272.8,MXN,OP-111468,2023-06-04,N/A,N/A
liverpool,6357944.44,MXN,OP-184289,2021-01-13,N/A,N/A
grupo lala,2654751.67,USD,OP-171522,2016-09-19,"June 07, 2021",1722
GRUPO MÉXICO,3743095.91,USD,OP-452034,07-Jan-2019,22-Sep-2020,624
soriana,3789487.95,USD,OP-642446,2023-04-07,N/A,N/A
walmart de méxico,7172499.6,USD,OP-988634,2017-01-05,"August 08, 2021",1676
grupo bimbo,2244048.98,EUR,OP-313841,"January 11, 2019",N/A,N/A
walmart de méxico,7754951.55,EUR,OP-626015,29/01/2023,2023-07-07,159
PEMEX,2016590.34,USD,OP-526985,"March 21, 2025",N/A,N/A
BANORTE,2812751.77,MXN,OP-548413,"November 19, 2017","April 02, 2018",134
alsea,7797618.11,USD,OP-975056,27/10/2017,"October 23, 2021",1457
pemex,6654744.2,MXN,OP-824051,"May 21, 2016",05/06/2019,1080
bbva méxico,4906094.41,MXN,OP-459515,"February 27, 2024",N/A,N/A
bbva méxico,917194.73,EUR,OP-603943,23-Mar-2017,2018-07-10,474
WALMART DE MÉXICO,191117.48,MXN,OP-415796,2015-10-14,30-Jan-2017,474
GRUPO BIMBO,2219464.62,USD,OP-541151,2022-08-30,N/A,N/A
walmart de méxico,6576867.73,MXN,OP-958751,30-May-2021,N/A,N/A
SORIANA,6115799.99,USD,OP-675838,23/05/2025,N/A,N/A
grupo carso,261027.0,EUR,OP-325334,"January 05, 2016",13/09/2020,1713
telmex,5176717.11,USD,OP-853656,"May 23, 2021",N/A,N/A
liverpool,3096474.76,USD,OP-866208,23/02/2023,N/A,N/A
grupo carso,4661945.0,MXN,OP-510575,2021-11-23,2021-12-21,28
soriana,996013.86,USD,OP-440590,21/10/2020,05-May-2022,561
grupo bimbo,9606402.58,EUR,OP-520588,07/02/2019,N/A,N/A
GRUPO LALA,8002836.41,EUR,OP-816388,"October 22, 2019",10-Nov-2021,750
walmart de méxico,3519246.31,MXN,OP-713553,09/08/2020,10/02/2023,1119
ALSEA,7891343.92,USD,OP-458850,16/04/2017,18/11/2024,2773
telmex,8484378.67,EUR,OP-227898,2022-02-20,"March 01, 2024",740
BANORTE,8432920.99,EUR,OP-170146,"November 07, 2020","December 13, 2024",1497
banorte,3292079.71,USD,OP-136444,03/07/2020,N/A,N/A
GRUPO MÉXICO,8567354.15,USD,OP-624001,18-Jun-2021,2023-11-16,881
ALSEA,3581837.57,USD,OP-309119,02/08/2020,2023-06-04,1212
liverpool,8646841.9,MXN,OP-727393,"June 27, 2021",N/A,N/A
cemex,2404861.17,USD,OP-519141,20/01/2020,"March 07, 2022",777
GRUPO MÉXICO,4183506.13,MXN,OP-327489,09/03/2017,04-May-2019,608
alsea,931606.86,USD,OP-373122,"May 18, 2022",N/A,N/A
GRUPO CARSO,5511302.19,EUR,OP-869104,11-Jun-2020,27/01/2022,595
grupo lala,7738744.69,USD,OP-395611,24/04/2018,N/A,N/A
CEMEX,8838530.67,USD,OP-995596,03/04/2018,2022-01-19,1417
BANORTE,2837677.49,MXN,OP-893276,12-Jan-2025,N/A,N/A
grupo bimbo,9270204.27,EUR,OP-875346,09/03/2024,24-May-2025,263
telmex,3491429.88,MXN,OP-781824,21-Dec-2021,N/A,N/A
BBVA MÉXICO,4748782.57,MXN,OP-574559,"October 09, 2020",N/A,N/A
liverpool,1712334.46,MXN,OP-782004,"February 04, 2022",N/A,N/A
grupo carso,6490573.97,EUR,OP-996883,2025-02-03,N/A,N/A
ALSEA,3754851.8,EUR,OP-544956,2017-08-20,N/A,N/A
pemex,1243611.45,EUR,OP-203227,"September 29, 2021",2025-08-02,1403
alsea,815611.78,USD,OP-910707,27-Apr-2016,03-Oct-2020,1620
BANORTE,8900735.84,EUR,OP-787752,26-Aug-2015,2017-03-29,581
grupo lala,4563216.2,USD,OP-358439,"December 02, 2024",N/A,N/A
GRUPO LALA,2986182.59,MXN,OP-490692,"July 07, 2018",21-Mar-2019,257
cemex,1170076.17,USD,OP-448822,"April 19, 2016",17/06/2023,2615
liverpool,9442343.32,MXN,OP-572254,"June 23, 2024",N/A,N/A
TELMEX,8372476.74,USD,OP-657357,25/12/2020,N/A,N/A
PEMEX,7949725.25,MXN,OP-948116,2018-12-28,"November 22, 2022",1425
GRUPO LALA,9135787.54,USD,OP-758298,17-Oct-2020,"March 17, 2025",1612
SORIANA,3379176.91,MXN,OP-664308,20-Jun-2019,"April 07, 2022",1022
grupo lala,3841311.92,EUR,OP-156511,22/03/2018,"November 15, 2022",1699
LIVERPOOL,273707.34,MXN,OP-471182,22-Jan-2018,N/A,N/A
WALMART DE MÉXICO,1343018.34,USD,OP-789918,"November 29, 2017","May 07, 2025",2716
BBVA MÉXICO,206721.38,MXN,OP-830455,24/09/2020,N/A,N/A
cemex,554321.8,MXN,OP-664960,10/11/2023,N/A,N/A
grupo bimbo,132540.72,EUR,OP-558999,"August 04, 2022",N/A,N/A
alsea,9444008.05,MXN,OP-133992,2024-06-27,N/A,N/A
grupo bimbo,4186455.56,USD,OP-958704,28/10/2024,N/A,N/A
LIVERPOOL,9911736.09,EUR,OP-517044,"August 05, 2016",11/09/2019,1191
liverpool,1341348.7,EUR,OP-156913,2023-08-21,"March 19, 2024",211
grupo carso,8967853.94,MXN,OP-795761,"July 31, 2018",N/A,N/A
femsa,5004883.14,EUR,OP-975099,22/06/2017,"July 27, 2017",35
LIVERPOOL,3145381.63,EUR,OP-352195,29-Mar-2017,29-Aug-2017,153
grupo méxico,3658125.73,USD,OP-762105,"August 31, 2022",N/A,N/A
cemex,4584630.01,USD,OP-897623,25/10/2015,13-Jul-2016,262
FEMSA,9442676.81,MXN,OP-548207,"March 15, 2024",N/A,N/A
GRUPO CARSO,8749184.88,USD,OP-629930,"June 07, 2024",N/A,N/A
bbva méxico,5289828.24,MXN,OP-162845,"March 05, 2020","March 11, 2025",1832
TELMEX,406829.33,MXN,OP-376733,11-Dec-2023,N/A,N/A
LIVERPOOL,4032138.6,MXN,OP-148659,14/03/2016,2024-02-04,2883
WALMART DE MÉXICO,9973356.17,MXN,OP-199591,18-Sep-2020,2021-11-23,431
GRUPO LALA,9125975.04,MXN,OP-381285,2025-03-04,N/A,N/A
GRUPO CARSO,2856759.9,USD,OP-223113,"August 14, 2019","January 31, 2023",1266
WALMART DE MÉXICO,9727591.12,MXN,OP-142812,04-Feb-2025,N/A,N/A
CEMEX,8239293.69,EUR,OP-256199,03-May-2024,N/A,N/A
PEMEX,969356.35,MXN,OP-468749,"March 19, 2020",N/A,N/A
bbva méxico,8703477.41,MXN,OP-315504,05/04/2019,N/A,N/A
BBVA MÉXICO,7678214.7,MXN,OP-284186,17-Oct-2021,N/A,N/A
WALMART DE MÉXICO,996020.18,MXN,OP-842288,2024-04-13,N/A,N/A
américa móvil,5646220.7,MXN,OP-893618,2024-05-25,N/A,N/A
ALSEA,4417451.61,MXN,OP-588529,09-Jul-2019,N/A,N/A
grupo lala,7779409.39,EUR,OP-718590,2018-12-20,N/A,N/A
liverpool,9136391.48,USD,OP-274746,22/01/2024,N/A,N/A
grupo carso,2750689.48,EUR,OP-367648,09/03/2023,N/A,N/A
SORIANA,9172087.24,MXN,OP-446604,2019-09-15,2022-10-26,1137
américa móvil,1578880.29,USD,OP-609141,19/11/2023,"December 08, 2024",385
cemex,5590407.67,EUR,OP-164065,10-May-2019,N/A,N/A
bbva méxico,5930596.72,EUR,OP-815902,"August 09, 2024",N/A,N/A
pemex,9405173.32,EUR,OP-743762,28-Oct-2016,"June 29, 2018",609
pemex,9371607.09,MXN,OP-919972,2018-07-13,N/A,N/A
BBVA MÉXICO,2474472.84,USD,OP-411615,01/12/2015,N/A,N/A
GRUPO MÉXICO,2555071.0,EUR,OP-388076,"August 18, 2022",N/A,N/A
cemex,398541.0,EUR,OP-708819,23/04/2022,N/A,N/A
alsea,7434489.13,USD,OP-226529,2022-01-16,N/A,N/A
PEMEX,8820167.15,USD,OP-858197,19/03/2019,N/A,N/A
FEMSA,7926825.41,MXN,OP-352231,"February 20, 2024",2025-08-04,531
GRUPO MÉXICO,6381329.16,USD,OP-141152,2016-06-29,31/08/2018,793
telmex,606981.86,MXN,OP-977854,25-Jan-2024,04-Mar-2024,39
TELMEX,1377640.5,USD,OP-846464,2017-03-22,N/A,N/A
ALSEA,3896384.13,EUR,OP-473367,27/06/2022,N/A,N/A
GRUPO CARSO,8414687.25,EUR,OP-728682,26-Mar-2018,05/02/2020,768
alsea,3087045.97,MXN,OP-565807,20-Sep-2015,26-Jan-2016,128
PEMEX,2657751.5,USD,OP-858196,25/01/2022,N/A,N/A
bbva méxico,2419445.7,USD,OP-672920,2017-07-13,2021-01-14,1281
FEMSA,8268715.46,USD,OP-394131,2025-06-07,N/A,N/A
TELMEX,7108518.7,MXN,OP-627375,2015-11-29,18/12/2016,385
ALSEA,7282369.14,MXN,OP-716918,"January 22, 2019",N/A,N/A
grupo lala,556978.11,EUR,OP-794070,22-Nov-2019,N/A,N/A
BBVA MÉXICO,9356196.86,EUR,OP-914046,"June 15, 2018",N/A,N/A
américa móvil,4806929.94,USD,OP-177669,17-Sep-2019,N/A,N/A
GRUPO CARSO,9626038.43,USD,OP-230357,"July 01, 2025",N/A,N/A
ALSEA,4443456.85,MXN,OP-196778,2020-09-30,N/A,N/A
GRUPO CARSO,1586272.41,EUR,OP-456096,23-Mar-2025,N/A,N/A
PEMEX,2820000.3,USD,OP-168733,"May 26, 2019",N/A,N/A
GRUPO MÉXICO,8204537.84,USD,OP-596794,12-Jan-2019,"May 08, 2020",482
GRUPO CARSO,3038077.84,MXN,OP-173767,2025-07-09,N/A,N/A
BANORTE,6872256.91,EUR,OP-361437,11-Aug-2020,"June 10, 2021",303
banorte,4654775.41,MXN,OP-569935,"December 23, 2021",N/A,N/A
ALSEA,4923248.44,MXN,OP-156690,13/04/2017,N/A,N/A
ALSEA,2514170.08,MXN,OP-268464,07/08/2017,2023-08-05,2219
grupo bimbo,2879272.49,MXN,OP-160852,2017-06-29,N/A,N/A
GRUPO LALA,6366517.22,MXN,OP-902449,19-Jun-2017,2025-07-23,2956
WALMART DE MÉXICO,4453742.84,EUR,OP-245823,01-Dec-2016,"April 14, 2021",1595
telmex,1359871.65,MXN,OP-802532,2022-06-23,N/A,N/A
LIVERPOOL,528556.82,EUR,OP-988653,2016-10-16,N/A,N/A
banorte,5985837.11,USD,OP-918597,"April 18, 2018",N/A,N/A
GRUPO LALA,2864203.99,MXN,OP-245838,20/08/2017,N/A,N/A
AMÉRICA MÓVIL,2296448.73,MXN,OP-851591,"April 16, 2024",N/A,N/A
ALSEA,429281.82,EUR,OP-275616,2019-09-08,22-Jan-2020,136
SORIANA,4455351.37,USD,OP-940589,2022-10-26,N/A,N/A
FEMSA,6318148.0,EUR,OP-731115,"February 25, 2021",N/A,N/A
BBVA MÉXICO,3698420.45,EUR,OP-587990,15-Jul-2021,N/A,N/A
WALMART DE MÉXICO,3056184.35,USD,OP-912329,26-Oct-2017,N/A,N/A
banorte,2644206.42,MXN,OP-641341,2022-07-02,15/12/2022,166
BBVA MÉXICO,6046121.2,EUR,OP-310564,22-Jun-2025,N/A,N/A
walmart de méxico,410343.23,USD,OP-937713,"April 09, 2019",23/10/2019,197
grupo lala,6864144.74,MXN,OP-691003,28/03/2023,N/A,N/A
banorte,452784.05,MXN,OP-533259,2022-05-25,N/A,N/A
GRUPO BIMBO,2451869.06,MXN,OP-249092,21-Oct-2023,N/A,N/A
GRUPO LALA,6599734.91,USD,OP-613774,21/11/2018,"February 26, 2020",462
CEMEX,7597808.33,EUR,OP-694904,2023-12-06,N/A,N/A
FEMSA,7125570.56,EUR,OP-576054,21-Feb-2019,26/10/2019,247
SORIANA,2019035.2,EUR,OP-280095,22-Nov-2023,N/A,N/A
FEMSA,2427951.69,EUR,OP-830679,18/05/2025,N/A,N/A
GRUPO CARSO,4191799.6,EUR,OP-194102,"April 14, 2023","April 18, 2024",370
grupo méxico,5628198.94,EUR,OP-266587,2021-07-24,N/A,N/A
BANORTE,9712945.9,MXN,OP-516021,07-May-2025,N/A,N/A
BANORTE,9717582.85,EUR,OP-641521,30-Apr-2024,N/A,N/A
grupo bimbo,5491221.44,MXN,OP-296503,23/06/2020,18-Mar-2025,1729
banorte,5343148.92,MXN,OP-228507,"August 16, 2023",N/A,N/A
WALMART DE MÉXICO,3992292.61,USD,OP-114348,2018-02-07,"July 29, 2022",1633
BANORTE,4171358.65,EUR,OP-657424,15/04/2024,N/A,N/A
LIVERPOOL,2951168.22,EUR,OP-887497,2019-05-11,N/A,N/A
FEMSA,3952979.18,USD,OP-896662,2017-03-22,N/A,N/A
AMÉRICA MÓVIL,3641378.97,EUR,OP-632195,"March 08, 2021",N/A,N/A
alsea,9198611.31,EUR,OP-689853,2019-04-03,N/A,N/A
grupo lala,7593081.98,EUR,OP-745074,"June 30, 2017",N/A,N/A
BANORTE,2547949.41,MXN,OP-581370,21-Mar-2020,"October 01, 2021",559
PEMEX,8812193.46,USD,OP-180512,15/10/2022,N/A,N/A
américa móvil,3786584.75,EUR,OP-667702,2021-10-18,N/A,N/A
grupo bimbo,9834354.85,EUR,OP-915142,2023-09-06,2025-05-31,633
CEMEX,3435535.4,USD,OP-368831,2020-12-09,29/01/2022,416
FEMSA,5399432.37,EUR,OP-185180,22-Jul-2021,N/A,N/A
walmart de méxico,9023811.79,MXN,OP-527685,23-Aug-2025,N/A,N/A
GRUPO CARSO,7148550.13,USD,OP-279670,2023-03-25,N/A,N/A
SORIANA,7243973.15,USD,OP-376378,11-Jan-2020,N/A,N/A
AMÉRICA MÓVIL,9638837.93,EUR,OP-424543,12/01/2021,N/A,N/A
CEMEX,3061586.4,EUR,OP-806939,07/04/2016,"January 19, 2019",929
LIVERPOOL,1304065.44,EUR,OP-398936,2022-10-15,N/A,N/A
WALMART DE MÉXICO,9738979.41,MXN,OP-380687,18/01/2019,22-Feb-2022,1131
liverpool,2340485.63,USD,OP-973842,07-Apr-2019,N/A,N/A
soriana,5682693.78,EUR,OP-968683,17/04/2025,N/A,N/A
alsea,1980820.23,EUR,OP-359132,2018-06-22,"November 20, 2024",2343
WALMART DE MÉXICO,9055353.37,EUR,OP-820277,10/05/2021,20-Jun-2023,623
GRUPO CARSO,574219.7,MXN,OP-217276,"July 08, 2017",25-Nov-2019,870
BBVA MÉXICO,5021875.15,EUR,OP-930392,01/03/2017,N/A,N/A
banorte,5376548.15,USD,OP-325217,07/04/2023,N/A,N/A
BANORTE,7538047.57,USD,OP-820569,20/01/2018,"July 03, 2020",895
GRUPO CARSO,9439591.87,USD,OP-548887,2017-09-28,N/A,N/A
ALSEA,7782238.87,USD,OP-761596,2021-06-15,N/A,N/A
femsa,5197875.53,USD,OP-476820,24/01/2017,14-Sep-2021,1694
PEMEX,6021507.35,USD,OP-433939,07-Oct-2017,N/A,N/A
CEMEX,9540203.95,EUR,OP-887118,24-Jan-2016,12-May-2023,2665
bbva méxico,6350840.09,EUR,OP-588942,22-Jan-2024,2025-05-31,495
AMÉRICA MÓVIL,7563937.63,EUR,OP-741297,14-Nov-2020,N/A,N/A
ALSEA,8016272.24,EUR,OP-953446,31-Mar-2024,N/A,N/A
cemex,2056172.13,USD,OP-223627,28-Aug-2016,"February 06, 2020",1257
CEMEX,5867658.83,MXN,OP-850950,2023-08-31,N/A,N/A
GRUPO BIMBO,4356638.3,EUR,OP-259292,2021-12-18,N/A,N/A
GRUPO CARSO,2895893.35,EUR,OP-498576,"October 23, 2016",N/A,N/A
BBVA MÉXICO,5788597.2,EUR,OP-435674,"October 21, 2015",23/05/2018,945
grupo méxico,9829415.88,MXN,OP-387905,15-Jan-2019,"February 22, 2019",38
américa móvil,2404769.9,USD,OP-456567,"April 12, 2025",N/A,N/A
GRUPO LALA,9597989.17,MXN,OP-469940,14-Mar-2019,N/A,N/A
CEMEX,4768173.86,USD,OP-303707,14-Dec-2021,N/A,N/A
grupo méxico,6914997.56,EUR,OP-536166,19/05/2019,"November 13, 2024",2005
GRUPO CARSO,5534213.34,MXN,OP-140372,2023-06-29,N/A,N/A
grupo lala,8075408.73,EUR,OP-657275,"July 23, 2020",N/A,N/A
soriana,7223708.95,MXN,OP-950467,2016-03-30,05-Nov-2017,585
pemex,6441505.89,EUR,OP-565175,"August 09, 2022",N/A,N/A
GRUPO BIMBO,2799550.62,MXN,OP-636206,16-Sep-2023,N/A,N/A
TELMEX,8073900.18,EUR,OP-550001,2017-06-20,N/A,N/A
WALMART DE MÉXICO,6487878.13,USD,OP-573849,20-Oct-2019,20/11/2024,1858
liverpool,8227800.79,EUR,OP-545849,24-Mar-2017,N/A,N/A
BBVA MÉXICO,9606685.04,USD,OP-350091,2017-04-19,N/A,N/A
grupo carso,1469434.96,USD,OP-108211,01-May-2018,N/A,N/A
bbva méxico,320574.61,EUR,OP-597227,"August 07, 2021",N/A,N/A
banorte,7241447.28,USD,OP-988022,2022-05-06,"October 14, 2024",892
GRUPO LALA,6748331.88,EUR,OP-107060,2023-03-03,16-Aug-2023,166
américa móvil,8443160.92,MXN,OP-214127,"March 22, 2023","October 18, 2024",576
grupo lala,8666487.6,USD,OP-754815,22/08/2025,N/A,N/A
soriana,4647447.09,MXN,OP-193797,27-Nov-2021,"March 29, 2022",122
PEMEX,9745841.96,MXN,OP-312203,2022-07-29,N/A,N/A
grupo méxico,6019031.01,MXN,OP-703703,03-Apr-2020,2020-11-29,240
BBVA MÉXICO,7649206.98,EUR,OP-474379,2017-06-01,N/A,N/A
grupo bimbo,9735039.28,USD,OP-413493,06-Nov-2018,21-Jan-2023,1537
telmex,2164561.39,MXN,OP-416449,2024-08-15,N/A,N/A
cemex,3406944.6,USD,OP-803931,16/05/2025,N/A,N/A
alsea,5307944.75,MXN,OP-569298,"September 27, 2023",N/A,N/A
TELMEX,2771847.37,USD,OP-505006,"November 29, 2015",N/A,N/A
grupo méxico,2205319.29,USD,OP-721550,2021-02-14,12/10/2024,1395
TELMEX,979620.76,EUR,OP-401337,"June 17, 2020",03/08/2021,264
CEMEX,7902260.65,USD,OP-696715,09/04/2022,N/A,N/A
BBVA MÉXICO,8726556.89,USD,OP-812227,25/09/2019,13/08/2025,2149
soriana,4138453.48,EUR,OP-312827,01/04/2021,N/A,N/A
GRUPO MÉXICO,5336666.71,USD,OP-574966,28/10/2022,N/A,N/A
alsea,8721428.45,USD,OP-500325,25/03/2023,N/A,N/A
WALMART DE MÉXICO,3103907.43,EUR,OP-687612,"July 22, 2016",26/04/2020,1374
soriana,9187199.21,USD,OP-533924,22-Nov-2023,N/A,N/A
GRUPO LALA,1434422.63,USD,OP-585940,"June 14, 2016",N/A,N/A
grupo carso,4778248.44,EUR,OP-418068,2023-01-09,N/A,N/A
alsea,7942636.08,USD,OP-421899,08/08/2019,N/A,N/A
grupo lala,4399775.81,USD,OP-196699,26-Apr-2020,N/A,N/A
pemex,5409516.47,EUR,OP-546962,18-Jul-2016,N/A,N/A
SORIANA,4395738.28,EUR,OP-977685,2019-10-11,N/A,N/A
telmex,6182944.91,EUR,OP-251412,2016-01-16,25-May-2020,1591
bbva méxico,1025583.98,MXN,OP-505005,2020-10-12,"January 14, 2025",1555
soriana,2057095.48,MXN,OP-732536,21/04/2019,13-Aug-2023,1575
walmart de méxico,4720908.81,EUR,OP-983680,16-Dec-2016,"December 18, 2024",2924
pemex,2084723.9,EUR,OP-671964,2018-08-26,"June 09, 2019",287
SORIANA,9816919.4,EUR,OP-655213,17/05/2016,"April 20, 2017",338
walmart de méxico,511016.09,MXN,OP-433107,05-Sep-2017,N/A,N/A
GRUPO MÉXICO,6527427.95,USD,OP-815674,11-Jul-2018,19/06/2020,709
cemex,3305775.82,EUR,OP-708062,26/12/2016,10-Nov-2018,684
grupo carso,2492408.13,EUR,OP-430198,08-Jan-2022,N/A,N/A
grupo lala,9120790.87,USD,OP-618328,05-May-2018,N/A,N/A
SORIANA,9935062.8,USD,OP-465846,07/04/2025,N/A,N/A
FEMSA,5281420.0,MXN,OP-883953,2023-04-07,N/A,N/A
alsea,3638301.58,MXN,OP-148875,2025-01-09,N/A,N/A
telmex,6865188.84,USD,OP-636835,"August 06, 2022",09/02/2023,392
GRUPO LALA,5376356.2,EUR,OP-976447,11-Sep-2017,09-Nov-2021,1520
AMÉRICA MÓVIL,7041757.66,EUR,OP-353930,28-Apr-2018,24/12/2023,2066
grupo bimbo,1762850.22,EUR,OP-770140,"May 22, 2021",N/A,N/A
TELMEX,3200813.87,EUR,OP-785209,24-Dec-2019,N/A,N/A
alsea,8170045.54,USD,OP-823085,2021-03-06,N/A,N/A
walmart de méxico,5941780.3,MXN,OP-960370,2023-05-12,02-Nov-2023,174
grupo bimbo,3558357.83,EUR,OP-549151,01-Sep-2021,20/05/2023,626
bbva méxico,8002053.96,EUR,OP-560332,09/09/2021,N/A,N/A
pemex,1497993.71,EUR,OP-763466,2022-07-01,2025-06-16,1081
CEMEX,8183379.89,MXN,OP-496821,17-Mar-2021,"August 16, 2025",1613
américa móvil,8320395.6,MXN,OP-719902,29/03/2021,N/A,N/A
BBVA MÉXICO,4423636.04,USD,OP-644445,20-Nov-2016,2020-07-06,1324
GRUPO CARSO,9817541.72,MXN,OP-333164,"July 17, 2024",N/A,N/A
telmex,9961572.69,EUR,OP-751505,21-Oct-2022,08/08/2025,1022
TELMEX,6832790.66,MXN,OP-391612,01-Feb-2018,N/A,N/A
grupo lala,8639206.53,EUR,OP-936255,2017-05-01,02/11/2022,1747
CEMEX,4164860.19,EUR,OP-698683,"August 24, 2016",N/A,N/A
GRUPO MÉXICO,2369172.86,EUR,OP-599459,2024-09-15,N/A,N/A
AMÉRICA MÓVIL,8474192.58,MXN,OP-881475,"March 01, 2024",2024-03-01,0
CEMEX,8074508.01,MXN,OP-375933,03/04/2023,N/A,N/A
cemex,2598183.89,EUR,OP-219811,01/11/2021,N/A,N/A
LIVERPOOL,5789951.0,USD,OP-418263,17/04/2020,N/A,N/A
pemex,7585491.38,MXN,OP-705793,2018-05-31,31/07/2024,2253
grupo bimbo,5396730.04,USD,OP-855118,12/12/2016,"November 20, 2021",1804
BBVA MÉXICO,7941774.77,EUR,OP-577666,2018-06-05,22/06/2023,1843
LIVERPOOL,3106944.59,USD,OP-787926,2022-03-03,N/A,N/A
banorte,5481737.85,USD,OP-793530,"May 09, 2023",N/A,N/A
pemex,2553267.32,EUR,OP-132888,02-Aug-2016,03/07/2018,582
BANORTE,7567116.61,MXN,OP-267917,08/05/2025,N/A,N/A
cemex,1301699.37,EUR,OP-790928,16-Oct-2024,N/A,N/A
alsea,4698227.96,MXN,OP-270501,"January 25, 2016","June 22, 2017",514
américa móvil,4202609.18,EUR,OP-552520,02-Oct-2017,N/A,N/A
alsea,9452374.23,MXN,OP-915265,24-Dec-2016,N/A,N/A
telmex,3369475.49,MXN,OP-803584,27-Oct-2024,N/A,N/A
cemex,3654577.83,USD,OP-621370,"September 29, 2015",2025-02-13,3425
WALMART DE MÉXICO,4222460.36,EUR,OP-443202,"May 01, 2019",N/A,N/A
TELMEX,8153638.24,EUR,OP-291978,"April 08, 2018","June 27, 2024",2272
américa móvil,1349138.12,MXN,OP-515580,23/03/2025,N/A,N/A
alsea,2095649.64,MXN,OP-651892,18/03/2022,N/A,N/A
TELMEX,9117046.51,EUR,OP-288664,29-Jul-2021,N/A,N/A
TELMEX,187129.52,USD,OP-316052,10-Aug-2024,N/A,N/A
cemex,1474819.22,USD,OP-700748,2019-09-28,"April 23, 2021",573
SORIANA,6174064.85,EUR,OP-607762,23/06/2017,15/03/2019,630
bbva méxico,6716258.55,MXN,OP-225545,"February 10, 2017",N/A,N/A
GRUPO LALA,248325.64,USD,OP-847192,27-Aug-2021,N/A,N/A
femsa,7506959.75,EUR,OP-937082,2017-07-18,N/A,N/A
GRUPO LALA,1562099.83,USD,OP-838237,12/11/2016,12/05/2020,1455
grupo méxico,4370023.5,EUR,OP-618279,09-May-2018,04/05/2022,1427
AMÉRICA MÓVIL,8371659.55,MXN,OP-248548,22/09/2020,"May 12, 2023",962
WALMART DE MÉXICO,1586228.24,EUR,OP-202182,"August 29, 2019",N/A,N/A
banorte,4868633.36,EUR,OP-547219,29-Feb-2020,22-Dec-2022,1027
bbva méxico,9839127.5,EUR,OP-498305,11-Jun-2018,N/A,N/A
AMÉRICA MÓVIL,3754286.62,USD,OP-537813,24/11/2022,N/A,N/A
walmart de méxico,6177500.6,USD,OP-887524,26-Dec-2019,N/A,N/A
liverpool,1470395.36,MXN,OP-417631,2024-12-07,N/A,N/A
BANORTE,9728190.93,MXN,OP-668918,14/12/2021,2024-01-12,759
grupo carso,2969291.33,USD,OP-516205,2017-07-20,N/A,N/A
femsa,796815.94,MXN,OP-488498,"October 11, 2016",N/A,N/A
WALMART DE MÉXICO,3898288.4,EUR,OP-886584,06/05/2022,22/08/2024,809
alsea,8212195.95,MXN,OP-388328,"September 13, 2020",N/A,N/A
ALSEA,7059452.11,EUR,OP-606698,2022-05-24,N/A,N/A
telmex,147950.76,MXN,OP-711025,2023-02-09,N/A,N/A
GRUPO MÉXICO,4451527.33,USD,OP-461256,"October 15, 2022",N/A,N/A
GRUPO LALA,2860161.24,MXN,OP-907352,24-Feb-2018,N/A,N/A
grupo méxico,6710814.78,EUR,OP-165765,04-Oct-2024,N/A,N/A
BBVA MÉXICO,506566.88,MXN,OP-510942,20/10/2024,N/A,N/A
GRUPO MÉXICO,689615.47,USD,OP-222401,2018-02-13,N/A,N/A
GRUPO CARSO,5670666.48,USD,OP-588042,2017-02-25,12-May-2018,441
AMÉRICA MÓVIL,1910769.29,EUR,OP-260430,2018-08-04,"February 27, 2025",2399
grupo lala,9082012.67,USD,OP-918512,27/08/2024,N/A,N/A
pemex,6657329.13,USD,OP-967315,"August 14, 2025",N/A,N/A
TELMEX,1743195.97,MXN,OP-257289,"July 10, 2016",2022-10-04,2277
femsa,901630.28,EUR,OP-843090,20/07/2022,N/A,N/A
GRUPO BIMBO,5147812.5,EUR,OP-173089,"April 06, 2017",N/A,N/A
femsa,7420018.02,EUR,OP-833969,2021-06-01,N/A,N/A
BANORTE,4028615.82,EUR,OP-888424,"October 27, 2019",N/A,N/A
alsea,4907583.52,MXN,OP-211253,2015-11-20,N/A,N/A
TELMEX,5235452.71,USD,OP-786672,"August 25, 2022",N/A,N/A
PEMEX,4365145.4,USD,OP-881203,29-Nov-2021,N/A,N/A
walmart de méxico,1638029.09,EUR,OP-486131,2021-06-28,N/A,N/A
GRUPO MÉXICO,752889.04,USD,OP-249907,2023-05-12,N/A,N/A
bbva méxico,5053741.59,EUR,OP-596248,2021-10-23,N/A,N/A
AMÉRICA MÓVIL,7336550.38,EUR,OP-274608,"April 12, 2020","October 09, 2020",180
GRUPO BIMBO,6881500.93,MXN,OP-759033,2025-04-16,N/A,N/A
pemex,3064270.74,EUR,OP-787949,10-Feb-2023,N/A,N/A
américa móvil,6294450.53,MXN,OP-584354,06/11/2018,"October 14, 2019",490
PEMEX,1874075.92,USD,OP-541745,2022-06-18,N/A,N/A
FEMSA,3971042.49,MXN,OP-551869,11-Feb-2016,N/A,N/A
alsea,399267.31,EUR,OP-114620,20-Aug-2016,20/10/2018,791
WALMART DE MÉXICO,1810129.8,EUR,OP-837165,19/06/2018,"April 24, 2023",1770
GRUPO BIMBO,3147523.0,EUR,OP-110574,07/08/2024,N/A,N/A
grupo méxico,8135453.3,MXN,OP-739818,"August 11, 2025",N/A,N/A
GRUPO BIMBO,5411180.58,MXN,OP-497189,29-Apr-2022,N/A,N/A
GRUPO BIMBO,8467636.38,MXN,OP-878326,2016-11-05,12/03/2021,1854
soriana,890196.15,MXN,OP-802514,2023-08-26,N/A,N/A
AMÉRICA MÓVIL,6610852.78,USD,OP-238591,04/12/2022,2024-03-05,693
telmex,6739675.51,MXN,OP-916794,13/12/2021,N/A,N/A
grupo méxico,7745684.31,EUR,OP-655457,16-Jul-2019,N/A,N/A
SORIANA,3456122.14,USD,OP-183155,2017-04-24,2022-12-26,2072
FEMSA,6176190.78,MXN,OP-157561,"February 18, 2023",N/A,N/A
telmex,9739589.88,EUR,OP-976522,28/03/2018,13-Dec-2020,991
BANORTE,393156.75,USD,OP-332536,13/05/2018,16-Nov-2021,1283
grupo bimbo,5654234.12,USD,OP-148055,03-Mar-2024,N/A,N/A
alsea,8229947.54,USD,OP-726371,2023-11-21,N/A,N/A
SORIANA,1572664.46,EUR,OP-518493,"December 25, 2022",N/A,N/A
walmart de méxico,3642130.5,USD,OP-286001,10/11/2018,10-Jan-2025,2283
bbva méxico,880206.03,USD,OP-869366,17-Sep-2015,"June 16, 2023",2829
walmart de méxico,5089264.97,EUR,OP-300976,01-Aug-2020,N/A,N/A
PEMEX,4103242.83,USD,OP-360201,26-Jan-2023,N/A,N/A
grupo carso,4359865.01,USD,OP-448517,01/08/2022,N/A,N/A
AMÉRICA MÓVIL,3045596.05,USD,OP-424286,10-Apr-2017,2022-12-29,2089
grupo méxico,3109430.7,USD,OP-475540,2015-12-26,2020-10-09,1749
grupo lala,1824153.18,MXN,OP-503218,2015-11-09,"August 25, 2018",1020
FEMSA,1078404.02,EUR,OP-522261,"December 23, 2016",22-Feb-2021,1522
grupo bimbo,4952557.55,EUR,OP-615897,05-Oct-2024,N/A,N/A
alsea,9391857.45,EUR,OP-329007,15-Oct-2015,"July 02, 2017",626
AMÉRICA MÓVIL,337127.51,MXN,OP-902446,26/02/2017,"November 07, 2021",1715
grupo lala,7110276.17,MXN,OP-802670,22/11/2017,03/06/2023,1930
SORIANA,3745022.17,USD,OP-183734,22/09/2017,N/A,N/A
PEMEX,2011767.42,EUR,OP-713240,2019-12-16,"December 01, 2022",1081
BBVA MÉXICO,944735.81,USD,OP-920593,2020-01-26,N/A,N/A
GRUPO LALA,6358446.44,USD,OP-747448,"November 01, 2023",N/A,N/A
walmart de méxico,5113120.05,EUR,OP-256911,06/09/2015,2017-02-25,627
grupo bimbo,565001.33,MXN,OP-197898,23-Feb-2018,29/10/2023,2074
LIVERPOOL,4019928.09,USD,OP-139050,22/10/2016,"October 02, 2020",1441
telmex,7239469.28,MXN,OP-953273,09-Jul-2018,2022-07-15,1467
grupo carso,1369726.41,MXN,OP-474314,29/12/2018,N/A,N/A
pemex,3863829.95,MXN,OP-243029,06/06/2021,N/A,N/A
alsea,1493766.86,USD,OP-982607,2020-03-15,01/07/2025,1759
WALMART DE MÉXICO,5203815.35,USD,OP-941645,21-Aug-2022,N/A,N/A
soriana,4612466.51,EUR,OP-856378,2019-03-10,N/A,N/A
pemex,1008431.3,USD,OP-292267,2022-10-13,N/A,N/A
bbva méxico,9242667.3,EUR,OP-129591,2022-03-12,N/A,N/A
grupo carso,3572527.45,EUR,OP-663631,02/01/2024,N/A,N/A
soriana,838763.89,MXN,OP-683008,05/02/2020,N/A,N/A
SORIANA,266432.64,USD,OP-410174,04-Jan-2016,N/A,N/A
alsea,4371597.33,MXN,OP-178018,08-Jan-2025,N/A,N/A
américa móvil,8045087.24,USD,OP-947921,23/05/2024,10-Jan-2025,232
AMÉRICA MÓVIL,1862448.99,EUR,OP-858042,28-Jul-2023,N/A,N/A
bbva méxico,9033121.44,EUR,OP-778337,29/11/2017,"April 04, 2024",2318
GRUPO CARSO,5862839.56,USD,OP-932985,23/03/2018,"October 03, 2023",2020
banorte,3580426.97,USD,OP-929564,2021-12-14,23/05/2025,1256
FEMSA,5231026.51,EUR,OP-468271,"February 25, 2020",N/A,N/A
FEMSA,8242555.88,EUR,OP-548787,2020-09-17,N/A,N/A
CEMEX,3122582.88,USD,OP-952505,12/10/2022,N/A,N/A
LIVERPOOL,1768977.49,USD,OP-596339,09-Apr-2018,30-Dec-2024,2457
WALMART DE MÉXICO,4734055.96,MXN,OP-996059,23-Mar-2021,N/A,N/A
CEMEX,1031709.26,EUR,OP-288582,25/04/2017,N/A,N/A
FEMSA,5285693.58,MXN,OP-363105,12/12/2015,N/A,N/A
GRUPO CARSO,2653568.01,USD,OP-924452,26-Mar-2019,N/A,N/A
AMÉRICA MÓVIL,2526236.57,MXN,OP-851934,19/12/2022,N/A,N/A
walmart de méxico,9590380.9,USD,OP-472202,"August 09, 2022",N/A,N/A
walmart de méxico,7283318.53,EUR,OP-608785,"March 31, 2017","April 25, 2023",2216
grupo carso,983573.39,USD,OP-596682,01-Jul-2022,N/A,N/A
liverpool,837114.21,EUR,OP-912814,28-Nov-2020,N/A,N/A
GRUPO BIMBO,6216972.7,EUR,OP-731686,08/04/2019,N/A,N/A
GRUPO LALA,4902505.73,MXN,OP-779220,"January 18, 2021",N/A,N/A
WALMART DE MÉXICO,3295516.66,MXN,OP-853152,11-Sep-2019,N/A,N/A
GRUPO CARSO,4068578.89,EUR,OP-612609,16/09/2021,24/08/2022,342
ALSEA,6295811.91,USD,OP-763148,"April 22, 2018","November 11, 2021",1299
LIVERPOOL,5329717.42,EUR,OP-359423,14-Aug-2017,N/A,N/A
bbva méxico,767467.11,MXN,OP-486346,22/10/2018,N/A,N/A
femsa,4472068.24,MXN,OP-755570,08/07/2021,"March 12, 2025",1313
ALSEA,4498041.12,MXN,OP-692832,"May 08, 2018",N/A,N/A
GRUPO LALA,6722836.93,USD,OP-725430,17-Dec-2023,N/A,N/A
grupo carso,4141223.77,MXN,OP-883048,26-Sep-2023,N/A,N/A
américa móvil,5719402.45,USD,OP-758655,03/09/2021,N/A,N/A
grupo carso,6420211.78,MXN,OP-867422,25/04/2024,"October 03, 2024",161
SORIANA,7152840.51,EUR,OP-929481,23-Sep-2019,N/A,N/A
GRUPO LALA,7312823.97,EUR,OP-564320,2025-03-03,N/A,N/A
telmex,9900487.67,USD,OP-797257,18-Jun-2021,N/A,N/A
ALSEA,2116511.28,MXN,OP-502655,2018-08-08,N/A,N/A
soriana,7359711.14,EUR,OP-372263,"August 20, 2020",2021-03-12,204
TELMEX,9304581.49,MXN,OP-304465,"July 20, 2017",01/11/2021,1271
liverpool,4006162.19,MXN,OP-834620,2024-05-05,N/A,N/A
grupo lala,3292876.13,MXN,OP-198904,2017-12-23,22/12/2018,364
ALSEA,4030881.52,USD,OP-503270,"February 21, 2024",N/A,N/A
cemex,1959187.93,USD,OP-663156,"September 11, 2018","February 09, 2025",2343
grupo méxico,159187.5,MXN,OP-204176,"March 07, 2019",N/A,N/A
pemex,1241360.25,MXN,OP-311854,"September 20, 2023",N/A,N/A
cemex,5677277.73,MXN,OP-924181,09/01/2021,N/A,N/A
liverpool,3979652.91,EUR,OP-937371,09/05/2019,2023-03-21,1293
BANORTE,1764471.06,MXN,OP-695643,27-Mar-2022,N/A,N/A
GRUPO BIMBO,7534050.2,USD,OP-855635,"November 24, 2016",N/A,N/A
cemex,3860922.46,USD,OP-111191,05-Oct-2017,2023-03-12,1984
CEMEX,9691207.82,USD,OP-903289,25/12/2020,N/A,N/A
SORIANA,8740128.65,USD,OP-287644,26-Nov-2017,2024-12-09,2570
BANORTE,7021476.04,USD,OP-822713,2021-09-16,N/A,N/A
FEMSA,2914967.63,MXN,OP-827501,13/09/2023,N/A,N/A
ALSEA,8423199.79,EUR,OP-590027,2025-05-03,N/A,N/A
soriana,2529550.22,EUR,OP-879016,16/01/2021,N/A,N/A
BBVA MÉXICO,146539.17,USD,OP-942997,26-Aug-2015,21-Feb-2019,1275
LIVERPOOL,4896597.74,USD,OP-987703,04-Jul-2016,"May 01, 2021",1762
cemex,4455768.39,EUR,OP-332007,"December 19, 2016",09-Jan-2021,1482
ALSEA,8756489.13,EUR,OP-746728,2023-06-05,N/A,N/A
alsea,8506247.23,USD,OP-565623,06/08/2020,"September 21, 2022",835
CEMEX,9496573.79,MXN,OP-760958,22-Mar-2025,N/A,N/A
grupo carso,1426179.23,USD,OP-177877,2024-08-31,N/A,N/A
FEMSA,7850028.13,MXN,OP-963983,2019-12-01,N/A,N/A
TELMEX,7732357.88,MXN,OP-874640,2019-02-20,N/A,N/A
BBVA MÉXICO,3530727.54,USD,OP-724621,"January 31, 2016",2016-05-19,109
liverpool,7312032.8,MXN,OP-810275,15/05/2017,"September 24, 2020",1228
GRUPO BIMBO,2470565.14,MXN,OP-607287,12-Jun-2021,2023-02-03,601
femsa,9127294.61,USD,OP-415952,16-May-2017,23/01/2018,252
GRUPO BIMBO,9394220.55,MXN,OP-267533,"October 28, 2024",N/A,N/A
BANORTE,5665197.66,EUR,OP-610734,25/06/2019,N/A,N/A
banorte,2174126.24,MXN,OP-832534,"October 10, 2016",22-Jul-2025,3207
BANORTE,817583.02,USD,OP-585592,"June 18, 2024",N/A,N/A
AMÉRICA MÓVIL,6270220.11,USD,OP-423057,2017-04-30,2018-04-06,341
GRUPO LALA,9168574.91,USD,OP-135312,2021-06-17,N/A,N/A
GRUPO CARSO,503089.47,USD,OP-367208,2024-06-07,N/A,N/A
CEMEX,4984446.12,EUR,OP-245761,30-Oct-2016,2022-03-06,1953
grupo lala,9174962.43,MXN,OP-978981,18/10/2019,12-Aug-2021,664
SORIANA,5814550.69,USD,OP-943682,"August 03, 2023",2025-02-25,572
soriana,2156323.94,MXN,OP-919653,15/03/2024,N/A,N/A
AMÉRICA MÓVIL,5423956.84,USD,OP-527767,01/10/2024,N/A,N/A
pemex,2540881.42,USD,OP-369813,2018-04-10,N/A,N/A
soriana,1884216.86,MXN,OP-464001,27/03/2024,N/A,N/A
cemex,4436566.02,USD,OP-614723,2024-02-25,N/A,N/A
CEMEX,222368.44,MXN,OP-637923,09/07/2018,N/A,N/A
femsa,9053055.72,EUR,OP-619328,10/12/2020,27-Dec-2020,76
BBVA MÉXICO,8552070.69,USD,OP-348880,22-Oct-2016,04/06/2018,531
telmex,6130563.18,USD,OP-778888,06-May-2018,N/A,N/A
GRUPO LALA,7882456.21,EUR,OP-600594,07-Jul-2024,N/A,N/A
GRUPO MÉXICO,1543014.62,EUR,OP-631207,12/05/2020,"February 06, 2021",63
grupo carso,1286556.35,MXN,OP-641561,29-Jul-2018,N/A,N/A
CEMEX,5705239.62,EUR,OP-639943,27-Mar-2017,"June 23, 2025",3010
grupo bimbo,1029342.74,MXN,OP-205505,2017-03-20,15/06/2017,87
CEMEX,3807406.02,USD,OP-888870,"February 28, 2018",N/A,N/A
bbva méxico,6752113.99,USD,OP-933856,22-Jul-2016,2024-04-12,2821
AMÉRICA MÓVIL,9856436.55,EUR,OP-251275,2025-04-26,N/A,N/A
ALSEA,3917319.5,USD,OP-477214,02-Aug-2017,N/A,N/A
pemex,7683822.87,USD,OP-306493,2020-07-18,N/A,N/A
AMÉRICA MÓVIL,2467326.55,USD,OP-504467,15-Mar-2023,N/A,N/A
américa móvil,1112664.44,EUR,OP-722121,"June 05, 2025",N/A,N/A
AMÉRICA MÓVIL,8514188.77,EUR,OP-486483,24/03/2022,N/A,N/A
grupo bimbo,6348571.24,USD,OP-341259,11/03/2018,2021-02-25,845
cemex,9470233.97,USD,OP-310432,08/07/2021,"October 27, 2022",446
GRUPO MÉXICO,7722800.74,EUR,OP-397199,"February 25, 2021",2021-06-02,97
FEMSA,1761351.4,EUR,OP-116593,"March 01, 2023",N/A,N/A
PEMEX,1063308.39,MXN,OP-462344,2015-10-13,2021-02-16,1953
grupo carso,2791862.6,USD,OP-730840,2015-10-18,N/A,N/A
TELMEX,6563226.32,EUR,OP-858056,08/01/2017,N/A,N/A
grupo lala,3734981.92,MXN,OP-603484,28/07/2023,N/A,N/A
alsea,4228422.8,USD,OP-312076,14-Jun-2023,N/A,N/A
femsa,1926364.38,MXN,OP-199355,08/07/2018,N/A,N/A
cemex,5139677.33,USD,OP-234187,"September 19, 2018",2019-10-25,401
bbva méxico,9325807.61,USD,OP-919858,18/01/2020,23/06/2022,887
ALSEA,7136375.23,EUR,OP-103595,23/06/2020,N/A,N/A
liverpool,7759121.95,MXN,OP-481099,2024-07-21,N/A,N/A
walmart de méxico,5292088.18,EUR,OP-645966,06/12/2016,13-Jan-2021,1676
walmart de méxico,9438309.07,MXN,OP-493490,"March 06, 2018",2020-02-25,721
PEMEX,8485246.78,MXN,OP-522260,"August 23, 2021",N/A,N/A
alsea,9004967.18,USD,OP-145261,09-Sep-2023,N/A,N/A
alsea,4851675.17,EUR,OP-429436,2022-06-28,2023-05-19,325
GRUPO LALA,1740253.74,MXN,OP-571037,"May 17, 2017",11/02/2018,534
cemex,8150981.98,MXN,OP-107053,"July 22, 2019",31-May-2022,1044
GRUPO CARSO,6757407.69,USD,OP-718703,18/10/2023,N/A,N/A
PEMEX,7382705.04,MXN,OP-484225,24-Jun-2016,N/A,N/A
AMÉRICA MÓVIL,9230991.7,USD,OP-564753,08/10/2019,N/A,N/A
liverpool,6108455.95,MXN,OP-360607,02/01/2023,N/A,N/A
grupo lala,6548155.8,USD,OP-487727,09-Feb-2016,26-Dec-2016,321
FEMSA,6534222.32,USD,OP-428243,08-Feb-2019,2021-12-14,1040
grupo lala,1900460.35,USD,OP-641293,08-Apr-2019,"September 22, 2023",1628
GRUPO CARSO,2274415.21,MXN,OP-645603,2024-06-02,N/A,N/A
LIVERPOOL,1783302.09,EUR,OP-439796,28-Feb-2020,N/A,N/A
GRUPO BIMBO,5344856.09,USD,OP-960697,"June 12, 2017",2025-05-13,2892
cemex,9507331.05,USD,OP-607517,"November 28, 2020",2025-04-24,1608
ALSEA,3074140.5,USD,OP-632029,"August 20, 2024",N/A,N/A
BBVA MÉXICO,8222228.07,EUR,OP-773347,18-Jul-2021,25-May-2022,311
WALMART DE MÉXICO,6764262.3,USD,OP-464214,2022-09-28,N/A,N/A
alsea,9615360.4,MXN,OP-855192,02/04/2024,2024-08-12,190
bbva méxico,5881063.08,USD,OP-415149,2024-12-31,N/A,N/A
PEMEX,6624269.76,USD,OP-334816,2021-04-25,"December 22, 2024",1337
grupo lala,9674537.19,USD,OP-899696,29/09/2018,2019-08-07,312
BANORTE,479365.58,MXN,OP-950187,"August 11, 2016",N/A,N/A
PEMEX,6139618.11,EUR,OP-824609,2022-07-29,03-Jan-2024,523
SORIANA,209569.39,USD,OP-475208,08/02/2024,N/A,N/A
grupo bimbo,5529354.85,EUR,OP-954048,30/06/2017,"January 20, 2022",1665
TELMEX,8900695.07,USD,OP-865834,2022-06-19,31/01/2023,226
GRUPO LALA,7991666.09,MXN,OP-505999,01-Mar-2022,21-Feb-2024,722
cemex,288326.54,USD,OP-626174,17-Sep-2018,"July 15, 2023",1762
GRUPO CARSO,2272079.38,USD,OP-891916,"November 13, 2017","May 03, 2023",1997
AMÉRICA MÓVIL,6796030.42,MXN,OP-627347,"December 30, 2023",N/A,N/A
TELMEX,7954717.47,EUR,OP-688868,2022-06-03,N/A,N/A
telmex,9588001.67,USD,OP-624127,2020-08-27,26-Jan-2025,1613
LIVERPOOL,4586375.09,MXN,OP-886859,"October 31, 2017",28/03/2022,1609
grupo carso,3016106.88,USD,OP-225023,05/08/2017,2017-11-04,180
femsa,6292534.36,EUR,OP-923893,2023-09-21,N/A,N/A
grupo bimbo,1624305.06,USD,OP-962811,"October 15, 2020",N/A,N/A
telmex,7033143.4,MXN,OP-968231,21/09/2024,N/A,N/A
PEMEX,2891875.54,EUR,OP-980163,2021-11-30,N/A,N/A
GRUPO CARSO,2220195.8,EUR,OP-674354,"September 22, 2018",2022-11-05,1505
GRUPO LALA,1191719.94,MXN,OP-323951,04-Apr-2023,N/A,N/A
GRUPO BIMBO,9672107.17,EUR,OP-175670,"November 04, 2015","November 06, 2024",3290
grupo lala,8958709.79,MXN,OP-717342,2019-06-17,2023-04-06,1389
telmex,4147350.47,MXN,OP-148087,14-Aug-2023,30/08/2024,382
SORIANA,6456130.49,EUR,OP-348093,2021-10-12,N/A,N/A
CEMEX,3574765.47,EUR,OP-178747,12-Apr-2023,N/A,N/A
femsa,2585555.69,USD,OP-565697,"April 10, 2019",N/A,N/A
alsea,5740871.39,MXN,OP-605744,"February 08, 2025",N/A,N/A
américa móvil,2784850.75,USD,OP-729802,"December 17, 2023",N/A,N/A
banorte,8774762.95,MXN,OP-846499,"May 04, 2021","February 07, 2022",279
PEMEX,4869797.8,EUR,OP-264791,19-Dec-2020,27-May-2025,1620
walmart de méxico,4354904.48,MXN,OP-289811,"May 12, 2022",N/A,N/A
CEMEX,913963.18,EUR,OP-716870,2022-11-22,"April 16, 2023",145
TELMEX,9371517.63,MXN,OP-153468,"July 06, 2016","February 10, 2017",219
SORIANA,5152411.59,USD,OP-983373,"April 24, 2023",N/A,N/A
banorte,3619385.28,EUR,OP-272526,24/06/2016,N/A,N/A
grupo carso,4244549.64,MXN,OP-927143,25/01/2022,N/A,N/A
walmart de méxico,8377016.63,USD,OP-929838,02/07/2016,N/A,N/A
soriana,531444.32,USD,OP-762428,17-Dec-2015,N/A,N/A
bbva méxico,4085688.84,EUR,OP-661966,27/02/2016,09-Mar-2024,2933
GRUPO LALA,5136856.11,EUR,OP-571787,"March 26, 2025",N/A,N/A
GRUPO CARSO,4699260.98,EUR,OP-234464,26/12/2017,N/A,N/A
grupo carso,1725094.66,EUR,OP-809818,24-Jul-2018,12/06/2024,2327
bbva méxico,6722541.93,USD,OP-350645,2015-11-29,"May 20, 2016",173
BANORTE,1224744.41,MXN,OP-937022,20-Feb-2025,N/A,N/A
WALMART DE MÉXICO,5277638.14,USD,OP-315009,20/01/2022,N/A,N/A
TELMEX,671144.33,MXN,OP-499089,"July 08, 2020",N/A,N/A
américa móvil,6540961.84,EUR,OP-736488,16-Oct-2019,N/A,N/A
telmex,3275726.71,MXN,OP-687390,"March 26, 2017",N/A,N/A
GRUPO MÉXICO,9985070.99,USD,OP-600932,2024-08-01,N/A,N/A
liverpool,6819511.51,EUR,OP-110859,"August 14, 2020",2023-09-07,1119
ALSEA,8990536.94,EUR,OP-644933,09-Nov-2024,N/A,N/A
CEMEX,8773538.78,USD,OP-550924,2020-07-08,N/A,N/A
bbva méxico,4475589.79,EUR,OP-125537,2025-04-13,N/A,N/A
pemex,5763924.56,USD,OP-656253,17/10/2019,"October 22, 2023",1466
grupo lala,952792.22,EUR,OP-483736,2021-07-02,N/A,N/A
soriana,3118900.85,MXN,OP-961908,2024-11-28,N/A,N/A
BBVA MÉXICO,550022.17,EUR,OP-780273,"July 02, 2016",23/08/2023,2608
grupo lala,5120031.81,MXN,OP-367646,08/01/2024,N/A,N/A
grupo carso,5268171.54,MXN,OP-113792,"March 18, 2021",2024-08-10,1241
GRUPO BIMBO,3403282.8,USD,OP-538240,"April 17, 2023",N/A,N/A
GRUPO LALA,5031513.26,USD,OP-830796,01-Nov-2019,N/A,N/A
grupo bimbo,1027741.32,MXN,OP-568850,10-Jul-2016,N/A,N/A
grupo carso,3561542.26,USD,OP-543206,02-Jul-2016,"June 12, 2022",2171
AMÉRICA MÓVIL,7868745.58,EUR,OP-626587,2016-01-10,N/A,N/A
liverpool,5304082.34,EUR,OP-323861,21/11/2020,N/A,N/A
BANORTE,9827824.62,EUR,OP-951246,11/11/2018,06/10/2020,577
CEMEX,187483.13,USD,OP-254960,2018-06-04,09/05/2019,458
GRUPO MÉXICO,9007626.81,MXN,OP-787749,2017-11-07,N/A,N/A
ALSEA,5050553.83,MXN,OP-393437,15/05/2022,N/A,N/A
alsea,1246229.09,MXN,OP-203825,11-Feb-2022,N/A,N/A
CEMEX,4423844.08,MXN,OP-281026,19/02/2016,14-Nov-2017,634
soriana,4637576.02,USD,OP-848289,"October 06, 2018",04-Mar-2020,515
grupo méxico,4856805.84,MXN,OP-739452,30/11/2021,N/A,N/A
GRUPO MÉXICO,4297850.12,EUR,OP-797318,13-Jul-2016,2020-08-28,1507
GRUPO CARSO,2963670.54,EUR,OP-843703,2025-01-04,N/A,N/A
grupo lala,3943919.79,USD,OP-628407,2017-01-12,"April 25, 2019",833
PEMEX,3705756.68,EUR,OP-554890,2022-08-30,N/A,N/A
SORIANA,2887602.37,USD,OP-437525,07-Aug-2024,N/A,N/A
américa móvil,7632795.68,USD,OP-974968,28/11/2020,N/A,N/A
walmart de méxico,4100551.62,EUR,OP-127955,2020-06-11,N/A,N/A
AMÉRICA MÓVIL,3087479.11,MXN,OP-888463,2021-10-09,N/A,N/A
GRUPO MÉXICO,7429036.75,USD,OP-975897,23/01/2024,N/A,N/A
telmex,197009.45,MXN,OP-828318,"October 19, 2017",2022-05-26,1680
banorte,5554436.64,MXN,OP-694640,31/10/2022,N/A,N/A
AMÉRICA MÓVIL,8152681.66,MXN,OP-461870,2017-05-04,"April 25, 2018",356
CEMEX,2761380.49,USD,OP-634645,2018-07-21,16/10/2022,1548
FEMSA,8937155.9,MXN,OP-725046,06/01/2019,2025-04-07,2137
bbva méxico,3432472.51,USD,OP-168291,2024-08-19,"April 05, 2025",229
grupo lala,5282910.92,EUR,OP-339728,09-Jun-2024,N/A,N/A
GRUPO CARSO,4289923.93,EUR,OP-704555,23-Apr-2024,N/A,N/A
grupo bimbo,4210861.68,MXN,OP-190994,23-Jul-2016,N/A,N/A
AMÉRICA MÓVIL,5161133.92,MXN,OP-654202,2024-04-18,N/A,N/A
BBVA MÉXICO,5914902.15,USD,OP-979293,"August 30, 2022",11/01/2024,794
CEMEX,6051460.49,USD,OP-936302,"June 02, 2024","July 28, 2025",421
grupo lala,2457644.28,MXN,OP-306649,2025-04-19,N/A,N/A
américa móvil,4670342.1,USD,OP-819672,"May 02, 2019",N/A,N/A
GRUPO MÉXICO,4719418.46,EUR,OP-585628,2024-02-11,N/A,N/A
soriana,6418132.92,USD,OP-853421,24/01/2019,N/A,N/A
pemex,5590291.72,USD,OP-576541,12-Nov-2023,N/A,N/A
WALMART DE MÉXICO,382736.78,USD,OP-966567,2018-02-10,31/07/2019,536
pemex,4783621.32,EUR,OP-600110,30-Sep-2021,N/A,N/A
grupo méxico,3878654.26,EUR,OP-664183,"May 15, 2025",N/A,N/A
soriana,4425696.19,EUR,OP-988612,2025-02-02,N/A,N/A
GRUPO CARSO,5386675.1,MXN,OP-895316,24/02/2025,N/A,N/A
liverpool,2063299.42,MXN,OP-802210,10-Nov-2024,N/A,N/A
BANORTE,7666798.86,MXN,OP-527600,30-Dec-2022,07/06/2025,919
GRUPO MÉXICO,5925356.22,EUR,OP-500672,"June 07, 2021",N/A,N/A
BANORTE,1740377.71,EUR,OP-565299,2024-10-14,N/A,N/A
banorte,9039911.58,USD,OP-622629,17-Jul-2016,N/A,N/A
FEMSA,4721670.65,EUR,OP-985477,"October 05, 2015",21-Jan-2025,3396
SORIANA,5911454.4,USD,OP-189499,03/08/2017,2018-02-06,335
GRUPO LALA,6257549.56,USD,OP-303035,16-Mar-2020,N/A,N/A
GRUPO CARSO,1952198.67,USD,OP-621921,"April 17, 2016",N/A,N/A
SORIANA,3378049.87,EUR,OP-196358,16/07/2016,N/A,N/A
SORIANA,8194271.76,MXN,OP-752482,13-Dec-2018,N/A,N/A
PEMEX,2190249.32,USD,OP-734065,"February 20, 2025",N/A,N/A
FEMSA,947951.56,MXN,OP-232583,2024-01-09,N/A,N/A
GRUPO MÉXICO,4202353.91,USD,OP-871500,2018-11-05,N/A,N/A
liverpool,9722943.37,USD,OP-213746,2018-09-15,N/A,N/A
BBVA MÉXICO,2935828.0,EUR,OP-935488,"July 16, 2024",N/A,N/A
ALSEA,2050251.73,MXN,OP-642248,04/03/2022,N/A,N/A
TELMEX,3058572.52,MXN,OP-546269,18/01/2021,N/A,N/A
liverpool,7541742.57,USD,OP-140530,16/09/2017,"August 10, 2024",2520
GRUPO CARSO,2580651.01,USD,OP-358773,30-Oct-2017,N/A,N/A
cemex,2250271.7,EUR,OP-348784,2016-01-19,"November 15, 2019",1396
grupo méxico,2277467.14,USD,OP-626340,"July 11, 2024",N/A,N/A
grupo lala,9582665.21,USD,OP-938596,2021-10-23,N/A,N/A
WALMART DE MÉXICO,9763165.72,MXN,OP-406284,25-Jun-2022,"December 31, 2022",189
CEMEX,5911901.01,MXN,OP-700418,2019-06-27,"August 14, 2025",2240
femsa,2998837.2,USD,OP-705088,2017-01-06,2023-12-02,2521
BANORTE,9144584.93,EUR,OP-450873,2022-04-01,N/A,N/A
GRUPO MÉXICO,3271332.42,MXN,OP-183088,08-Jul-2020,03/05/2021,240
banorte,6869204.83,USD,OP-185767,"December 20, 2023",N/A,N/A
GRUPO LALA,6603788.46,MXN,OP-553286,25-Apr-2018,N/A,N/A
TELMEX,3772170.6,EUR,OP-656402,"July 02, 2025",N/A,N/A
GRUPO LALA,6371938.95,USD,OP-634446,16-Oct-2023,N/A,N/A
TELMEX,3074116.61,USD,OP-342178,2018-05-28,2021-06-09,1108
GRUPO CARSO,1420796.05,EUR,OP-461318,"November 28, 2020",2023-05-05,888
soriana,4839439.75,MXN,OP-321784,2021-08-20,N/A,N/A
pemex,6694110.01,EUR,OP-846790,2022-10-25,N/A,N/A
BBVA MÉXICO,3886603.05,USD,OP-624798,28-May-2025,N/A,N/A
WALMART DE MÉXICO,6007468.87,MXN,OP-541977,"November 11, 2024",N/A,N/A
BBVA MÉXICO,2767742.47,MXN,OP-838299,29-Mar-2025,N/A,N/A
WALMART DE MÉXICO,7095855.95,USD,OP-268385,2024-08-21,N/A,N/A
telmex,1513050.22,MXN,OP-756610,18/03/2020,2024-08-13,1609
walmart de méxico,7993220.63,EUR,OP-165462,14/11/2020,N/A,N/A
grupo carso,7717341.16,EUR,OP-935037,09/09/2019,N/A,N/A
grupo bimbo,9034474.89,MXN,OP-316183,25-Sep-2021,"August 27, 2023",701
FEMSA,6271656.14,MXN,OP-807046,2017-11-01,N/A,N/A
telmex,4134318.47,USD,OP-518409,26/06/2018,2019-10-05,466
telmex,6305694.55,EUR,OP-857040,09/05/2020,13/08/2024,1438
pemex,328158.18,MXN,OP-947230,27-Oct-2016,"December 08, 2018",772
WALMART DE MÉXICO,5066608.92,MXN,OP-506810,10-Oct-2018,N/A,N/A
américa móvil,7483558.12,USD,OP-830113,14/06/2018,2023-02-17,1709
bbva méxico,5519415.17,EUR,OP-980514,"February 06, 2021",N/A,N/A
AMÉRICA MÓVIL,3696316.56,EUR,OP-102563,"August 12, 2024",N/A,N/A
américa móvil,798148.37,MXN,OP-213478,27/02/2024,09-Feb-2025,348
soriana,2758693.23,USD,OP-990098,"July 15, 2018",N/A,N/A
GRUPO BIMBO,2133179.26,USD,OP-228067,24/07/2016,27/04/2019,1007
grupo carso,4013993.18,EUR,OP-198016,2020-07-22,N/A,N/A
grupo bimbo,2616478.27,EUR,OP-575734,2020-11-18,N/A,N/A
TELMEX,2942683.49,MXN,OP-447169,2021-07-20,N/A,N/A
telmex,5910544.72,EUR,OP-770105,20/11/2024,N/A,N/A
SORIANA,9466034.22,EUR,OP-791711,10/10/2019,20/12/2024,1898
bbva méxico,2146255.38,USD,OP-283959,15-Sep-2020,N/A,N/A
WALMART DE MÉXICO,4028188.03,EUR,OP-124859,2020-10-03,N/A,N/A
AMÉRICA MÓVIL,7833189.81,USD,OP-620341,2022-04-04,N/A,N/A
pemex,5645497.37,EUR,OP-713250,"December 23, 2020",N/A,N/A
alsea,4590486.9,MXN,OP-952634,2016-04-14,N/A,N/A
américa móvil,5743592.53,EUR,OP-727669,06-Dec-2019,2020-01-07,32
grupo lala,2481463.23,USD,OP-519676,21-May-2016,N/A,N/A
LIVERPOOL,2116170.66,EUR,OP-695220,10/02/2019,"August 09, 2020",312
bbva méxico,7430059.69,MXN,OP-198131,"September 04, 2015",22/12/2016,475
ALSEA,8639188.01,MXN,OP-283468,30-Jan-2023,N/A,N/A
GRUPO MÉXICO,9653308.59,USD,OP-522777,"January 15, 2019",10/11/2021,1000
alsea,2542347.93,MXN,OP-238795,2017-05-06,"October 15, 2021",1623
américa móvil,4730788.86,EUR,OP-164617,23/01/2025,N/A,N/A
BANORTE,1258348.13,USD,OP-747888,2022-11-25,"June 24, 2025",942
femsa,7883081.3,EUR,OP-456898,14/06/2023,N/A,N/A
grupo méxico,414828.58,EUR,OP-473808,28/06/2018,N/A,N/A
LIVERPOOL,7850787.56,MXN,OP-251034,21-Oct-2016,2020-08-22,1401
alsea,6831044.11,EUR,OP-114155,2022-02-20,N/A,N/A
ALSEA,3635777.4,USD,OP-713619,2019-11-05,N/A,N/A
TELMEX,2310221.64,MXN,OP-721252,2021-05-07,01-Aug-2024,1182
FEMSA,7550905.07,MXN,OP-292876,29/09/2015,N/A,N/A
pemex,2775700.3,USD,OP-835393,01-Oct-2017,23-Sep-2020,1088
telmex,2337325.55,MXN,OP-634323,2018-11-27,2024-07-28,2070
TELMEX,8609088.45,MXN,OP-672800,02-Aug-2025,N/A,N/A
FEMSA,6210987.91,MXN,OP-291432,20-Aug-2021,N/A,N/A
PEMEX,4670217.19,EUR,OP-456193,13-Nov-2019,04/01/2023,1235
LIVERPOOL,2639580.5,EUR,OP-394880,"March 22, 2025",N/A,N/A
ALSEA,7349764.25,USD,OP-645918,"May 07, 2024",28-Aug-2024,113
ALSEA,5755560.61,MXN,OP-980579,"February 15, 2019",N/A,N/A
GRUPO LALA,1594248.02,MXN,OP-824998,"November 18, 2024",N/A,N/A
BBVA MÉXICO,133025.02,EUR,OP-318846,16/03/2020,N/A,N/A
GRUPO LALA,9683390.24,EUR,OP-599074,2021-03-28,18/08/2023,873
walmart de méxico,7467356.24,MXN,OP-539688,23/12/2021,N/A,N/A
GRUPO BIMBO,1157262.74,USD,OP-626100,08-May-2020,29/07/2021,447
soriana,6704893.85,MXN,OP-513802,18-Oct-2015,N/A,N/A
américa móvil,4594170.37,EUR,OP-192451,30/12/2022,N/A,N/A
cemex,3978135.5,MXN,OP-627245,21/10/2021,20-Aug-2023,668
liverpool,7042715.25,USD,OP-772775,2017-03-29,2020-11-25,1337
GRUPO MÉXICO,9028742.97,EUR,OP-262408,04/12/2019,07/07/2019,86
SORIANA,6090611.58,EUR,OP-672046,15/01/2021,30-Apr-2022,470
AMÉRICA MÓVIL,4878238.73,MXN,OP-930109,2025-05-01,N/A,N/A
cemex,7806181.4,EUR,OP-881159,"March 11, 2017",25/03/2021,1475
cemex,4713586.88,MXN,OP-712718,06-Jul-2019,N/A,N/A
SORIANA,974905.12,EUR,OP-395653,"December 23, 2016",13/07/2022,2028
liverpool,2075729.05,EUR,OP-855127,2019-03-26,2021-08-30,888
GRUPO BIMBO,1966131.08,MXN,OP-713334,"January 14, 2021",N/A,N/A
banorte,2878522.08,EUR,OP-334017,"November 12, 2020",N/A,N/A
alsea,8736443.32,MXN,OP-822009,12/04/2022,N/A,N/A
grupo carso,2296932.34,MXN,OP-635777,"April 22, 2017",N/A,N/A
CEMEX,6668324.0,MXN,OP-245714,"February 20, 2020",N/A,N/A
grupo méxico,256996.33,USD,OP-777553,"August 10, 2019",N/A,N/A
grupo bimbo,7504433.58,MXN,OP-158547,09-Aug-2018,N/A,N/A
GRUPO LALA,8348750.49,MXN,OP-339897,25-Jan-2016,N/A,N/A
SORIANA,7762371.16,MXN,OP-961641,01/03/2017,07/10/2017,188
grupo lala,2319429.74,MXN,OP-999082,01/11/2024,N/A,N/A
BBVA MÉXICO,2471624.74,USD,OP-488282,"November 19, 2020",18-Apr-2024,1246
américa móvil,1455598.94,MXN,OP-851847,08/06/2023,2023-12-13,129
AMÉRICA MÓVIL,9816483.04,EUR,OP-512619,03-Sep-2020,N/A,N/A
WALMART DE MÉXICO,2477951.22,MXN,OP-747844,07/01/2021,N/A,N/A
CEMEX,8345628.14,EUR,OP-334480,24/08/2022,N/A,N/A
cemex,8188878.07,MXN,OP-368803,11-Oct-2015,N/A,N/A
liverpool,4160190.2,MXN,OP-167967,"May 24, 2022",N/A,N/A
pemex,6540113.09,MXN,OP-395623,2017-09-27,N/A,N/A
cemex,8872926.16,MXN,OP-166799,19-Oct-2024,N/A,N/A
walmart de méxico,1249063.57,EUR,OP-354954,09-Dec-2015,"January 21, 2023",2600
LIVERPOOL,915048.91,MXN,OP-273887,26-May-2020,N/A,N/A
TELMEX,2165081.19,EUR,OP-331822,"October 07, 2020",03-Apr-2021,178
grupo lala,9060791.17,USD,OP-580285,"February 10, 2017","March 09, 2022",1853
LIVERPOOL,1470663.4,MXN,OP-389978,04/06/2024,N/A,N/A
GRUPO BIMBO,2161974.29,EUR,OP-770929,2016-12-11,N/A,N/A
cemex,118456.97,EUR,OP-714021,"May 05, 2016",N/A,N/A
walmart de méxico,4701366.47,USD,OP-274896,02/10/2024,N/A,N/A
walmart de méxico,7721043.36,MXN,OP-151740,27/03/2025,N/A,N/A
GRUPO MÉXICO,7764859.89,EUR,OP-985030,14/03/2025,N/A,N/A
américa móvil,1245742.93,USD,OP-444031,2024-10-04,N/A,N/A
telmex,5359658.9,MXN,OP-856091,"November 03, 2018",N/A,N/A
BBVA MÉXICO,7471613.16,EUR,OP-491342,"May 09, 2025",N/A,N/A
alsea,9037512.32,USD,OP-812925,10-Jun-2018,N/A,N/A
GRUPO CARSO,3301453.35,EUR,OP-410745,"August 23, 2017",01-Feb-2024,2353
cemex,6222969.48,MXN,OP-725253,2018-04-10,11-Jun-2019,427
alsea,871139.39,EUR,OP-942310,2022-07-17,N/A,N/A
ALSEA,3215655.27,MXN,OP-394494,2016-02-24,2024-04-07,2965
grupo méxico,3937462.62,MXN,OP-750938,"July 25, 2018",N/A,N/A
femsa,716065.44,EUR,OP-689355,"March 07, 2019",N/A,N/A
pemex,7470530.09,USD,OP-515336,13-Jan-2023,N/A,N/A
FEMSA,3686223.4,MXN,OP-416613,2024-01-08,N/A,N/A
américa móvil,1316409.39,EUR,OP-542080,18-Sep-2023,N/A,N/A
TELMEX,1869255.21,EUR,OP-244198,2018-07-27,2018-12-27,153
AMÉRICA MÓVIL,428978.16,USD,OP-311938,2018-05-31,09-Jul-2024,2231
GRUPO BIMBO,6339590.94,MXN,OP-398774,09-Jul-2025,N/A,N/A
walmart de méxico,1743446.81,USD,OP-474535,28/11/2022,N/A,N/A
soriana,4161693.53,EUR,OP-570571,2019-06-04,09-Jun-2024,1832
WALMART DE MÉXICO,107892.65,MXN,OP-909055,"October 14, 2024",N/A,N/A
grupo bimbo,7144684.49,MXN,OP-463155,2021-06-19,N/A,N/A
telmex,489288.88,USD,OP-181586,11/03/2022,N/A,N/A
cemex,6209077.31,EUR,OP-760802,2022-10-07,N/A,N/A
américa móvil,3824515.04,MXN,OP-944615,23-May-2017,N/A,N/A
BANORTE,4783583.3,EUR,OP-889155,10-Jul-2019,"June 08, 2023",1429
LIVERPOOL,7767195.68,MXN,OP-148136,02-Apr-2025,N/A,N/A
WALMART DE MÉXICO,9541861.99,EUR,OP-361587,"September 22, 2016",22/11/2017,426
GRUPO BIMBO,1057594.08,MXN,OP-376188,2022-03-25,N/A,N/A
GRUPO BIMBO,6132269.63,USD,OP-656209,09-Feb-2018,18/10/2021,1347
grupo bimbo,5099322.56,EUR,OP-266769,2016-08-01,"March 20, 2024",2788
liverpool,3352435.55,MXN,OP-330617,2018-10-07,N/A,N/A
liverpool,5615527.11,MXN,OP-933591,2018-07-18,N/A,N/A
femsa,4591642.56,EUR,OP-629097,03-May-2021,N/A,N/A
ALSEA,3797071.83,USD,OP-985400,"March 04, 2018",2023-06-28,1942
pemex,6141254.47,MXN,OP-552811,29/09/2020,07/05/2025,1740
grupo lala,547900.94,EUR,OP-712211,21/04/2017,N/A,N/A
alsea,9776608.56,MXN,OP-992019,18/08/2021,2023-07-26,707
WALMART DE MÉXICO,4626191.7,EUR,OP-734712,2024-10-23,N/A,N/A
grupo bimbo,4282285.1,USD,OP-649348,20/02/2019,"March 29, 2021",768
GRUPO MÉXICO,7273515.94,EUR,OP-444441,"August 19, 2021",N/A,N/A
SORIANA,7271950.95,EUR,OP-722828,"April 24, 2022",N/A,N/A
BANORTE,259485.77,USD,OP-169363,"April 05, 2017","October 14, 2018",557
pemex,9880871.13,EUR,OP-592086,30-Apr-2020,N/A,N/A
soriana,6110822.58,USD,OP-154014,07/09/2024,N/A,N/A
WALMART DE MÉXICO,1824384.02,USD,OP-377397,"June 30, 2025",N/A,N/A
cemex,7846993.7,MXN,OP-599473,26-Aug-2020,N/A,N/A
GRUPO BIMBO,8575397.58,EUR,OP-100341,"September 04, 2015","March 08, 2018",916
grupo lala,3423287.17,MXN,OP-444211,04/09/2017,"February 02, 2022",1760
grupo carso,805636.42,MXN,OP-260157,2017-08-30,21/02/2022,1636
PEMEX,5283688.28,EUR,OP-977570,2023-06-22,N/A,N/A
bbva méxico,8985515.59,EUR,OP-888354,07-Dec-2018,25/03/2021,839
GRUPO CARSO,950585.67,MXN,OP-829037,2022-09-07,26-Jul-2024,688
CEMEX,7229224.54,EUR,OP-175637,11/10/2019,N/A,N/A
pemex,1693302.89,MXN,OP-582168,31/08/2024,N/A,N/A
TELMEX,249390.31,MXN,OP-893122,21-Jul-2017,"January 22, 2020",915
BANORTE,2609336.31,MXN,OP-889258,14/07/2024,N/A,N/A
grupo carso,7566011.09,EUR,OP-574136,"January 03, 2017","August 09, 2018",583
GRUPO LALA,5156514.71,MXN,OP-158584,23/10/2015,2019-10-10,1448
cemex,5402927.64,EUR,OP-934132,2024-07-24,17-Oct-2024,85
SORIANA,4646919.74,USD,OP-832483,"September 10, 2022",N/A,N/A
grupo méxico,722959.08,EUR,OP-127887,25-Dec-2018,N/A,N/A
telmex,5681333.09,USD,OP-650420,03-Jun-2018,N/A,N/A
telmex,3970489.26,USD,OP-334510,"October 22, 2016",26/06/2019,977
SORIANA,5217171.28,USD,OP-312942,"March 14, 2019",22-Oct-2020,588
liverpool,3516930.49,EUR,OP-396466,18-Oct-2015,"December 30, 2015",73
alsea,1041358.88,USD,OP-953910,2021-12-19,N/A,N/A
AMÉRICA MÓVIL,6796476.39,MXN,OP-793554,"May 26, 2016",14-Sep-2022,2302
SORIANA,2992019.49,USD,OP-419775,2022-08-24,N/A,N/A
telmex,7398769.18,MXN,OP-347432,01/12/2023,N/A,N/A
américa móvil,6227779.73,USD,OP-789468,22-May-2021,N/A,N/A
PEMEX,7999793.61,EUR,OP-867794,2020-05-04,19-Jul-2025,1902
liverpool,3874408.04,USD,OP-195150,25-Mar-2017,2023-01-12,2119
AMÉRICA MÓVIL,1539608.17,MXN,OP-174501,"September 18, 2019",23-Mar-2021,552
walmart de méxico,1644000.09,USD,OP-905081,11-Apr-2024,N/A,N/A
grupo bimbo,5202258.8,USD,OP-124630,2021-12-09,N/A,N/A
soriana,7723591.03,EUR,OP-819269,22/03/2023,N/A,N/A
bbva méxico,7693936.99,MXN,OP-737766,15-Nov-2023,N/A,N/A
telmex,6607242.18,EUR,OP-670246,"May 05, 2023",N/A,N/A
cemex,927072.36,EUR,OP-774025,"March 10, 2020",N/A,N/A
bbva méxico,5560192.44,MXN,OP-189732,31/05/2024,N/A,N/A
SORIANA,9476281.8,EUR,OP-698829,16/10/2021,N/A,N/A
GRUPO CARSO,9169931.86,MXN,OP-162254,02/07/2020,N/A,N/A
grupo carso,4683023.35,EUR,OP-759933,15/02/2018,15-Aug-2021,1277
ALSEA,5900477.1,USD,OP-848562,04-Mar-2021,N/A,N/A
WALMART DE MÉXICO,1222345.93,EUR,OP-240881,16/03/2021,N/A,N/A
grupo carso,6569306.4,USD,OP-772922,2017-08-24,22-Jun-2021,1398
GRUPO CARSO,5262752.38,MXN,OP-244327,"January 21, 2016","June 10, 2023",2697
alsea,3160220.34,EUR,OP-556489,18-Jul-2016,N/A,N/A
GRUPO BIMBO,2622162.88,USD,OP-184574,18/12/2021,N/A,N/A
GRUPO CARSO,1770814.5,EUR,OP-993489,14-Nov-2017,N/A,N/A
WALMART DE MÉXICO,1763461.28,USD,OP-751211,2023-06-24,N/A,N/A
soriana,8974073.61,USD,OP-489843,2016-04-19,N/A,N/A
grupo lala,7879934.73,EUR,OP-924522,17-Oct-2015,"December 29, 2021",2265
BBVA MÉXICO,2123639.39,EUR,OP-910184,05/01/2025,N/A,N/A
liverpool,9772502.16,MXN,OP-111823,24-Jan-2017,31-Jul-2022,2014
AMÉRICA MÓVIL,3208204.55,USD,OP-189919,29-Nov-2019,"April 15, 2024",1599
GRUPO MÉXICO,6802898.22,USD,OP-742398,14-Nov-2015,06-Feb-2016,84
BBVA MÉXICO,2959565.07,MXN,OP-913288,04-Feb-2019,17-Mar-2020,407
telmex,2101772.85,USD,OP-931627,16/01/2018,2019-08-06,567
walmart de méxico,9274568.88,USD,OP-206874,"March 16, 2016",2017-01-18,308
GRUPO BIMBO,411397.79,MXN,OP-153361,22-Oct-2022,N/A,N/A
bbva méxico,9226940.55,MXN,OP-319105,"August 16, 2024",N/A,N/A
ALSEA,145614.4,USD,OP-155188,20/04/2021,N/A,N/A
telmex,3257633.36,MXN,OP-562729,2024-10-13,N/A,N/A
telmex,4061854.77,EUR,OP-442039,31/03/2025,N/A,N/A
LIVERPOOL,3749230.68,EUR,OP-689490,"March 10, 2023",N/A,N/A
walmart de méxico,4372793.03,USD,OP-885372,"July 19, 2025",N/A,N/A
GRUPO CARSO,1332432.91,USD,OP-605984,09-Jun-2023,N/A,N/A
AMÉRICA MÓVIL,4119174.21,MXN,OP-859247,"October 05, 2023",N/A,N/A
alsea,7887582.87,MXN,OP-368083,"December 23, 2019",N/A,N/A
liverpool,1418399.34,EUR,OP-229540,01-Feb-2017,05/02/2018,455
WALMART DE MÉXICO,6107940.6,USD,OP-922387,2018-01-14,N/A,N/A
FEMSA,4590807.0,USD,OP-312437,01-Dec-2017,N/A,N/A
WALMART DE MÉXICO,8705260.06,EUR,OP-342636,24-Apr-2022,N/A,N/A
CEMEX,7042810.92,EUR,OP-547334,02/05/2021,N/A,N/A
FEMSA,7624213.16,EUR,OP-148595,14-Sep-2022,2024-11-10,788
BBVA MÉXICO,8098940.69,EUR,OP-585539,2015-10-04,22-Nov-2016,415
grupo bimbo,7315461.88,MXN,OP-252744,"November 21, 2020",N/A,N/A
femsa,6296144.39,MXN,OP-346774,"March 09, 2016","November 23, 2024",3181
américa móvil,8003367.63,MXN,OP-858827,16/03/2017,N/A,N/A
cemex,7530625.72,EUR,OP-657810,"July 04, 2020",2020-10-20,108
grupo méxico,3185270.93,MXN,OP-879545,19/03/2022,N/A,N/A
AMÉRICA MÓVIL,7293278.72,USD,OP-114846,15-Jan-2020,2024-04-16,1553
BBVA MÉXICO,4294439.87,EUR,OP-217015,2021-04-28,N/A,N/A
AMÉRICA MÓVIL,2745545.33,EUR,OP-519698,12-Oct-2015,19-Mar-2017,524
LIVERPOOL,5920887.8,USD,OP-379674,"June 28, 2025",N/A,N/A
grupo carso,8550055.54,MXN,OP-539101,11-Apr-2023,N/A,N/A
TELMEX,6222017.22,MXN,OP-511550,23/11/2015,N/A,N/A
ALSEA,1480360.28,USD,OP-408715,06/05/2019,N/A,N/A
GRUPO BIMBO,1553508.51,MXN,OP-317473,"April 19, 2018",04/01/2021,1078
alsea,7910072.54,USD,OP-609130,"November 02, 2024",N/A,N/A
telmex,2333190.51,MXN,OP-385365,2017-03-12,N/A,N/A
grupo lala,3671251.2,EUR,OP-621254,25-May-2021,N/A,N/A
CEMEX,796747.12,MXN,OP-932845,30-Sep-2021,N/A,N/A
bbva méxico,5465552.5,USD,OP-769255,29-May-2021,2022-06-04,371
GRUPO MÉXICO,8107195.23,MXN,OP-418152,2024-08-03,N/A,N/A
grupo carso,155682.86,EUR,OP-860134,"November 28, 2021",N/A,N/A
telmex,9641452.94,EUR,OP-280423,2021-12-10,N/A,N/A
grupo carso,3519371.66,MXN,OP-329501,"November 17, 2016",N/A,N/A
bbva méxico,8920398.06,EUR,OP-251003,"June 06, 2023",15/12/2023,192
cemex,3270864.42,EUR,OP-941645,"June 29, 2022",N/A,N/A
grupo méxico,4418730.6,EUR,OP-185081,15-Nov-2018,N/A,N/A
BBVA MÉXICO,6727281.49,USD,OP-592916,2024-09-29,N/A,N/A
alsea,6412689.52,MXN,OP-764816,19-Jun-2023,N/A,N/A
pemex,9606629.89,MXN,OP-404672,2017-03-18,N/A,N/A
banorte,7598934.0,USD,OP-289167,21-May-2018,N/A,N/A
grupo lala,4661249.96,EUR,OP-283084,31-Dec-2022,N/A,N/A
ALSEA,9344934.25,MXN,OP-276454,"May 02, 2023",N/A,N/A
GRUPO BIMBO,6234627.63,EUR,OP-688903,14/04/2023,N/A,N/A
GRUPO LALA,4037215.93,USD,OP-625335,14/12/2018,N/A,N/A
grupo bimbo,2183986.67,EUR,OP-223109,"July 26, 2025",N/A,N/A
AMÉRICA MÓVIL,9190644.3,EUR,OP-668053,"August 06, 2021",N/A,N/A
TELMEX,589516.19,USD,OP-688344,2020-07-18,N/A,N/A
CEMEX,8934148.86,EUR,OP-375306,"March 26, 2017",N/A,N/A
LIVERPOOL,5355247.42,EUR,OP-916068,2021-02-11,N/A,N/A
grupo méxico,8290405.43,EUR,OP-283819,"June 08, 2021",N/A,N/A
alsea,4690080.82,EUR,OP-748692,"September 23, 2021",N/A,N/A
FEMSA,570789.2,USD,OP-229312,"September 08, 2023",N/A,N/A
cemex,618662.83,EUR,OP-397699,2017-10-10,2020-10-14,1100
liverpool,2112705.83,USD,OP-183166,2016-12-17,"January 20, 2023",2225
liverpool,8441242.54,MXN,OP-491496,2023-07-05,N/A,N/A
GRUPO CARSO,9321864.49,EUR,OP-930915,21-Mar-2020,2025-03-16,1821
bbva méxico,4535505.55,MXN,OP-917190,21/04/2023,N/A,N/A
walmart de méxico,3321596.75,USD,OP-214590,"October 11, 2023",22-Jan-2025,469
cemex,1128986.12,MXN,OP-609415,26/10/2018,"October 27, 2019",366
GRUPO BIMBO,3322166.46,EUR,OP-400723,23/06/2021,N/A,N/A
SORIANA,1428339.48,MXN,OP-816746,2025-05-27,N/A,N/A
grupo bimbo,6218796.53,MXN,OP-403636,07/06/2022,30/05/2023,328
SORIANA,3486826.76,EUR,OP-846374,"April 09, 2022",N/A,N/A
walmart de méxico,8101166.01,EUR,OP-872582,"December 09, 2017",2023-08-06,2066
BBVA MÉXICO,9039470.02,USD,OP-997512,21/07/2019,N/A,N/A
grupo carso,2110490.53,USD,OP-134653,26/01/2022,N/A,N/A
CEMEX,1611381.16,MXN,OP-870720,2023-12-17,N/A,N/A
GRUPO BIMBO,4327363.2,EUR,OP-700380,10-Jan-2021,05/09/2021,119
LIVERPOOL,2897721.4,MXN,OP-358204,"July 18, 2017",N/A,N/A
grupo lala,3650584.14,MXN,OP-863678,2020-02-04,N/A,N/A
walmart de méxico,5035103.69,EUR,OP-188161,"November 03, 2021",N/A,N/A
BBVA MÉXICO,9499011.41,USD,OP-135805,28-Feb-2018,17-Sep-2022,1662
cemex,485805.85,USD,OP-561896,"July 21, 2020",12-Jul-2021,356
LIVERPOOL,431428.23,USD,OP-154810,"July 07, 2023",N/A,N/A
BANORTE,9633957.01,MXN,OP-560614,2018-01-13,N/A,N/A
WALMART DE MÉXICO,5742341.46,MXN,OP-710178,"December 19, 2017",N/A,N/A
SORIANA,7682512.95,USD,OP-693202,2020-12-30,27/09/2023,1001
grupo bimbo,699224.71,MXN,OP-624228,18-Sep-2020,N/A,N/A
walmart de méxico,359416.45,EUR,OP-805196,2022-10-16,N/A,N/A
LIVERPOOL,8966618.45,EUR,OP-452398,11-Jan-2025,N/A,N/A
SORIANA,2065476.97,EUR,OP-584775,17/09/2023,N/A,N/A
américa móvil,4349296.99,EUR,OP-576338,28-Sep-2019,N/A,N/A
banorte,9856323.02,EUR,OP-563106,20-Dec-2024,N/A,N/A
ALSEA,6586605.23,USD,OP-878418,03-Mar-2017,N/A,N/A
LIVERPOOL,7087858.03,EUR,OP-568549,01-Feb-2023,N/A,N/A
grupo lala,456193.97,MXN,OP-527030,2018-12-22,2023-07-04,1655
GRUPO MÉXICO,5076458.51,USD,OP-227030,13/10/2019,N/A,N/A
soriana,6618078.4,EUR,OP-635200,20-Dec-2024,N/A,N/A
walmart de méxico,9327213.95,MXN,OP-997003,23-Jan-2022,01-Mar-2022,37
américa móvil,2969629.77,MXN,OP-885346,"November 23, 2024",N/A,N/A
grupo méxico,1303354.51,USD,OP-372084,20/07/2022,N/A,N/A
grupo bimbo,1616132.12,EUR,OP-923199,"April 08, 2020",N/A,N/A
américa móvil,681047.56,EUR,OP-899735,2024-11-21,N/A,N/A
LIVERPOOL,8967982.15,EUR,OP-922061,30-Jan-2017,"April 19, 2018",444
walmart de méxico,9195445.55,EUR,OP-978607,"January 29, 2016",14/01/2019,1081
GRUPO MÉXICO,907442.48,EUR,OP-837337,"January 14, 2023",N/A,N/A
GRUPO LALA,4284039.45,USD,OP-897403,"November 19, 2024",N/A,N/A
soriana,1920584.57,MXN,OP-211857,14-Nov-2020,N/A,N/A
BBVA MÉXICO,7055397.37,USD,OP-863534,"May 11, 2019",N/A,N/A
GRUPO CARSO,4151160.43,EUR,OP-463711,2019-04-13,N/A,N/A
GRUPO BIMBO,1985895.86,EUR,OP-343132,"January 31, 2019",N/A,N/A
SORIANA,1802570.8,USD,OP-777950,13-Oct-2019,N/A,N/A
AMÉRICA MÓVIL,6928829.22,MXN,OP-533322,10-Oct-2017,12/02/2021,1514
TELMEX,586590.45,EUR,OP-527059,11-Sep-2018,N/A,N/A
GRUPO BIMBO,9419561.75,MXN,OP-355455,"March 31, 2024",N/A,N/A
walmart de méxico,5998154.98,USD,OP-204921,27-Nov-2017,N/A,N/A
américa móvil,3623958.29,MXN,OP-171591,"October 14, 2019",N/A,N/A
bbva méxico,4788898.24,EUR,OP-475879,"November 18, 2020",N/A,N/A
PEMEX,4520191.77,MXN,OP-912832,04-Jan-2025,N/A,N/A
CEMEX,9068799.3,MXN,OP-786128,2018-09-30,2020-09-21,722
GRUPO LALA,6520488.53,EUR,OP-491317,23/12/2018,N/A,N/A
ALSEA,2684222.34,EUR,OP-927013,2022-08-29,N/A,N/A
CEMEX,6357821.46,USD,OP-687576,"May 09, 2024",N/A,N/A
soriana,155694.84,EUR,OP-590258,14-May-2023,N/A,N/A
banorte,9266702.04,MXN,OP-847212,21/07/2025,N/A,N/A
BBVA MÉXICO,5863718.5,USD,OP-392822,21/10/2015,N/A,N/A
GRUPO MÉXICO,5932808.1,EUR,OP-316803,"August 09, 2025",N/A,N/A
AMÉRICA MÓVIL,5638361.89,MXN,OP-148351,26/01/2021,N/A,N/A
soriana,3531202.12,USD,OP-738141,"June 13, 2024",N/A,N/A
TELMEX,9691073.53,USD,OP-180623,02-Aug-2022,02-Apr-2024,609
SORIANA,5221753.19,EUR,OP-935271,2025-05-02,N/A,N/A
grupo méxico,3725966.47,USD,OP-978130,07-Jan-2025,N/A,N/A
pemex,4247925.75,MXN,OP-710447,19/06/2025,N/A,N/A
SORIANA,3672903.25,MXN,OP-784665,16-Sep-2022,N/A,N/A
BANORTE,1362672.88,MXN,OP-194868,"April 28, 2017",17/09/2018,507
liverpool,530162.75,EUR,OP-121471,2019-09-18,N/A,N/A
bbva méxico,9669590.39,MXN,OP-985011,20/04/2017,N/A,N/A
soriana,6150584.53,MXN,OP-577665,15/02/2017,N/A,N/A
GRUPO LALA,4374058.65,EUR,OP-127646,25-Sep-2022,N/A,N/A
femsa,2166960.26,EUR,OP-948828,2021-01-06,N/A,N/A
GRUPO BIMBO,5779908.65,USD,OP-142661,"March 06, 2023",08/08/2025,886
grupo méxico,722865.88,EUR,OP-224194,02/05/2019,N/A,N/A
banorte,9877459.72,MXN,OP-781391,2020-04-11,2021-10-28,565
soriana,8437332.65,EUR,OP-269886,05-Jul-2024,N/A,N/A
BANORTE,2633943.82,USD,OP-436262,2020-03-15,N/A,N/A
ALSEA,7574947.95,EUR,OP-904380,"April 02, 2016",2018-07-25,844
BBVA MÉXICO,4179751.55,USD,OP-663914,14-Nov-2018,N/A,N/A
pemex,6349914.5,USD,OP-791936,17/05/2024,29/06/2024,43
banorte,4022286.86,MXN,OP-414859,03/07/2022,2025-07-30,1241
alsea,8907137.08,USD,OP-685214,"September 06, 2018","March 22, 2024",2024
BANORTE,8226493.09,MXN,OP-896503,29/11/2017,N/A,N/A
GRUPO MÉXICO,1963762.82,EUR,OP-875096,2020-01-02,N/A,N/A
liverpool,5998646.82,EUR,OP-814590,29/11/2016,N/A,N/A
BBVA MÉXICO,9048989.11,USD,OP-385559,08/04/2022,N/A,N/A
bbva méxico,1606342.74,MXN,OP-880470,"April 08, 2024",N/A,N/A
cemex,5482474.28,MXN,OP-616568,2025-08-19,N/A,N/A
pemex,7204429.98,MXN,OP-825555,2017-08-05,23/07/2020,1083
GRUPO BIMBO,1411220.24,EUR,OP-663782,2018-06-17,N/A,N/A
pemex,2143962.31,USD,OP-672050,01/03/2025,N/A,N/A
GRUPO CARSO,7766885.38,MXN,OP-558235,2023-05-26,N/A,N/A
GRUPO CARSO,210341.77,MXN,OP-447797,2016-03-06,17/03/2018,741
soriana,5684664.09,USD,OP-577491,11/01/2025,N/A,N/A
TELMEX,6605967.34,USD,OP-582318,09-Jun-2018,N/A,N/A
AMÉRICA MÓVIL,4541297.85,EUR,OP-730917,"April 04, 2023",N/A,N/A
walmart de méxico,6889009.87,MXN,OP-496318,2020-05-08,N/A,N/A
BANORTE,9617709.18,MXN,OP-280966,2017-02-17,"April 21, 2017",63
walmart de méxico,4391640.52,MXN,OP-927028,2021-01-19,N/A,N/A
GRUPO MÉXICO,4604483.79,USD,OP-422359,2018-05-14,N/A,N/A
BANORTE,8817139.59,USD,OP-174265,24/10/2023,N/A,N/A
soriana,9059049.84,MXN,OP-620039,2024-09-19,N/A,N/A
américa móvil,2457558.57,EUR,OP-291421,2024-02-08,N/A,N/A
cemex,3248772.36,MXN,OP-968335,"September 20, 2024",N/A,N/A
banorte,2620316.94,USD,OP-274477,2019-08-05,2024-11-28,1942
GRUPO LALA,263440.74,MXN,OP-373752,2015-11-16,11/07/2025,3644
grupo méxico,1012092.83,MXN,OP-435830,2017-06-19,"September 20, 2021",1554
BANORTE,1362609.74,EUR,OP-373998,23/02/2022,"September 06, 2024",926
BBVA MÉXICO,3966443.36,USD,OP-760899,"July 29, 2023",N/A,N/A
AMÉRICA MÓVIL,1310963.55,MXN,OP-663015,27/02/2017,08/06/2018,525
bbva méxico,5438823.94,EUR,OP-487874,07/06/2022,N/A,N/A
pemex,4089015.67,USD,OP-777731,22/06/2022,N/A,N/A
BBVA MÉXICO,204067.55,USD,OP-178059,17/12/2018,N/A,N/A
banorte,9459405.21,MXN,OP-460605,17-Feb-2025,N/A,N/A
WALMART DE MÉXICO,7965702.52,USD,OP-487027,07-Aug-2016,N/A,N/A
grupo lala,7280042.25,USD,OP-906728,03/07/2023,"July 05, 2025",851
soriana,9500916.57,EUR,OP-974409,29-Apr-2021,N/A,N/A
FEMSA,4978626.34,EUR,OP-232305,22/02/2025,N/A,N/A
BANORTE,1681614.77,MXN,OP-637040,07-May-2019,N/A,N/A
CEMEX,9592953.75,EUR,OP-617343,28/01/2019,11-Feb-2025,2206
soriana,1531010.18,USD,OP-874823,"June 01, 2025",N/A,N/A
ALSEA,7688181.91,MXN,OP-636192,11-Mar-2022,"July 31, 2023",507
femsa,9788426.48,MXN,OP-803285,2023-10-29,N/A,N/A
PEMEX,8723199.62,MXN,OP-506881,01-Jan-2025,N/A,N/A
BBVA MÉXICO,4577740.06,EUR,OP-790684,12/07/2024,N/A,N/A
telmex,6823262.0,EUR,OP-647756,29/08/2022,02-Aug-2025,1069
LIVERPOOL,2264892.97,USD,OP-621041,2020-06-25,"July 09, 2023",1109
américa móvil,2773410.06,MXN,OP-935266,28/04/2016,2022-02-06,2110
grupo carso,6549941.7,MXN,OP-725059,07-Oct-2023,N/A,N/A
banorte,5324684.73,USD,OP-301738,14/07/2018,"May 03, 2020",659
PEMEX,8779863.96,MXN,OP-901814,"December 05, 2024",N/A,N/A
LIVERPOOL,4011584.88,MXN,OP-145825,18-Jun-2025,N/A,N/A
soriana,3275300.68,MXN,OP-933692,01/01/2019,N/A,N/A
GRUPO LALA,8412418.11,MXN,OP-440560,07/02/2020,N/A,N/A
BANORTE,2230494.36,EUR,OP-299068,20-Oct-2016,29-Feb-2020,1227
CEMEX,2614464.58,EUR,OP-969444,18/01/2021,N/A,N/A
SORIANA,371921.63,MXN,OP-116777,12-Dec-2019,N/A,N/A
BBVA MÉXICO,9165929.53,EUR,OP-487845,02-Oct-2022,N/A,N/A
alsea,2294926.85,USD,OP-353650,02/08/2024,N/A,N/A
banorte,3161839.66,USD,OP-417567,2024-09-19,N/A,N/A
PEMEX,2930725.95,MXN,OP-631592,"September 26, 2016",24/05/2023,2431
alsea,3682417.57,EUR,OP-781035,"July 16, 2020","February 01, 2024",1295
LIVERPOOL,7486031.73,MXN,OP-722938,23/08/2017,N/A,N/A
WALMART DE MÉXICO,737383.49,MXN,OP-149782,30-Jun-2019,N/A,N/A
CEMEX,9715579.85,MXN,OP-350689,12-Apr-2022,N/A,N/A
walmart de méxico,720868.18,MXN,OP-999452,01/02/2020,N/A,N/A
grupo lala,3778158.45,MXN,OP-474390,"October 18, 2023",N/A,N/A
FEMSA,7829996.73,USD,OP-577817,2020-05-22,N/A,N/A
pemex,5947488.8,USD,OP-254978,"July 08, 2023",N/A,N/A
CEMEX,1490523.57,MXN,OP-503385,2017-04-01,N/A,N/A
LIVERPOOL,9038565.78,USD,OP-774076,26-Jan-2016,N/A,N/A
BBVA MÉXICO,4805007.85,EUR,OP-938958,07-Mar-2022,N/A,N/A
pemex,9419661.54,MXN,OP-302250,"October 08, 2019",N/A,N/A
GRUPO MÉXICO,3988534.04,EUR,OP-173582,"August 09, 2017",2025-05-15,2836
GRUPO MÉXICO,8360565.08,EUR,OP-354235,2020-09-24,N/A,N/A
TELMEX,8210106.63,EUR,OP-704921,13/03/2025,N/A,N/A
FEMSA,9690380.17,MXN,OP-169621,2023-05-29,N/A,N/A
BANORTE,2570363.78,EUR,OP-605551,2017-11-28,N/A,N/A
banorte,135844.71,MXN,OP-805180,2020-04-22,N/A,N/A
pemex,9785687.98,EUR,OP-317782,10/06/2025,N/A,N/A
CEMEX,6844950.22,EUR,OP-372397,2018-01-07,N/A,N/A
AMÉRICA MÓVIL,2011531.05,MXN,OP-729246,08-Jan-2017,05-Jan-2025,2919
femsa,7381783.13,MXN,OP-921107,2023-04-15,N/A,N/A
GRUPO BIMBO,3007041.04,EUR,OP-960761,2023-01-03,"November 03, 2023",304
GRUPO BIMBO,5454745.55,MXN,OP-398954,"October 01, 2022",16-Sep-2024,716
TELMEX,782309.03,USD,OP-355875,07/10/2022,N/A,N/A
telmex,7497196.38,MXN,OP-158160,15-May-2023,N/A,N/A
TELMEX,6854565.28,MXN,OP-826798,"October 25, 2024",N/A,N/A
GRUPO CARSO,2710540.41,MXN,OP-228680,"August 11, 2016",2023-11-04,2641
AMÉRICA MÓVIL,463371.4,EUR,OP-907082,2021-02-24,N/A,N/A
CEMEX,723067.01,MXN,OP-535577,12/08/2022,N/A,N/A
BANORTE,8094716.89,USD,OP-629315,01-Sep-2022,N/A,N/A
SORIANA,5653967.4,EUR,OP-334379,03/03/2017,2018-01-20,323
cemex,7569227.17,EUR,OP-348418,2018-12-05,09/02/2024,2098
GRUPO CARSO,3028712.29,USD,OP-871782,14-Aug-2017,01/06/2025,2702
cemex,7872502.22,USD,OP-288733,2024-06-22,N/A,N/A
ALSEA,9779035.37,MXN,OP-421410,2023-11-23,N/A,N/A
alsea,6273845.79,MXN,OP-541963,"July 09, 2025",N/A,N/A
walmart de méxico,6333093.46,USD,OP-695291,2019-01-22,2021-02-03,743
grupo carso,1613559.35,USD,OP-890925,"November 29, 2022",N/A,N/A
ALSEA,4122137.78,MXN,OP-823676,2018-11-18,2024-10-14,2157
grupo bimbo,4682936.51,MXN,OP-846917,"December 20, 2022",N/A,N/A
BANORTE,2783190.53,MXN,OP-852653,08/02/2021,N/A,N/A
GRUPO MÉXICO,8742793.81,EUR,OP-742930,2023-05-08,N/A,N/A
GRUPO BIMBO,7734747.2,MXN,OP-921644,24-Jan-2019,10-Dec-2020,686
LIVERPOOL,3523596.55,MXN,OP-539434,04-Sep-2018,N/A,N/A
LIVERPOOL,6234359.52,MXN,OP-662757,"April 20, 2025",N/A,N/A
liverpool,9509718.56,EUR,OP-959504,2019-09-24,N/A,N/A
walmart de méxico,5351862.33,USD,OP-255054,2023-05-21,28-Jul-2023,68
BANORTE,7812542.05,EUR,OP-889329,"December 17, 2020",N/A,N/A
GRUPO CARSO,7006531.18,EUR,OP-514655,"September 25, 2019",N/A,N/A
GRUPO CARSO,1425920.37,MXN,OP-504358,2018-12-01,N/A,N/A
WALMART DE MÉXICO,2355227.91,USD,OP-726489,2015-09-11,29/04/2020,1692
GRUPO CARSO,4662833.34,EUR,OP-599117,2016-09-12,N/A,N/A
femsa,6887182.56,USD,OP-211639,"March 30, 2019",04/07/2022,1104
PEMEX,3539613.23,MXN,OP-241777,04/12/2018,07-Jul-2019,451
walmart de méxico,5326438.92,EUR,OP-477994,2023-03-21,05/01/2024,407
SORIANA,4791231.08,MXN,OP-987911,"June 15, 2018",2019-04-13,302
walmart de méxico,7134831.47,EUR,OP-111492,2017-08-02,N/A,N/A
cemex,1199634.28,MXN,OP-915485,10/07/2021,27/11/2022,416
AMÉRICA MÓVIL,3070169.81,USD,OP-194680,2024-05-28,N/A,N/A
grupo méxico,2557033.66,USD,OP-234680,05-Sep-2023,N/A,N/A
cemex,3602687.52,MXN,OP-158110,2019-03-17,2021-05-13,788
grupo bimbo,7490778.83,MXN,OP-520363,25-Jun-2024,N/A,N/A
BBVA MÉXICO,7870199.89,EUR,OP-521011,"October 06, 2017",N/A,N/A
BANORTE,2456912.84,EUR,OP-697534,21/08/2025,N/A,N/A
FEMSA,5425143.51,EUR,OP-173926,2022-01-27,N/A,N/A
BANORTE,5652959.6,MXN,OP-682574,2024-12-24,N/A,N/A
BBVA MÉXICO,491503.83,MXN,OP-456115,"January 08, 2020",N/A,N/A
GRUPO MÉXICO,9293280.11,EUR,OP-861353,22/02/2025,N/A,N/A
GRUPO BIMBO,303975.92,USD,OP-681557,09/03/2022,N/A,N/A
alsea,2169798.93,EUR,OP-687816,23/04/2016,27-Nov-2019,1313
SORIANA,5819118.29,USD,OP-813817,2021-02-08,N/A,N/A
grupo méxico,5968212.94,MXN,OP-694091,10-Jul-2024,10/09/2024,91
grupo méxico,1693312.39,EUR,OP-895097,12-Jun-2022,N/A,N/A
grupo carso,5206864.09,MXN,OP-953453,2017-11-07,N/A,N/A
BANORTE,2911245.24,USD,OP-434841,20/10/2017,N/A,N/A
FEMSA,5648952.87,MXN,OP-226955,21/12/2020,30/12/2021,374
grupo bimbo,4594952.84,EUR,OP-854418,17-Apr-2024,N/A,N/A
GRUPO BIMBO,3543279.95,MXN,OP-550362,"September 08, 2020",N/A,N/A
TELMEX,5690196.25,MXN,OP-388307,2024-10-16,N/A,N/A
grupo carso,9473790.99,USD,OP-389728,"April 21, 2018",05/09/2019,383
pemex,9432501.96,MXN,OP-956480,13/06/2016,01-May-2020,1418
WALMART DE MÉXICO,4567804.82,USD,OP-178398,16/02/2025,N/A,N/A
grupo bimbo,5447955.71,EUR,OP-718973,2024-05-11,N/A,N/A
ALSEA,9799601.34,MXN,OP-400495,2015-10-01,2024-04-12,3116
grupo carso,9033095.66,USD,OP-900546,2021-04-15,N/A,N/A
LIVERPOOL,7577363.98,USD,OP-176702,2016-07-21,N/A,N/A
cemex,4361606.85,MXN,OP-439837,08-Jan-2025,N/A,N/A
FEMSA,6274291.66,MXN,OP-950379,02/08/2022,N/A,N/A
CEMEX,1374344.79,USD,OP-969568,"August 25, 2017",2020-06-05,1015
SORIANA,9480459.74,MXN,OP-237679,25-Oct-2017,N/A,N/A
grupo méxico,1671757.26,EUR,OP-596350,2019-04-21,"July 19, 2024",1916
liverpool,7472281.6,MXN,OP-461426,22-May-2017,2019-07-16,785
GRUPO LALA,9501950.09,MXN,OP-452302,13/04/2021,22-May-2024,1135
ALSEA,3616161.08,EUR,OP-221298,18/08/2016,N/A,N/A
SORIANA,1832206.95,USD,OP-476080,2021-08-14,N/A,N/A
SORIANA,7588651.81,USD,OP-529473,15/03/2017,23-Apr-2017,39
GRUPO BIMBO,8031353.35,USD,OP-435786,10/07/2025,N/A,N/A
soriana,4630884.55,EUR,OP-824160,30/03/2016,N/A,N/A
grupo bimbo,6431852.86,MXN,OP-279997,12/02/2016,05/04/2021,1614
bbva méxico,8025676.79,MXN,OP-965312,04-Jul-2022,N/A,N/A
AMÉRICA MÓVIL,4541040.0,EUR,OP-891671,"May 06, 2019",N/A,N/A
SORIANA,7238689.88,MXN,OP-473671,2019-06-19,07-Nov-2021,872
GRUPO MÉXICO,6012883.32,EUR,OP-812986,01-Sep-2018,04-Aug-2020,703
GRUPO MÉXICO,5216429.36,USD,OP-279714,"June 09, 2016","August 29, 2019",1176
soriana,5714974.93,USD,OP-369433,28-Dec-2022,2025-06-12,897
FEMSA,6612730.9,MXN,OP-541939,07/06/2023,2024-05-25,324
grupo lala,9721246.21,USD,OP-535778,2024-07-02,N/A,N/A
alsea,6651874.75,USD,OP-618788,21-Aug-2019,N/A,N/A
WALMART DE MÉXICO,9639190.72,USD,OP-402127,06-Dec-2023,N/A,N/A
grupo bimbo,4049808.28,USD,OP-259133,06-Apr-2022,N/A,N/A
PEMEX,2022898.37,USD,OP-206782,15/12/2015,2016-08-20,249
GRUPO LALA,7123284.3,EUR,OP-366242,22-Jul-2025,N/A,N/A
LIVERPOOL,1341439.75,USD,OP-890839,11/03/2022,N/A,N/A
PEMEX,9360513.32,EUR,OP-176348,30/09/2023,N/A,N/A
GRUPO BIMBO,5361230.82,MXN,OP-878493,06-Apr-2017,26-Jan-2025,2852
grupo carso,6286048.58,MXN,OP-640401,01-Nov-2021,2024-02-10,831
soriana,9847959.01,EUR,OP-355588,30/08/2019,11-May-2024,1716
grupo méxico,9736437.45,EUR,OP-986393,"October 28, 2019",N/A,N/A
cemex,399640.9,USD,OP-880674,12/01/2018,N/A,N/A
banorte,2736862.24,EUR,OP-835387,02/10/2015,2021-03-05,2215
AMÉRICA MÓVIL,1398559.78,EUR,OP-631297,11-Jan-2022,N/A,N/A
liverpool,3415765.7,MXN,OP-666074,"September 28, 2023",N/A,N/A
BANORTE,4266128.51,USD,OP-195378,"August 11, 2018","December 30, 2019",506
LIVERPOOL,647220.17,EUR,OP-672021,05-Jul-2017,16/02/2025,2783
BBVA MÉXICO,3579154.43,MXN,OP-764859,31-Aug-2022,N/A,N/A
banorte,7260892.4,EUR,OP-978675,2023-01-16,N/A,N/A
GRUPO CARSO,8804813.03,MXN,OP-348857,13-Nov-2024,N/A,N/A
femsa,6227995.88,MXN,OP-301490,18-May-2023,N/A,N/A
liverpool,1431585.12,EUR,OP-215931,03/11/2016,22-Jul-2018,863
TELMEX,3065459.78,MXN,OP-413261,"June 13, 2022",N/A,N/A
CEMEX,6366783.07,EUR,OP-397730,"June 25, 2025",N/A,N/A
BBVA MÉXICO,5903413.75,USD,OP-658279,15-Jun-2017,N/A,N/A
LIVERPOOL,1203670.57,EUR,OP-362832,30-Jul-2022,N/A,N/A
FEMSA,8775504.66,EUR,OP-456679,"July 15, 2022",N/A,N/A
grupo lala,8723457.3,MXN,OP-709941,31/03/2016,2020-02-29,1430
cemex,4575358.79,USD,OP-342674,2022-09-28,N/A,N/A
pemex,6906369.94,EUR,OP-246662,19-Apr-2022,N/A,N/A
alsea,876801.08,USD,OP-570966,25/08/2022,N/A,N/A
soriana,9881801.1,EUR,OP-837049,27-Nov-2016,2018-03-15,473
GRUPO CARSO,2209208.66,MXN,OP-635515,01-Nov-2024,N/A,N/A
grupo lala,4907436.78,USD,OP-309488,2020-12-12,N/A,N/A
walmart de méxico,5783027.64,EUR,OP-786769,26/07/2025,N/A,N/A
FEMSA,5714255.1,USD,OP-918386,2024-05-07,N/A,N/A
grupo bimbo,7599167.32,MXN,OP-502276,2017-08-30,20-Jun-2018,294
LIVERPOOL,6609701.28,EUR,OP-869845,2022-12-10,N/A,N/A
LIVERPOOL,8292218.86,EUR,OP-881955,19/05/2020,N/A,N/A
cemex,665731.81,EUR,OP-157375,18-Feb-2019,2023-01-24,1436
FEMSA,4333120.17,USD,OP-494561,02/08/2021,N/A,N/A
grupo lala,5707515.99,USD,OP-686553,23/12/2023,N/A,N/A
grupo lala,3132175.03,USD,OP-247114,02-Sep-2017,N/A,N/A
bbva méxico,7808960.39,USD,OP-249618,24-Nov-2022,27/04/2024,520
AMÉRICA MÓVIL,413300.56,EUR,OP-655512,16/06/2024,N/A,N/A
walmart de méxico,7041986.19,EUR,OP-227152,30-Apr-2016,20-Sep-2022,2334
grupo méxico,5048533.02,USD,OP-508841,2022-10-30,N/A,N/A
BANORTE,5814100.56,EUR,OP-600578,"September 16, 2015","July 04, 2017",657
LIVERPOOL,5877862.45,MXN,OP-888819,2020-01-09,N/A,N/A
cemex,9296648.54,EUR,OP-669455,21/02/2022,"August 23, 2023",548
GRUPO MÉXICO,9241072.6,USD,OP-996163,18-Sep-2024,N/A,N/A
alsea,3486317.97,USD,OP-275626,2018-04-03,06-Apr-2019,368
liverpool,6299929.48,EUR,OP-860085,12/02/2016,N/A,N/A
AMÉRICA MÓVIL,6992639.14,USD,OP-350546,13/12/2019,"April 03, 2025",1938
banorte,2780012.88,EUR,OP-181381,2021-04-18,26/05/2023,768
banorte,1926367.57,USD,OP-674722,05/05/2017,2018-06-14,405
BANORTE,4415838.85,MXN,OP-460088,23-Feb-2017,N/A,N/A
liverpool,5157051.38,EUR,OP-156071,2018-05-24,N/A,N/A
femsa,4548600.6,MXN,OP-906067,2022-03-10,N/A,N/A
WALMART DE MÉXICO,7441517.95,EUR,OP-623528,"January 16, 2024",N/A,N/A
grupo carso,1514142.12,MXN,OP-746246,31/03/2024,N/A,N/A
ALSEA,9480321.31,EUR,OP-469230,24-Mar-2021,"December 20, 2021",271
grupo carso,8998114.77,USD,OP-778175,"November 10, 2023",N/A,N/A
GRUPO CARSO,2407725.78,MXN,OP-869439,17-Jan-2016,"September 19, 2018",976
telmex,6455206.4,MXN,OP-430717,15-Feb-2018,2020-03-08,752
telmex,3695744.49,MXN,OP-615532,"April 12, 2024",N/A,N/A
PEMEX,8338704.9,MXN,OP-658417,06/03/2023,"September 27, 2023",116
GRUPO CARSO,115057.81,USD,OP-779809,"June 29, 2021",08/12/2023,774
SORIANA,5751450.04,USD,OP-955548,16/06/2021,"July 23, 2025",1498
grupo lala,6948395.63,MXN,OP-293937,16/04/2024,N/A,N/A
bbva méxico,7477795.81,EUR,OP-604590,02/05/2024,N/A,N/A
GRUPO BIMBO,1791024.42,EUR,OP-197145,18/05/2020,"May 02, 2024",1445
alsea,6005501.65,MXN,OP-872428,2017-11-17,N/A,N/A
TELMEX,8318091.75,USD,OP-539990,15-Apr-2016,N/A,N/A
grupo carso,7740178.82,USD,OP-966965,12/02/2018,2024-05-22,1998
grupo carso,1172766.14,USD,OP-987804,20/08/2024,N/A,N/A
LIVERPOOL,7746388.11,EUR,OP-762973,30/11/2020,N/A,N/A
SORIANA,4753983.77,USD,OP-535045,14/04/2016,N/A,N/A
walmart de méxico,2590197.09,MXN,OP-206710,"September 23, 2021","November 29, 2023",797
banorte,793895.92,USD,OP-638700,2016-08-17,13/04/2024,2796
américa móvil,202552.17,MXN,OP-351156,2023-09-04,N/A,N/A
cemex,1014621.52,EUR,OP-354269,"May 21, 2021",N/A,N/A
grupo lala,487442.45,EUR,OP-144675,22/02/2025,N/A,N/A
CEMEX,8267517.49,EUR,OP-909119,02/11/2024,N/A,N/A
SORIANA,6746776.99,MXN,OP-354905,2024-04-28,N/A,N/A
banorte,7523012.53,USD,OP-418674,2020-03-29,N/A,N/A
BANORTE,4484207.88,EUR,OP-799846,25/04/2021,N/A,N/A
LIVERPOOL,4195412.19,MXN,OP-970114,2015-12-20,29-Jan-2020,1501
banorte,926069.38,USD,OP-523310,"December 07, 2020",2021-11-11,339
femsa,9227516.38,MXN,OP-584626,17/04/2016,N/A,N/A
ALSEA,8260343.35,MXN,OP-651328,"December 19, 2017","February 11, 2020",784
bbva méxico,7430497.39,MXN,OP-362461,03/06/2023,N/A,N/A
grupo lala,4161378.89,MXN,OP-282272,10/09/2023,N/A,N/A
américa móvil,8782824.69,USD,OP-530621,"March 12, 2020",N/A,N/A
GRUPO BIMBO,3289527.27,MXN,OP-161209,2021-10-22,"May 22, 2022",212
TELMEX,1388755.76,EUR,OP-933934,"July 30, 2018",2022-07-13,1444
GRUPO MÉXICO,3529121.89,EUR,OP-500807,26-Aug-2018,N/A,N/A
walmart de méxico,4427525.62,EUR,OP-393073,"February 01, 2019","August 01, 2019",181
FEMSA,9987950.76,MXN,OP-562215,03-Jun-2025,N/A,N/A
liverpool,7559131.35,MXN,OP-846167,"May 17, 2019",N/A,N/A
AMÉRICA MÓVIL,4441984.4,MXN,OP-197250,2025-05-12,N/A,N/A
liverpool,345680.08,MXN,OP-539866,"November 06, 2020",N/A,N/A
GRUPO BIMBO,4899740.01,USD,OP-460266,09-Jul-2021,N/A,N/A
banorte,791888.87,MXN,OP-913616,"November 01, 2019",N/A,N/A
TELMEX,2350005.0,EUR,OP-251769,2019-07-10,N/A,N/A
BBVA MÉXICO,3237793.88,USD,OP-656424,27/04/2020,N/A,N/A
grupo lala,7148995.64,EUR,OP-466666,14-Oct-2022,N/A,N/A
bbva méxico,1255128.36,MXN,OP-802620,2017-05-15,N/A,N/A
TELMEX,198485.87,USD,OP-864182,28/12/2024,N/A,N/A
GRUPO BIMBO,8787204.96,EUR,OP-420684,"April 01, 2019",14/12/2020,623
pemex,467448.44,USD,OP-347088,01-Apr-2025,N/A,N/A
walmart de méxico,4197909.96,EUR,OP-888219,"March 26, 2019",N/A,N/A
CEMEX,5283463.99,EUR,OP-431072,"December 01, 2022",N/A,N/A
TELMEX,9463906.29,EUR,OP-790131,2024-11-26,N/A,N/A
grupo carso,5527055.15,EUR,OP-714825,26-Mar-2019,N/A,N/A
PEMEX,7937307.47,EUR,OP-492700,"April 25, 2017",N/A,N/A
GRUPO LALA,9027873.31,USD,OP-518063,2020-05-23,N/A,N/A
PEMEX,7624421.05,USD,OP-150784,18/11/2023,N/A,N/A
BANORTE,8381740.17,USD,OP-687997,"February 27, 2023",N/A,N/A
femsa,9338405.46,MXN,OP-577705,07-Nov-2015,N/A,N/A
pemex,454811.1,EUR,OP-359898,21-Apr-2025,N/A,N/A
grupo carso,3757154.62,USD,OP-722204,2018-08-07,23-Dec-2023,1964
alsea,4157518.08,USD,OP-802826,2023-06-09,N/A,N/A
grupo carso,5062128.23,MXN,OP-876250,15-Jun-2025,N/A,N/A
grupo lala,2100248.77,EUR,OP-434616,2022-08-08,20/04/2024,621
liverpool,4421885.41,MXN,OP-556168,31-May-2023,N/A,N/A
BBVA MÉXICO,7271604.97,USD,OP-881801,26-May-2019,2020-03-26,305
GRUPO LALA,3453689.8,MXN,OP-168596,18-Jan-2022,N/A,N/A
GRUPO MÉXICO,1575692.4,MXN,OP-412164,18/05/2020,N/A,N/A
grupo carso,3579601.5,USD,OP-946307,"June 26, 2020","August 06, 2021",406
GRUPO CARSO,1904739.54,USD,OP-414410,2023-11-21,N/A,N/A
AMÉRICA MÓVIL,9535551.64,EUR,OP-898816,17/11/2023,N/A,N/A
GRUPO BIMBO,3990251.94,EUR,OP-204583,15/10/2015,2017-11-20,767
pemex,3252086.15,MXN,OP-621345,20/05/2025,N/A,N/A
BANORTE,7383455.19,MXN,OP-761938,08/07/2016,2021-04-05,1702
WALMART DE MÉXICO,8841506.9,EUR,OP-205498,25/11/2024,N/A,N/A
TELMEX,5252645.45,USD,OP-516095,15-Mar-2025,N/A,N/A
grupo carso,5622696.31,EUR,OP-491817,2020-11-29,N/A,N/A
GRUPO MÉXICO,7630957.59,EUR,OP-180652,"April 07, 2017",N/A,N/A
ALSEA,3906618.25,USD,OP-271448,"October 27, 2018",12-Jul-2021,989
GRUPO MÉXICO,5739222.33,EUR,OP-910886,06/12/2023,N/A,N/A
liverpool,6988579.36,USD,OP-345356,23-Aug-2023,N/A,N/A
WALMART DE MÉXICO,570614.8,USD,OP-234374,"September 10, 2015",N/A,N/A
grupo carso,6624356.35,USD,OP-938579,05-Jun-2025,N/A,N/A
CEMEX,2206679.14,MXN,OP-673071,"December 23, 2022",2023-01-13,21
PEMEX,6296285.7,EUR,OP-421065,2018-11-07,2021-02-11,827
GRUPO LALA,5618283.84,MXN,OP-913054,2016-06-11,N/A,N/A
BBVA MÉXICO,2477342.72,USD,OP-416017,19/02/2023,N/A,N/A
GRUPO BIMBO,4507197.05,EUR,OP-716449,"April 23, 2022",N/A,N/A
telmex,8193137.62,EUR,OP-763744,2018-05-30,2019-03-13,287
FEMSA,740764.56,USD,OP-920649,07/09/2016,"May 16, 2018",676
GRUPO BIMBO,4032557.21,MXN,OP-590758,24/01/2025,N/A,N/A
banorte,7900903.63,MXN,OP-730998,"April 06, 2018",N/A,N/A
CEMEX,1327443.23,EUR,OP-946856,29-Mar-2025,N/A,N/A
pemex,4739160.24,MXN,OP-713094,2024-08-18,N/A,N/A
telmex,4278153.44,USD,OP-526273,18/01/2025,N/A,N/A
cemex,8896334.68,EUR,OP-245274,"January 09, 2021",N/A,N/A
femsa,900251.83,EUR,OP-512526,21-Jan-2024,N/A,N/A
GRUPO BIMBO,5795595.05,MXN,OP-560019,2020-03-18,N/A,N/A
SORIANA,7127591.81,MXN,OP-686949,"July 30, 2021",02-Sep-2024,1130
telmex,8998122.98,USD,OP-270215,25/10/2024,N/A,N/A
grupo carso,8929050.06,EUR,OP-614597,31-May-2016,14/10/2021,1962
pemex,2266404.26,USD,OP-802502,2024-06-23,N/A,N/A
LIVERPOOL,165671.44,EUR,OP-151752,15/08/2021,2024-09-08,1120
SORIANA,9729643.9,EUR,OP-107894,2024-01-25,N/A,N/A
FEMSA,2020764.09,USD,OP-606164,2024-10-03,N/A,N/A
femsa,8620377.22,EUR,OP-258259,2019-04-10,N/A,N/A
bbva méxico,8787576.98,EUR,OP-506429,2020-05-24,28-Sep-2024,1588
grupo lala,4965741.92,MXN,OP-163887,04-Oct-2017,2017-11-13,40
alsea,3717415.22,MXN,OP-295862,17/04/2023,N/A,N/A
bbva méxico,6599348.9,MXN,OP-914430,22-Mar-2020,N/A,N/A
cemex,8679006.04,EUR,OP-455005,09/07/2018,30/11/2020,815
liverpool,5338528.65,EUR,OP-610029,07-May-2025,N/A,N/A
cemex,7417301.62,USD,OP-982689,"April 29, 2022",N/A,N/A
LIVERPOOL,1813873.06,USD,OP-240386,06-Nov-2021,N/A,N/A
grupo carso,1121370.05,MXN,OP-231131,"September 01, 2022",N/A,N/A
TELMEX,2157349.19,USD,OP-558138,2017-11-23,N/A,N/A
grupo lala,7732188.2,MXN,OP-889171,11-Aug-2019,N/A,N/A
SORIANA,2091827.0,EUR,OP-633168,2019-10-05,N/A,N/A
CEMEX,407791.86,MXN,OP-206894,21/06/2024,N/A,N/A
CEMEX,1247909.8,USD,OP-593815,03-Aug-2018,N/A,N/A
AMÉRICA MÓVIL,5574316.19,MXN,OP-665972,"March 18, 2025",N/A,N/A
AMÉRICA MÓVIL,3318606.87,EUR,OP-735891,"May 12, 2018",14-Aug-2025,2651
banorte,4944234.32,USD,OP-363527,2019-03-05,N/A,N/A
GRUPO BIMBO,9676094.01,EUR,OP-867808,13/07/2021,03-Apr-2024,995
grupo méxico,4025097.32,USD,OP-148809,"August 12, 2024",N/A,N/A
grupo carso,9427668.74,EUR,OP-592213,"January 17, 2024",N/A,N/A
BBVA MÉXICO,115782.29,USD,OP-697595,26-Dec-2018,N/A,N/A
banorte,935691.96,USD,OP-679907,16/09/2022,N/A,N/A
grupo carso,6631046.26,MXN,OP-657766,"June 30, 2023",N/A,N/A
GRUPO BIMBO,578449.7,MXN,OP-619040,2022-09-30,N/A,N/A
liverpool,3999175.6,MXN,OP-686258,19-Jun-2018,N/A,N/A
TELMEX,1339313.61,MXN,OP-757170,2019-08-29,N/A,N/A
cemex,9990257.94,MXN,OP-107130,16-Jan-2022,N/A,N/A
PEMEX,505795.76,EUR,OP-410519,"February 18, 2021",2021-09-03,197
liverpool,6083494.21,USD,OP-688430,16-Dec-2023,N/A,N/A
PEMEX,5740475.84,EUR,OP-121100,"April 27, 2021",N/A,N/A
banorte,3275215.53,USD,OP-217934,2016-03-12,"April 16, 2019",1130
femsa,7941903.64,EUR,OP-831296,07/05/2018,2024-11-22,2332
GRUPO CARSO,3705666.36,EUR,OP-654144,"November 04, 2015","May 06, 2023",2740
GRUPO LALA,8772628.57,EUR,OP-410235,"December 16, 2021","June 18, 2022",184
banorte,4293463.71,EUR,OP-441587,"July 13, 2025",N/A,N/A
TELMEX,599962.04,MXN,OP-801093,"March 20, 2021",N/A,N/A
TELMEX,3580303.07,USD,OP-432845,"February 22, 2017",N/A,N/A
femsa,6606419.52,MXN,OP-771785,05-Apr-2019,06/10/2023,1527
grupo méxico,4096723.75,EUR,OP-153773,01-Oct-2016,02-Sep-2017,336
alsea,6062580.56,EUR,OP-929033,16-Jan-2019,2023-05-15,1580
soriana,2622365.35,EUR,OP-119870,"February 14, 2016",2023-07-22,2715
bbva méxico,453618.57,USD,OP-892289,2017-08-16,2023-08-15,2190
GRUPO MÉXICO,6117750.61,MXN,OP-795693,2018-03-28,22/07/2022,1577
GRUPO MÉXICO,4160907.89,USD,OP-207346,26/05/2017,N/A,N/A
SORIANA,6143882.73,MXN,OP-143450,2020-08-15,12/01/2021,473
AMÉRICA MÓVIL,6212656.84,USD,OP-865290,21/11/2020,2024-06-08,1295
WALMART DE MÉXICO,3629539.22,USD,OP-651647,"November 22, 2017",N/A,N/A
grupo méxico,4126026.28,MXN,OP-365518,2017-04-04,N/A,N/A
LIVERPOOL,3191269.43,EUR,OP-138846,20/10/2015,N/A,N/A
FEMSA,6041453.66,MXN,OP-414382,29-Apr-2019,N/A,N/A
GRUPO LALA,1566930.9,MXN,OP-915085,07/10/2024,N/A,N/A
PEMEX,7910982.58,EUR,OP-526329,07/05/2018,2023-04-19,1749
soriana,6020344.24,USD,OP-397885,2024-08-11,N/A,N/A
GRUPO MÉXICO,6482147.99,EUR,OP-680304,2020-08-23,N/A,N/A
grupo carso,7658182.95,MXN,OP-846184,2019-10-30,2025-01-12,1901
TELMEX,180139.11,MXN,OP-346190,2017-10-31,"June 26, 2018",238
grupo lala,5932607.75,USD,OP-933430,"March 30, 2019","May 07, 2022",1134
cemex,2151661.92,EUR,OP-300902,08/11/2023,N/A,N/A
ALSEA,5864777.14,EUR,OP-313570,01-Dec-2020,N/A,N/A
bbva méxico,1849389.05,EUR,OP-627266,"November 22, 2020",N/A,N/A
PEMEX,3930934.69,EUR,OP-376016,14/03/2020,N/A,N/A
telmex,8362515.17,EUR,OP-784713,2025-07-22,N/A,N/A
SORIANA,455603.36,EUR,OP-528561,2023-09-24,N/A,N/A
américa móvil,2131581.34,EUR,OP-324042,12/10/2016,N/A,N/A
WALMART DE MÉXICO,4592977.84,EUR,OP-608543,17-Sep-2023,N/A,N/A
BANORTE,3608024.63,EUR,OP-864856,"February 09, 2020",N/A,N/A
pemex,6004699.99,USD,OP-969604,07/10/2024,N/A,N/A
LIVERPOOL,4106192.02,USD,OP-330332,"July 27, 2025",N/A,N/A
GRUPO BIMBO,8780847.52,MXN,OP-649769,15/08/2018,N/A,N/A
SORIANA,4161238.36,USD,OP-380772,2019-04-14,14-Dec-2019,244
AMÉRICA MÓVIL,6731058.81,MXN,OP-968145,25/12/2020,"March 19, 2025",1545
ALSEA,4025852.56,USD,OP-304926,2017-03-21,19/02/2018,335
pemex,2310363.0,USD,OP-420068,2015-11-01,12-Dec-2015,41
WALMART DE MÉXICO,3371051.05,MXN,OP-987433,01-Aug-2025,N/A,N/A
bbva méxico,8247371.18,USD,OP-169098,"August 30, 2018",N/A,N/A
pemex,7725266.44,MXN,OP-548860,2018-03-29,11/05/2018,221
BANORTE,7399497.08,MXN,OP-298570,2020-04-27,N/A,N/A
LIVERPOOL,3818275.24,MXN,OP-427163,04/10/2023,N/A,N/A
LIVERPOOL,9159523.87,MXN,OP-125161,24/12/2024,N/A,N/A
BBVA MÉXICO,1415150.51,USD,OP-216212,19-Jun-2022,"January 14, 2025",940
soriana,4287498.56,EUR,OP-589463,07-Jul-2019,N/A,N/A
grupo méxico,3987872.47,EUR,OP-157957,"July 20, 2021",24/08/2021,35
FEMSA,4873491.97,USD,OP-451165,19/02/2020,N/A,N/A
grupo carso,6539763.7,USD,OP-765451,2015-11-16,06-Jun-2022,2394
TELMEX,2544403.56,MXN,OP-675318,"August 12, 2025",N/A,N/A
cemex,1976579.05,EUR,OP-839482,2020-06-08,"June 02, 2021",359
grupo bimbo,5384556.59,EUR,OP-773916,"April 07, 2020",2021-12-31,633
bbva méxico,1071893.27,EUR,OP-691846,"February 17, 2024",N/A,N/A
grupo carso,6598471.42,EUR,OP-794801,2016-11-05,10/03/2019,1062
BBVA MÉXICO,2145040.27,EUR,OP-698520,12-Mar-2022,03-Nov-2023,601
grupo méxico,7583890.56,EUR,OP-623487,"November 17, 2020",20/12/2020,33
pemex,8185196.5,MXN,OP-449943,"April 08, 2024","April 29, 2025",386
pemex,2240104.03,USD,OP-858959,2023-03-29,N/A,N/A
ALSEA,9797868.53,EUR,OP-168797,03/12/2018,28/03/2021,1112
ALSEA,8935166.93,EUR,OP-936419,"February 05, 2021",N/A,N/A
telmex,4005071.86,EUR,OP-801239,31/03/2024,N/A,N/A
liverpool,8054699.15,EUR,OP-601941,2022-08-14,N/A,N/A
CEMEX,3654744.2,EUR,OP-184093,2024-09-09,N/A,N/A
GRUPO BIMBO,7199849.74,USD,OP-403481,2020-09-22,11/11/2023,1145
américa móvil,8378800.82,MXN,OP-958284,25/07/2018,08/10/2024,2208
GRUPO LALA,8340483.03,MXN,OP-291335,2021-01-23,"November 01, 2024",1378
bbva méxico,4015124.75,EUR,OP-305150,15/04/2016,"September 03, 2016",141
WALMART DE MÉXICO,6628561.02,USD,OP-714606,23-Apr-2016,N/A,N/A
alsea,8043995.39,USD,OP-348839,14/08/2024,N/A,N/A
CEMEX,768955.64,USD,OP-994097,20-Mar-2017,N/A,N/A
grupo méxico,8555337.96,USD,OP-110474,"July 28, 2021",N/A,N/A
grupo carso,5502024.25,MXN,OP-376593,29/08/2016,30/12/2021,1949
LIVERPOOL,8620803.3,USD,OP-798504,24-Nov-2022,N/A,N/A
walmart de méxico,3810020.58,EUR,OP-296084,"April 17, 2018",2023-12-15,2068
cemex,8646640.73,MXN,OP-692131,"February 25, 2022",N/A,N/A
walmart de méxico,7378599.55,USD,OP-407035,2018-02-13,N/A,N/A
cemex,6594771.14,EUR,OP-293449,11/04/2021,N/A,N/A
grupo bimbo,724647.05,MXN,OP-920621,15-Dec-2016,N/A,N/A
GRUPO CARSO,8560574.98,MXN,OP-949901,27-Apr-2025,N/A,N/A
PEMEX,4585132.76,EUR,OP-444138,2015-12-03,N/A,N/A
grupo carso,2289680.92,MXN,OP-872066,01/07/2025,N/A,N/A
cemex,6006770.09,MXN,OP-842706,2024-04-27,N/A,N/A
soriana,2893516.66,EUR,OP-571607,"June 08, 2023",27-Apr-2024,324
grupo méxico,8916759.41,MXN,OP-433157,15-Dec-2019,"May 07, 2021",509
WALMART DE MÉXICO,9111202.07,USD,OP-676631,18-May-2019,N/A,N/A
cemex,9061692.64,USD,OP-593829,2018-12-22,"November 27, 2024",2167
BANORTE,5275012.06,MXN,OP-123313,2015-10-12,N/A,N/A
soriana,9644636.71,EUR,OP-508609,"March 30, 2020",N/A,N/A
TELMEX,7538829.71,USD,OP-316522,20-Nov-2018,05-Nov-2019,350
BANORTE,6826864.36,EUR,OP-852449,"May 05, 2023",12/05/2024,580
walmart de méxico,6162017.22,EUR,OP-930745,"September 13, 2020",N/A,N/A
grupo lala,5738886.21,MXN,OP-406017,25-Nov-2022,N/A,N/A
cemex,8399760.27,EUR,OP-100617,2021-02-21,N/A,N/A
grupo lala,7896664.58,EUR,OP-344089,30/04/2020,"September 16, 2022",869
AMÉRICA MÓVIL,9246167.2,MXN,OP-410386,2020-03-06,"October 29, 2024",1698
liverpool,455988.08,USD,OP-398577,26-Mar-2021,N/A,N/A
ALSEA,280269.9,USD,OP-653787,2020-09-26,N/A,N/A
banorte,2915786.29,EUR,OP-382712,20/09/2024,"March 10, 2025",171
FEMSA,9775045.72,USD,OP-244774,"January 03, 2024",N/A,N/A
GRUPO CARSO,9243367.19,USD,OP-380339,22/04/2021,"January 21, 2024",1004
AMÉRICA MÓVIL,9440150.41,MXN,OP-671607,2021-02-10,N/A,N/A
grupo bimbo,5150548.11,USD,OP-308295,15-Dec-2023,N/A,N/A
grupo lala,1023904.07,USD,OP-319208,24-Jan-2024,"March 31, 2024",67
femsa,2170018.24,EUR,OP-723995,30/12/2024,N/A,N/A
PEMEX,7767773.96,MXN,OP-903316,2022-03-19,N/A,N/A
américa móvil,1744268.74,USD,OP-153399,09-Jun-2016,N/A,N/A
grupo lala,8675867.53,EUR,OP-539879,2021-11-09,N/A,N/A
GRUPO CARSO,8898830.91,MXN,OP-187085,26/03/2023,2024-05-18,419
grupo carso,6615415.47,MXN,OP-159747,"August 30, 2021",N/A,N/A
GRUPO CARSO,933637.78,USD,OP-268393,2020-10-09,N/A,N/A
grupo méxico,1934022.14,EUR,OP-209285,2019-05-02,N/A,N/A
GRUPO BIMBO,862715.64,USD,OP-737544,06-Apr-2024,N/A,N/A
TELMEX,3718735.86,MXN,OP-910062,11/03/2025,N/A,N/A
BBVA MÉXICO,688839.21,EUR,OP-500814,"October 28, 2021",N/A,N/A
alsea,2034630.79,MXN,OP-381045,"August 25, 2020",2023-12-18,1210
BBVA MÉXICO,2628743.57,EUR,OP-330331,"September 07, 2015",N/A,N/A
telmex,7002062.95,MXN,OP-518123,2022-10-25,N/A,N/A
bbva méxico,5024944.83,EUR,OP-625546,21-Dec-2016,N/A,N/A
AMÉRICA MÓVIL,1179313.48,EUR,OP-358950,"May 05, 2024",N/A,N/A
cemex,6167191.75,USD,OP-665832,2023-03-31,N/A,N/A
grupo carso,6270179.0,MXN,OP-218167,2024-10-29,N/A,N/A
grupo lala,8168496.77,MXN,OP-333667,11-Oct-2019,N/A,N/A
bbva méxico,254735.12,USD,OP-599875,25-May-2024,"June 09, 2025",380
TELMEX,263928.63,USD,OP-123167,2018-03-28,N/A,N/A
AMÉRICA MÓVIL,7851508.71,MXN,OP-633248,"August 23, 2024",N/A,N/A
AMÉRICA MÓVIL,4566753.44,EUR,OP-806664,2019-09-20,"November 12, 2021",784
grupo lala,2656581.69,EUR,OP-483360,2017-12-31,15/06/2019,531
LIVERPOOL,8400227.89,EUR,OP-677539,2017-08-28,"September 29, 2022",1858
GRUPO LALA,9059439.66,USD,OP-311778,07/09/2018,20-Aug-2025,2599
BANORTE,9901593.86,USD,OP-778614,2019-03-08,"May 29, 2025",2274
liverpool,7741579.71,USD,OP-656645,2019-10-10,N/A,N/A
AMÉRICA MÓVIL,2082299.28,MXN,OP-157726,26/05/2019,09-Sep-2022,1202
telmex,3398962.32,EUR,OP-465794,29-Nov-2018,2022-03-26,1213
AMÉRICA MÓVIL,6416499.15,USD,OP-449361,"June 16, 2018",10/11/2021,1213
femsa,3380880.42,MXN,OP-108920,15-Jul-2016,03/05/2022,2059
soriana,2978243.53,MXN,OP-814265,2017-05-24,N/A,N/A
GRUPO BIMBO,8113599.05,MXN,OP-632153,15-May-2018,2018-11-19,188
ALSEA,3811500.55,MXN,OP-341306,2024-06-21,N/A,N/A
grupo bimbo,163785.53,MXN,OP-742030,"January 11, 2020",N/A,N/A
GRUPO MÉXICO,4703100.75,EUR,OP-619794,"July 02, 2024",N/A,N/A
GRUPO LALA,141574.03,USD,OP-571528,06-May-2017,11/02/2017,180
walmart de méxico,2766763.71,EUR,OP-453907,12-Sep-2015,"October 05, 2024",3311
américa móvil,2867477.52,EUR,OP-890325,21-Apr-2022,N/A,N/A
telmex,409798.03,USD,OP-285182,13-May-2023,N/A,N/A
cemex,2823942.94,MXN,OP-803104,19-Feb-2016,N/A,N/A
GRUPO CARSO,748819.94,MXN,OP-975569,13/09/2015,2018-04-21,951
grupo bimbo,9909009.12,EUR,OP-364580,"January 23, 2018","June 28, 2024",2348
FEMSA,4620049.56,USD,OP-174830,"October 13, 2015",N/A,N/A
AMÉRICA MÓVIL,2569003.85,EUR,OP-282305,25/07/2020,N/A,N/A
liverpool,4138397.7,USD,OP-501291,29/02/2016,2020-12-03,1739
ALSEA,9478323.35,MXN,OP-578191,02-Jul-2016,N/A,N/A
PEMEX,1098154.92,EUR,OP-248488,2018-08-22,N/A,N/A
alsea,3459338.06,MXN,OP-820479,"December 26, 2021",07/08/2023,559
soriana,6965443.99,EUR,OP-947192,"April 03, 2016",N/A,N/A
FEMSA,5016987.91,MXN,OP-826123,23/05/2025,N/A,N/A
FEMSA,742162.15,MXN,OP-730858,05/07/2023,N/A,N/A
walmart de méxico,3453930.53,MXN,OP-916758,"December 10, 2024",N/A,N/A
GRUPO MÉXICO,8474989.35,USD,OP-675772,2025-07-03,N/A,N/A
bbva méxico,7210976.72,MXN,OP-224757,2021-08-19,N/A,N/A
alsea,8270450.83,EUR,OP-468729,08/04/2022,N/A,N/A
BBVA MÉXICO,304264.85,EUR,OP-559783,22-Sep-2016,10/11/2022,2210
cemex,9025075.4,USD,OP-394532,28/01/2023,N/A,N/A
grupo carso,3643017.05,USD,OP-325047,2017-08-10,02-Jan-2021,1241
GRUPO BIMBO,3988289.08,MXN,OP-336522,"March 02, 2024",N/A,N/A
BBVA MÉXICO,986212.24,EUR,OP-547249,2017-05-03,"February 10, 2022",1744
alsea,4186434.42,EUR,OP-907817,2023-11-20,N/A,N/A
bbva méxico,2999138.64,EUR,OP-115052,2025-05-01,N/A,N/A
cemex,6423066.16,USD,OP-279344,2019-05-18,N/A,N/A
LIVERPOOL,4906488.15,EUR,OP-165138,11/03/2024,N/A,N/A
banorte,5982214.24,USD,OP-246685,"August 23, 2025",N/A,N/A
GRUPO MÉXICO,5798728.45,MXN,OP-904370,22/06/2020,"June 10, 2024",1449
alsea,3329625.16,USD,OP-317553,14/04/2017,"April 20, 2021",1467
PEMEX,9754894.16,MXN,OP-687230,03/07/2025,N/A,N/A
WALMART DE MÉXICO,7734312.05,EUR,OP-728535,28/03/2024,N/A,N/A
PEMEX,4226139.84,USD,OP-335548,19-Jan-2023,N/A,N/A
BBVA MÉXICO,1766506.8,EUR,OP-796374,2024-09-29,N/A,N/A
GRUPO CARSO,4064542.31,USD,OP-330990,18/09/2016,N/A,N/A
SORIANA,1452072.15,MXN,OP-951681,2019-04-03,2024-08-04,1950
GRUPO MÉXICO,1014541.33,USD,OP-630944,2017-03-14,N/A,N/A
TELMEX,2619431.14,EUR,OP-943295,2022-04-30,N/A,N/A
CEMEX,7536669.6,USD,OP-650955,14-Nov-2019,N/A,N/A
BANORTE,6937925.61,USD,OP-587895,2020-09-18,N/A,N/A
GRUPO CARSO,2859693.57,MXN,OP-822017,2022-05-07,N/A,N/A
GRUPO CARSO,7330693.98,EUR,OP-273726,09/10/2016,"February 21, 2022",1990
américa móvil,4286685.8,EUR,OP-169763,"July 19, 2024",N/A,N/A
FEMSA,7350187.23,MXN,OP-371053,2024-07-20,N/A,N/A
TELMEX,9158989.13,USD,OP-998378,03-Jul-2025,N/A,N/A
GRUPO CARSO,4337902.84,EUR,OP-766586,05/11/2015,"September 29, 2024",3429
TELMEX,7634877.87,MXN,OP-534891,"June 19, 2025",N/A,N/A
WALMART DE MÉXICO,1953069.72,USD,OP-409849,"August 25, 2025",N/A,N/A
walmart de méxico,5990494.08,MXN,OP-698495,"July 05, 2016",27-Dec-2020,1636
walmart de méxico,2869056.35,MXN,OP-107601,2015-09-15,N/A,N/A
GRUPO LALA,2549302.66,USD,OP-601220,"December 29, 2016",N/A,N/A
BANORTE,9251812.19,EUR,OP-822720,2016-01-10,N/A,N/A
telmex,679119.87,EUR,OP-917244,24-Nov-2017,09/12/2019,657
bbva méxico,5168508.24,MXN,OP-835169,04-Sep-2017,N/A,N/A
femsa,4821357.48,USD,OP-842851,18-Mar-2025,N/A,N/A
pemex,8304968.63,EUR,OP-593815,2021-08-10,N/A,N/A
liverpool,8482194.54,MXN,OP-784262,"November 07, 2019",N/A,N/A
grupo carso,7628298.5,USD,OP-747761,17/04/2021,2024-10-11,1273
bbva méxico,1589501.58,EUR,OP-596250,2016-10-20,N/A,N/A
GRUPO MÉXICO,9108066.58,MXN,OP-290143,20-Apr-2023,N/A,N/A
pemex,8224013.06,MXN,OP-297893,"February 26, 2019",N/A,N/A
américa móvil,3851999.79,MXN,OP-824139,2016-06-23,06/09/2020,1447
TELMEX,3591394.6,USD,OP-889921,18/11/2023,N/A,N/A
BANORTE,2400965.18,EUR,OP-150987,21-Oct-2024,N/A,N/A
CEMEX,1273665.3,USD,OP-929654,07-Jan-2020,2022-07-09,914
bbva méxico,8452049.46,MXN,OP-432264,"January 16, 2025",N/A,N/A
AMÉRICA MÓVIL,5485375.79,MXN,OP-802651,"August 07, 2024",N/A,N/A
ALSEA,2575000.15,USD,OP-486553,"October 12, 2016",25/12/2016,74
banorte,9115466.29,MXN,OP-717364,04-Dec-2020,N/A,N/A
liverpool,4946671.38,EUR,OP-403313,"September 24, 2023",N/A,N/A
alsea,176063.2,MXN,OP-941199,2018-03-20,N/A,N/A
banorte,3154923.02,EUR,OP-654836,22/07/2017,2024-10-30,2657
SORIANA,1767936.22,MXN,OP-502012,"October 07, 2015",24-Aug-2018,1052
grupo bimbo,5571142.95,MXN,OP-506162,2018-11-18,N/A,N/A
pemex,2657364.42,USD,OP-161755,2025-08-25,N/A,N/A
WALMART DE MÉXICO,9459082.9,USD,OP-291482,20/11/2017,N/A,N/A
cemex,6667590.4,MXN,OP-639622,15-Oct-2024,N/A,N/A
telmex,8076942.26,MXN,OP-758209,"October 28, 2023",N/A,N/A
ALSEA,4833776.98,EUR,OP-837239,"September 12, 2019",N/A,N/A
liverpool,5219605.21,MXN,OP-334228,20/10/2020,2025-03-20,1612
CEMEX,7545605.88,EUR,OP-312665,2024-05-28,N/A,N/A
cemex,2170340.01,USD,OP-332779,14-Jun-2025,"June 26, 2025",12
américa móvil,6358536.11,EUR,OP-461672,22-Nov-2021,N/A,N/A
TELMEX,9366405.82,EUR,OP-856820,08-Sep-2020,N/A,N/A
walmart de méxico,7691464.68,EUR,OP-127742,11/03/2025,N/A,N/A
telmex,2466688.62,EUR,OP-672223,2021-11-26,N/A,N/A
GRUPO MÉXICO,1318358.01,EUR,OP-234925,2020-09-15,28/10/2023,1138
GRUPO LALA,4137025.18,MXN,OP-377857,2019-08-19,N/A,N/A
ALSEA,2479210.34,USD,OP-360340,"July 24, 2025",N/A,N/A
PEMEX,9441004.51,USD,OP-214693,11/08/2025,N/A,N/A
grupo carso,4281877.11,MXN,OP-162917,2019-06-09,N/A,N/A
GRUPO LALA,2114100.19,EUR,OP-672584,12-Mar-2020,N/A,N/A
PEMEX,8326059.57,USD,OP-519799,07-Aug-2023,N/A,N/A
GRUPO LALA,8565676.78,USD,OP-426348,"October 04, 2018",25/09/2019,356
banorte,5776432.35,EUR,OP-940708,17/09/2024,N/A,N/A
grupo bimbo,8238405.54,EUR,OP-618375,"February 18, 2017","August 15, 2023",2369
alsea,8656238.81,MXN,OP-622193,31/03/2018,2020-09-13,897
liverpool,7138119.89,USD,OP-919189,04/02/2025,N/A,N/A
soriana,928956.99,USD,OP-166213,"October 10, 2024",N/A,N/A
cemex,241645.42,USD,OP-765835,"September 04, 2022",N/A,N/A
BBVA MÉXICO,7194458.07,USD,OP-632414,2022-02-03,N/A,N/A
pemex,7369544.47,USD,OP-753756,05/08/2024,N/A,N/A
grupo carso,7238886.55,MXN,OP-455614,23/11/2015,N/A,N/A
bbva méxico,2013773.65,USD,OP-603754,2017-06-16,N/A,N/A
ALSEA,7885963.0,MXN,OP-600628,2017-02-24,16/04/2025,2973
telmex,1790145.06,MXN,OP-238847,"June 30, 2018",N/A,N/A
walmart de méxico,8979362.55,MXN,OP-143662,05-Dec-2020,2024-04-27,1239
alsea,5384925.64,USD,OP-837819,2015-10-12,2015-11-30,49
telmex,3902312.63,MXN,OP-957153,2016-05-10,15-Jul-2019,1161
liverpool,6482688.09,MXN,OP-984022,2017-11-12,09/02/2023,2120
banorte,4834455.28,EUR,OP-524598,28-Aug-2024,N/A,N/A
soriana,6919228.03,MXN,OP-436394,2023-06-23,N/A,N/A
pemex,6382437.85,MXN,OP-763968,"April 09, 2019",13-Dec-2024,2075
ALSEA,6652009.33,USD,OP-349474,13-Apr-2021,N/A,N/A
WALMART DE MÉXICO,5314561.21,MXN,OP-595097,"July 04, 2019","January 21, 2020",201
BBVA MÉXICO,7954991.54,EUR,OP-558393,26-Jan-2016,2022-05-30,2316
ALSEA,2386645.3,EUR,OP-676295,13-Jan-2023,"March 10, 2023",56
soriana,5987945.93,USD,OP-946932,"July 08, 2020",27-Mar-2023,992
CEMEX,2729252.16,MXN,OP-445337,"August 19, 2021",N/A,N/A
AMÉRICA MÓVIL,1972710.75,USD,OP-458926,"January 30, 2023",N/A,N/A
TELMEX,1660377.3,EUR,OP-700229,15/08/2020,N/A,N/A
cemex,8366559.74,EUR,OP-971301,2018-03-25,2021-12-08,1354
liverpool,7072545.55,USD,OP-521168,2020-07-01,N/A,N/A
grupo méxico,1342154.21,MXN,OP-533635,"January 10, 2025",N/A,N/A
liverpool,6721115.1,EUR,OP-254177,26-Dec-2022,N/A,N/A
grupo méxico,617064.35,MXN,OP-396170,"March 11, 2025",N/A,N/A
telmex,3636738.67,EUR,OP-292604,26/01/2018,"April 06, 2020",801
grupo bimbo,532154.81,USD,OP-722772,"January 09, 2021",N/A,N/A
pemex,156871.67,EUR,OP-508166,2018-01-06,N/A,N/A
GRUPO MÉXICO,2467273.34,EUR,OP-755175,24-Nov-2015,24-Feb-2025,3380
GRUPO LALA,8203702.11,EUR,OP-369940,2025-04-07,N/A,N/A
grupo bimbo,3419790.81,MXN,OP-636445,05/10/2017,N/A,N/A
pemex,5012548.68,MXN,OP-978445,01/11/2017,09/09/2022,2067
PEMEX,9931942.12,USD,OP-882906,15-May-2021,27-Feb-2023,653
bbva méxico,8870787.26,EUR,OP-719988,24/04/2018,"February 14, 2023",1757
GRUPO LALA,5070823.61,MXN,OP-775159,2015-11-04,N/A,N/A
AMÉRICA MÓVIL,2884380.7,MXN,OP-129459,2021-12-09,N/A,N/A
walmart de méxico,375089.07,MXN,OP-434585,2021-05-06,N/A,N/A
liverpool,7573074.29,USD,OP-429066,27-Nov-2018,2024-04-28,1979
GRUPO BIMBO,1527841.46,MXN,OP-692116,29-Oct-2022,2025-07-22,997
banorte,912328.27,EUR,OP-391724,13-May-2025,N/A,N/A
liverpool,3129471.36,MXN,OP-416248,2024-01-08,N/A,N/A
alsea,9950702.7,EUR,OP-579906,09-May-2019,"July 22, 2019",74
grupo bimbo,4497388.9,EUR,OP-890996,25/10/2022,N/A,N/A
AMÉRICA MÓVIL,2226681.02,EUR,OP-796460,"September 24, 2019",N/A,N/A
GRUPO CARSO,5882388.25,MXN,OP-714019,"January 12, 2016",N/A,N/A
liverpool,6578807.21,EUR,OP-353411,28-Sep-2016,2024-03-17,2727
GRUPO BIMBO,3906325.58,EUR,OP-542975,13/10/2020,N/A,N/A
walmart de méxico,3841137.12,MXN,OP-985136,26-Apr-2019,"May 09, 2019",13
banorte,5273314.34,MXN,OP-782629,"January 01, 2019",N/A,N/A
SORIANA,478250.71,MXN,OP-854472,22-Oct-2018,N/A,N/A
TELMEX,6907854.11,MXN,OP-578781,"August 14, 2018",2020-03-21,585
femsa,4390591.96,USD,OP-384978,"June 30, 2017",2022-08-23,1880
TELMEX,1170993.97,MXN,OP-600473,28/06/2025,N/A,N/A
ALSEA,1490527.53,USD,OP-828643,"February 15, 2023",04/02/2025,777
BANORTE,8944953.43,USD,OP-842624,2022-07-30,09/02/2024,765
bbva méxico,4594652.05,MXN,OP-907176,13/12/2017,N/A,N/A
LIVERPOOL,7564471.41,USD,OP-588329,2021-08-22,N/A,N/A
cemex,7503685.11,EUR,OP-684564,"May 19, 2024",N/A,N/A
pemex,2760471.54,MXN,OP-122831,"October 09, 2019",N/A,N/A
LIVERPOOL,3028774.24,USD,OP-301538,"October 01, 2022",N/A,N/A
BANORTE,3261373.5,MXN,OP-118372,"December 19, 2019",18-Jul-2021,577
grupo bimbo,2467914.05,USD,OP-524644,2021-10-24,"August 13, 2023",658
pemex,7188954.61,EUR,OP-194489,29/08/2017,N/A,N/A
TELMEX,2937799.04,MXN,OP-154872,26-Sep-2020,2021-02-05,132
GRUPO BIMBO,1851454.09,USD,OP-598484,"September 12, 2022",2023-10-11,394
cemex,5039307.95,EUR,OP-291741,"June 30, 2016",N/A,N/A
pemex,7106449.88,USD,OP-848958,16-May-2023,N/A,N/A
grupo carso,3280256.24,MXN,OP-199946,06-Aug-2017,N/A,N/A
alsea,8974952.26,EUR,OP-719676,17-Jun-2023,N/A,N/A
bbva méxico,6221445.05,MXN,OP-993813,2023-12-06,N/A,N/A
américa móvil,3683683.39,MXN,OP-225353,2019-09-20,N/A,N/A
walmart de méxico,9824757.73,MXN,OP-826055,2025-04-09,N/A,N/A
pemex,6029533.08,MXN,OP-351726,"April 19, 2017",18/07/2017,90
grupo bimbo,488801.57,EUR,OP-488164,"March 23, 2019",17-Nov-2023,1700
CEMEX,7131547.82,MXN,OP-247829,02/09/2021,N/A,N/A
GRUPO MÉXICO,6118114.94,EUR,OP-542729,19-Feb-2024,2024-08-25,188
AMÉRICA MÓVIL,2161786.15,MXN,OP-245293,12/11/2022,N/A,N/A
CEMEX,6049105.56,EUR,OP-279697,30/09/2020,N/A,N/A
liverpool,3662027.32,EUR,OP-742850,03/06/2021,23/05/2025,1539
grupo bimbo,1415369.18,MXN,OP-958738,31-Aug-2015,02-Apr-2025,3502
grupo bimbo,2054934.13,MXN,OP-454423,15/08/2024,N/A,N/A
GRUPO MÉXICO,9260976.96,MXN,OP-206047,"May 09, 2021",07-Jan-2024,973
BANORTE,3700105.38,EUR,OP-826582,"January 21, 2020",03/10/2023,1144
GRUPO BIMBO,5724608.23,USD,OP-625501,"June 13, 2023",N/A,N/A
grupo bimbo,2347355.79,MXN,OP-308242,31-Aug-2018,2024-12-30,2313
soriana,668984.44,EUR,OP-141746,"November 07, 2024",N/A,N/A
bbva méxico,322110.61,MXN,OP-250127,01-Nov-2017,01/10/2022,1531
GRUPO MÉXICO,3580902.3,EUR,OP-449250,12/07/2024,N/A,N/A
walmart de méxico,2066863.34,MXN,OP-764157,2023-12-03,N/A,N/A
cemex,7349749.78,MXN,OP-278278,22-Jun-2017,N/A,N/A
grupo bimbo,8967807.74,EUR,OP-441546,"February 03, 2022",N/A,N/A
banorte,1330586.24,MXN,OP-360624,"August 03, 2023",N/A,N/A
walmart de méxico,8620030.58,USD,OP-345070,"September 09, 2018","April 06, 2021",940
bbva méxico,2382437.52,EUR,OP-785251,05/01/2020,N/A,N/A
GRUPO MÉXICO,4054266.24,EUR,OP-597939,"October 01, 2015",23/01/2016,114
soriana,5211840.2,USD,OP-549786,"May 22, 2025",N/A,N/A
liverpool,2151487.94,EUR,OP-637663,"March 03, 2022",N/A,N/A
pemex,3430963.73,USD,OP-814682,02-Mar-2022,N/A,N/A
BBVA MÉXICO,7537460.93,EUR,OP-583011,07-Mar-2024,N/A,N/A
banorte,6545813.56,USD,OP-963070,"June 20, 2017",N/A,N/A
grupo lala,3664045.97,USD,OP-919562,15-Feb-2025,N/A,N/A
BBVA MÉXICO,8190827.47,EUR,OP-873451,07-Apr-2018,N/A,N/A
FEMSA,5729037.02,USD,OP-251895,2015-10-01,N/A,N/A
cemex,4527012.54,EUR,OP-405035,16/06/2020,"November 23, 2021",525
PEMEX,8873042.4,USD,OP-328888,20/06/2020,2022-11-11,874
soriana,3709073.58,EUR,OP-489930,26-Jan-2024,N/A,N/A
grupo carso,5465468.05,EUR,OP-708428,"September 24, 2019",N/A,N/A
PEMEX,5690359.92,USD,OP-871799,05-Jun-2018,05/01/2025,2522
grupo bimbo,9888233.68,MXN,OP-320342,2017-03-23,"July 29, 2019",858
SORIANA,3438395.61,USD,OP-977714,2020-06-18,2021-01-11,207
telmex,6512542.61,MXN,OP-114524,02/04/2020,18/01/2024,1444
grupo lala,3222343.29,EUR,OP-669404,"December 30, 2022",N/A,N/A
GRUPO BIMBO,1728272.89,EUR,OP-873503,2024-07-17,N/A,N/A
TELMEX,6611037.7,USD,OP-197154,"February 06, 2022",N/A,N/A
GRUPO LALA,137283.98,EUR,OP-138305,"August 09, 2020",N/A,N/A
femsa,4397542.85,EUR,OP-239590,"May 03, 2019",N/A,N/A
CEMEX,1173643.83,MXN,OP-430451,10/11/2018,N/A,N/A
telmex,5364428.73,USD,OP-897385,29-Aug-2017,2025-01-27,2708
grupo méxico,1362998.45,MXN,OP-406487,2016-06-24,2018-07-01,737
grupo lala,9597997.08,MXN,OP-393496,07-May-2025,N/A,N/A
GRUPO CARSO,3412019.33,EUR,OP-235781,17/12/2018,29-Apr-2021,864
LIVERPOOL,1517646.33,USD,OP-699458,28-Nov-2022,N/A,N/A
GRUPO LALA,9482446.41,USD,OP-505435,2021-01-25,N/A,N/A
TELMEX,3687934.55,EUR,OP-196968,12-Jan-2023,N/A,N/A
banorte,8789829.27,MXN,OP-479849,26/01/2024,N/A,N/A
grupo carso,2971727.83,MXN,OP-912560,26-May-2020,N/A,N/A
LIVERPOOL,9032735.49,EUR,OP-290888,11-Aug-2021,N/A,N/A
GRUPO MÉXICO,5540013.86,MXN,OP-623060,"July 05, 2017",2021-05-16,1411
GRUPO BIMBO,1759032.53,EUR,OP-200074,12/07/2016,2025-02-26,3003
pemex,8097548.44,MXN,OP-734619,2024-05-21,N/A,N/A
BANORTE,5674420.49,MXN,OP-362824,30/11/2022,N/A,N/A
grupo lala,825779.59,MXN,OP-644243,21/07/2024,N/A,N/A
liverpool,8498055.97,MXN,OP-259569,20/10/2018,"February 09, 2020",477
banorte,3500038.84,EUR,OP-724251,2021-05-09,N/A,N/A
GRUPO CARSO,7103937.47,MXN,OP-364892,"November 10, 2015",2020-08-30,1755
PEMEX,7086008.82,MXN,OP-475084,04-Feb-2017,2017-12-19,318
cemex,6861836.1,EUR,OP-107898,2022-06-21,N/A,N/A
bbva méxico,5495369.87,EUR,OP-175290,29/01/2017,01/10/2023,2172
GRUPO MÉXICO,1725044.99,EUR,OP-445531,07/10/2019,N/A,N/A
grupo bimbo,9326386.57,MXN,OP-463622,"August 24, 2019","October 29, 2024",1893
LIVERPOOL,3670560.18,USD,OP-949975,"April 26, 2016",15/09/2018,872
alsea,7308302.12,USD,OP-353193,"July 20, 2024",N/A,N/A
alsea,5328746.76,EUR,OP-390564,27-Jan-2019,N/A,N/A
TELMEX,9436955.37,EUR,OP-326039,"October 05, 2018","March 24, 2025",2362
bbva méxico,838405.53,MXN,OP-999313,"September 21, 2023",N/A,N/A
GRUPO CARSO,2112799.02,USD,OP-805630,2024-08-10,N/A,N/A
femsa,9719329.86,USD,OP-567092,"January 09, 2016",N/A,N/A
GRUPO MÉXICO,8414134.11,MXN,OP-477474,19-Oct-2021,N/A,N/A
telmex,112279.5,USD,OP-409067,"August 23, 2024",N/A,N/A
AMÉRICA MÓVIL,8754797.01,EUR,OP-558811,26-Oct-2023,N/A,N/A
grupo méxico,3851934.72,EUR,OP-660720,07-Dec-2018,N/A,N/A
GRUPO LALA,884942.91,EUR,OP-172729,"March 21, 2024",30-Dec-2024,284
grupo lala,7695005.96,EUR,OP-181270,2017-06-24,2018-10-19,482
GRUPO MÉXICO,2322229.07,USD,OP-803435,06-Mar-2021,18/05/2022,438
grupo méxico,1130232.31,EUR,OP-564420,13-Apr-2021,N/A,N/A
CEMEX,9361671.02,EUR,OP-747389,15/02/2020,2020-08-03,170
soriana,1144362.15,USD,OP-475830,18-Jan-2025,N/A,N/A
alsea,6817921.03,USD,OP-696423,08/07/2022,N/A,N/A
telmex,641481.98,MXN,OP-616872,24-May-2019,N/A,N/A
AMÉRICA MÓVIL,922684.88,MXN,OP-171514,22-Jun-2024,N/A,N/A
soriana,8705611.98,EUR,OP-477894,15/08/2020,N/A,N/A
grupo carso,7020787.95,MXN,OP-892450,2024-09-23,N/A,N/A
soriana,9269550.25,EUR,OP-874310,2024-02-12,N/A,N/A
ALSEA,7696795.1,MXN,OP-162134,2021-03-30,24/02/2023,696
TELMEX,5971169.66,MXN,OP-183660,28/10/2019,15-Jul-2020,261
grupo méxico,8150050.08,USD,OP-982364,15/09/2019,2021-09-06,722
BBVA MÉXICO,1192638.6,USD,OP-702004,2018-07-18,N/A,N/A
walmart de méxico,5466212.31,USD,OP-697109,2019-10-29,N/A,N/A
ALSEA,554091.84,MXN,OP-746934,2020-05-09,2022-07-03,785
BANORTE,3864995.43,MXN,OP-390610,04/06/2023,N/A,N/A
walmart de méxico,8838819.17,MXN,OP-711157,12-Oct-2024,N/A,N/A
GRUPO LALA,5225503.42,USD,OP-915328,15/05/2017,2019-05-09,724
liverpool,2075795.36,USD,OP-181598,19-Jan-2018,15-Aug-2021,1304
ALSEA,3406563.4,MXN,OP-742386,29/09/2024,N/A,N/A
walmart de méxico,7188347.72,EUR,OP-142412,28-Mar-2022,20/01/2025,1029
GRUPO BIMBO,6854332.55,EUR,OP-874091,2023-06-27,N/A,N/A
grupo lala,7112400.84,MXN,OP-440993,27/06/2017,"November 29, 2017",155
pemex,8252366.14,EUR,OP-926850,16-Nov-2021,N/A,N/A
bbva méxico,4777496.98,USD,OP-577632,11/03/2024,N/A,N/A
liverpool,3663917.93,EUR,OP-184716,2021-02-03,N/A,N/A
SORIANA,7495495.97,USD,OP-547890,"September 19, 2019",N/A,N/A
grupo bimbo,9368057.08,USD,OP-176688,11-Nov-2016,2020-06-20,1317
grupo méxico,4806298.3,MXN,OP-400847,20-Nov-2023,N/A,N/A
BANORTE,407681.84,USD,OP-439393,2018-12-30,"December 31, 2020",732
pemex,8106384.18,USD,OP-883028,"July 01, 2021",2025-08-06,1497
WALMART DE MÉXICO,7857790.85,EUR,OP-751854,2023-03-09,N/A,N/A
cemex,3399120.76,EUR,OP-823138,04/05/2021,22/08/2025,1600
TELMEX,4518281.18,USD,OP-921865,01-May-2020,01-Mar-2021,304
ALSEA,227234.9,MXN,OP-573515,23-Nov-2021,"January 15, 2025",1149
GRUPO LALA,8232136.01,EUR,OP-147755,2021-03-28,N/A,N/A
GRUPO MÉXICO,5471974.02,EUR,OP-285550,"April 22, 2024",N/A,N/A
SORIANA,4985149.95,EUR,OP-406245,10/04/2018,N/A,N/A
grupo lala,8495065.99,MXN,OP-792851,"December 23, 2019",N/A,N/A
walmart de méxico,282930.46,MXN,OP-817054,10/05/2020,N/A,N/A
AMÉRICA MÓVIL,9450510.87,EUR,OP-511830,06/01/2023,N/A,N/A
telmex,8640312.2,EUR,OP-923456,"January 14, 2021",N/A,N/A
soriana,2849199.14,USD,OP-764082,10/01/2021,N/A,N/A
walmart de méxico,9774788.0,USD,OP-747025,2017-11-04,24/10/2020,1085
FEMSA,8840325.66,USD,OP-940898,"April 07, 2021",N/A,N/A
walmart de méxico,8539858.6,USD,OP-819210,17/02/2023,"October 13, 2023",238
GRUPO CARSO,502693.32,USD,OP-324587,"September 13, 2024",N/A,N/A
GRUPO LALA,9167715.87,MXN,OP-903123,01-Jan-2020,N/A,N/A
PEMEX,4620025.84,USD,OP-992056,09-Dec-2015,16-Feb-2023,2626
cemex,6119819.07,MXN,OP-842594,2017-10-12,N/A,N/A
soriana,3012469.65,EUR,OP-220098,2025-02-21,N/A,N/A
grupo lala,3248536.2,MXN,OP-654526,2023-09-18,N/A,N/A
banorte,9633999.86,MXN,OP-256124,"July 23, 2025",N/A,N/A
TELMEX,2222621.81,USD,OP-508429,2022-11-12,N/A,N/A
liverpool,9153039.8,EUR,OP-375326,14/05/2017,N/A,N/A
PEMEX,8510929.23,EUR,OP-253560,2022-12-22,N/A,N/A
SORIANA,6478846.81,USD,OP-393586,"May 10, 2020",N/A,N/A
banorte,1091615.77,USD,OP-871420,2016-12-31,2024-10-29,2859
grupo lala,4764909.85,USD,OP-117229,2020-01-01,N/A,N/A
cemex,8058410.33,USD,OP-539024,31-Oct-2019,N/A,N/A
walmart de méxico,8008299.85,MXN,OP-138923,"March 05, 2017",2022-08-05,1979
GRUPO BIMBO,1323371.93,USD,OP-790715,"August 08, 2018",04/12/2023,1708
WALMART DE MÉXICO,5751495.37,EUR,OP-574973,2019-11-21,2024-01-14,1515
FEMSA,7440238.87,USD,OP-501076,26-Jan-2020,N/A,N/A
BANORTE,3105866.2,EUR,OP-564650,"October 06, 2017",N/A,N/A
walmart de méxico,530854.15,USD,OP-327445,"March 08, 2017",29-Dec-2020,1392
liverpool,1149745.91,USD,OP-816084,2022-09-05,N/A,N/A
walmart de méxico,6371113.88,MXN,OP-188609,2022-08-17,23/10/2023,432
pemex,5599075.21,EUR,OP-912353,2020-12-13,N/A,N/A
américa móvil,5443090.44,MXN,OP-761932,22-Aug-2018,2024-10-21,2252
GRUPO MÉXICO,5924709.51,EUR,OP-468309,13-May-2024,N/A,N/A
ALSEA,1977205.3,MXN,OP-542100,30/05/2016,"March 08, 2021",1743
PEMEX,8827089.44,USD,OP-210117,03/11/2021,2024-01-18,1043
BBVA MÉXICO,807480.75,USD,OP-394919,"September 22, 2019","November 29, 2023",1529
grupo bimbo,3689469.42,MXN,OP-737202,"August 28, 2019","June 04, 2025",2107
grupo bimbo,1690678.61,MXN,OP-464032,06/10/2015,N/A,N/A
TELMEX,7998404.57,EUR,OP-181566,2025-03-25,N/A,N/A
GRUPO BIMBO,3769115.82,EUR,OP-383285,20-Jan-2019,11/06/2019,290
grupo carso,3458271.77,EUR,OP-848542,26/05/2020,2020-11-23,181
telmex,8087045.77,EUR,OP-958401,16/09/2015,2021-01-30,1963
FEMSA,186024.9,EUR,OP-520137,26/01/2019,"October 09, 2024",2083
alsea,7633937.45,MXN,OP-599045,29-Mar-2025,N/A,N/A
PEMEX,6545361.06,EUR,OP-887110,16/07/2016,N/A,N/A
BBVA MÉXICO,8838347.31,USD,OP-267356,15-May-2024,N/A,N/A
TELMEX,5272204.27,MXN,OP-490033,24-May-2023,N/A,N/A
CEMEX,9488806.01,EUR,OP-438578,11-Oct-2024,N/A,N/A
grupo carso,3580777.42,USD,OP-280750,07/11/2018,19/11/2020,862
SORIANA,7309562.28,MXN,OP-642925,"October 15, 2016",N/A,N/A
AMÉRICA MÓVIL,9701489.22,EUR,OP-669679,2021-11-10,N/A,N/A
GRUPO LALA,7086901.96,USD,OP-257077,02-May-2018,"September 25, 2019",511
BBVA MÉXICO,5817234.13,USD,OP-973583,2024-10-25,N/A,N/A
alsea,9497875.89,MXN,OP-223323,12/09/2023,N/A,N/A
CEMEX,3030483.81,MXN,OP-952040,"March 31, 2023",2024-12-19,629
banorte,7488591.24,EUR,OP-751657,22-Jan-2024,N/A,N/A
telmex,4021287.5,USD,OP-406632,16-Mar-2022,"April 11, 2022",26
grupo carso,9732042.72,USD,OP-796037,22/01/2025,N/A,N/A
grupo lala,3828114.62,MXN,OP-393703,"August 19, 2018",N/A,N/A
grupo lala,3824816.45,EUR,OP-855482,09-Mar-2020,N/A,N/A
grupo méxico,3619423.09,USD,OP-917142,21-Sep-2015,27-Nov-2017,798
telmex,6782431.66,MXN,OP-359082,2023-12-27,N/A,N/A
liverpool,8348210.17,EUR,OP-730000,"December 31, 2020",2023-04-19,839
grupo lala,6602470.6,USD,OP-812834,27/05/2024,2025-01-15,233
AMÉRICA MÓVIL,6246396.5,USD,OP-304947,08/11/2021,N/A,N/A
GRUPO BIMBO,2494648.76,USD,OP-239429,2017-07-10,2023-12-29,2363
LIVERPOOL,5577398.67,EUR,OP-565684,2017-08-09,03/07/2018,210
GRUPO BIMBO,3877390.82,MXN,OP-179081,03/10/2017,23-Oct-2021,1688
pemex,6174066.73,USD,OP-690881,19/01/2020,N/A,N/A
FEMSA,4158796.15,MXN,OP-752651,2018-11-26,N/A,N/A
LIVERPOOL,4960239.42,EUR,OP-575989,06-Oct-2015,02/11/2017,494
grupo bimbo,2504797.04,USD,OP-864006,13/12/2020,N/A,N/A
walmart de méxico,1442942.32,USD,OP-858002,2025-01-22,N/A,N/A
liverpool,9347577.1,EUR,OP-438141,"May 30, 2022",N/A,N/A
soriana,8373557.06,MXN,OP-136305,09-May-2018,N/A,N/A
grupo carso,178809.81,USD,OP-699196,03-Sep-2018,N/A,N/A
femsa,6435175.58,USD,OP-889960,21/03/2021,22/06/2024,1189
AMÉRICA MÓVIL,4756784.29,EUR,OP-331314,15-Oct-2020,N/A,N/A
BBVA MÉXICO,2315854.54,USD,OP-373705,24/12/2024,N/A,N/A
AMÉRICA MÓVIL,7207184.06,EUR,OP-278445,11-Jul-2018,N/A,N/A
GRUPO CARSO,7182530.49,MXN,OP-520837,12-Oct-2017,N/A,N/A
PEMEX,8138899.48,USD,OP-637734,2016-11-26,"December 14, 2023",2574
cemex,7483212.71,MXN,OP-477936,03/07/2020,2021-11-14,617
GRUPO LALA,8673429.35,USD,OP-991986,2016-08-24,"April 07, 2017",226
banorte,2548681.5,MXN,OP-765250,2022-05-24,N/A,N/A
GRUPO LALA,2245802.52,USD,OP-296482,15-Sep-2018,N/A,N/A
GRUPO MÉXICO,2525879.35,MXN,OP-638899,"March 03, 2017",17/07/2025,3058
ALSEA,4500523.01,MXN,OP-582609,"December 05, 2018",N/A,N/A
telmex,1330626.33,MXN,OP-133229,30/12/2016,2023-09-19,2454
GRUPO MÉXICO,7727638.44,MXN,OP-767002,2024-05-16,N/A,N/A
bbva méxico,2160165.7,USD,OP-293808,"February 20, 2016",N/A,N/A
LIVERPOOL,3086601.22,EUR,OP-210104,10-Mar-2018,N/A,N/A
WALMART DE MÉXICO,3660538.6,EUR,OP-803818,"May 27, 2020",2023-08-24,1184
walmart de méxico,7873009.39,USD,OP-817561,"January 15, 2025",N/A,N/A
ALSEA,6116926.03,EUR,OP-825311,"October 13, 2020",N/A,N/A
bbva méxico,224373.26,USD,OP-702264,26/12/2024,N/A,N/A
pemex,5388060.16,USD,OP-525890,"January 01, 2018",2025-01-11,2567
BBVA MÉXICO,3894211.55,MXN,OP-841117,"February 25, 2024",23-May-2024,88
PEMEX,6615896.06,USD,OP-548467,2023-11-11,N/A,N/A
soriana,1861477.12,USD,OP-555872,"July 07, 2020",N/A,N/A
PEMEX,253045.85,MXN,OP-152358,"November 28, 2023",N/A,N/A
GRUPO CARSO,436229.1,USD,OP-238402,"June 13, 2024",N/A,N/A
GRUPO BIMBO,5548082.75,EUR,OP-471888,21-Dec-2020,04/02/2024,1198
BBVA MÉXICO,5530841.87,EUR,OP-323828,31-Jan-2016,07-Jul-2020,1619
pemex,2959581.73,USD,OP-159937,2019-04-01,"September 20, 2022",1268
walmart de méxico,5547201.31,EUR,OP-908456,07/12/2018,N/A,N/A
walmart de méxico,2012230.9,EUR,OP-825620,01/09/2016,2020-08-28,1693
femsa,3731598.82,EUR,OP-367107,14/03/2018,N/A,N/A
WALMART DE MÉXICO,3764551.34,MXN,OP-136054,18-Dec-2015,N/A,N/A
walmart de méxico,7950826.15,MXN,OP-963607,"July 17, 2023",N/A,N/A
cemex,7793271.49,MXN,OP-100392,"September 23, 2018","February 28, 2020",523
FEMSA,1451690.66,MXN,OP-212056,"March 04, 2017",2021-09-25,1666
ALSEA,2052763.59,MXN,OP-302697,12-Feb-2017,04-May-2022,1907
cemex,815347.57,EUR,OP-267852,23/02/2023,N/A,N/A
GRUPO LALA,5234539.74,USD,OP-721337,2018-04-14,N/A,N/A
liverpool,2361180.19,EUR,OP-617034,"May 07, 2023",N/A,N/A
grupo lala,8530906.25,USD,OP-216994,12/06/2025,N/A,N/A
femsa,9388546.55,MXN,OP-653378,"May 07, 2024",N/A,N/A
liverpool,3310666.23,EUR,OP-495710,01-Oct-2022,N/A,N/A
BBVA MÉXICO,792839.88,EUR,OP-625195,2021-02-17,02-Apr-2024,1140
AMÉRICA MÓVIL,6788454.04,USD,OP-584963,06/04/2017,N/A,N/A
CEMEX,7190743.72,MXN,OP-156526,01/09/2021,22/10/2024,1382
TELMEX,3284584.77,MXN,OP-104170,23-Sep-2017,"January 09, 2018",108
cemex,171945.78,MXN,OP-136971,29/10/2022,N/A,N/A
grupo bimbo,5089312.6,USD,OP-968958,03/10/2021,N/A,N/A
pemex,2706064.34,USD,OP-877598,02/08/2017,2018-05-06,452
FEMSA,7871610.53,EUR,OP-924217,15-May-2017,2023-03-22,2137
WALMART DE MÉXICO,2456107.68,USD,OP-185495,27-Dec-2024,10-Aug-2025,226
banorte,3703413.45,EUR,OP-168022,17/08/2023,N/A,N/A
soriana,2521700.74,USD,OP-244003,22/01/2021,09/01/2024,1318
ALSEA,1027979.56,MXN,OP-777330,"February 12, 2022",N/A,N/A
grupo carso,8338496.41,MXN,OP-291651,2022-09-14,N/A,N/A
FEMSA,2358324.52,MXN,OP-412440,2017-11-16,07-May-2021,1268
AMÉRICA MÓVIL,3950667.46,USD,OP-232287,11/11/2022,N/A,N/A
GRUPO LALA,7144506.82,USD,OP-696851,13/09/2021,N/A,N/A
pemex,8204539.07,EUR,OP-836428,2022-12-26,N/A,N/A
WALMART DE MÉXICO,2379983.27,USD,OP-527328,17/07/2020,2021-03-15,241
grupo méxico,7628263.47,USD,OP-641250,2024-04-01,N/A,N/A
grupo carso,9578035.7,EUR,OP-621661,20/12/2023,N/A,N/A
GRUPO BIMBO,8781645.1,MXN,OP-435338,"December 18, 2022",17/11/2023,334
walmart de méxico,7267667.02,USD,OP-473948,13/06/2016,N/A,N/A
femsa,8619031.88,USD,OP-613553,23/01/2021,N/A,N/A
liverpool,6486142.34,MXN,OP-377185,"August 01, 2023",N/A,N/A
CEMEX,8603350.54,EUR,OP-410624,09-Jun-2018,22-May-2020,713
alsea,550554.71,MXN,OP-844366,07/12/2024,N/A,N/A
alsea,999960.51,USD,OP-361821,"July 07, 2018",2023-03-03,1700
banorte,2080335.03,EUR,OP-750106,25-Dec-2018,"February 12, 2020",414
bbva méxico,868422.91,USD,OP-254097,"November 08, 2018",01/05/2020,423
alsea,1407872.28,USD,OP-390826,"October 13, 2022","May 08, 2025",938
LIVERPOOL,5919626.06,MXN,OP-507844,2022-02-13,N/A,N/A
cemex,6041999.03,USD,OP-728460,"February 04, 2025",N/A,N/A
grupo méxico,1979901.42,MXN,OP-513914,25-May-2017,24/07/2021,1521
GRUPO LALA,2416975.94,MXN,OP-381895,19-Apr-2025,N/A,N/A
SORIANA,3194187.05,EUR,OP-460116,2018-06-05,N/A,N/A
GRUPO MÉXICO,4246954.96,MXN,OP-936739,2020-07-04,N/A,N/A
grupo bimbo,6792076.33,MXN,OP-651890,2022-11-14,N/A,N/A
américa móvil,8376079.99,MXN,OP-273509,"March 03, 2023",N/A,N/A
ALSEA,5755661.85,EUR,OP-455256,"September 10, 2023",N/A,N/A
américa móvil,8521815.44,USD,OP-748157,2021-09-04,N/A,N/A
CEMEX,9904553.77,USD,OP-190579,24/09/2015,2020-02-19,1609
TELMEX,4220592.33,USD,OP-426463,"June 29, 2016",N/A,N/A
FEMSA,4521510.73,MXN,OP-356258,07/02/2023,N/A,N/A
banorte,2468608.26,MXN,OP-354746,14-May-2020,20/08/2021,463
grupo lala,3525283.03,EUR,OP-766801,16/10/2017,"January 01, 2024",2268
grupo carso,2639055.86,EUR,OP-192251,"June 20, 2016",2020-12-28,1652
PEMEX,769063.09,MXN,OP-686332,03-Jul-2024,N/A,N/A
SORIANA,8347519.37,MXN,OP-415435,25-Dec-2016,N/A,N/A
alsea,5537813.48,USD,OP-556594,11/07/2017,01/04/2022,1519
telmex,2279516.72,MXN,OP-394390,2021-03-24,"April 27, 2024",1130
alsea,6963445.33,USD,OP-797774,2024-06-01,N/A,N/A
grupo carso,178678.05,EUR,OP-844631,02-Nov-2022,N/A,N/A
PEMEX,2444589.86,USD,OP-404565,2025-07-23,N/A,N/A
grupo carso,3788991.38,MXN,OP-381060,18-Feb-2024,N/A,N/A
GRUPO CARSO,4677207.81,EUR,OP-656699,08/11/2023,N/A,N/A
WALMART DE MÉXICO,5818093.82,MXN,OP-834855,19-Jun-2019,N/A,N/A
SORIANA,7358379.17,MXN,OP-269539,2018-12-05,N/A,N/A
AMÉRICA MÓVIL,7822253.58,MXN,OP-978650,09/10/2022,N/A,N/A
PEMEX,9070940.62,MXN,OP-889420,15-Jul-2024,N/A,N/A
GRUPO CARSO,8059476.62,EUR,OP-887658,"March 14, 2025",N/A,N/A
GRUPO CARSO,5687944.35,MXN,OP-328183,22-Sep-2022,N/A,N/A
grupo lala,6634152.69,MXN,OP-810215,17/06/2022,N/A,N/A
LIVERPOOL,8945357.68,MXN,OP-618627,"March 25, 2018",07/11/2020,839
soriana,8297577.69,USD,OP-515990,"July 05, 2018",05-Dec-2019,518
walmart de méxico,1861870.65,USD,OP-846601,"January 25, 2019",N/A,N/A
pemex,6714026.37,USD,OP-892696,27/12/2016,N/A,N/A
ALSEA,7617413.56,EUR,OP-478193,2023-05-23,N/A,N/A
TELMEX,2220061.18,MXN,OP-549380,"May 08, 2016",N/A,N/A
grupo bimbo,236258.79,USD,OP-680388,2017-01-21,N/A,N/A
telmex,7219151.29,MXN,OP-457564,2016-08-15,"March 28, 2020",1321
grupo lala,964094.01,USD,OP-672502,2020-08-01,N/A,N/A
banorte,2176225.02,EUR,OP-313094,"October 10, 2023",N/A,N/A
SORIANA,7725736.88,EUR,OP-194167,2017-08-16,26/01/2018,163
pemex,6348023.44,MXN,OP-823510,19-Nov-2017,"May 08, 2020",901
GRUPO LALA,2604761.86,MXN,OP-633570,2018-12-23,"October 26, 2024",2134
grupo carso,8450426.74,USD,OP-676465,16-May-2016,N/A,N/A
GRUPO CARSO,1991542.53,MXN,OP-397379,"March 22, 2018","April 29, 2020",769
grupo carso,7547128.38,USD,OP-244938,13-Aug-2020,N/A,N/A
grupo bimbo,3513959.1,MXN,OP-467171,09-Dec-2021,15-Oct-2022,310
grupo lala,7057116.5,USD,OP-102029,13/05/2022,N/A,N/A
FEMSA,6577479.51,USD,OP-116181,11/10/2021,N/A,N/A
soriana,1609968.34,MXN,OP-438215,27/03/2024,N/A,N/A
pemex,6195423.5,EUR,OP-584036,2020-01-13,2024-02-22,1501
GRUPO BIMBO,318084.8,EUR,OP-412072,12-Nov-2016,N/A,N/A
banorte,7977957.49,EUR,OP-851454,"May 05, 2016",N/A,N/A
CEMEX,3860060.0,MXN,OP-143718,2015-10-13,"December 17, 2015",65
TELMEX,5343449.6,EUR,OP-416906,"March 18, 2023",N/A,N/A
telmex,7181851.06,USD,OP-975748,2022-07-27,23-Aug-2025,1123
BANORTE,649685.56,EUR,OP-411699,"July 11, 2022","March 01, 2025",964
LIVERPOOL,8684485.84,EUR,OP-512289,2025-01-16,N/A,N/A
AMÉRICA MÓVIL,1462695.47,MXN,OP-547939,14/03/2017,N/A,N/A
TELMEX,6874093.49,EUR,OP-751409,09-Jan-2017,N/A,N/A
WALMART DE MÉXICO,921353.05,USD,OP-730241,"April 28, 2023",06-May-2024,374
telmex,6012343.85,USD,OP-660589,31-Jul-2023,27/11/2024,485
PEMEX,2802243.4,EUR,OP-528433,26-Jan-2021,N/A,N/A
cemex,7348926.05,EUR,OP-426101,"July 19, 2017",N/A,N/A
GRUPO LALA,2889411.49,MXN,OP-283837,"October 21, 2018",2025-01-24,2287
SORIANA,4331197.87,USD,OP-334881,2023-07-19,13/09/2023,56
GRUPO MÉXICO,1589270.96,USD,OP-368524,02/08/2018,N/A,N/A
PEMEX,2246660.27,MXN,OP-705897,13-Mar-2018,24-Feb-2025,2540
GRUPO LALA,5340279.8,USD,OP-963462,22-Sep-2023,N/A,N/A
pemex,9244385.36,USD,OP-785213,01-Mar-2020,N/A,N/A
BANORTE,2821543.72,USD,OP-132166,23-Jul-2018,N/A,N/A
GRUPO CARSO,9380655.4,EUR,OP-948761,"March 07, 2025",N/A,N/A
LIVERPOOL,8085444.27,EUR,OP-980379,2017-10-17,11/01/2021,1476
GRUPO LALA,4692658.41,USD,OP-453498,2019-09-14,N/A,N/A
CEMEX,4672974.46,USD,OP-487005,"February 15, 2020",2024-01-10,1425
telmex,7275596.26,EUR,OP-846029,2024-01-26,N/A,N/A
liverpool,2652557.74,USD,OP-757662,2017-02-05,2022-01-30,1820
banorte,6719492.31,MXN,OP-455811,22/10/2019,18/10/2023,1457
banorte,8193733.12,USD,OP-209025,"March 26, 2024",N/A,N/A
grupo carso,1994417.84,EUR,OP-279181,03/12/2017,26-Nov-2020,1355
GRUPO BIMBO,6675412.15,EUR,OP-218845,25-Feb-2018,N/A,N/A
walmart de méxico,4844375.01,MXN,OP-716256,"June 26, 2016","October 23, 2021",1945
LIVERPOOL,2876796.39,MXN,OP-836540,"October 02, 2024",N/A,N/A
SORIANA,7649894.14,EUR,OP-429118,2025-07-27,N/A,N/A
alsea,6851335.64,MXN,OP-628628,2020-02-16,"May 23, 2022",827
banorte,1682985.47,EUR,OP-133907,06/03/2023,N/A,N/A
GRUPO CARSO,2319687.38,MXN,OP-574890,28/01/2019,N/A,N/A
BANORTE,3271709.89,MXN,OP-498853,29-Mar-2017,23-Aug-2020,1243
FEMSA,650413.01,EUR,OP-571311,30/01/2016,22-Dec-2022,2518
CEMEX,1521354.25,USD,OP-373598,15/10/2021,N/A,N/A
GRUPO LALA,6322262.23,EUR,OP-278745,23/08/2025,N/A,N/A
GRUPO LALA,2103789.48,USD,OP-254182,25-Jan-2023,N/A,N/A
GRUPO CARSO,9291819.37,EUR,OP-284846,23/12/2024,N/A,N/A
cemex,8716851.86,USD,OP-913290,2021-06-13,N/A,N/A
PEMEX,6909718.51,USD,OP-125003,19/10/2018,N/A,N/A
FEMSA,6494830.59,USD,OP-191048,09/02/2018,"December 11, 2023",1926
grupo carso,949916.3,EUR,OP-190817,2016-06-10,N/A,N/A
alsea,7807516.1,EUR,OP-826066,04-Jun-2024,N/A,N/A
walmart de méxico,1893904.77,EUR,OP-403328,"February 18, 2018",31/12/2024,2508
banorte,474433.15,MXN,OP-609643,2019-03-07,16/12/2023,1745
américa móvil,7964626.99,USD,OP-621975,01/11/2022,18/02/2025,1134
LIVERPOOL,3100680.45,EUR,OP-310331,04-Jan-2021,17-Sep-2021,256
GRUPO LALA,1666304.33,MXN,OP-786914,2024-06-22,N/A,N/A
femsa,8797968.78,USD,OP-612814,12/01/2018,"October 12, 2019",315
bbva méxico,5341083.5,EUR,OP-824013,22/06/2023,N/A,N/A
pemex,8688949.37,EUR,OP-185457,08-Jan-2020,N/A,N/A
FEMSA,2380014.62,MXN,OP-510303,"April 05, 2019",N/A,N/A
CEMEX,4323084.34,MXN,OP-156254,2016-06-21,2022-09-11,2273
GRUPO MÉXICO,3709650.59,MXN,OP-933333,09/02/2023,N/A,N/A
AMÉRICA MÓVIL,9920038.03,MXN,OP-671136,24/10/2016,28-Oct-2019,1099
liverpool,7322620.34,EUR,OP-388201,2016-09-22,09/08/2017,351
cemex,4287864.68,MXN,OP-640191,22-Mar-2021,2021-06-01,71
AMÉRICA MÓVIL,4266284.59,EUR,OP-541281,2020-10-18,06-Jun-2023,961
TELMEX,9634288.55,USD,OP-728988,28-Apr-2025,N/A,N/A
cemex,4720348.34,EUR,OP-413190,22-Apr-2023,N/A,N/A
cemex,5717043.11,MXN,OP-274627,2020-08-07,N/A,N/A
WALMART DE MÉXICO,2571659.92,EUR,OP-527253,26/09/2016,N/A,N/A
PEMEX,455585.94,USD,OP-957177,14-Nov-2020,2024-08-28,1383
GRUPO CARSO,7969459.12,MXN,OP-785536,"March 09, 2018",N/A,N/A
ALSEA,2236398.92,EUR,OP-551291,2015-09-10,N/A,N/A
GRUPO LALA,2435401.06,EUR,OP-941683,01/03/2023,N/A,N/A
grupo méxico,3609745.75,EUR,OP-306805,24/04/2021,N/A,N/A
ALSEA,1399698.44,USD,OP-158063,25-Dec-2017,N/A,N/A
PEMEX,2388347.02,USD,OP-549446,2019-08-23,N/A,N/A
grupo carso,4362505.3,EUR,OP-995457,09/10/2019,N/A,N/A
femsa,9558810.62,USD,OP-358102,24/11/2016,29-Nov-2021,1831
pemex,789167.01,MXN,OP-956869,2020-12-17,N/A,N/A
pemex,1322552.81,EUR,OP-707530,"October 11, 2017",06/05/2025,2794
grupo bimbo,9063494.41,USD,OP-354378,"February 23, 2021",N/A,N/A
CEMEX,575927.19,EUR,OP-770672,2017-12-06,N/A,N/A
bbva méxico,8683393.59,MXN,OP-669961,2018-01-29,01-Jul-2023,1979
femsa,1429553.26,MXN,OP-623389,"April 13, 2023",03-May-2023,20
LIVERPOOL,8936869.08,USD,OP-379556,2024-02-07,N/A,N/A
LIVERPOOL,8319008.12,MXN,OP-751235,"March 22, 2024",N/A,N/A
SORIANA,4724455.32,USD,OP-168008,18-Jul-2022,N/A,N/A
cemex,456461.69,EUR,OP-770894,10-May-2018,N/A,N/A
SORIANA,2793847.03,EUR,OP-998739,04/09/2022,N/A,N/A
CEMEX,9581673.67,USD,OP-517003,"October 31, 2018",N/A,N/A
LIVERPOOL,4842760.86,EUR,OP-687035,2016-06-14,N/A,N/A
femsa,3511123.05,MXN,OP-747155,28-Sep-2015,2024-07-25,3223
TELMEX,680746.08,MXN,OP-711424,04/01/2021,"April 17, 2022",381
pemex,6606761.36,EUR,OP-704304,"February 07, 2016",14-Sep-2023,2776
liverpool,3368727.57,EUR,OP-914927,"March 28, 2025",N/A,N/A
WALMART DE MÉXICO,2318253.56,EUR,OP-724150,"July 19, 2017","March 07, 2022",1692
TELMEX,3913254.37,USD,OP-587497,2024-02-13,"April 10, 2024",57
grupo carso,726483.15,USD,OP-712526,"November 09, 2016",09/10/2018,670
grupo carso,8488307.45,EUR,OP-143535,2019-06-24,06/01/2021,708
WALMART DE MÉXICO,2506636.41,EUR,OP-889205,23-May-2021,19-Jul-2023,787
BBVA MÉXICO,5669743.66,MXN,OP-587283,28-Feb-2023,N/A,N/A
grupo carso,1247630.2,EUR,OP-231841,26/01/2025,N/A,N/A
BBVA MÉXICO,8796761.59,EUR,OP-259087,09-Oct-2024,N/A,N/A
cemex,8436474.7,EUR,OP-667432,2023-07-15,N/A,N/A
liverpool,9474830.31,USD,OP-148443,"February 04, 2021","April 09, 2023",794
américa móvil,9531320.84,EUR,OP-107171,2023-09-05,25/05/2024,263
grupo méxico,838416.19,USD,OP-351844,"April 15, 2021",N/A,N/A
BANORTE,143070.04,MXN,OP-108898,"January 25, 2017",2020-03-20,1150
FEMSA,612544.43,USD,OP-368219,2020-12-17,N/A,N/A
GRUPO CARSO,2377267.03,EUR,OP-562605,2025-07-08,N/A,N/A
grupo méxico,6669934.92,USD,OP-287344,19/10/2024,N/A,N/A
GRUPO MÉXICO,5633508.94,EUR,OP-469965,"July 10, 2022",N/A,N/A
ALSEA,1553074.72,USD,OP-159431,13/02/2021,2022-07-21,523
alsea,3478577.18,USD,OP-770052,27-Feb-2025,N/A,N/A
soriana,5332636.71,USD,OP-192858,11-Aug-2020,N/A,N/A
SORIANA,992842.35,EUR,OP-999798,"April 14, 2021","September 09, 2024",1244
liverpool,9735360.48,USD,OP-351861,2020-11-06,N/A,N/A
alsea,1549634.93,EUR,OP-492639,2021-06-03,N/A,N/A
LIVERPOOL,2376459.62,MXN,OP-631179,"September 18, 2023",N/A,N/A
américa móvil,9406316.68,USD,OP-738893,13/10/2021,N/A,N/A
grupo lala,6947735.56,MXN,OP-745538,"January 23, 2018",09/12/2024,2424
américa móvil,7231579.15,USD,OP-155054,"April 29, 2025",N/A,N/A
TELMEX,4174734.27,MXN,OP-975638,"May 24, 2017",06/04/2017,11
LIVERPOOL,2623401.9,EUR,OP-312608,20/05/2017,N/A,N/A
américa móvil,4708195.03,EUR,OP-552239,2021-03-11,N/A,N/A
soriana,6391624.8,MXN,OP-593353,"September 02, 2018",09/05/2019,368
SORIANA,8039955.12,MXN,OP-993293,"May 12, 2024",N/A,N/A
bbva méxico,4860723.97,USD,OP-262425,"March 31, 2024",2024-09-02,155
AMÉRICA MÓVIL,9823495.15,USD,OP-531577,18-Aug-2024,N/A,N/A
CEMEX,9501310.29,USD,OP-360934,2024-12-02,N/A,N/A
liverpool,5715467.09,USD,OP-680345,"July 16, 2024",N/A,N/A
pemex,7838765.38,MXN,OP-469962,23-Feb-2022,02/08/2023,350
alsea,1422972.79,EUR,OP-969470,2017-10-14,11-Mar-2020,879
femsa,8953552.67,EUR,OP-684916,"April 10, 2024",N/A,N/A
grupo lala,9905502.95,MXN,OP-337857,20-Apr-2020,N/A,N/A
alsea,5372909.9,MXN,OP-589091,2022-01-26,N/A,N/A
bbva méxico,8791325.58,EUR,OP-729314,"February 23, 2021",06-Jun-2025,1564
américa móvil,5038230.54,USD,OP-244902,"February 01, 2016",03/10/2018,768
grupo lala,8556534.83,USD,OP-627696,2016-02-06,27-Jan-2023,2547
TELMEX,6949435.54,MXN,OP-461982,15-Feb-2021,N/A,N/A
BBVA MÉXICO,4715015.78,EUR,OP-153542,"October 20, 2023","April 17, 2024",180
GRUPO MÉXICO,4609202.75,EUR,OP-363704,2019-06-28,15/03/2021,626
GRUPO MÉXICO,3405932.86,MXN,OP-338353,"January 12, 2018",2024-01-14,2193
ALSEA,4207101.84,USD,OP-363009,12/01/2019,N/A,N/A
walmart de méxico,3540730.71,MXN,OP-657788,"December 17, 2016",N/A,N/A
liverpool,1657340.79,EUR,OP-129462,07/02/2019,N/A,N/A
GRUPO CARSO,401133.75,MXN,OP-229165,"September 25, 2017","May 19, 2022",1697
walmart de méxico,3341528.79,MXN,OP-480223,"October 19, 2022",N/A,N/A
grupo lala,2069691.05,USD,OP-928836,05/02/2022,N/A,N/A
femsa,9869879.98,EUR,OP-961561,09-Oct-2018,N/A,N/A
TELMEX,6278933.8,EUR,OP-454138,03/09/2017,30-Mar-2018,386
SORIANA,4859421.53,USD,OP-424347,2019-02-20,12/02/2025,2477
LIVERPOOL,9517068.81,MXN,OP-328078,05-Oct-2024,N/A,N/A
femsa,7251438.1,USD,OP-332606,19/04/2020,N/A,N/A
grupo bimbo,7797519.07,EUR,OP-438584,13/03/2016,13-Dec-2023,2831
walmart de méxico,4411614.51,USD,OP-428995,"February 01, 2025",N/A,N/A
TELMEX,695914.41,USD,OP-553341,19/10/2021,N/A,N/A
BANORTE,1868571.46,EUR,OP-148498,"November 13, 2016",30-Aug-2020,1386
walmart de méxico,8728778.47,EUR,OP-963095,"May 02, 2018",23-Oct-2022,1635
grupo carso,2246242.52,USD,OP-310348,2016-05-11,17/07/2017,432
FEMSA,1527534.6,MXN,OP-596636,2018-10-08,N/A,N/A
américa móvil,2439569.72,MXN,OP-921500,2016-03-09,26-Mar-2020,1478
BANORTE,8313282.52,USD,OP-851598,"November 16, 2016",01-Mar-2017,105
soriana,6226048.39,EUR,OP-500492,2018-07-01,N/A,N/A
GRUPO MÉXICO,515578.21,MXN,OP-720708,"January 07, 2016",2018-01-04,728
alsea,7157801.96,MXN,OP-131969,24-Mar-2018,N/A,N/A
américa móvil,6359826.97,MXN,OP-862834,03/01/2016,26/12/2021,2126
LIVERPOOL,6328454.18,USD,OP-932501,25-Oct-2019,N/A,N/A
FEMSA,8421192.12,MXN,OP-800530,04/12/2015,19-May-2022,2594
TELMEX,8976191.73,USD,OP-229422,2020-01-12,N/A,N/A
AMÉRICA MÓVIL,5508847.4,USD,OP-418835,26-Feb-2025,N/A,N/A
ALSEA,6374959.32,USD,OP-978773,"October 04, 2023",N/A,N/A
TELMEX,4730019.64,MXN,OP-494834,18/03/2023,15-Jan-2024,303
telmex,3264912.97,MXN,OP-730261,"May 30, 2018","December 20, 2021",1300
GRUPO MÉXICO,8229452.18,MXN,OP-451060,2022-03-06,N/A,N/A
AMÉRICA MÓVIL,1112143.78,EUR,OP-341088,"October 04, 2022",N/A,N/A
grupo méxico,3285873.24,EUR,OP-438434,2017-01-04,N/A,N/A
GRUPO BIMBO,7659028.0,USD,OP-914441,29/03/2020,N/A,N/A
GRUPO MÉXICO,6662237.66,USD,OP-653310,13/08/2019,"September 22, 2024",1867
walmart de méxico,813809.21,EUR,OP-248191,"October 21, 2021",N/A,N/A
WALMART DE MÉXICO,2912221.71,MXN,OP-115169,31-Aug-2017,N/A,N/A
TELMEX,9516281.77,MXN,OP-397058,26-Jul-2016,2025-08-23,3315
FEMSA,3194409.25,USD,OP-804120,14/03/2024,N/A,N/A
TELMEX,3534657.55,MXN,OP-109397,18-Oct-2016,30/11/2021,1869
walmart de méxico,2241560.55,MXN,OP-968334,05-Feb-2025,N/A,N/A
femsa,7214030.0,USD,OP-806344,22-Sep-2019,N/A,N/A
TELMEX,5668910.34,EUR,OP-783273,19/07/2019,08-Apr-2024,1725
TELMEX,9180004.58,MXN,OP-235992,29/10/2021,N/A,N/A
BBVA MÉXICO,7249386.57,EUR,OP-904313,"February 23, 2019",N/A,N/A
grupo bimbo,7789941.94,EUR,OP-231223,"August 11, 2019",22-Nov-2024,1930
liverpool,7009914.25,MXN,OP-748955,04-Nov-2022,2025-07-23,992
grupo méxico,8158839.07,MXN,OP-472982,"June 19, 2023",N/A,N/A
alsea,7538467.22,USD,OP-183148,2018-03-20,N/A,N/A
PEMEX,4153200.25,USD,OP-967367,02/06/2024,N/A,N/A
grupo méxico,8417774.22,USD,OP-909193,02/12/2022,N/A,N/A
BANORTE,2364919.09,USD,OP-834863,16-Aug-2022,2023-08-21,370
grupo lala,7791781.65,MXN,OP-799085,06/05/2023,N/A,N/A
BBVA MÉXICO,4353222.84,MXN,OP-603640,2022-08-27,N/A,N/A
PEMEX,6819513.53,USD,OP-689500,30/11/2017,2019-06-05,552
femsa,8425523.21,USD,OP-735580,11-Aug-2016,"June 02, 2022",2121
CEMEX,2902983.34,USD,OP-348340,05/10/2018,N/A,N/A
GRUPO LALA,7128462.83,MXN,OP-388226,2024-10-12,N/A,N/A
grupo méxico,5869973.29,MXN,OP-771493,2015-10-23,"July 18, 2022",2460
cemex,8258903.91,USD,OP-305766,2025-01-06,N/A,N/A
PEMEX,875498.21,EUR,OP-259387,"February 14, 2023",18/08/2025,916
WALMART DE MÉXICO,222056.41,MXN,OP-912242,10-Jul-2024,N/A,N/A
grupo bimbo,9186600.83,USD,OP-490224,11/01/2020,N/A,N/A
telmex,9915400.8,USD,OP-109924,30-Jul-2022,N/A,N/A
TELMEX,8313591.21,USD,OP-963257,08/11/2015,"June 11, 2022",2496
américa móvil,5741405.9,USD,OP-618619,2025-07-28,N/A,N/A
femsa,515025.37,EUR,OP-645160,12-Jul-2019,N/A,N/A
SORIANA,6961382.57,EUR,OP-531949,21/01/2019,20/05/2020,485
liverpool,8757366.77,USD,OP-305296,31-Oct-2017,2023-01-18,1905
GRUPO LALA,8300987.23,MXN,OP-425208,"March 16, 2018",29-Oct-2021,1323
LIVERPOOL,9054574.55,USD,OP-577710,"January 11, 2025",N/A,N/A
grupo carso,5869517.55,MXN,OP-493721,"April 14, 2019",N/A,N/A
walmart de méxico,8183905.14,USD,OP-979487,30-Jan-2025,N/A,N/A
grupo lala,1711134.16,USD,OP-805296,17-Jan-2018,2020-05-25,859
alsea,4647442.43,USD,OP-684224,"October 27, 2016",N/A,N/A
bbva méxico,9425745.82,EUR,OP-665231,2016-06-04,2022-11-17,2357
walmart de méxico,4136162.03,USD,OP-837316,29/08/2023,N/A,N/A
LIVERPOOL,313860.63,MXN,OP-111013,09-Dec-2015,"January 03, 2023",2582
cemex,752253.77,USD,OP-811563,2017-08-14,"March 21, 2025",2776
WALMART DE MÉXICO,5731796.34,EUR,OP-813563,27/08/2016,N/A,N/A
grupo bimbo,6404692.47,MXN,OP-721280,11/03/2023,N/A,N/A
GRUPO CARSO,8795187.53,MXN,OP-712593,2017-05-10,"July 12, 2024",2620
GRUPO LALA,3022051.01,USD,OP-303815,2025-07-06,N/A,N/A
liverpool,7662967.05,USD,OP-373261,29-Apr-2025,N/A,N/A
WALMART DE MÉXICO,9698347.09,USD,OP-340049,2022-06-25,N/A,N/A
BBVA MÉXICO,3290390.76,USD,OP-195819,"July 21, 2016",13/04/2021,1727
SORIANA,6219432.05,EUR,OP-777300,2017-08-17,07/07/2025,2881
banorte,3435890.7,MXN,OP-921890,2024-10-17,"November 12, 2024",26
LIVERPOOL,1802886.09,MXN,OP-524792,18-Jul-2025,N/A,N/A
telmex,6712754.7,USD,OP-118785,25/04/2024,N/A,N/A
SORIANA,4073511.65,USD,OP-444464,25-Oct-2016,17/05/2023,2395
liverpool,1604408.98,MXN,OP-333051,23-Feb-2017,N/A,N/A
banorte,5368836.6,EUR,OP-183434,"September 16, 2017",N/A,N/A
LIVERPOOL,3864525.68,EUR,OP-130618,2023-03-25,N/A,N/A
banorte,3724650.11,USD,OP-344507,"April 25, 2020",N/A,N/A
AMÉRICA MÓVIL,4134427.07,MXN,OP-792115,2020-02-10,N/A,N/A
grupo bimbo,6122477.63,EUR,OP-701750,2019-01-22,2025-07-19,2370
banorte,5663427.55,MXN,OP-477800,04/07/2022,N/A,N/A
BBVA MÉXICO,8079638.35,MXN,OP-135587,23/10/2020,N/A,N/A
femsa,4602378.13,USD,OP-153319,02/11/2021,N/A,N/A
WALMART DE MÉXICO,5260528.82,EUR,OP-452843,24/09/2015,2022-07-27,2498
LIVERPOOL,1051021.94,EUR,OP-926947,02/07/2024,2024-02-08,1
cemex,3447624.64,USD,OP-743642,"August 01, 2021",N/A,N/A
GRUPO MÉXICO,9777257.01,MXN,OP-213116,04/05/2018,"August 04, 2021",1217
bbva méxico,9757311.72,USD,OP-925614,30/07/2022,N/A,N/A
GRUPO MÉXICO,5463877.32,EUR,OP-599408,01/10/2022,N/A,N/A
telmex,9355292.05,USD,OP-870054,"November 12, 2019",N/A,N/A
WALMART DE MÉXICO,2092337.63,EUR,OP-790109,2019-03-08,05/09/2022,1158
GRUPO CARSO,355705.42,USD,OP-588664,05-Feb-2020,N/A,N/A
BBVA MÉXICO,5456720.95,USD,OP-993494,08/12/2024,12/05/2025,480
SORIANA,8184660.59,EUR,OP-215753,18-Aug-2024,N/A,N/A
grupo lala,2565716.83,MXN,OP-939885,"February 02, 2017","July 13, 2024",2718
FEMSA,6381235.01,EUR,OP-936769,2018-02-27,"July 06, 2021",1225
FEMSA,7633577.43,EUR,OP-822508,2016-07-19,26-May-2025,3233
GRUPO BIMBO,6942156.86,MXN,OP-168968,30/10/2023,2025-06-09,588
bbva méxico,8100598.54,USD,OP-968022,"February 14, 2018",28/08/2021,1291
SORIANA,3617219.07,EUR,OP-973400,2015-11-17,N/A,N/A
soriana,9726448.12,MXN,OP-672405,2023-10-02,2023-11-05,34
liverpool,3757814.04,EUR,OP-431871,03/08/2021,09-Oct-2021,215
GRUPO BIMBO,7181726.96,EUR,OP-482195,10-Feb-2023,N/A,N/A
femsa,8742011.87,EUR,OP-241963,08/12/2019,N/A,N/A
bbva méxico,3149654.37,EUR,OP-452666,19-Sep-2019,N/A,N/A
alsea,7055036.75,MXN,OP-420957,2025-03-31,N/A,N/A
grupo carso,9450115.76,USD,OP-381063,"November 06, 2019",2019-11-28,22
ALSEA,7250403.44,MXN,OP-479085,15-Nov-2017,N/A,N/A
GRUPO MÉXICO,4864776.59,MXN,OP-573815,2021-07-03,2025-01-28,1305
WALMART DE MÉXICO,9272300.65,EUR,OP-599961,17-Aug-2017,08-Jan-2019,509
pemex,7304122.38,MXN,OP-171895,"June 01, 2017",N/A,N/A
BBVA MÉXICO,5633669.14,EUR,OP-591467,25-Mar-2021,N/A,N/A
FEMSA,8332880.53,EUR,OP-450702,"March 08, 2018",02/04/2019,333
soriana,8755610.46,USD,OP-522390,2024-04-16,"August 14, 2024",120
alsea,2147376.51,USD,OP-230487,29/04/2025,N/A,N/A
LIVERPOOL,3540463.47,EUR,OP-254455,"February 27, 2017","August 01, 2020",1251
liverpool,6477420.56,MXN,OP-416745,2019-03-25,N/A,N/A
BBVA MÉXICO,9929537.43,MXN,OP-220571,2016-09-17,14-Oct-2017,392
américa móvil,8915141.98,USD,OP-808495,30/11/2015,"April 17, 2022",2330
BANORTE,8464348.32,MXN,OP-480802,13-Nov-2023,N/A,N/A
CEMEX,3981525.91,EUR,OP-850827,2015-09-27,04-Mar-2022,2350
grupo bimbo,131406.46,EUR,OP-128573,25-Oct-2015,27/03/2023,2710
grupo bimbo,8704411.59,USD,OP-404243,01/11/2018,N/A,N/A
bbva méxico,5700614.06,MXN,OP-365628,27-Nov-2016,18-Jan-2019,782
LIVERPOOL,7252153.27,EUR,OP-768290,"March 06, 2023",10-Mar-2025,735
TELMEX,6510268.36,USD,OP-543697,2019-08-08,N/A,N/A
américa móvil,5363161.66,EUR,OP-344955,31/01/2025,N/A,N/A
alsea,1882857.54,USD,OP-973436,2016-05-17,"July 05, 2017",414
LIVERPOOL,5749494.1,EUR,OP-104458,"June 21, 2016",25/08/2019,1160
grupo lala,1860666.66,MXN,OP-574659,"August 04, 2022",N/A,N/A
GRUPO BIMBO,7395259.13,MXN,OP-890691,"April 18, 2023",N/A,N/A
grupo lala,4018344.21,MXN,OP-867173,"January 21, 2025",21/04/2025,90
alsea,7236761.93,EUR,OP-870655,19/10/2024,N/A,N/A
GRUPO LALA,8334616.82,EUR,OP-198426,"July 04, 2022",N/A,N/A
bbva méxico,2639439.68,MXN,OP-391532,2020-02-04,N/A,N/A
alsea,5704632.81,USD,OP-210851,05-Mar-2025,N/A,N/A
BBVA MÉXICO,857108.0,EUR,OP-602134,2016-06-20,2020-04-28,1408
banorte,8736808.53,EUR,OP-844021,07-Feb-2023,N/A,N/A
FEMSA,8209767.94,EUR,OP-537786,"June 14, 2018",2025-03-28,2479
GRUPO MÉXICO,7424792.92,USD,OP-693108,2025-04-21,N/A,N/A
GRUPO LALA,6732860.06,USD,OP-367406,"June 07, 2020",N/A,N/A
GRUPO CARSO,4531121.89,EUR,OP-162028,2017-07-24,15-Sep-2017,53
PEMEX,9117226.11,MXN,OP-626300,11/05/2017,12/08/2019,763
alsea,8491597.54,EUR,OP-453188,2015-11-06,N/A,N/A
grupo lala,2500226.1,MXN,OP-547173,"November 18, 2017","July 08, 2021",1328
walmart de méxico,9117398.73,USD,OP-313107,16/08/2023,N/A,N/A
PEMEX,7591236.81,USD,OP-803209,2020-06-22,N/A,N/A
ALSEA,1510826.46,MXN,OP-367011,2025-03-18,03-May-2025,46
bbva méxico,1090146.11,USD,OP-178947,21/03/2023,N/A,N/A
soriana,9480273.5,USD,OP-771675,20-Jul-2016,N/A,N/A
pemex,9274042.95,EUR,OP-695512,2020-06-20,N/A,N/A
GRUPO MÉXICO,175737.45,MXN,OP-299633,2021-05-07,"December 08, 2021",215
soriana,7544344.83,EUR,OP-697950,"March 01, 2018",N/A,N/A
grupo bimbo,886272.05,USD,OP-163854,13/10/2017,N/A,N/A
GRUPO BIMBO,8097588.7,USD,OP-529649,15-Apr-2017,N/A,N/A
SORIANA,7004814.73,MXN,OP-262564,04/05/2017,"December 02, 2018",606
GRUPO LALA,3599608.82,EUR,OP-388484,19/07/2018,27-Dec-2020,892
WALMART DE MÉXICO,5325778.89,EUR,OP-237171,20-Feb-2021,N/A,N/A
AMÉRICA MÓVIL,8624080.1,MXN,OP-667035,"December 10, 2023",N/A,N/A
AMÉRICA MÓVIL,3301766.33,USD,OP-279453,"April 17, 2023",N/A,N/A
AMÉRICA MÓVIL,1789211.85,EUR,OP-182888,22/03/2018,22-Oct-2020,945
telmex,2057049.92,EUR,OP-650467,2020-06-26,N/A,N/A
grupo méxico,1933852.59,MXN,OP-767102,"April 09, 2023",N/A,N/A
walmart de méxico,7398611.08,USD,OP-120981,2016-08-01,29-Jul-2019,1092
BBVA MÉXICO,4982174.12,EUR,OP-997329,02-Jun-2022,N/A,N/A
grupo carso,9645388.63,EUR,OP-520103,18-Aug-2025,N/A,N/A
telmex,7810489.04,USD,OP-756228,06-Mar-2024,N/A,N/A
pemex,4752482.21,USD,OP-987938,2020-10-08,N/A,N/A
BANORTE,4167212.06,EUR,OP-397011,01-Jun-2016,"December 26, 2022",2399
grupo carso,8583574.04,USD,OP-721532,03/04/2016,"February 02, 2017",335
TELMEX,7397829.68,USD,OP-893180,23-Jun-2024,N/A,N/A
GRUPO BIMBO,2143573.72,USD,OP-985526,2025-01-14,N/A,N/A
BANORTE,405485.94,USD,OP-350331,"May 18, 2024",N/A,N/A
AMÉRICA MÓVIL,1287505.71,EUR,OP-486506,"January 24, 2017",N/A,N/A
WALMART DE MÉXICO,1853698.55,EUR,OP-605665,"February 26, 2024","March 04, 2024",7
BANORTE,3778139.59,MXN,OP-635540,"March 24, 2020",27/11/2021,613
grupo bimbo,2904952.11,USD,OP-917810,2016-02-02,21/02/2020,1480
PEMEX,2899825.33,MXN,OP-303724,19-Feb-2017,2018-11-14,633
américa móvil,9659188.66,MXN,OP-763716,"April 03, 2021","January 04, 2023",641
grupo bimbo,4251367.0,MXN,OP-675058,03/01/2018,18/08/2024,2362
grupo bimbo,2390333.48,MXN,OP-899970,"November 25, 2021",N/A,N/A
alsea,6231261.28,EUR,OP-399896,2017-07-18,N/A,N/A
bbva méxico,7556617.12,EUR,OP-896566,02-Jun-2016,01/03/2019,945
walmart de méxico,7206790.66,MXN,OP-694485,15/07/2023,N/A,N/A
grupo carso,5341262.46,USD,OP-681805,22/03/2022,N/A,N/A
pemex,2809124.93,MXN,OP-354853,"November 12, 2021",N/A,N/A
ALSEA,8796489.3,USD,OP-753992,2024-08-24,N/A,N/A
telmex,2822712.05,USD,OP-811059,"August 04, 2025",N/A,N/A
GRUPO MÉXICO,936030.16,MXN,OP-622451,16/11/2018,N/A,N/A
GRUPO MÉXICO,3774431.4,MXN,OP-449375,31/07/2022,"November 10, 2024",833
ALSEA,7710599.03,EUR,OP-130745,"June 06, 2018",15-Jan-2019,223
BANORTE,8588470.03,EUR,OP-340527,2020-06-06,N/A,N/A
WALMART DE MÉXICO,4258456.36,MXN,OP-480701,06/01/2022,2023-06-26,390
liverpool,5209304.61,MXN,OP-655385,09-Jan-2024,N/A,N/A
bbva méxico,6933517.66,MXN,OP-241996,23-Dec-2020,N/A,N/A
GRUPO MÉXICO,1911210.89,USD,OP-111900,19/12/2019,N/A,N/A
femsa,7089325.75,MXN,OP-353700,2020-05-03,N/A,N/A
walmart de méxico,2616261.21,MXN,OP-886624,"November 28, 2016",21-Feb-2022,1911
walmart de méxico,871949.19,USD,OP-782391,12/12/2018,09/06/2024,2095
grupo lala,1808775.1,EUR,OP-472645,"April 12, 2019",N/A,N/A
banorte,5366577.15,EUR,OP-224920,"April 14, 2016","April 20, 2021",1832
LIVERPOOL,9930646.61,MXN,OP-812858,"October 14, 2019",N/A,N/A
liverpool,7645460.11,EUR,OP-740305,"August 11, 2025",N/A,N/A
banorte,5709374.82,EUR,OP-699128,"November 04, 2021",2024-11-29,1121
GRUPO MÉXICO,1069199.31,EUR,OP-792561,25-Apr-2021,N/A,N/A
telmex,2111966.46,EUR,OP-827490,2017-03-16,"May 30, 2020",1171
liverpool,7473606.61,USD,OP-663048,2016-08-20,N/A,N/A
CEMEX,7113404.62,MXN,OP-950655,2016-01-16,05-Dec-2017,689
PEMEX,1312322.76,USD,OP-286808,"June 12, 2018",N/A,N/A
walmart de méxico,3950021.2,USD,OP-404099,"May 20, 2021",N/A,N/A
femsa,2300588.0,EUR,OP-844964,2017-01-21,N/A,N/A
pemex,8197574.02,MXN,OP-189684,"July 12, 2025",N/A,N/A
LIVERPOOL,1665391.55,USD,OP-421956,21-Jun-2023,N/A,N/A
ALSEA,6880709.47,MXN,OP-419270,28-Dec-2015,10-Oct-2017,652
WALMART DE MÉXICO,4321325.88,EUR,OP-958077,15/12/2019,N/A,N/A
grupo bimbo,4619103.33,EUR,OP-568783,17-Apr-2025,N/A,N/A
BBVA MÉXICO,4084247.47,EUR,OP-647943,2019-05-31,N/A,N/A
PEMEX,5041076.92,MXN,OP-875687,10/06/2025,N/A,N/A
GRUPO CARSO,2069824.34,USD,OP-257897,"July 16, 2024",N/A,N/A
soriana,5622062.49,MXN,OP-187966,21/09/2019,28/10/2021,768
grupo bimbo,4672855.49,USD,OP-669527,12-Dec-2024,N/A,N/A
grupo bimbo,309540.02,USD,OP-344005,20/07/2019,"December 31, 2021",895
CEMEX,3347307.88,USD,OP-611488,18/09/2024,N/A,N/A
PEMEX,4018024.72,EUR,OP-265060,2019-08-05,21/08/2019,16
GRUPO LALA,6575402.05,MXN,OP-815398,30/09/2018,2019-07-23,296
pemex,8420713.46,USD,OP-378617,25/06/2025,N/A,N/A
cemex,1765557.45,USD,OP-329553,19/03/2017,N/A,N/A
grupo lala,251614.49,USD,OP-481004,"May 28, 2018",28-May-2021,1096
GRUPO CARSO,9809490.49,EUR,OP-357504,2016-11-01,N/A,N/A
grupo bimbo,1641936.81,MXN,OP-791366,2022-02-20,N/A,N/A
CEMEX,814918.64,MXN,OP-446623,"September 26, 2024",N/A,N/A
alsea,6224601.66,USD,OP-706028,2017-01-13,2019-01-08,725
walmart de méxico,2172334.43,USD,OP-895245,03-Aug-2022,N/A,N/A
LIVERPOOL,3791927.22,MXN,OP-410390,"June 07, 2017",2025-03-03,2826
WALMART DE MÉXICO,651310.39,EUR,OP-152561,24/09/2018,2025-07-30,2501
liverpool,1017475.72,USD,OP-118584,2024-09-09,"February 10, 2025",154
GRUPO LALA,7143764.79,MXN,OP-782750,"April 25, 2024",N/A,N/A
walmart de méxico,6684655.14,EUR,OP-501448,"March 17, 2020",15/04/2022,759
femsa,7194185.64,MXN,OP-761646,28/04/2021,"February 18, 2024",1026
WALMART DE MÉXICO,4606241.76,MXN,OP-404311,09/04/2016,"July 05, 2022",2130
walmart de méxico,9148816.42,USD,OP-971387,2017-08-05,04-Aug-2022,1825
GRUPO MÉXICO,6137145.22,MXN,OP-779914,13-Jan-2023,2024-11-18,675
grupo bimbo,620108.71,USD,OP-284256,21/07/2016,N/A,N/A
bbva méxico,775341.07,EUR,OP-502764,04-May-2019,N/A,N/A
pemex,3223801.5,USD,OP-405810,12/06/2023,N/A,N/A
femsa,4402462.46,USD,OP-821323,"February 28, 2022",2024-09-08,923
ALSEA,2784753.33,USD,OP-808932,23/04/2018,"April 22, 2021",1095
walmart de méxico,3219400.59,EUR,OP-197586,"February 24, 2024",N/A,N/A
GRUPO BIMBO,9053831.94,EUR,OP-112804,2019-07-20,N/A,N/A
FEMSA,8019681.11,USD,OP-623705,2024-05-18,N/A,N/A
SORIANA,6024741.15,EUR,OP-924496,2023-09-08,N/A,N/A
GRUPO MÉXICO,2874313.62,MXN,OP-611695,2023-10-22,N/A,N/A
liverpool,7578888.54,USD,OP-652393,"April 18, 2025",N/A,N/A
SORIANA,2921922.35,MXN,OP-258816,2024-09-24,N/A,N/A
BBVA MÉXICO,4041850.47,USD,OP-868005,"April 14, 2021",N/A,N/A
SORIANA,241862.64,EUR,OP-565646,2018-11-09,2025-04-20,2354
ALSEA,8260603.59,USD,OP-448418,23/09/2019,2019-12-16,84
GRUPO CARSO,1131399.7,MXN,OP-334018,31/07/2025,N/A,N/A
alsea,2414317.16,USD,OP-449643,20-Feb-2023,N/A,N/A
bbva méxico,2163449.98,MXN,OP-889584,22-Dec-2023,N/A,N/A
BBVA MÉXICO,268096.62,USD,OP-703522,18-Oct-2016,N/A,N/A
PEMEX,9446697.67,EUR,OP-708078,2018-07-30,2024-03-03,2043
grupo carso,747931.96,USD,OP-892495,"February 02, 2021",N/A,N/A
cemex,5293846.51,USD,OP-496103,05/08/2019,N/A,N/A
cemex,5614876.99,MXN,OP-881841,15-Oct-2018,N/A,N/A
grupo bimbo,5840595.65,EUR,OP-557650,27/08/2022,N/A,N/A
GRUPO LALA,2992008.43,EUR,OP-222404,"July 14, 2019",N/A,N/A
femsa,5610646.25,MXN,OP-974977,27-Mar-2021,N/A,N/A
telmex,1095148.49,USD,OP-731978,28/09/2017,2023-04-19,2029
pemex,4776880.8,MXN,OP-505818,2021-05-17,21-Oct-2024,1253
WALMART DE MÉXICO,4311852.07,MXN,OP-206894,"March 18, 2024",N/A,N/A
AMÉRICA MÓVIL,7115412.67,MXN,OP-544352,22-Apr-2024,N/A,N/A
GRUPO MÉXICO,2404083.72,EUR,OP-716307,"June 06, 2018",2022-06-17,1472
grupo bimbo,2715855.39,EUR,OP-988137,10-May-2025,N/A,N/A
SORIANA,9494199.48,MXN,OP-509040,18-Nov-2024,N/A,N/A
ALSEA,6918904.84,MXN,OP-607856,25-Feb-2022,22/10/2024,970
femsa,266540.38,EUR,OP-683374,20/06/2020,2024-07-29,1500
TELMEX,2076334.01,EUR,OP-112144,"August 29, 2021",N/A,N/A
TELMEX,5280443.23,MXN,OP-809954,2025-04-25,N/A,N/A
telmex,5160691.87,USD,OP-377570,08-Feb-2025,N/A,N/A
CEMEX,4916344.71,MXN,OP-851919,2025-01-27,N/A,N/A
FEMSA,9506536.94,MXN,OP-436749,2022-05-01,N/A,N/A
WALMART DE MÉXICO,6291745.85,MXN,OP-389782,2022-01-31,N/A,N/A
BANORTE,6188704.06,EUR,OP-146656,22-Aug-2016,"June 07, 2020",1385
soriana,8588666.08,MXN,OP-240153,"June 11, 2017",2024-02-12,2437
grupo carso,9762729.62,EUR,OP-664096,2021-05-24,2024-06-07,1110
GRUPO CARSO,7879885.55,EUR,OP-383463,22-Dec-2021,10/01/2023,648
GRUPO BIMBO,2649922.8,MXN,OP-729809,2025-05-15,N/A,N/A
TELMEX,3996467.41,USD,OP-285204,"June 14, 2023",N/A,N/A
alsea,5781136.95,MXN,OP-112487,31-Mar-2016,N/A,N/A
grupo méxico,8549045.21,EUR,OP-104629,07/01/2019,07-Sep-2022,1164
BANORTE,7099736.26,MXN,OP-187266,2022-07-23,N/A,N/A
grupo lala,7241766.87,MXN,OP-509259,"August 29, 2020",2023-07-02,1037
FEMSA,2482920.8,EUR,OP-827434,"February 05, 2020",22-Jun-2024,1599
liverpool,9638347.44,EUR,OP-315857,2021-10-13,28-Nov-2023,776
BBVA MÉXICO,4254771.78,EUR,OP-580655,"October 28, 2024",N/A,N/A
GRUPO LALA,2984447.98,USD,OP-657641,20/06/2019,N/A,N/A
ALSEA,2409609.78,EUR,OP-192743,"February 19, 2019",N/A,N/A
banorte,8929958.94,USD,OP-446270,2017-12-25,N/A,N/A
grupo bimbo,2044784.92,MXN,OP-134999,"March 24, 2024",N/A,N/A
alsea,7762831.98,EUR,OP-347815,2020-03-08,2021-09-24,565
femsa,6873939.0,USD,OP-480699,03-Sep-2022,N/A,N/A
grupo lala,1803807.27,MXN,OP-275409,14/12/2023,N/A,N/A
alsea,8929412.95,MXN,OP-896740,2023-09-24,N/A,N/A
alsea,381745.42,USD,OP-965773,25-Aug-2019,N/A,N/A
SORIANA,6438075.25,USD,OP-500465,06/06/2020,28/05/2023,1086
GRUPO CARSO,7358989.31,MXN,OP-798464,04/11/2019,2020-04-04,359
BANORTE,7243495.54,EUR,OP-750101,"January 29, 2017",N/A,N/A
GRUPO BIMBO,1267024.69,EUR,OP-170442,2021-01-07,N/A,N/A
GRUPO CARSO,1149907.73,MXN,OP-151967,"January 02, 2024",N/A,N/A
SORIANA,8714997.25,EUR,OP-211095,19/12/2017,"May 01, 2024",2325
BBVA MÉXICO,3680641.12,EUR,OP-764484,"July 30, 2020",30/01/2025,1645
grupo lala,2365403.22,USD,OP-842542,03/06/2021,N/A,N/A
ALSEA,9905495.2,USD,OP-182033,14-Jun-2023,N/A,N/A
TELMEX,2693955.72,USD,OP-807399,14-Oct-2023,N/A,N/A
walmart de méxico,3676113.99,EUR,OP-897158,18-Feb-2019,N/A,N/A
bbva méxico,4991714.48,MXN,OP-252382,13/09/2015,2017-10-17,765
CEMEX,5493225.04,EUR,OP-849799,"January 02, 2025",N/A,N/A
SORIANA,3192567.8,EUR,OP-794145,2022-10-16,2023-02-15,122
pemex,6162598.52,MXN,OP-583449,12-Oct-2016,N/A,N/A
ALSEA,571342.17,EUR,OP-777557,19/11/2017,"April 05, 2019",502
alsea,1034905.56,USD,OP-742488,02-Oct-2019,02-Jan-2023,1188
PEMEX,7150377.08,MXN,OP-729699,"March 07, 2024",N/A,N/A
cemex,8765506.83,MXN,OP-987458,"March 16, 2024",N/A,N/A
cemex,6162972.43,MXN,OP-876590,07/01/2025,N/A,N/A
liverpool,7671634.55,EUR,OP-141968,09-Nov-2020,N/A,N/A
WALMART DE MÉXICO,9561568.83,EUR,OP-808327,2015-11-12,N/A,N/A
grupo carso,2006175.11,EUR,OP-800788,"May 30, 2023",N/A,N/A
GRUPO BIMBO,228042.54,EUR,OP-799928,2020-03-18,N/A,N/A
GRUPO BIMBO,8642220.96,EUR,OP-163168,"May 02, 2020",N/A,N/A
soriana,7281074.83,USD,OP-641530,"March 13, 2016",20/11/2024,3174
walmart de méxico,1735257.27,EUR,OP-465646,04/10/2017,14-Mar-2019,703
femsa,8430734.35,EUR,OP-711536,2021-10-04,21/03/2022,168
américa móvil,4536706.11,MXN,OP-750381,2023-05-12,N/A,N/A
walmart de méxico,848739.73,MXN,OP-952043,21/09/2019,2022-11-27,1163
liverpool,7957556.51,USD,OP-605000,20/03/2019,19/11/2022,1340
CEMEX,8259127.82,EUR,OP-708998,2022-03-08,N/A,N/A
GRUPO LALA,7156485.59,USD,OP-871914,2019-05-18,13/03/2021,665
GRUPO MÉXICO,8478782.53,EUR,OP-682154,12/07/2019,N/A,N/A
GRUPO LALA,8447103.56,USD,OP-327080,25-Feb-2023,N/A,N/A
CEMEX,4092093.82,USD,OP-669649,"April 26, 2021",N/A,N/A
CEMEX,8049219.36,EUR,OP-807022,17/11/2021,2023-01-12,421
ALSEA,1769546.9,USD,OP-440733,23/09/2020,N/A,N/A
GRUPO CARSO,3036752.51,USD,OP-150628,03-May-2017,N/A,N/A
banorte,8099586.53,MXN,OP-256901,"December 13, 2020",N/A,N/A
GRUPO CARSO,8705048.42,MXN,OP-881613,30-Jun-2022,N/A,N/A
pemex,3948452.55,USD,OP-208866,17-Jul-2019,N/A,N/A
femsa,1059155.04,MXN,OP-347730,2025-05-09,N/A,N/A
banorte,8098624.14,USD,OP-439134,27/08/2019,05-May-2021,617
SORIANA,1948512.02,USD,OP-796817,2015-10-10,2019-11-24,1506
walmart de méxico,6797163.44,USD,OP-432330,16/03/2025,N/A,N/A
BBVA MÉXICO,4095609.04,USD,OP-541119,22/12/2019,"April 05, 2024",1566
FEMSA,140174.76,MXN,OP-927991,16/08/2025,N/A,N/A
bbva méxico,9434041.28,USD,OP-886967,"June 02, 2021",N/A,N/A
WALMART DE MÉXICO,8603216.61,USD,OP-589150,2020-05-13,2022-07-13,791
PEMEX,8403058.07,EUR,OP-304528,25/10/2015,N/A,N/A
LIVERPOOL,5990627.24,EUR,OP-108459,24-Mar-2019,"April 25, 2019",32
PEMEX,7349567.25,MXN,OP-162763,17-Feb-2020,"October 04, 2023",1325
BANORTE,3166946.23,USD,OP-492343,"December 22, 2015",29-Oct-2023,2868
américa móvil,9650170.04,USD,OP-650927,"April 26, 2019",2022-12-24,1338
grupo carso,335142.36,EUR,OP-960672,14-Jan-2024,N/A,N/A
BANORTE,3063074.29,MXN,OP-413018,"September 17, 2023","March 09, 2025",539
GRUPO BIMBO,1090018.67,USD,OP-665035,28/10/2015,2025-03-04,3415
walmart de méxico,7189268.18,EUR,OP-496511,"June 27, 2025",N/A,N/A
PEMEX,1336389.36,MXN,OP-120683,2017-07-19,"July 18, 2018",364
grupo méxico,8336330.33,EUR,OP-245443,15/11/2016,12/03/2021,1844
grupo carso,3562279.87,USD,OP-551937,"August 08, 2018",N/A,N/A
telmex,3142320.8,EUR,OP-201812,17-Jan-2017,10-Jan-2023,2184
grupo carso,1665879.17,MXN,OP-206968,"July 18, 2022",N/A,N/A
TELMEX,307829.7,USD,OP-439979,2019-12-05,N/A,N/A
américa móvil,4599584.08,EUR,OP-337878,09-Jul-2020,N/A,N/A
GRUPO LALA,9609591.96,USD,OP-257296,"September 11, 2015","July 30, 2018",1053
alsea,6580178.25,MXN,OP-375991,02/01/2016,13/04/2019,1167
grupo bimbo,8111850.04,EUR,OP-545394,22-May-2017,N/A,N/A
BANORTE,197059.57,USD,OP-627586,"July 05, 2016",05-Sep-2020,1523
BANORTE,3035050.76,MXN,OP-781795,01/10/2024,N/A,N/A
banorte,1163221.88,EUR,OP-885735,26-Aug-2017,N/A,N/A
LIVERPOOL,4913553.6,MXN,OP-597267,2019-04-29,"June 08, 2020",406
grupo carso,7831684.45,USD,OP-396490,"November 02, 2015",12/06/2021,2226
WALMART DE MÉXICO,7427912.43,EUR,OP-992784,10/08/2016,10-Jun-2018,610
GRUPO CARSO,3977128.28,USD,OP-496962,15/06/2016,01/01/2021,1661
GRUPO MÉXICO,2145012.23,MXN,OP-927999,29-May-2022,N/A,N/A
GRUPO BIMBO,6089023.06,USD,OP-176515,"August 27, 2016",2021-04-09,1686
LIVERPOOL,9372063.03,EUR,OP-854476,28/01/2025,23-Aug-2025,207
grupo carso,7922481.82,USD,OP-568329,2018-11-04,02/06/2022,1190
ALSEA,5728081.58,USD,OP-658856,31/05/2023,N/A,N/A
walmart de méxico,6058609.07,USD,OP-672840,27-Mar-2018,19-Aug-2025,2702
femsa,6132959.97,MXN,OP-168347,2021-05-29,2022-11-07,527
AMÉRICA MÓVIL,7038107.8,EUR,OP-975690,"May 15, 2017",N/A,N/A
alsea,7023382.44,EUR,OP-493238,22-Jul-2022,N/A,N/A
pemex,1480284.15,MXN,OP-304947,"January 18, 2024",N/A,N/A
cemex,2776068.78,EUR,OP-673530,13-Jun-2017,N/A,N/A
walmart de méxico,9498595.3,EUR,OP-912786,21/12/2021,02-Oct-2023,650
WALMART DE MÉXICO,8144467.0,MXN,OP-345206,03/02/2025,N/A,N/A
telmex,1876356.66,MXN,OP-131818,26-Mar-2024,N/A,N/A
pemex,7005369.98,EUR,OP-233758,2020-12-13,N/A,N/A
SORIANA,3681996.66,MXN,OP-963699,24/02/2018,N/A,N/A
FEMSA,9262462.21,MXN,OP-873416,"January 06, 2017",2024-11-05,2860
américa móvil,758523.37,MXN,OP-681260,25/03/2025,N/A,N/A
GRUPO BIMBO,6328070.89,USD,OP-881749,02-Aug-2021,N/A,N/A
liverpool,5089631.63,EUR,OP-201775,19/11/2021,N/A,N/A
américa móvil,5383612.56,MXN,OP-602356,"February 18, 2019",N/A,N/A
bbva méxico,3396386.01,MXN,OP-443965,17-Mar-2019,N/A,N/A
liverpool,3031750.37,USD,OP-612490,27-Jul-2022,N/A,N/A
PEMEX,8994738.26,MXN,OP-243591,"August 02, 2025",N/A,N/A
PEMEX,5566050.7,MXN,OP-755878,23/09/2018,"July 27, 2024",2134
GRUPO CARSO,6401142.44,EUR,OP-671896,10-Jul-2017,28/07/2024,2575
soriana,7765820.06,USD,OP-749808,11/11/2019,"June 22, 2025",2050
PEMEX,3424183.01,MXN,OP-381007,03/02/2016,N/A,N/A
américa móvil,5981910.43,USD,OP-549921,14/10/2022,N/A,N/A
telmex,3210052.61,MXN,OP-138951,2015-09-25,22/05/2016,240
PEMEX,9865910.92,USD,OP-639094,2024-06-03,N/A,N/A
GRUPO CARSO,6572994.73,EUR,OP-354031,"April 23, 2019",N/A,N/A
femsa,9437781.37,EUR,OP-339444,2022-11-24,2025-06-16,935
ALSEA,9685626.12,USD,OP-192975,"August 25, 2025",N/A,N/A
WALMART DE MÉXICO,3612981.1,MXN,OP-453111,"April 03, 2016","February 22, 2021",1786
grupo carso,7491832.38,MXN,OP-115945,22-Oct-2015,N/A,N/A
pemex,164035.19,EUR,OP-158451,04/09/2019,19/09/2024,1990
cemex,8881998.15,MXN,OP-863636,2016-01-09,26/12/2024,3274
soriana,8137013.9,EUR,OP-112495,09/04/2016,"July 27, 2019",1056
GRUPO LALA,4219065.6,EUR,OP-298285,20/03/2018,"November 02, 2020",958
liverpool,4948761.69,USD,OP-398143,"September 27, 2016","May 11, 2019",956
banorte,9142524.96,USD,OP-888233,30/08/2022,N/A,N/A
GRUPO MÉXICO,5724279.93,USD,OP-187771,30-Dec-2023,N/A,N/A
walmart de méxico,4471564.29,USD,OP-159471,2018-01-07,N/A,N/A
grupo carso,6927526.01,MXN,OP-715423,2023-02-15,N/A,N/A
grupo bimbo,4687022.21,USD,OP-995420,15/05/2018,"December 27, 2022",1687
CEMEX,7665539.52,MXN,OP-401183,01/04/2020,"April 15, 2023",1197
BBVA MÉXICO,8891191.6,USD,OP-405164,"October 04, 2017",2018-08-18,318
pemex,4397570.55,EUR,OP-257239,"February 17, 2021",18-May-2025,1551
grupo lala,6074651.38,MXN,OP-489903,2015-11-22,16-Aug-2024,3190
femsa,9108227.46,USD,OP-765764,01/07/2017,2023-06-05,2340
GRUPO LALA,8195275.56,EUR,OP-993094,2018-11-10,N/A,N/A
soriana,3898186.77,MXN,OP-213954,"June 05, 2018",13-Jan-2025,2414
grupo méxico,3460101.25,USD,OP-416290,2021-03-20,N/A,N/A
soriana,6600800.61,USD,OP-626410,20/01/2022,"November 06, 2024",1021
grupo carso,8240245.64,USD,OP-618787,24/12/2015,"November 12, 2023",2880
GRUPO CARSO,9263773.4,USD,OP-786159,17-May-2024,N/A,N/A
GRUPO CARSO,4320135.82,USD,OP-266040,2017-07-05,N/A,N/A
PEMEX,5687137.92,MXN,OP-891041,"September 21, 2015","August 08, 2023",2878
TELMEX,6870457.29,USD,OP-566957,"May 22, 2016",04-May-2024,2904
alsea,1358652.01,USD,OP-603753,31/05/2018,13/08/2020,805
alsea,9700730.78,EUR,OP-323082,"July 02, 2021",16-Oct-2021,106
pemex,5344901.46,USD,OP-414398,22-Apr-2017,"December 31, 2023",2444
bbva méxico,4622296.82,USD,OP-325599,15-Aug-2021,N/A,N/A
FEMSA,8081721.29,EUR,OP-592172,"December 26, 2015",N/A,N/A
pemex,3495965.78,USD,OP-958108,14/04/2025,N/A,N/A
walmart de méxico,257575.21,MXN,OP-782928,"August 02, 2022",N/A,N/A
soriana,6542814.91,USD,OP-314692,"December 16, 2023",N/A,N/A
TELMEX,6010911.68,USD,OP-624500,28-Nov-2019,N/A,N/A
TELMEX,6252407.48,EUR,OP-928291,27/03/2016,"May 18, 2025",3339
grupo méxico,6199301.04,USD,OP-928036,20-Jan-2023,2025-08-22,945
walmart de méxico,9859184.29,EUR,OP-575693,03-Feb-2025,N/A,N/A
GRUPO BIMBO,585781.9,MXN,OP-260447,08/03/2020,N/A,N/A
soriana,4093811.73,EUR,OP-321962,2022-08-24,N/A,N/A
GRUPO BIMBO,8486069.87,MXN,OP-998421,15/04/2022,N/A,N/A
CEMEX,6820942.25,USD,OP-265475,"February 15, 2018",2024-02-29,2205
grupo méxico,6134478.17,MXN,OP-111327,15/11/2017,N/A,N/A
GRUPO BIMBO,7616459.96,MXN,OP-470433,30/03/2017,2017-06-18,80
BANORTE,4706782.41,USD,OP-417822,16/07/2018,17/01/2025,2377
liverpool,7922546.74,USD,OP-755045,18-Jan-2022,N/A,N/A
BANORTE,8893717.16,MXN,OP-117064,2016-04-20,N/A,N/A
WALMART DE MÉXICO,3653257.0,MXN,OP-208660,05-Feb-2024,N/A,N/A
telmex,6058901.32,USD,OP-795325,03-Sep-2016,2018-07-28,693
walmart de méxico,6953124.87,EUR,OP-672780,2017-12-10,N/A,N/A
LIVERPOOL,9052620.74,EUR,OP-302421,28/01/2020,N/A,N/A
CEMEX,5985166.36,MXN,OP-873969,19-Jan-2022,N/A,N/A
grupo lala,5058770.0,MXN,OP-291748,14/06/2019,2024-07-16,1859
soriana,3969342.85,MXN,OP-194920,"July 01, 2023",N/A,N/A
cemex,9420798.15,MXN,OP-997112,"July 22, 2021",N/A,N/A
GRUPO LALA,1992381.15,EUR,OP-741968,29/03/2021,2025-01-10,1383
telmex,5789431.82,EUR,OP-888482,27-Aug-2016,"July 27, 2021",1795
telmex,1348355.14,EUR,OP-233212,14/08/2024,N/A,N/A
liverpool,9887804.07,MXN,OP-499662,11/06/2017,31/10/2022,1820
WALMART DE MÉXICO,1932271.57,USD,OP-207898,2024-08-28,N/A,N/A
SORIANA,1981639.26,EUR,OP-885583,"September 18, 2016",N/A,N/A
FEMSA,8036295.47,EUR,OP-510698,2023-06-24,N/A,N/A
grupo carso,7441789.31,EUR,OP-986156,16-Mar-2017,N/A,N/A
SORIANA,2391177.05,MXN,OP-847851,30-Mar-2021,N/A,N/A
walmart de méxico,1529064.97,EUR,OP-278941,2019-07-05,17-Apr-2020,287
GRUPO BIMBO,1856085.27,EUR,OP-314024,2017-11-07,N/A,N/A
alsea,4472548.27,EUR,OP-983580,"January 15, 2022",23-Jun-2025,1255
bbva méxico,1037561.07,USD,OP-899741,"January 25, 2025",N/A,N/A
grupo bimbo,2064005.05,MXN,OP-866076,03-Oct-2016,N/A,N/A
banorte,7354748.75,USD,OP-451963,24/03/2020,N/A,N/A
pemex,721132.54,USD,OP-157654,"February 03, 2019",01/11/2022,1073
GRUPO BIMBO,2883270.19,USD,OP-662458,07-Jun-2025,N/A,N/A
ALSEA,1851263.93,MXN,OP-969159,13/08/2022,N/A,N/A
FEMSA,2187444.85,EUR,OP-666001,17-Jan-2017,2017-07-10,174
ALSEA,2562267.26,EUR,OP-186005,"April 20, 2020",2024-10-31,1655
AMÉRICA MÓVIL,8538745.72,EUR,OP-997049,01/11/2019,01/01/2023,1451
américa móvil,9941741.76,USD,OP-971214,15/06/2024,N/A,N/A
grupo carso,6427800.62,EUR,OP-882818,2020-02-29,N/A,N/A
pemex,7664742.74,MXN,OP-958035,06/06/2019,28-Jun-2020,388
ALSEA,9040611.72,EUR,OP-740049,2017-04-29,N/A,N/A
TELMEX,6928584.62,MXN,OP-679873,"September 18, 2017",17/11/2018,425
CEMEX,5951280.3,USD,OP-404715,"October 16, 2017",2020-09-24,1074
AMÉRICA MÓVIL,6113822.2,MXN,OP-899798,"May 06, 2025",N/A,N/A
femsa,1509989.46,USD,OP-183857,18-Oct-2021,18/04/2022,182
grupo méxico,106776.67,MXN,OP-277639,"November 13, 2019",N/A,N/A
grupo carso,4853696.8,MXN,OP-497021,2025-06-23,N/A,N/A
CEMEX,3104053.91,EUR,OP-413516,"February 27, 2023",N/A,N/A
LIVERPOOL,6255744.31,USD,OP-574887,2024-04-11,N/A,N/A
bbva méxico,2410197.93,EUR,OP-682331,10/02/2017,N/A,N/A
BBVA MÉXICO,4769614.55,EUR,OP-707429,2024-08-26,N/A,N/A
CEMEX,5498807.61,USD,OP-250963,2024-06-20,N/A,N/A
grupo lala,7391739.31,USD,OP-467926,2019-08-27,N/A,N/A
alsea,8161703.45,USD,OP-804731,"October 07, 2018",N/A,N/A
bbva méxico,9266113.1,EUR,OP-154591,28/09/2015,27/09/2017,730
liverpool,6114577.67,USD,OP-539345,2020-01-10,N/A,N/A
grupo carso,9475019.33,MXN,OP-329083,13/07/2020,"January 26, 2024",1292
LIVERPOOL,7051302.26,EUR,OP-115266,"November 30, 2019","June 16, 2020",199
LIVERPOOL,7565084.9,USD,OP-651505,11/03/2021,2024-07-13,983
GRUPO BIMBO,8322662.94,MXN,OP-870047,"March 22, 2017",22-Feb-2024,2528
WALMART DE MÉXICO,1253495.27,USD,OP-557545,21/05/2022,2023-08-21,457
cemex,3767040.97,MXN,OP-869352,12-May-2016,31-Jul-2018,810
walmart de méxico,6693826.65,MXN,OP-584141,2025-02-01,N/A,N/A
grupo méxico,7533054.29,EUR,OP-294872,04-Jan-2022,N/A,N/A
WALMART DE MÉXICO,5473305.19,MXN,OP-202942,"May 01, 2024",N/A,N/A
SORIANA,6916246.14,EUR,OP-490701,31/03/2016,18-Oct-2023,2757
soriana,7548326.42,MXN,OP-585539,"July 29, 2020",N/A,N/A
grupo lala,7635820.34,USD,OP-545135,"November 09, 2015",14-Nov-2021,2197
AMÉRICA MÓVIL,3524649.38,EUR,OP-324251,23-Aug-2017,2019-06-19,665
CEMEX,4400065.76,EUR,OP-521019,2020-12-17,N/A,N/A
CEMEX,1887902.44,USD,OP-346982,07-May-2025,N/A,N/A
américa móvil,7435520.21,EUR,OP-666734,23/08/2021,N/A,N/A
banorte,8360407.48,USD,OP-738663,"March 06, 2016","April 14, 2017",404
BANORTE,5059225.4,EUR,OP-218762,"December 07, 2018","December 29, 2018",22
bbva méxico,7910902.71,EUR,OP-769034,21/05/2023,12-Apr-2025,692
BBVA MÉXICO,9987067.45,EUR,OP-433267,"December 12, 2016",30-Jun-2022,2026
LIVERPOOL,6861136.19,MXN,OP-957666,"September 17, 2023",N/A,N/A
grupo carso,6691058.8,EUR,OP-965521,17/11/2017,20/06/2021,1311
GRUPO BIMBO,9184985.27,EUR,OP-385176,2019-12-16,2020-02-07,53
TELMEX,7590962.64,EUR,OP-742086,28/01/2022,N/A,N/A
alsea,448971.42,MXN,OP-217798,17/06/2018,2020-02-08,601
BANORTE,3478750.79,USD,OP-818256,15/06/2019,06/09/2020,360
GRUPO BIMBO,9073085.43,USD,OP-961882,2020-05-23,N/A,N/A
TELMEX,5348589.92,EUR,OP-238816,11/05/2023,N/A,N/A
WALMART DE MÉXICO,5749599.6,EUR,OP-708403,"December 06, 2022",N/A,N/A
américa móvil,1111934.93,MXN,OP-685988,04/01/2017,26-Dec-2019,999
pemex,3291029.96,MXN,OP-208406,"December 04, 2018",N/A,N/A
WALMART DE MÉXICO,7931790.43,USD,OP-567233,"June 16, 2023",N/A,N/A
grupo lala,9717874.87,MXN,OP-546473,13/12/2016,17-Sep-2024,2835
grupo carso,7719271.81,EUR,OP-919623,2017-09-25,"August 02, 2022",1772
GRUPO CARSO,6818012.31,USD,OP-890903,23/03/2016,N/A,N/A
pemex,3501639.71,USD,OP-317463,23-Sep-2017,2019-05-18,602
PEMEX,2383231.75,EUR,OP-450791,14-Aug-2017,N/A,N/A
GRUPO MÉXICO,2212026.46,EUR,OP-289075,2020-02-06,N/A,N/A
alsea,5117253.16,EUR,OP-878555,06/05/2020,N/A,N/A
LIVERPOOL,5510342.93,EUR,OP-578363,2016-09-04,22/01/2025,3062
walmart de méxico,8224582.61,EUR,OP-959931,2025-02-21,N/A,N/A
GRUPO MÉXICO,2008878.99,EUR,OP-369579,"March 21, 2023",N/A,N/A
GRUPO MÉXICO,9012294.73,USD,OP-948640,2019-11-05,12/01/2020,392
walmart de méxico,5647797.3,MXN,OP-485343,27/05/2017,2024-05-07,2537
FEMSA,7227134.54,MXN,OP-232865,08/05/2019,N/A,N/A
pemex,3413696.19,USD,OP-512974,16-Apr-2024,N/A,N/A
PEMEX,1678739.45,MXN,OP-230278,07-May-2016,N/A,N/A
grupo méxico,6218484.11,USD,OP-385199,2021-08-15,N/A,N/A
ALSEA,3765620.97,USD,OP-408352,01/07/2017,2019-03-13,795
WALMART DE MÉXICO,6591321.39,MXN,OP-264290,22-Aug-2025,N/A,N/A
telmex,3372813.99,MXN,OP-245082,2024-11-14,N/A,N/A
BANORTE,2726084.54,EUR,OP-379921,13/02/2024,N/A,N/A
LIVERPOOL,3726303.69,EUR,OP-167025,2017-05-11,14/09/2023,2317
banorte,3603121.45,EUR,OP-720887,"January 18, 2021",N/A,N/A
soriana,3500484.78,USD,OP-410575,09/07/2017,N/A,N/A
FEMSA,4165190.06,USD,OP-124812,2018-10-14,05-Jul-2019,264
pemex,5004730.9,MXN,OP-345726,2016-03-01,"May 20, 2023",2636
grupo lala,8564321.78,MXN,OP-740266,03/09/2021,21/03/2024,1108
TELMEX,4618989.24,USD,OP-286251,2025-03-28,N/A,N/A
telmex,8219459.41,MXN,OP-941902,"September 20, 2018",17/08/2025,2523
grupo carso,1598677.0,MXN,OP-472481,04-Sep-2017,"August 29, 2019",724
GRUPO LALA,7295243.06,MXN,OP-723850,2017-07-31,N/A,N/A
BANORTE,5938811.12,MXN,OP-564539,2024-05-12,N/A,N/A
liverpool,728341.12,USD,OP-345326,15-Dec-2016,"May 28, 2025",3086
CEMEX,6158097.79,MXN,OP-815440,13/01/2021,N/A,N/A
américa móvil,7353497.0,MXN,OP-762976,08/02/2016,N/A,N/A
GRUPO CARSO,834154.75,MXN,OP-415418,05-Sep-2020,N/A,N/A
GRUPO LALA,763211.02,USD,OP-777290,25-Mar-2020,2022-08-05,863
américa móvil,1638860.74,EUR,OP-996345,21-Aug-2025,N/A,N/A
GRUPO MÉXICO,5921381.94,EUR,OP-116291,24-Nov-2024,N/A,N/A
SORIANA,667775.69,MXN,OP-426300,10/08/2025,N/A,N/A
GRUPO LALA,176815.54,USD,OP-114921,12/03/2022,23/11/2023,355
BANORTE,3813712.69,USD,OP-361944,"June 07, 2019",N/A,N/A
grupo carso,607860.88,USD,OP-356023,04/12/2022,N/A,N/A
alsea,2619697.77,MXN,OP-511977,09/06/2019,N/A,N/A
alsea,1149486.83,MXN,OP-314715,2024-05-11,N/A,N/A
BBVA MÉXICO,8156377.34,EUR,OP-148892,2019-07-15,N/A,N/A
alsea,2269654.69,MXN,OP-170750,2019-09-04,N/A,N/A
banorte,5831725.11,MXN,OP-275568,12/01/2017,2022-05-17,1628
FEMSA,5332641.91,EUR,OP-550021,24-Jul-2024,N/A,N/A
américa móvil,3468816.03,MXN,OP-227968,05/03/2023,N/A,N/A
grupo méxico,7337864.59,USD,OP-822370,2019-01-16,18-Aug-2020,580
cemex,8257589.43,EUR,OP-448941,"October 15, 2015",31-Mar-2017,533
américa móvil,9380801.15,USD,OP-763081,04/09/2023,N/A,N/A
liverpool,9438122.53,MXN,OP-814994,18-Sep-2017,N/A,N/A
GRUPO CARSO,504843.88,EUR,OP-262196,15-Sep-2019,N/A,N/A
BBVA MÉXICO,3012802.73,EUR,OP-305355,21-Feb-2022,N/A,N/A
FEMSA,2168319.57,USD,OP-686439,"January 02, 2023",N/A,N/A
walmart de méxico,5799672.09,USD,OP-893414,2022-01-08,N/A,N/A
cemex,8716066.57,USD,OP-182564,"July 31, 2023",N/A,N/A
pemex,9007639.33,EUR,OP-870221,"March 26, 2021",N/A,N/A
SORIANA,9132739.07,MXN,OP-420402,2018-01-15,"June 03, 2018",139
cemex,6823135.31,EUR,OP-872812,17/05/2018,24/10/2019,525
banorte,2137473.09,USD,OP-912299,03-Sep-2017,N/A,N/A
cemex,6615965.86,USD,OP-744697,06/01/2020,"September 18, 2023",1204
AMÉRICA MÓVIL,5549369.66,EUR,OP-264860,28-Jun-2020,"December 11, 2021",531
grupo carso,2394949.64,MXN,OP-632314,28-Sep-2024,N/A,N/A
SORIANA,9293782.35,USD,OP-872282,"September 22, 2019",09/02/2024,1807
TELMEX,2348447.95,USD,OP-533534,22-Jan-2016,N/A,N/A
BBVA MÉXICO,2473272.42,EUR,OP-619714,2023-06-12,N/A,N/A
FEMSA,6608367.42,USD,OP-394743,20/02/2017,N/A,N/A
grupo bimbo,5385606.63,USD,OP-724690,2025-06-16,N/A,N/A
BANORTE,4008917.78,MXN,OP-781469,"August 03, 2016",N/A,N/A
grupo méxico,4843262.74,USD,OP-813228,13-Jan-2025,N/A,N/A
AMÉRICA MÓVIL,3912619.06,USD,OP-229372,12/10/2015,N/A,N/A
américa móvil,5009441.57,MXN,OP-905106,23-Aug-2023,N/A,N/A
femsa,2964924.41,MXN,OP-638823,2017-01-26,N/A,N/A
LIVERPOOL,3369577.11,USD,OP-315624,08-Dec-2020,N/A,N/A
FEMSA,1568346.59,MXN,OP-861778,2025-05-31,N/A,N/A
cemex,2258718.74,USD,OP-122377,10/01/2019,N/A,N/A
GRUPO MÉXICO,5627235.89,MXN,OP-808609,"October 15, 2019",N/A,N/A
américa móvil,9041948.25,MXN,OP-944740,"August 14, 2023",N/A,N/A
TELMEX,4984816.92,MXN,OP-849656,16-Jul-2017,08/07/2022,1848
BANORTE,7350036.4,EUR,OP-220857,29-Apr-2019,N/A,N/A
soriana,4689210.26,EUR,OP-757134,12/10/2015,28/01/2016,49
bbva méxico,160564.92,USD,OP-332091,2023-12-30,N/A,N/A
bbva méxico,8972008.99,EUR,OP-753372,20-Jan-2017,11-Feb-2025,2944
GRUPO CARSO,2972011.73,USD,OP-702610,22/02/2025,N/A,N/A
banorte,4886532.75,USD,OP-544122,2021-11-24,N/A,N/A
LIVERPOOL,8957621.14,USD,OP-711892,"October 31, 2021",N/A,N/A
grupo méxico,8266869.43,EUR,OP-759699,30-Jan-2018,N/A,N/A
CEMEX,965013.76,EUR,OP-379935,24-Mar-2025,N/A,N/A
américa móvil,1232047.01,EUR,OP-783832,"November 04, 2016",N/A,N/A
grupo carso,2548995.65,MXN,OP-772483,14-Apr-2016,N/A,N/A
TELMEX,8036639.65,EUR,OP-652084,25-Oct-2017,2022-02-22,1581
pemex,8047777.38,USD,OP-347238,20/07/2024,N/A,N/A
LIVERPOOL,1983649.12,USD,OP-413372,2018-04-04,N/A,N/A
soriana,5541062.05,MXN,OP-217188,"April 09, 2025",09-May-2025,30
telmex,2310441.0,EUR,OP-975461,2025-01-09,N/A,N/A
GRUPO MÉXICO,440467.97,EUR,OP-451542,18-Nov-2016,N/A,N/A
grupo bimbo,7722360.46,EUR,OP-771284,21-Nov-2019,N/A,N/A
telmex,4518496.55,USD,OP-416339,"September 18, 2017",N/A,N/A
GRUPO BIMBO,2187588.92,USD,OP-435424,2023-07-01,N/A,N/A
ALSEA,8738541.23,EUR,OP-254908,2016-02-07,2017-03-05,392
GRUPO MÉXICO,9764764.64,USD,OP-890387,2017-11-19,02-Jul-2021,1321
grupo méxico,3220971.04,EUR,OP-763517,2021-08-18,N/A,N/A
grupo méxico,5061435.58,EUR,OP-310775,"March 04, 2025",N/A,N/A
walmart de méxico,3429555.01,USD,OP-602471,"October 13, 2015",N/A,N/A
LIVERPOOL,7509158.06,USD,OP-409775,2021-04-06,N/A,N/A
SORIANA,9813835.27,MXN,OP-467310,07/12/2017,19-Jun-2025,2899
BANORTE,2561857.62,USD,OP-697435,2016-11-12,"February 05, 2019",815
banorte,8917036.93,EUR,OP-812043,"May 25, 2019",2021-03-03,648
AMÉRICA MÓVIL,1661303.98,MXN,OP-522505,08/10/2018,N/A,N/A
banorte,236123.41,MXN,OP-594110,30-Apr-2024,N/A,N/A
GRUPO BIMBO,9654241.37,USD,OP-225797,2017-03-27,31-Dec-2022,2105
grupo méxico,929873.29,MXN,OP-488928,2021-12-16,N/A,N/A
grupo lala,4728592.19,EUR,OP-402423,2022-12-27,"November 17, 2024",691
GRUPO BIMBO,3755559.69,USD,OP-398980,02/09/2017,21/07/2024,2719
PEMEX,2087667.26,MXN,OP-628295,"September 23, 2020",N/A,N/A
TELMEX,6319661.92,MXN,OP-262718,13/05/2017,22-May-2017,9
AMÉRICA MÓVIL,1884107.92,EUR,OP-949749,"October 16, 2019","October 22, 2022",1102
femsa,2797049.88,MXN,OP-345407,2017-03-10,05-Dec-2021,1731
SORIANA,8131744.49,EUR,OP-189471,2021-09-19,08/10/2024,1056
soriana,1882840.01,MXN,OP-154912,2020-07-26,12/06/2022,863
cemex,2603757.62,USD,OP-188147,"June 29, 2018",N/A,N/A
GRUPO MÉXICO,5280073.24,USD,OP-213440,18/04/2025,N/A,N/A
AMÉRICA MÓVIL,1441709.91,EUR,OP-907548,30-Apr-2023,N/A,N/A
ALSEA,501807.31,EUR,OP-549121,12-Oct-2022,N/A,N/A
GRUPO MÉXICO,4231199.61,USD,OP-281673,03-Aug-2017,"March 19, 2023",2054
ALSEA,7840978.68,EUR,OP-720264,07/05/2025,N/A,N/A
GRUPO MÉXICO,1349191.88,EUR,OP-441578,10/08/2020,22/07/2024,1383
FEMSA,6181892.21,EUR,OP-273235,11/12/2015,31/12/2023,2971
banorte,6236941.02,USD,OP-890176,2017-06-05,N/A,N/A
CEMEX,3058355.71,EUR,OP-450096,2025-04-04,N/A,N/A
GRUPO LALA,5580821.22,MXN,OP-108568,"April 18, 2022",2025-05-23,1131
FEMSA,4680119.45,MXN,OP-392547,"September 26, 2021",N/A,N/A
soriana,9164635.86,EUR,OP-913122,17-Jul-2016,N/A,N/A
femsa,9020349.28,MXN,OP-391634,15-Apr-2024,N/A,N/A
grupo bimbo,729617.38,EUR,OP-800378,"February 07, 2022",N/A,N/A
WALMART DE MÉXICO,8353055.18,MXN,OP-641881,30/01/2021,N/A,N/A
SORIANA,1535764.73,MXN,OP-534708,22-Dec-2020,"May 24, 2023",883
ALSEA,2613001.31,EUR,OP-615717,"April 12, 2020",N/A,N/A
grupo lala,4057315.87,EUR,OP-776851,24/01/2022,N/A,N/A
walmart de méxico,2950804.97,USD,OP-381657,21-Apr-2020,N/A,N/A
cemex,9526080.44,USD,OP-981861,2019-04-29,2022-06-05,1133
pemex,539536.12,EUR,OP-853638,09-Mar-2022,N/A,N/A
grupo lala,3276885.02,USD,OP-588870,11-Aug-2022,N/A,N/A
femsa,5688490.94,EUR,OP-873347,02-Apr-2021,N/A,N/A
grupo méxico,9979186.74,MXN,OP-898030,2019-07-29,"July 14, 2022",1081
BANORTE,6677789.99,MXN,OP-561808,"November 09, 2016",N/A,N/A
WALMART DE MÉXICO,861705.89,USD,OP-484238,12/08/2022,10/12/2023,308
GRUPO CARSO,1578957.48,MXN,OP-415386,2017-03-17,18/05/2019,792
GRUPO BIMBO,8058331.13,EUR,OP-576740,2024-07-25,N/A,N/A
grupo carso,4847850.27,MXN,OP-553626,"October 06, 2015",2018-10-10,1100
telmex,7570979.81,EUR,OP-791514,"June 01, 2018",N/A,N/A
GRUPO CARSO,6311486.44,MXN,OP-912557,08-Oct-2021,N/A,N/A
TELMEX,9798731.36,USD,OP-635258,21/07/2019,2020-07-17,362
alsea,3466428.17,MXN,OP-903117,2020-09-12,2022-06-27,653
LIVERPOOL,1431474.16,MXN,OP-724403,27-Jul-2020,31/01/2021,188
liverpool,8342083.83,EUR,OP-532463,"January 06, 2024",2025-06-01,512
CEMEX,2759203.2,EUR,OP-243910,2020-03-10,09-Oct-2021,578
AMÉRICA MÓVIL,7148320.4,EUR,OP-597085,09/11/2018,2023-03-06,1637
PEMEX,5775977.7,USD,OP-409428,29-Jun-2021,N/A,N/A
liverpool,111391.92,MXN,OP-877451,20/08/2017,23/10/2018,429
GRUPO LALA,4677444.72,USD,OP-850703,2022-03-26,N/A,N/A
banorte,1459029.28,USD,OP-937251,"December 01, 2024",N/A,N/A
femsa,1010036.08,EUR,OP-929177,2019-08-12,"March 11, 2023",1307
bbva méxico,6358182.39,MXN,OP-745369,10/10/2021,N/A,N/A
américa móvil,5579852.27,EUR,OP-530772,"June 23, 2025",N/A,N/A
pemex,370799.44,USD,OP-415194,07/10/2022,N/A,N/A
grupo bimbo,5966219.41,USD,OP-951774,2017-06-17,"April 09, 2021",1392
BANORTE,8707792.43,USD,OP-300894,2020-01-16,"August 13, 2023",1305
WALMART DE MÉXICO,902117.91,EUR,OP-510586,"November 22, 2023",N/A,N/A
PEMEX,3225599.11,EUR,OP-137249,21-Jul-2021,N/A,N/A
bbva méxico,7446499.85,MXN,OP-103529,22/09/2023,N/A,N/A
GRUPO CARSO,8549892.82,USD,OP-282850,2022-08-25,2022-12-05,102
BANORTE,4516493.27,USD,OP-594088,02-Aug-2023,N/A,N/A
GRUPO MÉXICO,1681962.78,USD,OP-921121,21/05/2017,"May 01, 2021",1441
CEMEX,1436852.92,MXN,OP-605241,"January 12, 2024",23-Jul-2024,193
bbva méxico,9910109.68,MXN,OP-768698,25-Jan-2023,N/A,N/A
PEMEX,971892.63,MXN,OP-363391,"August 08, 2023",15/05/2025,646
AMÉRICA MÓVIL,5369344.87,EUR,OP-403951,21/08/2022,N/A,N/A
BBVA MÉXICO,5163315.7,USD,OP-287789,"February 11, 2020",N/A,N/A
ALSEA,1167576.84,EUR,OP-295672,15-Aug-2019,2021-08-31,747
AMÉRICA MÓVIL,3500326.94,MXN,OP-917699,"November 07, 2017",01-May-2022,1636
grupo bimbo,4476674.95,USD,OP-137634,10/12/2021,23-May-2024,954
bbva méxico,3733770.06,USD,OP-376157,"December 22, 2022",N/A,N/A
GRUPO BIMBO,5094349.74,USD,OP-358176,2023-04-06,N/A,N/A
soriana,3930051.0,EUR,OP-141966,"May 16, 2017",10-Jan-2021,1335
grupo méxico,7618127.95,USD,OP-704344,2018-05-15,"February 24, 2022",1381
CEMEX,6879407.38,EUR,OP-287797,2021-07-10,N/A,N/A
banorte,4360050.8,MXN,OP-263530,"August 18, 2024",N/A,N/A
PEMEX,8828789.0,MXN,OP-907248,30/08/2021,N/A,N/A
PEMEX,146586.75,USD,OP-242470,"September 08, 2015",26-Jun-2022,2483
grupo méxico,3901396.1,MXN,OP-758210,12-Aug-2025,N/A,N/A
pemex,2178958.46,MXN,OP-103329,2025-07-06,N/A,N/A
GRUPO CARSO,1499720.51,MXN,OP-852046,2015-12-17,"May 08, 2018",873
grupo lala,4404996.95,EUR,OP-958029,2021-05-10,2023-11-21,925
soriana,1514662.3,EUR,OP-674639,21/09/2019,N/A,N/A
LIVERPOOL,3742240.81,EUR,OP-565443,20/01/2024,N/A,N/A
américa móvil,7292969.58,USD,OP-326417,2024-11-29,N/A,N/A
grupo méxico,9127718.13,USD,OP-211851,"June 14, 2025",N/A,N/A
femsa,486251.32,EUR,OP-879927,"September 18, 2022",N/A,N/A
TELMEX,5208245.18,MXN,OP-409060,2020-06-27,N/A,N/A
femsa,5301095.69,EUR,OP-362116,2021-05-31,N/A,N/A
SORIANA,443197.66,MXN,OP-297049,22-Aug-2019,N/A,N/A
alsea,9420217.66,USD,OP-898777,07-Nov-2023,N/A,N/A
américa móvil,5294785.67,USD,OP-488666,2019-07-28,"November 25, 2019",120
BBVA MÉXICO,1475857.92,MXN,OP-810091,04-Jun-2016,31-Jul-2021,1883
alsea,1188415.91,MXN,OP-364888,2019-09-06,N/A,N/A
grupo méxico,2676946.31,MXN,OP-680773,10-Dec-2024,N/A,N/A
LIVERPOOL,3722447.25,USD,OP-597601,30-May-2023,N/A,N/A
BANORTE,8543106.2,MXN,OP-332200,26-Jan-2018,29/04/2022,1554
telmex,8951896.92,USD,OP-816487,15/09/2022,N/A,N/A
walmart de méxico,9935221.55,USD,OP-626751,15/09/2018,N/A,N/A
grupo lala,6305184.18,MXN,OP-252586,25-Nov-2016,09-May-2025,3087
pemex,8603762.12,USD,OP-854806,22/02/2025,N/A,N/A
bbva méxico,6729038.97,EUR,OP-683022,"September 07, 2021",N/A,N/A
grupo méxico,9186523.47,EUR,OP-856200,21/06/2020,N/A,N/A
GRUPO CARSO,7647832.14,MXN,OP-125141,"March 31, 2023",N/A,N/A
liverpool,549307.1,EUR,OP-783746,11/02/2016,N/A,N/A
TELMEX,7295814.09,USD,OP-685642,09-Nov-2024,N/A,N/A
femsa,642034.01,EUR,OP-770917,06-Dec-2023,2024-10-12,311
banorte,7297685.85,MXN,OP-590344,"April 12, 2021","January 18, 2024",1011
WALMART DE MÉXICO,8474417.7,EUR,OP-570362,2021-04-14,N/A,N/A
GRUPO BIMBO,1072898.34,EUR,OP-803962,2022-04-05,N/A,N/A
FEMSA,2148206.06,EUR,OP-893819,"January 22, 2018",07-Jan-2020,715
liverpool,8485868.16,EUR,OP-810910,06/01/2018,N/A,N/A
GRUPO MÉXICO,5623058.0,USD,OP-369590,12-Feb-2020,N/A,N/A
GRUPO BIMBO,2496472.7,EUR,OP-157864,13/06/2024,N/A,N/A
cemex,8411405.82,EUR,OP-634147,01/07/2020,08/10/2022,946
BANORTE,9647563.54,EUR,OP-994892,"November 17, 2020",N/A,N/A
ALSEA,7283423.91,USD,OP-684967,2023-12-27,N/A,N/A
liverpool,6113104.09,USD,OP-702464,2017-01-02,N/A,N/A
grupo bimbo,4805579.41,USD,OP-259673,2025-08-02,N/A,N/A
américa móvil,5454883.23,MXN,OP-772960,2023-11-28,N/A,N/A
cemex,1446788.51,EUR,OP-219497,03/07/2017,"July 01, 2020",1212
alsea,2890032.01,MXN,OP-249821,2024-03-09,N/A,N/A
WALMART DE MÉXICO,9361000.32,USD,OP-833699,21/11/2018,N/A,N/A
ALSEA,740494.43,USD,OP-723695,2022-12-16,N/A,N/A
grupo lala,8657423.56,MXN,OP-119155,"February 17, 2024",N/A,N/A
WALMART DE MÉXICO,9845590.2,EUR,OP-746349,2023-01-06,2024-01-13,372
CEMEX,2958887.54,MXN,OP-812078,03-Mar-2018,N/A,N/A
BBVA MÉXICO,8583888.59,MXN,OP-428938,15/11/2020,N/A,N/A
BBVA MÉXICO,815791.89,EUR,OP-149766,2021-08-29,"November 30, 2021",93
GRUPO MÉXICO,2851721.09,MXN,OP-596218,17/07/2021,N/A,N/A
cemex,4146069.48,MXN,OP-342420,04-Nov-2019,N/A,N/A
banorte,3208544.15,EUR,OP-750395,2023-11-06,N/A,N/A
GRUPO LALA,5606992.39,EUR,OP-500880,04/02/2019,01/04/2021,643
WALMART DE MÉXICO,9694378.78,MXN,OP-562683,"March 16, 2023",N/A,N/A
banorte,8084116.6,USD,OP-170862,05-Dec-2020,"January 15, 2023",771
pemex,9292358.42,USD,OP-510907,"December 05, 2022",N/A,N/A
cemex,4835558.43,EUR,OP-208823,"October 17, 2016",N/A,N/A
GRUPO BIMBO,4078083.1,EUR,OP-565767,18/04/2021,N/A,N/A
TELMEX,4070369.26,USD,OP-900116,25-Nov-2016,2019-04-11,867
telmex,6771019.31,EUR,OP-556904,"August 05, 2023",N/A,N/A
BBVA MÉXICO,4198923.58,USD,OP-997783,2022-03-17,N/A,N/A
américa móvil,1756309.67,MXN,OP-356181,2025-04-15,N/A,N/A
telmex,3829315.41,USD,OP-176625,"June 30, 2020",N/A,N/A
liverpool,906363.22,MXN,OP-572125,24/12/2017,2018-05-06,133
américa móvil,4453552.94,MXN,OP-894221,20/08/2018,2022-01-26,1255
SORIANA,2814612.77,MXN,OP-355401,25-Jul-2022,N/A,N/A
ALSEA,3099615.19,USD,OP-601024,"September 10, 2015",18-Sep-2020,1835
pemex,6464094.93,MXN,OP-471328,2016-11-24,"December 29, 2017",400
GRUPO BIMBO,6487807.7,MXN,OP-652613,01-Dec-2023,N/A,N/A
grupo bimbo,5114203.79,EUR,OP-785268,30/10/2024,N/A,N/A
bbva méxico,6694938.12,EUR,OP-656099,10-Mar-2017,2020-08-13,1252
grupo lala,1740041.8,EUR,OP-245315,"July 13, 2019",N/A,N/A
pemex,2175862.95,MXN,OP-840607,2017-07-05,2024-11-26,2701
TELMEX,9766376.97,EUR,OP-841401,"April 27, 2025",N/A,N/A
CEMEX,7935112.42,EUR,OP-138735,03-May-2024,N/A,N/A
LIVERPOOL,9540936.37,MXN,OP-742218,20/01/2019,N/A,N/A
grupo carso,2566078.03,EUR,OP-126340,"January 18, 2022",04-May-2024,837
GRUPO MÉXICO,428907.86,EUR,OP-238765,2022-01-11,N/A,N/A
grupo méxico,4774336.46,MXN,OP-782661,"September 12, 2023","March 25, 2024",195
PEMEX,9197176.19,EUR,OP-210042,13/06/2022,N/A,N/A
FEMSA,4330086.07,MXN,OP-794797,"August 17, 2019",04-Apr-2024,1692
LIVERPOOL,4775662.41,EUR,OP-280454,12-Mar-2020,05/11/2024,1521
américa móvil,7416826.18,EUR,OP-968238,09/01/2019,17/05/2024,1720
ALSEA,9326259.79,USD,OP-175775,"July 13, 2023","August 21, 2025",770
BANORTE,6516619.62,EUR,OP-693792,2015-12-07,"March 25, 2024",3031
telmex,8705700.3,USD,OP-569211,13/03/2022,N/A,N/A
ALSEA,5973600.75,MXN,OP-157968,2023-10-17,N/A,N/A
liverpool,858324.66,MXN,OP-204606,22-Jul-2020,N/A,N/A
alsea,696446.47,MXN,OP-724814,2024-05-28,N/A,N/A
GRUPO BIMBO,5719168.23,USD,OP-439592,13-Feb-2019,N/A,N/A
alsea,3089558.96,MXN,OP-581395,2016-01-02,N/A,N/A
grupo méxico,1408869.55,EUR,OP-759861,29-Sep-2019,30-Apr-2023,1309
cemex,7150730.77,EUR,OP-520292,23-Nov-2023,N/A,N/A
GRUPO LALA,8174082.37,EUR,OP-918789,"November 27, 2017",17/09/2018,294
FEMSA,2232184.36,EUR,OP-557310,2018-01-30,N/A,N/A
BANORTE,368975.47,EUR,OP-502042,2016-05-07,2022-03-11,2134
telmex,9912602.18,EUR,OP-131550,05/03/2020,N/A,N/A
LIVERPOOL,2711090.6,MXN,OP-617721,15/07/2020,10/11/2024,1549
walmart de méxico,9241115.8,EUR,OP-109264,23/05/2024,N/A,N/A
grupo lala,9220023.59,EUR,OP-512675,"July 16, 2021",N/A,N/A
grupo méxico,6709528.71,EUR,OP-559906,09/07/2018,N/A,N/A
bbva méxico,6819241.37,MXN,OP-683437,25-Sep-2020,2024-01-09,1201
AMÉRICA MÓVIL,1714853.68,EUR,OP-379858,04-Jul-2022,N/A,N/A
banorte,6382705.41,MXN,OP-369150,14/02/2016,"September 06, 2017",570
LIVERPOOL,8243871.86,USD,OP-682013,"March 10, 2024",N/A,N/A
AMÉRICA MÓVIL,8343704.02,EUR,OP-261847,2016-09-04,N/A,N/A
cemex,6914103.2,MXN,OP-173907,01/12/2015,N/A,N/A
bbva méxico,5656336.38,USD,OP-837244,2017-07-10,17-Oct-2024,2656
grupo méxico,8277518.3,MXN,OP-911197,2018-06-13,"June 15, 2018",2
bbva méxico,7548317.7,USD,OP-775096,24/07/2018,22-Dec-2023,1977
GRUPO BIMBO,4567712.5,EUR,OP-251085,2024-05-19,N/A,N/A
telmex,7775011.19,MXN,OP-858285,14-Jan-2024,N/A,N/A
grupo bimbo,2636694.55,EUR,OP-379825,"August 16, 2021",N/A,N/A
femsa,8501793.92,MXN,OP-898326,2025-03-23,N/A,N/A
GRUPO BIMBO,789972.15,EUR,OP-689012,2017-05-16,N/A,N/A
PEMEX,7926639.36,USD,OP-355315,29-Sep-2015,2020-03-01,1615
BBVA MÉXICO,9516089.09,MXN,OP-276018,"February 10, 2021",N/A,N/A
BBVA MÉXICO,6963461.94,USD,OP-760669,13-Mar-2019,N/A,N/A
GRUPO LALA,4021947.64,EUR,OP-956391,01-Jan-2018,N/A,N/A
GRUPO BIMBO,5656989.34,EUR,OP-673122,2019-05-27,N/A,N/A
CEMEX,9578761.19,USD,OP-535066,13-Jul-2024,N/A,N/A
SORIANA,3992616.13,EUR,OP-891585,"July 18, 2024",N/A,N/A
walmart de méxico,8481477.23,USD,OP-911606,2021-09-11,N/A,N/A
banorte,4473635.1,USD,OP-185126,"October 23, 2016",N/A,N/A
GRUPO BIMBO,7871283.12,MXN,OP-853521,2017-10-18,09-Oct-2019,721
alsea,849763.03,MXN,OP-274246,30/12/2022,N/A,N/A
cemex,2595909.92,USD,OP-996880,"June 08, 2018",2024-09-01,2277
alsea,684833.13,USD,OP-126295,2018-03-06,N/A,N/A
alsea,1659104.82,EUR,OP-259268,"July 20, 2018",N/A,N/A
pemex,8848787.84,EUR,OP-278232,14-Jul-2021,2024-01-27,927
soriana,546425.76,EUR,OP-875636,19-Mar-2019,"March 25, 2021",737
BANORTE,7113407.57,USD,OP-419713,2016-12-03,29/11/2018,726
grupo carso,557585.14,USD,OP-812393,2024-09-30,N/A,N/A
américa móvil,8293757.49,EUR,OP-515945,13-Dec-2023,24-Jun-2025,559
pemex,7497897.3,MXN,OP-750754,12-Jun-2025,N/A,N/A
AMÉRICA MÓVIL,3412079.74,EUR,OP-984826,2020-06-11,N/A,N/A
banorte,2905265.37,MXN,OP-822265,16-Apr-2025,N/A,N/A
ALSEA,8699433.46,MXN,OP-780839,05/06/2017,N/A,N/A
liverpool,2326677.36,EUR,OP-479409,20/01/2025,N/A,N/A
CEMEX,9944299.59,EUR,OP-947623,2018-06-10,N/A,N/A
grupo carso,8537530.12,MXN,OP-877373,22/09/2020,25/07/2021,306
walmart de méxico,1156497.68,MXN,OP-108833,27/11/2017,"November 29, 2019",732
grupo carso,4335259.73,USD,OP-583040,2023-11-26,N/A,N/A
pemex,6777232.5,USD,OP-783549,18/07/2021,N/A,N/A
TELMEX,5036200.57,EUR,OP-641987,"March 11, 2018",N/A,N/A
GRUPO BIMBO,1723654.89,EUR,OP-180316,09-Aug-2024,N/A,N/A
telmex,8709428.86,USD,OP-125610,17/11/2018,N/A,N/A
WALMART DE MÉXICO,7436699.49,EUR,OP-479870,02-Feb-2024,N/A,N/A
LIVERPOOL,8034038.93,EUR,OP-210651,22-Nov-2020,N/A,N/A
cemex,2187896.97,USD,OP-662516,"June 21, 2016",N/A,N/A
pemex,1718026.88,EUR,OP-505987,2018-01-17,2018-12-30,347
WALMART DE MÉXICO,9890239.83,EUR,OP-567172,"May 01, 2021",N/A,N/A
walmart de méxico,575436.58,MXN,OP-939442,17-Feb-2016,06/04/2023,2664
cemex,9403720.01,EUR,OP-621546,"October 30, 2021",N/A,N/A
banorte,4170708.52,USD,OP-687345,03-May-2016,"February 17, 2025",3212
CEMEX,4977900.38,MXN,OP-711128,30/12/2019,05-Jul-2023,1283
grupo carso,4665226.65,USD,OP-982157,13-Apr-2019,N/A,N/A
telmex,7164448.16,EUR,OP-316592,09/10/2017,N/A,N/A
grupo méxico,8391055.56,USD,OP-474645,2019-02-12,N/A,N/A
alsea,3271094.93,USD,OP-938603,28/01/2018,26-Jun-2020,880
bbva méxico,4867631.36,EUR,OP-649499,11/01/2021,13/05/2024,924
SORIANA,9209572.11,USD,OP-634430,20-Jan-2020,N/A,N/A
pemex,6787689.04,USD,OP-982081,"September 30, 2020","November 03, 2024",1495
soriana,8796916.82,EUR,OP-360992,13-Sep-2024,N/A,N/A
grupo carso,7599121.08,EUR,OP-817404,"April 29, 2025",N/A,N/A
cemex,2466272.24,USD,OP-994677,10/11/2021,"January 24, 2023",470
alsea,5661390.42,USD,OP-491455,2023-03-31,N/A,N/A
pemex,9936059.31,USD,OP-216406,"May 09, 2021","November 28, 2021",203
grupo méxico,6008489.17,USD,OP-687847,07/08/2023,N/A,N/A
soriana,2230794.31,EUR,OP-728888,22-Dec-2024,N/A,N/A
TELMEX,5067046.52,MXN,OP-694907,"January 21, 2019",06/03/2023,1594
grupo méxico,2524827.71,MXN,OP-156247,21/09/2018,01/04/2024,1931
telmex,4377214.5,MXN,OP-321312,13-Oct-2018,2019-05-14,213
telmex,2326702.11,USD,OP-741237,02-Dec-2024,N/A,N/A
banorte,7290716.4,MXN,OP-884636,2017-01-25,05-Mar-2019,769
CEMEX,8501259.05,USD,OP-605805,2025-03-19,N/A,N/A
liverpool,9813791.57,EUR,OP-405945,25-Jan-2020,N/A,N/A
américa móvil,8618754.54,USD,OP-468617,13-Mar-2024,N/A,N/A
FEMSA,4505711.04,USD,OP-171853,07-Jan-2022,N/A,N/A
grupo bimbo,5320865.35,MXN,OP-331387,2025-03-28,N/A,N/A
WALMART DE MÉXICO,6865463.65,EUR,OP-540544,30-Aug-2022,N/A,N/A
WALMART DE MÉXICO,4649777.41,USD,OP-841307,2019-04-03,N/A,N/A
grupo lala,3233955.97,USD,OP-853766,2021-08-08,N/A,N/A
bbva méxico,6532011.7,USD,OP-544692,"December 30, 2016",03-Jan-2023,2195
CEMEX,8037078.37,EUR,OP-341675,"May 11, 2023",N/A,N/A
walmart de méxico,2042113.77,USD,OP-940130,24-Jul-2021,N/A,N/A
pemex,4907158.62,EUR,OP-833075,16/01/2016,21-Mar-2024,2987
AMÉRICA MÓVIL,2324552.12,MXN,OP-589803,14-Dec-2015,25-Apr-2017,498
AMÉRICA MÓVIL,290693.21,USD,OP-646365,2022-08-14,10-Feb-2025,911
PEMEX,8352097.95,MXN,OP-949499,"April 08, 2024",N/A,N/A
liverpool,8741736.28,EUR,OP-369781,01-Mar-2023,N/A,N/A
telmex,3648008.39,EUR,OP-220290,23/03/2018,N/A,N/A
ALSEA,7261356.53,MXN,OP-251275,01-Apr-2019,2021-09-02,885
telmex,6079533.52,MXN,OP-384872,04/09/2015,N/A,N/A
CEMEX,8987938.87,USD,OP-730637,2018-04-11,N/A,N/A
GRUPO BIMBO,2569507.22,USD,OP-305886,"April 10, 2017",26-Nov-2019,960
GRUPO LALA,3096265.06,USD,OP-157997,23/06/2024,N/A,N/A
walmart de méxico,6189605.96,EUR,OP-585204,2019-04-05,N/A,N/A
AMÉRICA MÓVIL,723915.63,USD,OP-877732,03-May-2024,N/A,N/A
GRUPO MÉXICO,3068221.83,EUR,OP-450670,"February 05, 2019",N/A,N/A
BBVA MÉXICO,6893577.36,USD,OP-892300,14/05/2016,16/01/2023,2438
alsea,9483734.57,EUR,OP-550939,08-Apr-2020,"May 29, 2021",416
soriana,2205391.49,EUR,OP-860160,2022-08-17,N/A,N/A
grupo méxico,4033347.89,MXN,OP-530495,26/06/2023,N/A,N/A
grupo lala,2013079.29,USD,OP-246264,"October 28, 2024",N/A,N/A
GRUPO MÉXICO,711408.72,USD,OP-111424,"November 27, 2018","June 27, 2022",1308
walmart de méxico,8493023.08,MXN,OP-295513,"July 05, 2018",04/02/2025,2463
grupo lala,9373181.96,MXN,OP-117378,"July 07, 2017",07-Jan-2021,1280
pemex,122518.28,USD,OP-135288,2017-08-31,N/A,N/A
alsea,1917119.39,USD,OP-780113,"August 03, 2018",20-Oct-2023,1904
cemex,8828538.52,USD,OP-791362,"July 10, 2019",2021-12-05,879
cemex,4021900.5,USD,OP-116202,15/06/2021,N/A,N/A
walmart de méxico,4167060.3,EUR,OP-788864,19/10/2019,"August 07, 2023",1388
grupo bimbo,8028007.62,USD,OP-424737,2023-10-10,N/A,N/A
FEMSA,8914873.51,USD,OP-620788,"January 26, 2017",15/03/2023,2239
walmart de méxico,3624578.0,USD,OP-363927,"April 28, 2016",N/A,N/A
ALSEA,8936534.42,EUR,OP-782021,04-Mar-2016,"July 15, 2016",133
grupo bimbo,8996670.55,MXN,OP-370123,"January 10, 2024",N/A,N/A
GRUPO CARSO,5704081.95,EUR,OP-435068,22/08/2019,N/A,N/A
soriana,3035862.54,EUR,OP-440188,21-Oct-2022,N/A,N/A
telmex,7988968.82,USD,OP-943086,2025-04-03,N/A,N/A
alsea,7003800.95,USD,OP-387213,29-Mar-2022,"January 20, 2025",1028
BBVA MÉXICO,2793595.72,EUR,OP-716790,04/06/2023,"August 22, 2023",138
WALMART DE MÉXICO,538959.9,MXN,OP-289830,22-Jul-2023,N/A,N/A
PEMEX,5619327.8,MXN,OP-178347,"February 29, 2020",N/A,N/A
SORIANA,7037621.27,USD,OP-794192,04/01/2025,N/A,N/A
banorte,9501752.12,USD,OP-500355,"January 14, 2024",N/A,N/A
grupo méxico,2187800.49,MXN,OP-549612,"October 23, 2016",28/08/2023,2500
grupo méxico,8526133.79,MXN,OP-106627,"May 01, 2019",27/12/2024,2067
ALSEA,6219256.38,USD,OP-954573,28/01/2019,N/A,N/A
alsea,9695464.37,MXN,OP-765692,2022-02-21,17/06/2022,116
grupo bimbo,7590234.19,EUR,OP-408378,02-Jun-2025,N/A,N/A
soriana,4118404.02,USD,OP-999036,2021-03-02,N/A,N/A
LIVERPOOL,4661014.85,MXN,OP-575116,2024-10-19,N/A,N/A
LIVERPOOL,665080.44,EUR,OP-737643,"May 05, 2024",N/A,N/A
soriana,7505681.81,MXN,OP-779486,24/07/2019,N/A,N/A
liverpool,1136535.65,EUR,OP-968918,09-Jan-2020,"May 20, 2025",1958
FEMSA,5737456.89,USD,OP-771031,2019-04-08,N/A,N/A
GRUPO CARSO,9316486.51,USD,OP-377005,"January 07, 2018","February 09, 2024",2224
bbva méxico,9599540.09,MXN,OP-726409,2021-06-04,N/A,N/A
banorte,1438633.38,EUR,OP-153730,07-May-2019,25/11/2022,1298
grupo carso,6139589.95,EUR,OP-881737,01/03/2018,2023-12-29,2186
SORIANA,9933566.54,MXN,OP-156976,19/04/2020,N/A,N/A
grupo bimbo,1150624.62,USD,OP-822378,"February 09, 2025",N/A,N/A
GRUPO CARSO,5626867.49,MXN,OP-803523,05/03/2019,N/A,N/A
AMÉRICA MÓVIL,1920113.35,EUR,OP-635309,24/07/2025,N/A,N/A
cemex,996221.29,USD,OP-151486,2017-03-21,N/A,N/A
WALMART DE MÉXICO,9234804.69,EUR,OP-912494,2019-04-20,N/A,N/A
pemex,9509455.69,USD,OP-931068,2016-03-30,05-Feb-2020,1407
alsea,5587936.8,USD,OP-816005,13/05/2018,2019-09-05,480
ALSEA,8335379.03,USD,OP-341216,"March 07, 2021",13-Feb-2022,343
walmart de méxico,2904290.71,EUR,OP-249373,08-Mar-2017,N/A,N/A
CEMEX,5625776.86,MXN,OP-415930,"January 18, 2020",16-Apr-2022,819
grupo lala,568846.29,USD,OP-211206,09/10/2017,N/A,N/A
BANORTE,5135950.63,EUR,OP-621677,30-Mar-2017,2022-06-01,1889
AMÉRICA MÓVIL,7690397.29,EUR,OP-128845,08/08/2020,N/A,N/A
soriana,7517959.5,MXN,OP-944053,"July 04, 2016",01/07/2023,2378
CEMEX,7273402.77,MXN,OP-999502,"October 07, 2019",N/A,N/A
PEMEX,4112328.19,MXN,OP-962095,2022-12-22,N/A,N/A
BBVA MÉXICO,6037606.4,MXN,OP-407862,"January 03, 2025",N/A,N/A
femsa,7894339.16,USD,OP-463773,25-May-2017,2020-03-25,1035
walmart de méxico,6553622.69,EUR,OP-212317,"November 13, 2015",N/A,N/A
alsea,4737492.81,MXN,OP-182719,2016-03-26,N/A,N/A
walmart de méxico,917686.3,EUR,OP-866764,"November 26, 2017",19-Feb-2025,2642
bbva méxico,3292812.4,EUR,OP-578833,02-Oct-2019,N/A,N/A
GRUPO CARSO,3532051.21,USD,OP-406002,21-Dec-2022,"February 26, 2025",798
LIVERPOOL,7067345.79,USD,OP-976442,"November 19, 2019",N/A,N/A
WALMART DE MÉXICO,5813826.81,USD,OP-882770,2021-03-12,N/A,N/A
alsea,9472897.15,MXN,OP-605180,2022-01-30,N/A,N/A
telmex,4414327.59,USD,OP-877780,15-Jun-2024,N/A,N/A
soriana,3181201.33,MXN,OP-970349,11-Oct-2016,N/A,N/A
cemex,4527586.08,USD,OP-330790,14-Jan-2021,N/A,N/A
GRUPO BIMBO,8247876.79,MXN,OP-159993,21-Aug-2022,N/A,N/A
pemex,9412094.49,MXN,OP-638399,2023-05-23,N/A,N/A
alsea,3770587.52,EUR,OP-726986,"April 27, 2022",N/A,N/A
liverpool,7273271.46,EUR,OP-782590,09/06/2018,N/A,N/A
bbva méxico,4494685.85,USD,OP-813874,"January 15, 2019",2025-05-26,2323
FEMSA,2915414.9,EUR,OP-608746,13/07/2025,N/A,N/A
FEMSA,6597018.43,EUR,OP-243653,"October 31, 2015","November 05, 2024",3293
GRUPO BIMBO,759851.58,MXN,OP-377008,18/02/2021,N/A,N/A
LIVERPOOL,2081452.51,MXN,OP-170151,"July 12, 2025",N/A,N/A
GRUPO CARSO,7351401.06,MXN,OP-968344,10/12/2023,N/A,N/A
ALSEA,5223678.05,EUR,OP-258086,"May 30, 2018",N/A,N/A
CEMEX,7836884.92,EUR,OP-672081,30/10/2017,N/A,N/A
telmex,8865077.42,MXN,OP-790912,24-Oct-2023,N/A,N/A
alsea,1397059.17,USD,OP-844723,22/09/2024,N/A,N/A
GRUPO LALA,5073345.33,MXN,OP-578000,02-Dec-2018,20/05/2024,1996
grupo bimbo,5509700.6,USD,OP-155312,23-Sep-2023,N/A,N/A
ALSEA,4655125.03,EUR,OP-825628,08-Feb-2018,N/A,N/A
TELMEX,2119396.4,USD,OP-536547,17/02/2022,N/A,N/A
GRUPO MÉXICO,1334530.18,EUR,OP-456643,"October 22, 2023",N/A,N/A
bbva méxico,382123.39,USD,OP-125365,"February 18, 2018",N/A,N/A
soriana,2453371.58,EUR,OP-628486,10-Aug-2019,"June 06, 2024",1762
bbva méxico,7274983.16,MXN,OP-447869,09-Nov-2020,2023-11-24,1110
PEMEX,6931092.43,MXN,OP-963869,12/10/2018,2024-05-09,1977
soriana,2132311.22,EUR,OP-590667,"June 14, 2018",2021-10-24,1228
PEMEX,6152323.46,MXN,OP-487792,"May 13, 2017","March 06, 2023",2123
CEMEX,5078692.29,USD,OP-648646,16-Apr-2019,17-Jun-2023,1523
grupo méxico,5433211.35,USD,OP-984644,02-Feb-2023,19/04/2023,76
LIVERPOOL,1855345.31,USD,OP-498838,18-Aug-2023,N/A,N/A
GRUPO MÉXICO,6404065.5,MXN,OP-984073,"August 15, 2018",N/A,N/A
alsea,9595058.21,EUR,OP-867775,2018-04-13,N/A,N/A
GRUPO CARSO,6667484.66,EUR,OP-522100,22-Oct-2021,N/A,N/A
banorte,9591224.34,MXN,OP-802164,"April 18, 2021",N/A,N/A
ALSEA,2877434.6,USD,OP-722362,2025-07-08,N/A,N/A
SORIANA,8043476.86,EUR,OP-720470,22/08/2021,N/A,N/A
FEMSA,6449897.75,MXN,OP-702246,2020-07-25,N/A,N/A
soriana,4155118.87,EUR,OP-863102,04-Aug-2022,N/A,N/A
BANORTE,3441701.86,MXN,OP-141962,07/11/2018,N/A,N/A
SORIANA,1898925.17,EUR,OP-340004,"January 17, 2018",2020-10-22,1009
FEMSA,6397829.23,MXN,OP-819200,19/09/2015,"September 20, 2018",1097
GRUPO MÉXICO,4666190.05,MXN,OP-529623,2025-03-14,N/A,N/A
GRUPO LALA,6335892.45,EUR,OP-216461,2021-09-22,28-Apr-2024,949
GRUPO CARSO,6596715.91,MXN,OP-888388,11/05/2021,N/A,N/A
GRUPO LALA,1765408.71,USD,OP-202985,"August 02, 2023",N/A,N/A
SORIANA,4569749.64,EUR,OP-620531,16/06/2021,N/A,N/A
grupo carso,7755298.45,EUR,OP-474349,"January 29, 2021",N/A,N/A
liverpool,7548227.09,USD,OP-304261,"March 23, 2021",2024-02-11,1055
AMÉRICA MÓVIL,6522319.37,EUR,OP-185158,18/07/2021,26-May-2024,1043
grupo bimbo,3485803.3,MXN,OP-303511,"October 23, 2020",N/A,N/A
GRUPO BIMBO,9277763.88,MXN,OP-876150,27-Sep-2023,N/A,N/A
cemex,5919312.0,USD,OP-253984,06-Oct-2022,N/A,N/A
GRUPO CARSO,510708.77,MXN,OP-183725,25-Sep-2022,N/A,N/A
GRUPO CARSO,5330537.51,USD,OP-474945,2020-09-21,N/A,N/A
soriana,5319397.55,EUR,OP-772308,2022-11-30,N/A,N/A
banorte,7062015.9,USD,OP-612968,"March 19, 2024",N/A,N/A
ALSEA,3532616.6,EUR,OP-267070,19/07/2021,N/A,N/A
CEMEX,3078693.61,EUR,OP-397745,"January 09, 2017",N/A,N/A
PEMEX,4014076.85,USD,OP-615936,27-Aug-2015,06-Aug-2023,2901
CEMEX,7749200.65,EUR,OP-521541,"June 13, 2017",2017-11-23,163
ALSEA,1901883.81,EUR,OP-816364,2025-08-18,N/A,N/A
américa móvil,2049109.28,MXN,OP-782959,18-Jun-2017,30/07/2023,2233
SORIANA,228462.52,EUR,OP-618602,2022-04-13,N/A,N/A
FEMSA,7094912.82,USD,OP-645863,05/05/2018,"September 30, 2019",513
GRUPO BIMBO,4519620.43,EUR,OP-588496,2016-11-20,10/07/2019,1051
bbva méxico,6823601.79,EUR,OP-364100,"July 31, 2020",N/A,N/A
WALMART DE MÉXICO,6038400.57,EUR,OP-512860,"April 16, 2018",N/A,N/A
telmex,3898678.0,MXN,OP-261735,"September 19, 2023",16/12/2024,454
CEMEX,6621946.81,USD,OP-252656,08-Jul-2019,N/A,N/A
SORIANA,1752957.04,EUR,OP-951182,"November 05, 2016",N/A,N/A
CEMEX,6048985.05,EUR,OP-853480,"January 20, 2016",2023-08-19,2768
liverpool,2335375.59,EUR,OP-911692,20-Sep-2017,N/A,N/A
walmart de méxico,9202701.24,EUR,OP-211197,04/01/2022,12/09/2024,983
GRUPO BIMBO,5113073.61,EUR,OP-314587,2020-04-08,N/A,N/A
américa móvil,106684.81,EUR,OP-594456,"April 20, 2025",N/A,N/A
BANORTE,5787293.91,EUR,OP-536724,27-Mar-2025,N/A,N/A
GRUPO CARSO,7972337.89,EUR,OP-926298,15/04/2019,20/08/2021,858
grupo bimbo,6111890.64,USD,OP-547260,04/01/2025,N/A,N/A
CEMEX,7503995.12,MXN,OP-418347,"May 25, 2016",10/03/2016,131
grupo lala,1708167.44,USD,OP-169589,2024-12-04,N/A,N/A
pemex,9915716.45,MXN,OP-620304,2016-04-27,N/A,N/A
pemex,5952689.52,EUR,OP-273638,"January 26, 2023",N/A,N/A
américa móvil,7981811.22,EUR,OP-386599,16/03/2020,"January 23, 2025",1774
grupo méxico,7701112.81,USD,OP-295093,2022-12-12,N/A,N/A
soriana,5586408.17,EUR,OP-350034,19-Oct-2019,2024-11-16,1855
PEMEX,684950.31,USD,OP-502379,"November 21, 2022",2024-02-22,458
SORIANA,3522645.76,EUR,OP-531252,2022-03-28,N/A,N/A
FEMSA,7426050.06,EUR,OP-565474,12/11/2015,N/A,N/A
pemex,6898110.05,MXN,OP-755878,11/08/2020,N/A,N/A
CEMEX,7252676.04,MXN,OP-908305,01/06/2020,N/A,N/A
grupo lala,5079789.99,MXN,OP-629410,25/11/2020,N/A,N/A
FEMSA,5450210.24,EUR,OP-956532,"November 15, 2016",N/A,N/A
grupo lala,3698853.57,USD,OP-316197,"August 02, 2023",N/A,N/A
ALSEA,7409153.35,MXN,OP-543727,24-Dec-2015,N/A,N/A
FEMSA,5032600.78,EUR,OP-898063,"July 03, 2016",23/01/2024,2760
AMÉRICA MÓVIL,3021390.91,USD,OP-573186,09/01/2019,17/07/2025,2146
banorte,4335191.24,USD,OP-100103,28/08/2020,"April 06, 2022",586
cemex,8287035.15,USD,OP-322390,08/06/2017,"April 22, 2021",1355
femsa,8565707.39,USD,OP-625100,"August 14, 2022",2022-11-26,104
AMÉRICA MÓVIL,2175514.43,EUR,OP-380301,"April 03, 2017",N/A,N/A
GRUPO LALA,7913237.41,MXN,OP-115813,"September 25, 2017",N/A,N/A
GRUPO MÉXICO,3474033.2,USD,OP-428144,05-Oct-2020,N/A,N/A
grupo bimbo,145122.65,MXN,OP-965866,16/02/2024,N/A,N/A
grupo bimbo,3483745.7,MXN,OP-547227,20/01/2025,N/A,N/A
soriana,5115993.64,USD,OP-198224,30-Oct-2022,N/A,N/A
PEMEX,4330052.09,EUR,OP-477109,"January 20, 2024",N/A,N/A
banorte,2894722.55,EUR,OP-199956,"October 12, 2018",N/A,N/A
FEMSA,7029814.76,MXN,OP-853903,"May 16, 2024",N/A,N/A
telmex,3567043.79,MXN,OP-122265,"January 03, 2018",08-May-2019,490
AMÉRICA MÓVIL,7056247.08,USD,OP-246195,21/06/2021,"December 16, 2024",1274
ALSEA,938158.34,EUR,OP-689910,"June 17, 2021",N/A,N/A
soriana,8139353.29,MXN,OP-679790,29-Jun-2023,N/A,N/A
banorte,4206734.94,USD,OP-343342,2022-10-30,N/A,N/A
AMÉRICA MÓVIL,9106796.75,MXN,OP-239102,2015-10-07,"April 12, 2017",553
GRUPO BIMBO,7734139.21,EUR,OP-183348,18-Oct-2017,N/A,N/A
américa móvil,7957745.76,EUR,OP-965150,11/02/2023,N/A,N/A
grupo méxico,2231902.77,MXN,OP-668503,25/10/2024,N/A,N/A
walmart de méxico,4771310.59,USD,OP-561862,23-Nov-2016,05-Apr-2017,133
femsa,4499059.56,USD,OP-600406,2016-11-19,2020-08-15,1365
TELMEX,7247607.11,MXN,OP-413671,21/05/2018,2018-11-01,164
AMÉRICA MÓVIL,3986712.65,USD,OP-191291,"July 23, 2021","October 02, 2021",71
soriana,4253030.83,EUR,OP-788995,"March 02, 2017",N/A,N/A
femsa,9592580.1,EUR,OP-477084,2025-07-21,N/A,N/A
walmart de méxico,7047923.6,MXN,OP-934513,"October 18, 2021",N/A,N/A
bbva méxico,3966951.93,MXN,OP-385276,26/03/2024,N/A,N/A
AMÉRICA MÓVIL,6633343.05,USD,OP-411568,08/01/2019,N/A,N/A
grupo bimbo,2777142.02,EUR,OP-119988,2021-11-19,28/01/2022,70
BBVA MÉXICO,3630905.11,MXN,OP-671475,"June 02, 2022",16/01/2024,593
GRUPO BIMBO,284782.23,USD,OP-123850,"September 12, 2018",N/A,N/A
bbva méxico,4722219.86,MXN,OP-521285,"February 13, 2016",04-Jul-2024,3064
américa móvil,6790409.0,EUR,OP-867628,18-Jun-2020,N/A,N/A
ALSEA,9546986.93,USD,OP-669206,11/12/2018,20-Jul-2020,616
BANORTE,7719114.46,MXN,OP-432348,"November 10, 2019",N/A,N/A
soriana,1048680.14,EUR,OP-698972,2016-07-02,N/A,N/A
telmex,9473478.19,EUR,OP-584332,"August 24, 2017",18/04/2022,1698
GRUPO CARSO,9183465.32,MXN,OP-609651,2021-08-25,N/A,N/A
ALSEA,8998087.53,MXN,OP-501687,2017-08-19,"October 25, 2021",1528
grupo méxico,1224898.05,USD,OP-805858,"March 25, 2018",N/A,N/A
GRUPO CARSO,5404512.62,EUR,OP-894016,20-Dec-2018,"May 19, 2025",2342
ALSEA,8575777.44,USD,OP-389050,24-May-2024,N/A,N/A
telmex,1372833.56,EUR,OP-408627,2019-08-03,N/A,N/A
alsea,5105991.33,USD,OP-921771,06/04/2022,N/A,N/A
AMÉRICA MÓVIL,6990017.53,USD,OP-793514,2018-05-06,N/A,N/A
grupo méxico,9841791.9,EUR,OP-479748,09-Apr-2019,N/A,N/A
BBVA MÉXICO,2264329.41,USD,OP-705923,02-Sep-2020,"December 04, 2023",1188
GRUPO CARSO,6634963.68,EUR,OP-899640,"July 01, 2020",N/A,N/A
soriana,8091794.3,USD,OP-640515,22/05/2016,N/A,N/A
banorte,726214.54,EUR,OP-690793,"December 08, 2024",N/A,N/A
bbva méxico,8446120.93,EUR,OP-815643,"February 21, 2025",N/A,N/A
GRUPO MÉXICO,3373158.99,MXN,OP-343315,08-Apr-2024,20/02/2025,318
TELMEX,2880981.4,EUR,OP-452705,2017-02-11,N/A,N/A
FEMSA,4166630.7,USD,OP-143654,2025-03-10,N/A,N/A
grupo lala,5634017.23,MXN,OP-274517,2016-03-16,15-Mar-2019,1094
SORIANA,8895382.83,EUR,OP-159414,04/06/2024,N/A,N/A
grupo carso,2317002.14,EUR,OP-924052,"May 14, 2016",N/A,N/A
banorte,7526178.99,USD,OP-344916,24/09/2017,10/02/2024,2565
américa móvil,650086.23,USD,OP-965736,2017-11-14,N/A,N/A
GRUPO LALA,5948741.97,EUR,OP-744232,"June 30, 2024",N/A,N/A
grupo carso,326356.06,USD,OP-642955,07/02/2024,N/A,N/A
LIVERPOOL,3661749.95,EUR,OP-110148,2023-11-19,N/A,N/A
soriana,8995672.2,EUR,OP-647275,07-Dec-2015,2017-05-22,532
WALMART DE MÉXICO,9212401.19,MXN,OP-792541,"May 29, 2017","December 12, 2022",2023
telmex,1748238.98,USD,OP-729380,02/10/2020,N/A,N/A
SORIANA,8219374.33,MXN,OP-903133,2017-07-17,N/A,N/A
grupo bimbo,6315438.67,EUR,OP-428999,"December 02, 2022",N/A,N/A
PEMEX,4097948.73,EUR,OP-607296,22-Feb-2017,30-Jan-2018,342
GRUPO MÉXICO,5467163.82,USD,OP-250072,2023-01-19,N/A,N/A
walmart de méxico,7975044.15,MXN,OP-131700,"February 23, 2025",N/A,N/A
bbva méxico,2473931.31,USD,OP-265852,04-Sep-2019,N/A,N/A
CEMEX,3770635.93,MXN,OP-331104,17-Oct-2017,"December 13, 2018",422
alsea,459129.66,MXN,OP-774948,2025-02-09,N/A,N/A
pemex,9406531.52,EUR,OP-141206,10/01/2021,N/A,N/A
PEMEX,1413423.9,EUR,OP-992151,13-Dec-2024,N/A,N/A
WALMART DE MÉXICO,4189123.28,MXN,OP-941793,2018-04-11,"July 14, 2023",1920
walmart de méxico,8473761.78,USD,OP-448480,25/01/2018,2019-06-01,492
grupo bimbo,3352811.76,EUR,OP-764428,2023-11-05,N/A,N/A
banorte,4266933.02,MXN,OP-731862,2023-03-15,N/A,N/A
grupo carso,5367167.94,MXN,OP-283665,2017-11-04,24/01/2019,446
grupo lala,9689025.48,EUR,OP-243491,20/05/2019,N/A,N/A
telmex,8473211.9,MXN,OP-260032,2021-06-07,N/A,N/A
bbva méxico,2867531.95,EUR,OP-259505,2021-09-09,N/A,N/A
grupo bimbo,1780183.84,EUR,OP-963465,16/01/2017,2017-01-23,7
walmart de méxico,8607591.58,USD,OP-579884,"October 29, 2020",21/01/2024,1179
GRUPO BIMBO,1543959.71,USD,OP-956874,2020-12-13,N/A,N/A
FEMSA,3035113.68,USD,OP-477844,19-Sep-2016,"November 14, 2020",1517
cemex,5102966.34,EUR,OP-807484,22/07/2017,N/A,N/A
grupo bimbo,9293209.19,MXN,OP-896588,"April 09, 2016",09/06/2023,2706
américa móvil,3104124.72,EUR,OP-586852,2020-07-27,N/A,N/A
WALMART DE MÉXICO,8906899.33,USD,OP-575052,04/08/2021,2023-07-17,830
FEMSA,1551734.75,MXN,OP-710988,"April 30, 2019",06-Dec-2021,951
alsea,9239429.91,EUR,OP-279609,2024-10-20,N/A,N/A
SORIANA,8920866.84,EUR,OP-491635,"March 22, 2017",N/A,N/A
américa móvil,6895731.48,USD,OP-640156,2020-04-27,N/A,N/A
telmex,1845264.03,EUR,OP-670537,2019-08-22,N/A,N/A
GRUPO LALA,1091295.11,MXN,OP-497716,16-Feb-2019,N/A,N/A
GRUPO CARSO,9257427.8,MXN,OP-484310,26/01/2017,14/03/2024,2604
femsa,7436983.81,USD,OP-785042,"October 27, 2022",N/A,N/A
BANORTE,9514199.56,EUR,OP-721112,2022-01-25,N/A,N/A
ALSEA,8282850.56,EUR,OP-678546,2025-08-03,N/A,N/A
SORIANA,5139704.79,MXN,OP-885328,18/09/2019,N/A,N/A
walmart de méxico,3250238.54,EUR,OP-447240,"July 03, 2019",N/A,N/A
grupo bimbo,8876983.38,EUR,OP-886722,29/03/2021,N/A,N/A
CEMEX,1614184.43,EUR,OP-385491,14/08/2019,N/A,N/A
TELMEX,9700943.58,EUR,OP-210336,28/11/2018,N/A,N/A
walmart de méxico,4856824.86,MXN,OP-100152,21/03/2024,N/A,N/A
alsea,3137037.41,MXN,OP-435503,"March 28, 2017","September 13, 2022",1995
GRUPO BIMBO,6342165.4,USD,OP-186172,2019-12-18,2023-08-02,1323
SORIANA,2654158.39,MXN,OP-530425,2021-12-29,N/A,N/A
alsea,2954459.11,MXN,OP-957145,27-May-2018,26-Aug-2022,1552
CEMEX,2653049.49,EUR,OP-571464,09/03/2016,N/A,N/A
AMÉRICA MÓVIL,9385487.53,MXN,OP-728512,15/07/2021,26-Feb-2025,1322
bbva méxico,1349200.77,EUR,OP-689445,28-May-2023,03/05/2024,282
GRUPO MÉXICO,743882.37,EUR,OP-354368,2025-04-20,N/A,N/A
SORIANA,5660680.08,EUR,OP-785483,2020-11-14,10-Jun-2024,1304
femsa,5546435.73,USD,OP-526257,11-Feb-2019,"April 15, 2025",2255
soriana,6572157.02,USD,OP-838347,2020-04-06,N/A,N/A
SORIANA,8645451.73,EUR,OP-278722,18/02/2020,N/A,N/A
grupo lala,1612096.03,EUR,OP-166230,23/07/2019,02/11/2020,203
BBVA MÉXICO,2123073.62,MXN,OP-294121,2019-05-17,N/A,N/A
telmex,7374781.42,MXN,OP-902005,16-Aug-2023,N/A,N/A
liverpool,8363388.65,EUR,OP-171979,26/09/2024,N/A,N/A
liverpool,9757637.98,USD,OP-950228,"June 05, 2016",28/08/2017,449
banorte,9540704.13,MXN,OP-389604,25/07/2023,N/A,N/A
femsa,819965.13,USD,OP-332681,"July 29, 2016",29-Dec-2019,1248
cemex,8507846.77,USD,OP-990902,21/01/2017,2019-12-02,1045
GRUPO MÉXICO,9361445.24,USD,OP-616341,02/10/2015,2016-01-23,347
telmex,6550961.03,EUR,OP-843906,2016-10-14,"August 13, 2019",1033
GRUPO MÉXICO,1377484.04,USD,OP-363808,09/07/2018,N/A,N/A
GRUPO LALA,3266301.46,MXN,OP-387577,"April 06, 2022",02-Jul-2024,818
pemex,1945285.63,EUR,OP-425236,"May 22, 2022",10-May-2025,1084
telmex,3160949.92,USD,OP-164197,09/03/2018,06-Jun-2019,276
femsa,2817546.05,EUR,OP-527046,03/07/2018,N/A,N/A
banorte,342561.98,EUR,OP-165305,19-Feb-2025,N/A,N/A
grupo bimbo,9124958.29,EUR,OP-561103,16/04/2025,N/A,N/A
SORIANA,3755643.89,EUR,OP-940510,17-Sep-2020,N/A,N/A
WALMART DE MÉXICO,696342.31,MXN,OP-983734,2016-05-31,N/A,N/A
grupo carso,9895950.06,EUR,OP-213751,02-Nov-2015,10-Apr-2021,1986
GRUPO CARSO,2420894.05,USD,OP-185096,2018-03-19,N/A,N/A
GRUPO LALA,5838997.19,USD,OP-497692,03/05/2023,05/06/2023,62
GRUPO CARSO,8554443.62,EUR,OP-605902,"May 25, 2023",N/A,N/A
grupo bimbo,2764853.74,USD,OP-851670,14/04/2020,N/A,N/A
CEMEX,8986661.47,USD,OP-232931,26/12/2022,27/12/2023,366
CEMEX,7114884.81,MXN,OP-812015,09/04/2022,N/A,N/A
GRUPO CARSO,8936753.17,MXN,OP-980476,2016-06-14,N/A,N/A
alsea,8009538.78,USD,OP-854523,13/11/2021,N/A,N/A
LIVERPOOL,9137780.84,MXN,OP-487771,26-Apr-2018,N/A,N/A
banorte,4101108.82,USD,OP-670158,31/05/2024,N/A,N/A
walmart de méxico,6687663.08,USD,OP-666781,"November 29, 2023",N/A,N/A
grupo méxico,9184278.88,USD,OP-148493,29-May-2025,N/A,N/A
grupo bimbo,7080517.47,MXN,OP-271843,30-Apr-2024,N/A,N/A
bbva méxico,1454190.43,EUR,OP-911056,26/12/2016,"June 26, 2020",1278
GRUPO MÉXICO,6014506.88,MXN,OP-531809,2018-06-03,"May 06, 2025",2529
WALMART DE MÉXICO,4293083.41,USD,OP-831758,25-Feb-2018,07/02/2019,492
grupo carso,1227389.13,EUR,OP-111131,25/09/2023,N/A,N/A
grupo méxico,6038646.05,USD,OP-652270,08/02/2022,N/A,N/A
femsa,7257702.55,MXN,OP-466190,"December 22, 2015",N/A,N/A
américa móvil,7554973.1,USD,OP-633484,08/01/2018,N/A,N/A
GRUPO CARSO,6926407.95,EUR,OP-489543,18/06/2017,2023-12-20,2376
alsea,3628473.72,EUR,OP-800066,27-May-2024,11-Sep-2024,107
grupo méxico,408676.29,USD,OP-454681,2016-11-13,N/A,N/A
bbva méxico,1747186.0,EUR,OP-616594,2016-04-22,2022-03-11,2149
américa móvil,8496531.16,EUR,OP-831843,2017-08-15,29-May-2021,1383
grupo méxico,4478350.49,EUR,OP-256411,"February 06, 2016",07/12/2018,887
alsea,527443.5,EUR,OP-315543,20/02/2017,14/01/2021,1424
femsa,7025138.52,USD,OP-401771,13-Sep-2021,N/A,N/A
GRUPO LALA,9958365.09,MXN,OP-244591,"May 09, 2023",N/A,N/A
liverpool,3746598.31,EUR,OP-676733,03/11/2015,N/A,N/A
grupo carso,191947.5,USD,OP-715476,2018-05-14,2022-09-03,1573
LIVERPOOL,2178197.01,MXN,OP-341448,30/10/2021,N/A,N/A
liverpool,9250163.44,EUR,OP-624244,14/11/2023,N/A,N/A
grupo lala,869943.5,EUR,OP-991902,17/04/2022,N/A,N/A
FEMSA,2976678.48,EUR,OP-406995,27-Dec-2019,N/A,N/A
TELMEX,8758975.39,EUR,OP-742561,"July 14, 2021",N/A,N/A
cemex,7189173.09,MXN,OP-203059,05/10/2023,N/A,N/A
américa móvil,806415.88,MXN,OP-542849,2020-06-02,2020-10-20,140
BBVA MÉXICO,8614110.91,USD,OP-990954,09-May-2018,12-Sep-2021,1222
ALSEA,8387068.57,USD,OP-473125,31-May-2017,N/A,N/A
grupo méxico,945912.99,EUR,OP-115371,2020-09-12,15-Oct-2021,398
WALMART DE MÉXICO,2566106.71,EUR,OP-614140,05/06/2022,"March 15, 2023",313
grupo carso,1173355.1,MXN,OP-568045,27-Feb-2016,2021-05-05,1894
américa móvil,4434179.29,EUR,OP-502068,25-Jul-2018,N/A,N/A
GRUPO MÉXICO,9042470.71,EUR,OP-799054,13-Jan-2019,N/A,N/A
PEMEX,1645020.31,EUR,OP-939954,"May 28, 2024",2024-10-22,147
LIVERPOOL,2378208.96,EUR,OP-783781,"December 06, 2015",N/A,N/A
FEMSA,3114866.56,MXN,OP-208432,14/12/2017,28/12/2021,1475
cemex,3622664.3,USD,OP-824914,"January 04, 2024",N/A,N/A
bbva méxico,9884684.38,MXN,OP-368310,19/02/2016,19/05/2020,1551
telmex,9319821.91,EUR,OP-810987,10-Jun-2025,N/A,N/A
BBVA MÉXICO,390435.68,EUR,OP-334438,29-Jun-2023,N/A,N/A
femsa,5122593.68,EUR,OP-530875,10-Sep-2020,N/A,N/A
ALSEA,4333094.85,EUR,OP-849730,"June 07, 2024",N/A,N/A
LIVERPOOL,8000331.91,MXN,OP-684543,25-Oct-2016,N/A,N/A
grupo carso,8084350.17,USD,OP-747987,"August 04, 2020",N/A,N/A
BBVA MÉXICO,7317466.98,USD,OP-860187,03-Mar-2017,N/A,N/A
TELMEX,2125618.84,MXN,OP-294467,13-Feb-2019,N/A,N/A
CEMEX,8848531.48,EUR,OP-897732,08/06/2023,N/A,N/A
américa móvil,5472688.27,EUR,OP-177674,11/01/2020,N/A,N/A
GRUPO CARSO,7271243.46,MXN,OP-473971,2025-04-11,N/A,N/A
GRUPO MÉXICO,5028603.57,USD,OP-735911,2016-03-27,"October 28, 2019",1310
pemex,7704459.04,USD,OP-489330,13-Aug-2022,N/A,N/A
BBVA MÉXICO,3401614.16,USD,OP-652644,16/06/2023,N/A,N/A
GRUPO MÉXICO,5204178.5,USD,OP-161575,2022-06-02,"October 22, 2024",873
américa móvil,567365.89,USD,OP-734841,10/03/2021,N/A,N/A
FEMSA,7710512.49,EUR,OP-975317,24-May-2024,N/A,N/A
cemex,9881329.1,MXN,OP-325748,22-Jun-2021,18-Jan-2022,210
LIVERPOOL,7533822.19,USD,OP-797017,24/10/2021,2023-02-17,481
grupo méxico,9094360.02,USD,OP-498125,24-May-2018,"September 01, 2019",465
BBVA MÉXICO,1670300.77,USD,OP-464358,25/09/2024,09-Jul-2025,287
BBVA MÉXICO,9774338.18,EUR,OP-972960,2023-09-16,N/A,N/A
GRUPO BIMBO,6674351.31,USD,OP-602408,"July 28, 2022",2022-12-14,139
grupo carso,2319438.03,MXN,OP-242575,17-Feb-2021,N/A,N/A
telmex,4237103.85,USD,OP-508948,"December 22, 2022",2024-04-30,495
pemex,5829492.56,USD,OP-857137,"August 30, 2021",N/A,N/A
GRUPO CARSO,7218235.9,MXN,OP-595220,2024-08-31,N/A,N/A
FEMSA,6643727.63,EUR,OP-540750,03/06/2020,N/A,N/A
AMÉRICA MÓVIL,6671991.78,MXN,OP-631464,19-Aug-2017,28/12/2022,1957
soriana,6840109.46,MXN,OP-254344,04/04/2025,05-Jul-2025,92
TELMEX,388229.05,MXN,OP-309127,2020-02-07,N/A,N/A
grupo carso,9816381.97,EUR,OP-386308,25/02/2022,N/A,N/A
pemex,6954974.31,USD,OP-256419,"May 23, 2023",21/11/2023,182
LIVERPOOL,2639044.65,EUR,OP-287152,17/10/2015,2017-11-12,757
grupo bimbo,7260905.34,EUR,OP-501188,2023-07-27,N/A,N/A
WALMART DE MÉXICO,1646989.35,USD,OP-182397,2019-10-05,N/A,N/A
pemex,5864861.35,USD,OP-156703,2020-12-01,N/A,N/A
GRUPO CARSO,6638027.25,EUR,OP-325107,07-Jan-2022,N/A,N/A
BANORTE,5403325.19,MXN,OP-637851,24-Jan-2020,N/A,N/A
PEMEX,116751.63,EUR,OP-903901,"November 18, 2015",27/02/2017,467
TELMEX,6418600.63,USD,OP-751786,04-Jan-2025,N/A,N/A
walmart de méxico,5819620.06,USD,OP-970183,"December 16, 2020",N/A,N/A
LIVERPOOL,8740494.27,EUR,OP-298615,"December 23, 2015",2018-11-03,1046
banorte,4702585.45,EUR,OP-882260,01-Dec-2024,N/A,N/A
GRUPO BIMBO,4519374.18,MXN,OP-295863,22-Aug-2024,16-Jun-2025,298
grupo méxico,586368.88,MXN,OP-750632,2016-08-08,N/A,N/A
grupo lala,5096429.35,EUR,OP-324444,25-Apr-2024,N/A,N/A
banorte,1807576.12,MXN,OP-981564,02/06/2022,N/A,N/A
LIVERPOOL,3647693.16,EUR,OP-483205,2021-05-31,N/A,N/A
pemex,8216726.38,MXN,OP-738498,21/06/2022,N/A,N/A
liverpool,7496452.86,EUR,OP-270213,"October 10, 2021",N/A,N/A
GRUPO LALA,3689019.08,USD,OP-402840,2024-05-16,N/A,N/A
BANORTE,5349641.33,MXN,OP-302162,04/04/2021,N/A,N/A
CEMEX,5037089.73,USD,OP-684581,2017-03-22,2024-12-02,2812
pemex,9067243.93,USD,OP-760091,2022-11-22,N/A,N/A
GRUPO LALA,3938328.53,MXN,OP-300969,"October 04, 2019",N/A,N/A
grupo lala,3968104.76,USD,OP-404114,08-Jul-2020,29-Dec-2021,539
FEMSA,3681196.7,USD,OP-840913,"February 27, 2018",12-Jan-2023,1780
soriana,5024327.61,USD,OP-423252,17-Mar-2021,N/A,N/A
américa móvil,6120736.44,EUR,OP-868019,2015-09-28,N/A,N/A
BANORTE,2219500.66,USD,OP-348710,"July 20, 2023",N/A,N/A
WALMART DE MÉXICO,380942.59,EUR,OP-641310,06/08/2022,N/A,N/A
WALMART DE MÉXICO,3929468.13,USD,OP-912606,2024-02-05,N/A,N/A
walmart de méxico,4351418.81,EUR,OP-733687,07-Sep-2017,"January 16, 2023",1957
AMÉRICA MÓVIL,1952142.11,MXN,OP-874439,14/08/2020,"August 03, 2024",1450
grupo bimbo,4717800.44,MXN,OP-990402,06/02/2019,N/A,N/A
CEMEX,7990646.93,MXN,OP-987698,12/11/2015,18/08/2016,251
américa móvil,3707514.72,MXN,OP-424823,"June 14, 2025",N/A,N/A
BBVA MÉXICO,7287459.6,EUR,OP-598238,2022-10-12,N/A,N/A
banorte,9393567.93,EUR,OP-855589,28/02/2024,N/A,N/A
TELMEX,2509268.37,MXN,OP-996132,15-Apr-2022,04-Mar-2025,1054
GRUPO MÉXICO,5950258.23,MXN,OP-318712,27-Apr-2021,N/A,N/A
grupo lala,5931987.92,EUR,OP-737023,"December 29, 2024",N/A,N/A
cemex,7593768.09,USD,OP-962208,"October 02, 2017",N/A,N/A
soriana,9666724.08,MXN,OP-532948,"January 28, 2017",N/A,N/A
banorte,2090790.96,MXN,OP-950490,21/10/2023,N/A,N/A
bbva méxico,6957081.36,MXN,OP-582517,2015-10-18,N/A,N/A
walmart de méxico,939240.75,EUR,OP-459079,19/09/2019,N/A,N/A
soriana,9457084.09,EUR,OP-405456,2021-10-03,2025-03-08,1252
GRUPO BIMBO,390216.58,USD,OP-580799,"March 24, 2016","December 17, 2016",268
soriana,812983.26,EUR,OP-775340,14-Oct-2021,N/A,N/A
SORIANA,7183683.7,USD,OP-825760,2019-06-02,N/A,N/A
ALSEA,4447608.33,MXN,OP-558825,"November 06, 2024",N/A,N/A
grupo méxico,8303808.15,EUR,OP-785295,03/08/2023,N/A,N/A
grupo méxico,8383847.82,MXN,OP-527115,28/03/2020,N/A,N/A
femsa,6884155.08,USD,OP-986348,21/04/2025,N/A,N/A
LIVERPOOL,9490430.49,MXN,OP-397820,2021-09-06,N/A,N/A
alsea,8805008.87,EUR,OP-520193,27/03/2017,2024-10-27,2771
soriana,1101162.99,EUR,OP-655854,2025-03-21,N/A,N/A
grupo carso,7087891.37,MXN,OP-223207,"January 13, 2025",N/A,N/A
WALMART DE MÉXICO,7686152.29,USD,OP-283983,2016-05-24,N/A,N/A
soriana,8539813.89,MXN,OP-300227,"October 23, 2015",02-Mar-2020,1592
SORIANA,8159424.31,EUR,OP-535107,08-Apr-2016,N/A,N/A
GRUPO CARSO,3537777.14,EUR,OP-897084,"November 19, 2017",N/A,N/A
alsea,2606417.57,MXN,OP-768166,"January 26, 2018",21/06/2025,2703
WALMART DE MÉXICO,1156635.11,USD,OP-184538,"May 09, 2024",N/A,N/A
LIVERPOOL,7697794.98,USD,OP-214932,28-Jul-2019,N/A,N/A
GRUPO BIMBO,9132177.09,EUR,OP-158536,04-Apr-2016,"September 04, 2018",883
cemex,2977204.67,EUR,OP-426266,"February 28, 2016",2020-06-07,1561
LIVERPOOL,942703.35,EUR,OP-305031,15-Oct-2015,25-May-2016,223
telmex,4660294.92,MXN,OP-466544,"September 30, 2020",N/A,N/A
grupo bimbo,6364985.5,EUR,OP-302145,14/12/2015,N/A,N/A
GRUPO MÉXICO,377477.2,MXN,OP-869916,31/08/2022,2024-11-24,816
grupo carso,4072420.66,USD,OP-586985,17-Jun-2021,N/A,N/A
CEMEX,4559747.96,USD,OP-182973,"June 10, 2021",27/06/2024,1113
grupo bimbo,6315756.08,EUR,OP-714041,"October 12, 2016","June 15, 2025",3168
LIVERPOOL,6249850.74,MXN,OP-391738,13-Jul-2020,"August 02, 2021",385
TELMEX,9333222.5,EUR,OP-811958,05-Oct-2016,"September 06, 2021",1797
TELMEX,6994483.35,EUR,OP-900081,25/02/2023,N/A,N/A
SORIANA,5985466.29,MXN,OP-931575,12-Aug-2024,N/A,N/A
alsea,210836.46,USD,OP-322416,14-Dec-2017,N/A,N/A
ALSEA,1154086.17,MXN,OP-713072,09/10/2015,"June 05, 2019",1364
femsa,3385936.81,EUR,OP-634726,13-Dec-2019,07/10/2023,1305
liverpool,9822462.58,USD,OP-287688,01/05/2023,"April 16, 2025",832
grupo méxico,5728068.7,MXN,OP-357751,29/05/2025,N/A,N/A
GRUPO LALA,8316787.09,EUR,OP-542315,"March 23, 2019",N/A,N/A
CEMEX,4327038.72,EUR,OP-598419,25-Nov-2020,N/A,N/A
telmex,5549248.38,MXN,OP-993871,17-Oct-2022,N/A,N/A
FEMSA,5504302.91,EUR,OP-965303,14/02/2021,N/A,N/A
alsea,3977284.08,USD,OP-978800,2021-12-16,N/A,N/A
soriana,5797812.77,MXN,OP-496132,2021-02-14,N/A,N/A
pemex,8742825.92,USD,OP-300390,2024-05-10,2025-02-02,268
ALSEA,1606380.24,MXN,OP-124969,2025-06-27,N/A,N/A
LIVERPOOL,5117777.12,EUR,OP-434326,2025-05-10,N/A,N/A
BBVA MÉXICO,3677984.53,EUR,OP-763387,28-Aug-2024,N/A,N/A
grupo carso,1126710.73,USD,OP-146361,29-Jan-2021,N/A,N/A
LIVERPOOL,4256910.26,EUR,OP-503042,08-Jun-2016,N/A,N/A
grupo méxico,875715.85,USD,OP-245120,24-May-2023,N/A,N/A
walmart de méxico,9693994.31,EUR,OP-277437,"November 17, 2015","February 11, 2019",1182
telmex,4755152.05,USD,OP-330030,28/05/2019,2025-07-09,2234
américa móvil,832100.38,MXN,OP-512098,"January 18, 2022",N/A,N/A
ALSEA,7424470.96,MXN,OP-468100,12-Apr-2022,N/A,N/A
liverpool,3895488.81,USD,OP-381079,2017-11-30,31-Dec-2020,1127
GRUPO MÉXICO,2833219.42,EUR,OP-526603,24-Jan-2025,N/A,N/A
SORIANA,5603896.72,MXN,OP-226304,27/04/2022,N/A,N/A
GRUPO BIMBO,9924461.29,EUR,OP-763115,20/05/2019,N/A,N/A
liverpool,4686077.63,USD,OP-811538,16-Feb-2019,26/08/2020,557
grupo bimbo,9608029.9,EUR,OP-736270,12/05/2016,07-Mar-2021,1553
PEMEX,7826395.61,EUR,OP-156235,2017-05-01,N/A,N/A
GRUPO CARSO,5590605.0,EUR,OP-500200,2016-01-11,N/A,N/A
PEMEX,8311009.55,EUR,OP-382453,24-May-2017,N/A,N/A
FEMSA,8959338.9,USD,OP-252393,15/01/2024,N/A,N/A
femsa,3817665.15,EUR,OP-423505,2019-11-23,N/A,N/A
AMÉRICA MÓVIL,8054371.78,MXN,OP-149153,"September 09, 2023",23/07/2025,683
ALSEA,7073724.86,EUR,OP-929755,"February 09, 2018",26-Feb-2022,1478
femsa,3204311.07,USD,OP-649116,"May 31, 2016",2023-11-23,2732
SORIANA,3389048.79,USD,OP-251853,2022-05-17,N/A,N/A
femsa,2431807.05,MXN,OP-580248,05-Feb-2018,2024-08-09,2377
TELMEX,8904964.23,USD,OP-137999,04-Nov-2016,11-Oct-2023,2532
CEMEX,3219063.96,MXN,OP-376878,22-Nov-2017,N/A,N/A
bbva méxico,4003591.85,USD,OP-303166,10-Jan-2022,N/A,N/A
grupo carso,4895297.0,MXN,OP-584564,18/11/2017,19/07/2022,1704
GRUPO CARSO,5117728.94,USD,OP-560747,"March 07, 2021","April 11, 2024",1131
alsea,2025765.5,EUR,OP-347138,2018-02-26,"November 27, 2020",1005
GRUPO LALA,9815239.67,EUR,OP-742051,11-Feb-2018,N/A,N/A
GRUPO BIMBO,5133058.85,USD,OP-644565,"April 15, 2024",N/A,N/A
cemex,2178013.78,USD,OP-316156,2025-07-16,N/A,N/A
AMÉRICA MÓVIL,7035564.22,EUR,OP-508684,16-Jul-2019,N/A,N/A
walmart de méxico,6027277.42,EUR,OP-218137,2021-05-24,14/02/2025,1362
telmex,5593356.12,EUR,OP-119241,15/08/2016,19/12/2019,1221
WALMART DE MÉXICO,9608925.33,USD,OP-791513,04-Jun-2021,N/A,N/A
GRUPO LALA,7989869.42,USD,OP-280692,"July 23, 2020",N/A,N/A
américa móvil,1278647.72,MXN,OP-719139,07-Nov-2019,N/A,N/A
femsa,7214937.44,USD,OP-920449,07/06/2019,"January 02, 2022",911
GRUPO CARSO,9783458.77,MXN,OP-123270,12/09/2021,N/A,N/A
TELMEX,7964228.06,EUR,OP-396172,2022-03-18,N/A,N/A
soriana,8397806.74,EUR,OP-345323,02-Feb-2021,N/A,N/A
GRUPO MÉXICO,1171182.06,EUR,OP-751551,06/03/2025,N/A,N/A
GRUPO LALA,3574429.39,USD,OP-732760,"August 07, 2016","July 02, 2021",1790
BANORTE,4081058.74,MXN,OP-972536,"November 23, 2016",2018-10-06,682
grupo lala,6966540.75,EUR,OP-880464,18-May-2016,N/A,N/A
grupo lala,1346612.77,EUR,OP-115508,"July 18, 2022",N/A,N/A
GRUPO BIMBO,2357501.16,MXN,OP-621461,"April 27, 2017",N/A,N/A
américa móvil,7007567.25,USD,OP-453197,09-Oct-2017,N/A,N/A
liverpool,9509181.42,EUR,OP-831849,2023-10-01,N/A,N/A
telmex,5286706.44,MXN,OP-254920,04-Jun-2017,N/A,N/A
grupo lala,3393712.84,USD,OP-788116,"May 17, 2016",N/A,N/A
bbva méxico,8608194.19,EUR,OP-371788,"June 09, 2017",2021-10-16,1590
pemex,7508466.8,EUR,OP-516734,"June 10, 2020",29-May-2023,1083
TELMEX,8179661.53,MXN,OP-313314,08-Dec-2021,N/A,N/A
BANORTE,3135337.09,USD,OP-382142,"February 27, 2022",28/06/2023,486
grupo méxico,7042882.72,MXN,OP-820091,2017-03-25,N/A,N/A
pemex,7536430.97,USD,OP-975986,07-Dec-2021,N/A,N/A
GRUPO LALA,3556032.67,EUR,OP-405913,"March 15, 2025",N/A,N/A
WALMART DE MÉXICO,9732770.04,USD,OP-362426,2024-04-13,21/08/2025,495
CEMEX,5691092.48,EUR,OP-799906,15-Sep-2016,2023-01-06,2304
grupo carso,7571517.46,EUR,OP-139921,14/03/2019,N/A,N/A
GRUPO CARSO,7640113.47,MXN,OP-643513,14-Mar-2023,"May 21, 2025",799
telmex,2774712.58,MXN,OP-879545,18-Dec-2021,N/A,N/A
pemex,204379.97,USD,OP-609571,"March 05, 2023",N/A,N/A
walmart de méxico,9386704.62,EUR,OP-105718,"February 16, 2023",19/10/2023,245
grupo méxico,5840675.52,MXN,OP-195278,2017-12-08,"July 19, 2024",2415
grupo lala,1057582.23,MXN,OP-689792,19-Apr-2020,24-Sep-2022,888
alsea,5182183.33,MXN,OP-222193,2022-10-05,N/A,N/A
cemex,8866218.26,USD,OP-893760,2020-03-06,03/02/2023,1091
CEMEX,9060312.92,EUR,OP-786086,19-Apr-2022,N/A,N/A
GRUPO CARSO,4399997.09,USD,OP-380565,2021-03-10,N/A,N/A
FEMSA,3735510.5,USD,OP-600334,03/12/2020,05/04/2024,1514
TELMEX,6506354.95,USD,OP-550634,13-Nov-2019,N/A,N/A
TELMEX,116604.67,MXN,OP-527952,2019-08-03,2019-09-02,30
cemex,1689159.71,EUR,OP-982125,"February 10, 2021",N/A,N/A
liverpool,1413418.42,EUR,OP-404495,"November 11, 2016",N/A,N/A
GRUPO MÉXICO,5620558.82,MXN,OP-955907,"December 22, 2020",N/A,N/A
soriana,5159012.39,EUR,OP-739749,"September 09, 2022",N/A,N/A
ALSEA,115156.16,MXN,OP-759441,2016-07-13,02-Nov-2018,842
CEMEX,2194608.13,USD,OP-244835,2020-03-08,N/A,N/A
LIVERPOOL,6906802.12,USD,OP-819986,"April 19, 2021",N/A,N/A
BBVA MÉXICO,3892689.63,EUR,OP-482171,2021-11-27,N/A,N/A
LIVERPOOL,1430374.51,USD,OP-735537,23/08/2024,N/A,N/A
américa móvil,8057836.04,EUR,OP-238456,"August 11, 2025",N/A,N/A
ALSEA,9369078.32,USD,OP-613031,2022-07-24,N/A,N/A
grupo carso,5971353.09,EUR,OP-254338,18/07/2017,2019-01-11,542
BBVA MÉXICO,2852327.16,USD,OP-128420,"May 15, 2023",N/A,N/A
pemex,2056928.12,USD,OP-553166,06/03/2017,23-Oct-2018,507
LIVERPOOL,8526273.86,MXN,OP-428713,01-Oct-2023,N/A,N/A
GRUPO CARSO,3918057.02,EUR,OP-981876,2022-08-11,N/A,N/A
WALMART DE MÉXICO,282989.77,MXN,OP-703344,13-Jun-2017,"July 30, 2017",47
liverpool,6878261.77,EUR,OP-287470,24/07/2023,N/A,N/A
américa móvil,9351353.55,USD,OP-764541,03/03/2024,N/A,N/A
grupo lala,7671202.85,USD,OP-545141,"March 13, 2020",N/A,N/A
liverpool,1318253.23,EUR,OP-766664,10-Aug-2021,N/A,N/A
SORIANA,4083026.71,EUR,OP-238203,"September 12, 2019",N/A,N/A
TELMEX,9255394.69,EUR,OP-348540,20-Apr-2021,N/A,N/A
pemex,5878443.3,MXN,OP-393987,10/10/2021,13/04/2024,916
TELMEX,6904746.48,MXN,OP-519689,21-Apr-2017,11-Sep-2023,2334
WALMART DE MÉXICO,7214820.81,EUR,OP-436232,06-Jan-2020,"May 27, 2022",872
grupo bimbo,493529.82,EUR,OP-483829,13/12/2021,N/A,N/A
américa móvil,7660203.93,MXN,OP-721977,06-Aug-2021,2021-10-10,65
pemex,9617411.15,MXN,OP-126129,02/12/2018,N/A,N/A
grupo bimbo,3406999.15,EUR,OP-581698,20-Mar-2024,N/A,N/A
telmex,5293392.04,MXN,OP-683704,14-Dec-2018,N/A,N/A
FEMSA,6080922.31,USD,OP-360041,21/01/2020,N/A,N/A
WALMART DE MÉXICO,5056959.91,USD,OP-170634,"November 01, 2023",N/A,N/A
liverpool,3085134.06,USD,OP-658937,2025-01-09,N/A,N/A
liverpool,2064074.42,USD,OP-130736,25-Feb-2018,N/A,N/A
telmex,8969852.05,EUR,OP-233599,02/10/2022,N/A,N/A
GRUPO LALA,1196687.27,USD,OP-358555,25-Jul-2018,"October 10, 2024",2269
pemex,3242407.36,EUR,OP-261021,18/10/2020,15-Jan-2025,1550
américa móvil,7764561.68,EUR,OP-357186,"February 11, 2022",N/A,N/A
LIVERPOOL,2364089.01,MXN,OP-283417,"June 04, 2021","November 05, 2021",154
GRUPO CARSO,5161344.0,MXN,OP-176712,"February 19, 2020",2022-04-26,797
WALMART DE MÉXICO,1805380.22,EUR,OP-927354,2017-01-30,N/A,N/A
GRUPO BIMBO,6365832.7,EUR,OP-563189,2018-08-19,2025-04-02,2418
LIVERPOOL,9955996.9,EUR,OP-619279,"June 28, 2023",N/A,N/A
FEMSA,4167363.34,USD,OP-699295,2019-05-03,28/04/2023,1456
liverpool,670606.86,MXN,OP-401131,"November 26, 2024","April 17, 2025",142
grupo bimbo,2646187.5,MXN,OP-397713,24-Oct-2019,N/A,N/A
alsea,427326.84,USD,OP-234162,16/12/2018,N/A,N/A
pemex,6477130.65,MXN,OP-354471,28/07/2023,N/A,N/A
CEMEX,5951663.71,USD,OP-835928,24/10/2023,2024-05-22,211
GRUPO MÉXICO,9954962.89,USD,OP-340781,"March 25, 2025",N/A,N/A
TELMEX,6962874.41,MXN,OP-515349,07-Sep-2020,N/A,N/A
GRUPO CARSO,5703442.58,EUR,OP-191096,04-Nov-2017,05-Jul-2020,974
pemex,9851476.5,USD,OP-958148,2020-05-08,N/A,N/A
AMÉRICA MÓVIL,7872117.88,EUR,OP-203457,"November 03, 2016",13/08/2023,2474
AMÉRICA MÓVIL,1812903.35,USD,OP-502628,31-Jan-2022,N/A,N/A
GRUPO CARSO,2536579.48,MXN,OP-218575,"May 01, 2016","April 24, 2024",2915
grupo lala,337605.05,EUR,OP-524729,20-Oct-2024,N/A,N/A
GRUPO CARSO,298254.92,MXN,OP-589905,19-Jul-2023,N/A,N/A
grupo carso,3195869.15,EUR,OP-158860,07-Dec-2022,N/A,N/A
américa móvil,602468.58,USD,OP-646392,12/01/2017,19-Aug-2025,2818
bbva méxico,4775560.43,EUR,OP-100101,2024-04-30,N/A,N/A
ALSEA,3781684.88,EUR,OP-594039,10-Mar-2016,2021-08-28,1997
bbva méxico,8917500.36,USD,OP-565842,2020-02-19,N/A,N/A
GRUPO CARSO,2971663.53,EUR,OP-226803,09/05/2019,N/A,N/A
TELMEX,5070167.55,EUR,OP-564392,27/08/2023,N/A,N/A
GRUPO MÉXICO,8879685.96,MXN,OP-393345,2018-03-15,26/04/2025,2599
TELMEX,4194295.84,MXN,OP-816521,01/06/2023,N/A,N/A
femsa,5770700.65,USD,OP-856013,28/09/2024,N/A,N/A
banorte,7784387.29,EUR,OP-512909,"September 02, 2017",N/A,N/A
ALSEA,8318247.8,MXN,OP-637763,23-Dec-2022,N/A,N/A
PEMEX,9268358.38,MXN,OP-631464,06-Oct-2017,N/A,N/A
femsa,145989.08,EUR,OP-943898,23-Mar-2020,N/A,N/A
BANORTE,2611209.74,USD,OP-255456,2016-04-03,"August 16, 2023",2691
telmex,6633244.79,USD,OP-315520,22-Jan-2025,N/A,N/A
GRUPO LALA,6959588.26,MXN,OP-854412,2018-09-23,N/A,N/A
GRUPO LALA,899811.95,MXN,OP-367013,2022-12-02,N/A,N/A
liverpool,739134.5,USD,OP-671368,11-Sep-2020,N/A,N/A
CEMEX,4309231.58,MXN,OP-886711,"April 23, 2020",29/01/2023,1011
grupo carso,3996631.88,EUR,OP-651670,"January 19, 2018",N/A,N/A
soriana,8057839.81,EUR,OP-587745,"April 03, 2025",N/A,N/A
banorte,4890483.95,MXN,OP-753493,2016-11-29,N/A,N/A
GRUPO MÉXICO,4450479.41,MXN,OP-373788,12-Mar-2016,"January 12, 2023",2497
grupo lala,1748347.36,MXN,OP-499468,14/12/2016,"November 01, 2023",2513
américa móvil,5058861.42,EUR,OP-392994,31-Dec-2016,08-Oct-2019,1011
GRUPO CARSO,2087058.08,MXN,OP-603828,18/02/2018,2021-12-17,1398
pemex,1364492.47,USD,OP-385723,31/12/2021,N/A,N/A
liverpool,6015660.93,MXN,OP-446289,2024-04-04,N/A,N/A
grupo bimbo,9985843.18,USD,OP-692354,12-Jul-2016,26-Nov-2016,137
GRUPO CARSO,1031939.34,USD,OP-792800,2024-12-01,N/A,N/A
grupo méxico,4784887.59,MXN,OP-690758,28-Jun-2024,N/A,N/A
banorte,804451.51,EUR,OP-775450,31-May-2017,22-Jun-2021,1483
SORIANA,2293958.89,EUR,OP-831845,23-Mar-2023,N/A,N/A
TELMEX,4090115.54,USD,OP-284739,12/07/2021,N/A,N/A
femsa,7831056.12,USD,OP-396951,"February 25, 2022",N/A,N/A
GRUPO LALA,6414799.63,USD,OP-862290,"August 04, 2019",N/A,N/A
CEMEX,4426337.25,USD,OP-424112,31-Mar-2018,N/A,N/A
américa móvil,9939038.93,USD,OP-776030,2024-02-25,N/A,N/A
soriana,3158877.33,EUR,OP-739033,2016-02-25,N/A,N/A
liverpool,5283594.74,USD,OP-649461,27-Sep-2019,N/A,N/A
ALSEA,6598825.95,MXN,OP-559485,2018-08-23,"September 30, 2024",2230
LIVERPOOL,5182881.15,MXN,OP-376763,2018-08-23,N/A,N/A
TELMEX,1363056.05,EUR,OP-441179,2016-08-15,N/A,N/A
TELMEX,6567362.35,EUR,OP-101377,14-May-2024,N/A,N/A
TELMEX,5272762.77,EUR,OP-192688,10-May-2022,"May 18, 2025",1104
banorte,7670599.07,EUR,OP-164565,"May 12, 2019",28-Sep-2023,1600
PEMEX,5096410.25,EUR,OP-822263,02/08/2016,10/04/2022,2430
FEMSA,6010417.43,USD,OP-777967,01-Oct-2017,27-Oct-2020,1122
telmex,5903384.85,USD,OP-639262,2019-01-03,N/A,N/A
bbva méxico,3279966.92,MXN,OP-299338,28-Jun-2019,N/A,N/A
PEMEX,8313295.38,MXN,OP-976830,2022-10-13,N/A,N/A
PEMEX,5445933.08,MXN,OP-445696,02/01/2025,N/A,N/A
grupo lala,9784002.35,EUR,OP-686134,2020-07-26,2024-01-12,1265
PEMEX,2678008.93,MXN,OP-842942,02/08/2017,24-Apr-2025,2997
telmex,3354399.36,EUR,OP-165551,11/03/2025,N/A,N/A
grupo carso,387527.89,USD,OP-981378,"January 10, 2023","February 26, 2024",412
ALSEA,9586741.67,EUR,OP-109466,26/04/2018,05-Jun-2022,1501
femsa,6518416.25,EUR,OP-428597,30-May-2023,2023-09-23,116
LIVERPOOL,2903262.73,EUR,OP-372177,01-Aug-2017,2020-04-12,985
américa móvil,8481513.84,USD,OP-749278,06-Mar-2020,14/10/2020,222
pemex,205574.59,MXN,OP-812071,02-Nov-2017,N/A,N/A
FEMSA,8687933.91,EUR,OP-671630,2018-10-05,2020-11-30,787
ALSEA,8969389.19,USD,OP-928305,03/03/2018,N/A,N/A
LIVERPOOL,9565246.12,EUR,OP-731734,"October 30, 2023",N/A,N/A
TELMEX,7403344.41,EUR,OP-375439,"September 03, 2022",N/A,N/A
pemex,8121773.87,EUR,OP-862175,14/05/2025,N/A,N/A
LIVERPOOL,5328305.15,USD,OP-962440,"March 24, 2020",N/A,N/A
walmart de méxico,5792205.22,EUR,OP-947216,03-Aug-2020,N/A,N/A
grupo méxico,4918559.08,EUR,OP-324870,13-Feb-2021,N/A,N/A
CEMEX,3542578.74,MXN,OP-452045,07/08/2016,N/A,N/A
bbva méxico,9225041.96,MXN,OP-902045,17-Oct-2016,"November 09, 2019",1118
GRUPO MÉXICO,833776.05,MXN,OP-661547,"July 10, 2024",N/A,N/A
ALSEA,2104611.4,USD,OP-390434,02/12/2019,24-Dec-2024,2142
ALSEA,1405471.65,EUR,OP-594900,"November 22, 2024",N/A,N/A
grupo méxico,2343480.47,USD,OP-738445,28/03/2017,14-Jul-2017,108
GRUPO BIMBO,5921606.44,EUR,OP-513812,14-Nov-2016,2019-07-02,960
LIVERPOOL,5777437.53,USD,OP-423063,2016-10-27,N/A,N/A
TELMEX,4832239.99,EUR,OP-407208,"January 14, 2023",N/A,N/A
femsa,1438899.3,MXN,OP-301785,11/09/2015,"July 12, 2023",2802
grupo carso,2650143.62,USD,OP-482061,"February 22, 2023",N/A,N/A
GRUPO BIMBO,4912983.67,MXN,OP-557155,"October 26, 2019",06/09/2020,227
BANORTE,2543566.16,USD,OP-255062,"May 15, 2020",N/A,N/A
BANORTE,4462521.75,EUR,OP-324407,"July 11, 2023",N/A,N/A
ALSEA,866703.98,MXN,OP-738009,"June 27, 2016","June 12, 2017",350
grupo carso,809497.18,USD,OP-676592,"September 17, 2022",20-Mar-2024,550
grupo carso,2430090.0,EUR,OP-774540,"May 22, 2016",10/07/2024,3060
américa móvil,5014230.88,EUR,OP-684997,14-Dec-2017,11/07/2024,2520
grupo carso,9373496.28,USD,OP-345679,12/12/2015,07/05/2020,1667
LIVERPOOL,8653903.22,USD,OP-423431,2025-05-20,N/A,N/A
alsea,6221286.17,MXN,OP-528384,"September 10, 2017",N/A,N/A
LIVERPOOL,5449863.1,EUR,OP-347965,10/03/2022,N/A,N/A
BBVA MÉXICO,3381973.0,MXN,OP-960473,"April 23, 2022",N/A,N/A
BBVA MÉXICO,2087695.53,USD,OP-843494,"January 06, 2019",N/A,N/A
liverpool,9354441.89,USD,OP-371322,2019-03-28,N/A,N/A
CEMEX,1473597.46,MXN,OP-600306,11-Sep-2022,N/A,N/A
walmart de méxico,4657838.36,EUR,OP-914667,"April 11, 2023",N/A,N/A
FEMSA,9141352.02,MXN,OP-543464,25-Jun-2020,N/A,N/A
AMÉRICA MÓVIL,2243930.01,EUR,OP-557254,2020-05-22,N/A,N/A
telmex,3419744.83,MXN,OP-874781,2016-05-03,13/10/2016,163
PEMEX,2537340.21,EUR,OP-350080,14/03/2023,N/A,N/A
pemex,3893686.87,EUR,OP-204969,"March 31, 2018",N/A,N/A
BANORTE,6598418.06,USD,OP-217927,08/01/2018,N/A,N/A
liverpool,6005421.43,EUR,OP-198507,2017-07-08,04/07/2022,1734
GRUPO LALA,3083773.62,EUR,OP-332536,14-Jul-2019,16/12/2019,155
CEMEX,7020354.64,MXN,OP-557608,2017-12-20,11/06/2018,321
FEMSA,3508549.31,EUR,OP-569968,24-Jun-2020,N/A,N/A
pemex,917632.08,MXN,OP-573234,19-Nov-2022,N/A,N/A
LIVERPOOL,4940811.35,EUR,OP-964677,"February 08, 2023",N/A,N/A
grupo méxico,1519563.39,MXN,OP-889606,18/12/2021,N/A,N/A
alsea,1681156.3,EUR,OP-335193,14-Dec-2018,N/A,N/A
bbva méxico,7404497.32,MXN,OP-439770,2024-07-27,28-Jul-2025,366
BBVA MÉXICO,1629268.25,EUR,OP-802045,09/06/2020,N/A,N/A
pemex,3762286.53,EUR,OP-739255,"March 19, 2025",N/A,N/A
BANORTE,1189730.61,USD,OP-243657,26-Jan-2024,N/A,N/A
GRUPO LALA,8418946.87,USD,OP-374506,"April 17, 2018","April 21, 2018",4
GRUPO MÉXICO,2382234.42,MXN,OP-362890,19-Jun-2021,N/A,N/A
telmex,8799534.94,USD,OP-195934,05/04/2018,2019-09-01,485
GRUPO LALA,9923325.12,MXN,OP-930944,"November 23, 2018",N/A,N/A
grupo méxico,7441729.62,USD,OP-630203,2018-05-08,N/A,N/A
soriana,1766992.19,EUR,OP-761965,15-Sep-2015,2024-01-01,3030
CEMEX,4815448.7,EUR,OP-350056,16-Dec-2022,N/A,N/A
walmart de méxico,3197902.74,USD,OP-464647,15-May-2017,21-Dec-2019,950
walmart de méxico,1025154.2,USD,OP-953402,05-Nov-2020,N/A,N/A
GRUPO BIMBO,9802390.61,MXN,OP-310383,19-Jun-2016,14/09/2022,2278
pemex,2905556.04,MXN,OP-240260,"November 10, 2017",N/A,N/A
BANORTE,7335994.46,EUR,OP-652239,23/10/2017,"May 23, 2020",943
femsa,7163183.54,USD,OP-508369,2021-07-04,N/A,N/A
WALMART DE MÉXICO,7377321.92,MXN,OP-533213,18-Sep-2016,N/A,N/A
grupo bimbo,3086256.27,MXN,OP-663468,2018-03-15,09/04/2021,1269
ALSEA,2250873.39,USD,OP-169593,2015-08-27,22-Sep-2017,757
BANORTE,6766190.65,USD,OP-117958,2015-10-20,01-Mar-2023,2689
ALSEA,1392707.05,USD,OP-833257,02/12/2021,N/A,N/A
grupo lala,9595723.41,USD,OP-409916,2022-10-04,N/A,N/A
PEMEX,8581246.56,EUR,OP-503010,2022-07-15,N/A,N/A
TELMEX,7559291.17,EUR,OP-354793,08-Aug-2021,2023-08-23,745
SORIANA,6526413.53,MXN,OP-847168,2019-02-02,2024-11-10,2108
PEMEX,9907922.01,EUR,OP-430592,"August 06, 2020","June 29, 2021",327
LIVERPOOL,8547546.29,EUR,OP-143132,2025-05-08,N/A,N/A
cemex,4792432.2,EUR,OP-420249,11-Sep-2017,"January 28, 2024",2330
ALSEA,8750878.73,USD,OP-747521,"October 18, 2019",N/A,N/A
GRUPO BIMBO,1783767.44,USD,OP-674676,2017-09-12,2017-12-25,104
bbva méxico,3271793.98,USD,OP-792175,20-Jan-2018,16-Aug-2025,2765
GRUPO LALA,2499040.27,EUR,OP-670693,"May 17, 2020","January 19, 2022",612
GRUPO LALA,9803391.32,EUR,OP-678986,03-Nov-2022,N/A,N/A
cemex,5776890.15,MXN,OP-644838,2025-08-03,N/A,N/A
LIVERPOOL,896444.58,MXN,OP-159619,2022-02-18,N/A,N/A
cemex,3843507.97,MXN,OP-329575,"January 18, 2017",15-Jul-2024,2735
telmex,6583693.16,MXN,OP-777277,01-Jan-2025,N/A,N/A
cemex,8213931.64,EUR,OP-903512,22/07/2017,"September 02, 2018",407
FEMSA,7307458.41,MXN,OP-148453,06/12/2017,N/A,N/A
walmart de méxico,5658452.04,USD,OP-409464,"November 07, 2024",N/A,N/A
telmex,7208639.67,EUR,OP-556368,2021-07-24,15-Aug-2025,1483
grupo méxico,2870166.36,EUR,OP-489765,08-Nov-2017,21-May-2023,2020
telmex,2842045.53,USD,OP-636801,"February 25, 2022","December 03, 2024",1012
grupo lala,418886.18,MXN,OP-975142,04/06/2017,03/09/2018,337
liverpool,2054451.46,EUR,OP-477942,"September 07, 2019",N/A,N/A
GRUPO CARSO,1110806.29,USD,OP-285306,2017-12-20,N/A,N/A
WALMART DE MÉXICO,1030660.17,EUR,OP-557042,2019-10-12,N/A,N/A
GRUPO CARSO,2224076.49,MXN,OP-677746,"January 18, 2021",N/A,N/A
liverpool,4504237.72,EUR,OP-888061,2024-02-24,N/A,N/A
bbva méxico,2517211.28,EUR,OP-332231,11-Dec-2022,N/A,N/A
GRUPO LALA,7344032.9,MXN,OP-633681,"January 15, 2025",N/A,N/A
liverpool,3615219.57,EUR,OP-306140,2021-08-20,N/A,N/A
alsea,5700845.65,MXN,OP-132728,2019-02-26,N/A,N/A
soriana,7926563.97,MXN,OP-312434,"October 21, 2021",N/A,N/A
GRUPO LALA,8988722.1,MXN,OP-860706,"January 31, 2017",N/A,N/A
cemex,5208152.04,EUR,OP-680850,2023-01-11,09/03/2024,601
GRUPO LALA,6174200.58,MXN,OP-803955,"February 13, 2018",N/A,N/A
TELMEX,1429696.41,MXN,OP-116050,"April 11, 2025",N/A,N/A
soriana,7199038.08,MXN,OP-609101,"October 11, 2016",10-Apr-2021,1642
AMÉRICA MÓVIL,9034650.59,MXN,OP-148441,"April 16, 2017",2024-02-16,2497
GRUPO BIMBO,9433661.21,MXN,OP-836891,"April 29, 2023",N/A,N/A
GRUPO MÉXICO,7781307.89,EUR,OP-506145,01/05/2019,N/A,N/A
ALSEA,3315715.53,USD,OP-928409,2023-10-25,N/A,N/A
ALSEA,7348735.75,EUR,OP-937713,16/11/2018,2025-07-30,2448
PEMEX,5427661.45,USD,OP-865474,01-Dec-2018,N/A,N/A
bbva méxico,9953522.21,USD,OP-554547,"July 16, 2019","December 12, 2023",1610
FEMSA,2887337.33,USD,OP-898871,2019-10-31,N/A,N/A
CEMEX,7744894.03,MXN,OP-969601,03/03/2019,N/A,N/A
TELMEX,687680.1,MXN,OP-111820,2024-07-24,N/A,N/A
liverpool,4701399.68,MXN,OP-731439,29/02/2016,29-Sep-2022,2404
bbva méxico,6578034.9,USD,OP-304355,27/11/2016,N/A,N/A
grupo lala,266479.85,USD,OP-188082,26/04/2024,N/A,N/A
GRUPO CARSO,7995992.67,MXN,OP-859307,"November 29, 2022",N/A,N/A
CEMEX,4200063.36,USD,OP-187118,"July 09, 2019",N/A,N/A
PEMEX,8187900.99,MXN,OP-471873,2017-05-10,31/01/2021,1362
ALSEA,8871396.42,MXN,OP-792227,18-Jul-2019,28/04/2023,1380
GRUPO CARSO,7202004.68,EUR,OP-971282,17/03/2017,07-Jun-2025,3004
ALSEA,5794348.99,USD,OP-196769,"October 29, 2016",28-Apr-2025,3103
FEMSA,8331221.64,MXN,OP-218135,"December 13, 2021",N/A,N/A
WALMART DE MÉXICO,4387441.48,USD,OP-752085,2025-01-05,N/A,N/A
SORIANA,9344040.53,EUR,OP-970230,01/03/2023,N/A,N/A
grupo carso,504782.41,MXN,OP-621042,15/10/2016,"January 04, 2021",1542
grupo méxico,715388.44,EUR,OP-442588,15/10/2022,N/A,N/A
soriana,2482808.51,EUR,OP-925460,"November 23, 2023",05-Feb-2025,440
FEMSA,8420019.24,MXN,OP-299238,2016-08-06,17-Feb-2020,1290
ALSEA,6894937.51,MXN,OP-926600,12-Dec-2020,N/A,N/A
américa móvil,2784696.11,EUR,OP-192530,"July 24, 2020",2023-03-10,959
FEMSA,5455269.69,MXN,OP-890285,10-Mar-2023,N/A,N/A
femsa,3001334.73,EUR,OP-908041,04-Aug-2020,N/A,N/A
liverpool,3069342.69,EUR,OP-781998,"December 14, 2017",N/A,N/A
GRUPO LALA,122296.2,USD,OP-376163,2020-05-29,N/A,N/A
CEMEX,430801.66,USD,OP-433643,"December 17, 2022",N/A,N/A
grupo lala,4268717.57,EUR,OP-922077,03/10/2021,N/A,N/A
GRUPO BIMBO,4738994.27,EUR,OP-567950,2019-12-19,03/02/2023,1169
walmart de méxico,2135761.79,EUR,OP-553656,02-May-2016,20/11/2023,2758
bbva méxico,843060.0,USD,OP-739485,02/04/2017,29-Jun-2018,510
GRUPO CARSO,5045909.77,EUR,OP-509954,2024-04-20,N/A,N/A
liverpool,800979.86,USD,OP-818141,17/08/2021,N/A,N/A
femsa,2805912.08,USD,OP-736773,23/05/2019,25/02/2025,2105
walmart de méxico,980655.92,USD,OP-704205,2016-09-18,"April 14, 2025",3130
LIVERPOOL,5072780.9,USD,OP-938067,11/06/2020,N/A,N/A
GRUPO CARSO,9047514.84,MXN,OP-908999,"October 02, 2015",12/02/2021,2253
telmex,5455333.97,EUR,OP-619836,2025-03-26,N/A,N/A
femsa,6881734.43,USD,OP-919642,"July 14, 2020",N/A,N/A
FEMSA,3976360.04,EUR,OP-724146,17/05/2020,N/A,N/A
alsea,9837741.88,MXN,OP-820153,"November 29, 2019",N/A,N/A
FEMSA,8053291.8,USD,OP-843785,07-Oct-2021,15-Aug-2023,677
liverpool,6302085.67,USD,OP-757478,"July 09, 2024",N/A,N/A
SORIANA,5233841.18,USD,OP-142398,04/05/2024,N/A,N/A
liverpool,7180459.61,EUR,OP-499698,19-Dec-2015,15-Sep-2021,2097
américa móvil,7858465.29,USD,OP-960973,"June 02, 2021",N/A,N/A
FEMSA,6992062.96,MXN,OP-934549,21/05/2018,2024-07-15,2247
grupo carso,8678053.71,USD,OP-325083,07/01/2021,N/A,N/A
grupo bimbo,4361100.48,MXN,OP-502955,2018-12-07,N/A,N/A
GRUPO BIMBO,667912.77,EUR,OP-406410,2024-12-17,N/A,N/A
PEMEX,2657774.15,MXN,OP-793564,"March 30, 2020",N/A,N/A
soriana,3032493.89,USD,OP-234380,"February 13, 2017","January 06, 2024",2518
américa móvil,4635895.38,EUR,OP-163398,26-Sep-2018,N/A,N/A
pemex,4862280.19,EUR,OP-328073,02-Jul-2024,N/A,N/A
TELMEX,8998060.32,USD,OP-329994,2022-05-31,"September 06, 2022",98
PEMEX,7104124.81,EUR,OP-144369,10/12/2019,"July 21, 2023",1378
SORIANA,3407550.67,USD,OP-258991,"November 11, 2024",N/A,N/A
TELMEX,8891470.76,EUR,OP-846672,12/04/2019,2024-11-19,1812
soriana,1552711.34,MXN,OP-199852,2016-10-14,2024-08-25,2872
BBVA MÉXICO,4474155.78,EUR,OP-435983,2023-10-13,18/11/2023,36
WALMART DE MÉXICO,8919853.52,EUR,OP-638519,11/02/2024,N/A,N/A
banorte,467463.96,USD,OP-850339,2020-03-05,N/A,N/A
BANORTE,6782282.77,MXN,OP-892030,10/04/2024,N/A,N/A
FEMSA,2273801.65,MXN,OP-644918,03/02/2020,N/A,N/A
bbva méxico,599559.45,MXN,OP-202813,"January 26, 2020","September 14, 2022",962
soriana,8219135.45,EUR,OP-414010,04-Mar-2024,24/06/2025,477
alsea,7159736.41,MXN,OP-319971,2019-01-13,02/07/2020,390
américa móvil,6126952.14,USD,OP-584038,13-Jul-2018,16/07/2025,2560
BANORTE,2987691.0,EUR,OP-428432,2023-12-26,N/A,N/A
grupo méxico,2092560.63,EUR,OP-899468,2021-11-04,N/A,N/A
telmex,469564.5,USD,OP-811331,25/10/2023,N/A,N/A
soriana,4956872.56,MXN,OP-714517,2021-05-04,N/A,N/A
cemex,7597391.31,USD,OP-414159,"April 24, 2025",N/A,N/A
GRUPO BIMBO,2356774.79,USD,OP-761836,09-Oct-2015,N/A,N/A
soriana,2705400.12,MXN,OP-367158,23-Mar-2018,02/12/2021,1057
américa móvil,650461.77,EUR,OP-510026,17/09/2017,N/A,N/A
bbva méxico,4924808.83,USD,OP-318797,30/11/2016,N/A,N/A
grupo lala,6819904.98,USD,OP-307700,"November 19, 2020",N/A,N/A
grupo carso,7799104.37,EUR,OP-340727,06-Dec-2018,N/A,N/A
GRUPO BIMBO,5288308.19,EUR,OP-152002,"November 19, 2016",N/A,N/A
walmart de méxico,6934826.4,USD,OP-839086,13-Mar-2022,N/A,N/A
TELMEX,710698.51,EUR,OP-785762,25/03/2017,11/07/2022,2053
alsea,7018453.7,MXN,OP-317238,"February 06, 2017",N/A,N/A
grupo lala,2980667.61,USD,OP-491444,21-Jul-2021,N/A,N/A
soriana,5252641.83,USD,OP-295605,2023-06-02,2024-06-30,394
banorte,541528.1,MXN,OP-470772,2020-07-18,N/A,N/A
grupo bimbo,6752333.51,EUR,OP-995074,2017-03-19,"October 16, 2020",1307
GRUPO BIMBO,7611809.72,USD,OP-759598,2023-02-25,N/A,N/A
pemex,3370461.52,MXN,OP-749357,27-Aug-2019,2024-04-18,1696
cemex,1985189.05,EUR,OP-436007,"August 10, 2023",N/A,N/A
PEMEX,3763274.09,EUR,OP-491791,2018-01-08,N/A,N/A
GRUPO BIMBO,8677130.42,EUR,OP-476439,18-Dec-2023,N/A,N/A
grupo lala,6714328.05,USD,OP-605483,11/09/2022,N/A,N/A
grupo bimbo,7845748.6,MXN,OP-312799,03-Feb-2021,N/A,N/A
GRUPO MÉXICO,8680211.56,EUR,OP-136982,2020-01-05,N/A,N/A
TELMEX,8083677.5,USD,OP-588187,"May 05, 2021",25-Aug-2021,112
ALSEA,9795102.86,MXN,OP-172496,09/05/2025,N/A,N/A
walmart de méxico,819247.93,USD,OP-574913,2018-07-12,N/A,N/A
GRUPO LALA,949321.98,EUR,OP-439167,04-Jan-2023,N/A,N/A
grupo lala,9704625.95,EUR,OP-521711,18-Mar-2023,N/A,N/A
alsea,6598703.56,EUR,OP-696379,2015-08-26,2020-02-27,1646
TELMEX,4355023.63,MXN,OP-925265,12/04/2025,N/A,N/A
PEMEX,8812327.42,USD,OP-486304,"January 30, 2020",2024-10-12,1717
bbva méxico,2580944.44,USD,OP-436097,22/08/2018,2025-08-23,2558
FEMSA,4427936.73,EUR,OP-978344,"March 17, 2023",N/A,N/A
TELMEX,8118325.13,EUR,OP-722343,19-Apr-2024,N/A,N/A
pemex,6315358.48,MXN,OP-739557,"September 08, 2024",08-Apr-2025,212
alsea,259866.01,EUR,OP-892160,25/02/2021,N/A,N/A
CEMEX,2751074.32,EUR,OP-207548,"August 28, 2024",N/A,N/A
américa móvil,5214701.12,MXN,OP-917480,14/10/2024,N/A,N/A
ALSEA,9005154.07,USD,OP-746497,2021-12-05,29-Jul-2025,1332
banorte,2531330.93,EUR,OP-493453,27/05/2021,N/A,N/A
GRUPO LALA,486639.49,USD,OP-628672,21-Sep-2022,N/A,N/A
cemex,8460831.28,EUR,OP-119320,03-May-2022,N/A,N/A
soriana,2505542.65,MXN,OP-141085,17-May-2025,N/A,N/A
CEMEX,8103822.42,EUR,OP-798489,06/07/2020,N/A,N/A
banorte,7645839.41,EUR,OP-395823,09-Apr-2025,N/A,N/A
GRUPO LALA,3140599.32,EUR,OP-519986,10/10/2019,"August 02, 2021",662
grupo bimbo,3001318.68,EUR,OP-649085,"June 23, 2021",2025-08-11,1510
PEMEX,5312051.07,USD,OP-315163,22-May-2020,N/A,N/A
femsa,7392759.82,EUR,OP-517325,2025-08-07,N/A,N/A
FEMSA,2476681.19,MXN,OP-264098,06-Mar-2018,N/A,N/A
TELMEX,2178391.59,USD,OP-393179,24-Jul-2024,N/A,N/A
GRUPO BIMBO,4963249.75,USD,OP-622717,"September 06, 2015",2025-02-07,3442
SORIANA,1560013.99,USD,OP-642235,"February 01, 2019",2025-04-02,2252
femsa,6561525.05,MXN,OP-224967,08/04/2019,21/06/2020,322
grupo bimbo,8542338.37,EUR,OP-883210,2024-06-18,N/A,N/A
grupo carso,5663890.8,EUR,OP-431059,"June 03, 2021",N/A,N/A
walmart de méxico,7619887.61,MXN,OP-865657,20/07/2023,N/A,N/A
telmex,1834287.26,MXN,OP-118293,01/04/2019,"September 02, 2024",2068
cemex,1843259.93,EUR,OP-631138,"September 28, 2015",16-Mar-2017,535
GRUPO CARSO,9770466.08,USD,OP-785711,13/10/2018,N/A,N/A
soriana,7229426.55,EUR,OP-946831,03/03/2021,"January 27, 2023",695
américa móvil,8929151.73,EUR,OP-481423,2016-03-01,"April 01, 2022",2222
telmex,3270716.62,USD,OP-469331,"August 10, 2024",N/A,N/A
grupo carso,3596743.2,USD,OP-290882,12/02/2019,07/08/2021,584
FEMSA,823165.47,MXN,OP-337815,"April 03, 2018",N/A,N/A
bbva méxico,7792869.33,EUR,OP-665712,"May 26, 2023",03/05/2024,284
GRUPO LALA,8024712.17,MXN,OP-613115,"November 11, 2021",2023-05-03,538
CEMEX,7395967.16,USD,OP-640916,10-Feb-2025,N/A,N/A
AMÉRICA MÓVIL,9174553.74,EUR,OP-695552,2020-03-27,N/A,N/A
bbva méxico,1002578.05,USD,OP-867853,17-Oct-2022,N/A,N/A
pemex,920788.58,USD,OP-818947,05-Jun-2016,N/A,N/A
GRUPO CARSO,2797304.48,USD,OP-161555,13/01/2018,N/A,N/A
telmex,2325401.48,USD,OP-247651,06-Aug-2019,N/A,N/A
banorte,2193263.21,EUR,OP-394348,15/09/2019,N/A,N/A
banorte,5991541.1,EUR,OP-405882,"August 17, 2022",N/A,N/A
FEMSA,6775215.88,MXN,OP-637584,12/05/2021,"January 24, 2023",415
grupo méxico,376325.18,USD,OP-671933,"October 19, 2022",N/A,N/A
grupo carso,6745057.89,EUR,OP-969693,"June 17, 2021",05-Oct-2024,1206
GRUPO LALA,623950.54,EUR,OP-881032,2021-08-07,04/09/2023,610
PEMEX,3778290.25,MXN,OP-362952,03/08/2022,N/A,N/A
walmart de méxico,6481751.01,USD,OP-609691,"November 05, 2021",N/A,N/A
GRUPO LALA,6834576.39,USD,OP-494941,"February 28, 2019",N/A,N/A
CEMEX,5958548.46,USD,OP-651291,18-Feb-2022,N/A,N/A
BBVA MÉXICO,8769450.61,USD,OP-682718,"May 26, 2018",16-Jan-2020,600
GRUPO LALA,6742831.82,MXN,OP-242004,2022-04-27,N/A,N/A
GRUPO MÉXICO,751389.37,USD,OP-262856,2019-10-28,N/A,N/A
banorte,5964548.49,EUR,OP-553174,27/03/2022,N/A,N/A
soriana,313659.62,EUR,OP-679956,26-Apr-2018,"December 15, 2018",233
femsa,676230.48,EUR,OP-834520,"November 26, 2016",N/A,N/A
TELMEX,8842602.06,USD,OP-997429,09-Nov-2018,07/05/2019,238
liverpool,5159282.52,USD,OP-397523,06-Jun-2021,N/A,N/A
grupo bimbo,4748246.78,USD,OP-975772,"March 16, 2021",N/A,N/A
femsa,4129600.81,EUR,OP-967106,12/04/2020,N/A,N/A
FEMSA,9210289.38,USD,OP-871549,"November 15, 2021",05-Jun-2024,933
grupo carso,282334.38,USD,OP-566014,"July 03, 2022",N/A,N/A
AMÉRICA MÓVIL,6739176.57,USD,OP-862292,"February 27, 2016","February 27, 2022",2192
LIVERPOOL,857608.13,USD,OP-236853,29-Oct-2016,09-Oct-2018,710
GRUPO LALA,8308752.51,USD,OP-264399,01-Nov-2021,03/09/2024,859
ALSEA,3780642.67,MXN,OP-786536,"July 06, 2024",N/A,N/A
LIVERPOOL,2526624.01,EUR,OP-140863,2024-09-03,N/A,N/A
SORIANA,5175661.51,MXN,OP-700664,02/11/2018,N/A,N/A
FEMSA,8114681.06,EUR,OP-288355,2017-08-12,N/A,N/A
grupo méxico,3846197.58,MXN,OP-547293,"May 03, 2020",N/A,N/A
GRUPO LALA,6274726.82,MXN,OP-355563,2018-03-02,26/10/2022,1699
FEMSA,8779982.17,MXN,OP-145912,01-Mar-2021,N/A,N/A
soriana,3550681.6,USD,OP-446002,2023-04-19,"July 29, 2023",101
GRUPO BIMBO,8648108.22,MXN,OP-856536,21-Mar-2025,N/A,N/A
CEMEX,4667040.55,USD,OP-949761,2022-09-10,"August 16, 2023",340
FEMSA,9443043.34,EUR,OP-321058,2022-11-07,N/A,N/A
pemex,6148211.67,EUR,OP-346293,08/06/2019,N/A,N/A
AMÉRICA MÓVIL,4916664.92,EUR,OP-627410,2022-01-07,N/A,N/A
soriana,6072120.45,USD,OP-896866,11-Jun-2021,2022-03-17,279
grupo lala,1629744.55,EUR,OP-813980,2022-08-12,N/A,N/A
LIVERPOOL,3448880.83,EUR,OP-516600,"November 15, 2021",N/A,N/A
liverpool,4329935.82,USD,OP-225498,2016-01-28,"June 02, 2020",1587
GRUPO LALA,6479844.13,MXN,OP-244982,"July 23, 2019",N/A,N/A
cemex,1498095.24,EUR,OP-913924,03-Jan-2023,N/A,N/A
AMÉRICA MÓVIL,997130.74,MXN,OP-731381,"July 14, 2016",N/A,N/A
femsa,362749.89,MXN,OP-476438,2022-05-26,N/A,N/A
grupo carso,2391261.47,EUR,OP-628645,"February 24, 2019",25/02/2022,1097
alsea,7218476.27,MXN,OP-479404,06-Oct-2023,N/A,N/A
GRUPO BIMBO,8155851.52,USD,OP-269940,21/10/2020,06/08/2021,230
GRUPO MÉXICO,4087897.38,USD,OP-271220,28/06/2025,N/A,N/A
liverpool,8998375.71,USD,OP-880410,"July 21, 2024","July 25, 2024",4
telmex,9511188.64,MXN,OP-824172,"January 26, 2020",N/A,N/A
GRUPO CARSO,1763012.91,EUR,OP-654491,06/11/2020,03-Nov-2020,145
bbva méxico,9067167.98,MXN,OP-180491,2016-02-28,N/A,N/A
SORIANA,7314738.93,MXN,OP-776933,2018-12-10,"July 21, 2025",2415
femsa,8203951.79,MXN,OP-347122,2020-06-04,2023-03-23,1022
ALSEA,7720524.68,MXN,OP-621506,"April 09, 2017",N/A,N/A
TELMEX,856891.81,MXN,OP-805207,14-Feb-2020,N/A,N/A
GRUPO BIMBO,3990304.06,EUR,OP-200975,"August 02, 2025",N/A,N/A
cemex,8220591.24,EUR,OP-785372,04-Sep-2022,N/A,N/A
ALSEA,5098240.72,USD,OP-745864,2015-11-02,01/06/2025,3353
femsa,3061963.28,EUR,OP-511685,2023-01-02,N/A,N/A
LIVERPOOL,8592214.62,USD,OP-957711,30-Jun-2016,N/A,N/A
LIVERPOOL,5540228.75,USD,OP-589115,14/08/2020,N/A,N/A
cemex,1581445.75,USD,OP-777682,"October 03, 2016",18/04/2017,197
grupo lala,6287431.88,MXN,OP-107627,"August 14, 2017",20/07/2021,1436
BANORTE,1065067.57,USD,OP-253054,"March 03, 2021",N/A,N/A
cemex,6567140.42,EUR,OP-567176,16/10/2016,2020-11-21,1497
BBVA MÉXICO,1239764.86,USD,OP-855724,2021-12-10,N/A,N/A
BANORTE,6116810.12,USD,OP-422763,02/02/2022,N/A,N/A
GRUPO LALA,7704805.56,EUR,OP-646803,"November 11, 2018",N/A,N/A
grupo méxico,1745262.43,USD,OP-892075,"October 03, 2022",N/A,N/A
LIVERPOOL,5229549.95,USD,OP-214549,25/07/2023,"December 12, 2024",506
PEMEX,880736.3,EUR,OP-675169,25-Mar-2016,"November 16, 2021",2062
SORIANA,9755262.97,MXN,OP-732568,11-Jan-2024,N/A,N/A
femsa,4726489.66,USD,OP-697768,2025-05-31,N/A,N/A
grupo méxico,2068990.26,MXN,OP-685254,20-Nov-2023,N/A,N/A
telmex,9968690.91,MXN,OP-869058,02-Sep-2016,N/A,N/A
soriana,4340894.68,USD,OP-830022,2019-12-14,N/A,N/A
banorte,8515266.74,EUR,OP-658890,"September 14, 2015",2019-08-26,1442
soriana,7206346.55,EUR,OP-864807,13-Jul-2025,N/A,N/A
grupo carso,8374014.89,USD,OP-777472,2018-04-30,N/A,N/A
GRUPO MÉXICO,5851472.05,MXN,OP-246468,2019-05-08,N/A,N/A
TELMEX,5149338.16,EUR,OP-857479,13-Mar-2020,N/A,N/A
SORIANA,4507269.65,EUR,OP-587071,"December 18, 2022",N/A,N/A
grupo méxico,382076.57,EUR,OP-347811,"September 03, 2021",N/A,N/A
GRUPO LALA,1988973.53,MXN,OP-509258,11/01/2021,N/A,N/A
PEMEX,3225414.7,MXN,OP-390431,07/02/2023,N/A,N/A
FEMSA,6535961.86,MXN,OP-464594,25-Feb-2019,N/A,N/A
TELMEX,2216143.26,USD,OP-481952,"September 20, 2024",N/A,N/A
cemex,6792180.18,MXN,OP-419627,2023-10-17,N/A,N/A
PEMEX,3442073.19,MXN,OP-476522,17-Sep-2020,28/06/2025,1745
telmex,9230248.72,MXN,OP-626007,11-Oct-2021,N/A,N/A
ALSEA,3920422.16,EUR,OP-332713,2021-12-14,N/A,N/A
GRUPO LALA,9350002.23,MXN,OP-927842,"May 18, 2023",N/A,N/A
SORIANA,2975460.59,USD,OP-127724,2015-09-05,08-Nov-2020,1891
CEMEX,2220899.9,MXN,OP-817869,2020-08-19,09/10/2020,22
SORIANA,2622517.17,EUR,OP-602013,07-Sep-2020,"June 05, 2025",1732
PEMEX,3159159.28,EUR,OP-271470,05-Sep-2024,N/A,N/A
BBVA MÉXICO,5780139.12,EUR,OP-861435,2017-04-23,N/A,N/A
CEMEX,826824.88,EUR,OP-892825,13/04/2018,N/A,N/A
femsa,7253444.01,EUR,OP-468160,"November 10, 2022",N/A,N/A
bbva méxico,6711444.78,EUR,OP-152420,03-Aug-2025,N/A,N/A
AMÉRICA MÓVIL,2159237.62,MXN,OP-968256,20-Apr-2016,N/A,N/A
WALMART DE MÉXICO,3615433.25,MXN,OP-585173,"November 24, 2018",N/A,N/A
CEMEX,2700917.26,MXN,OP-703703,2024-02-11,N/A,N/A
LIVERPOOL,1431606.62,MXN,OP-346752,2023-09-22,23/12/2023,92
alsea,4617741.07,EUR,OP-366627,2020-01-24,N/A,N/A
pemex,7170236.16,MXN,OP-216424,23-Jul-2019,2023-08-26,1495
grupo lala,4105733.58,MXN,OP-361416,"November 06, 2016",19-Jan-2017,74
FEMSA,3351172.5,MXN,OP-570714,"November 15, 2016",30/12/2017,410
grupo méxico,6251119.43,MXN,OP-367822,2024-03-17,N/A,N/A
américa móvil,9858005.29,USD,OP-655565,"November 01, 2021",N/A,N/A
FEMSA,3550923.73,EUR,OP-670041,03-Jul-2024,N/A,N/A
grupo bimbo,5033674.71,USD,OP-327253,05/05/2019,23-Mar-2020,323
WALMART DE MÉXICO,796407.43,EUR,OP-542119,"March 03, 2025",N/A,N/A
WALMART DE MÉXICO,3823623.01,USD,OP-430300,11-Sep-2022,N/A,N/A
GRUPO CARSO,9514254.55,MXN,OP-421776,09-Jun-2021,"May 30, 2024",1086
grupo méxico,9241092.93,USD,OP-757197,"February 15, 2023",23-Aug-2024,555
BANORTE,8064024.85,USD,OP-885847,06-Feb-2017,09-Nov-2017,276
LIVERPOOL,5136250.16,EUR,OP-888004,23/11/2024,N/A,N/A
grupo méxico,5649333.72,MXN,OP-878112,29/01/2024,N/A,N/A
pemex,4565916.22,USD,OP-847614,"February 07, 2022",N/A,N/A
ALSEA,8446447.87,EUR,OP-552664,30-Apr-2021,2022-03-24,328
cemex,7891367.55,EUR,OP-807878,2019-04-18,11-Jun-2024,1881
liverpool,7971167.13,EUR,OP-487225,03-Mar-2019,N/A,N/A
alsea,1890359.26,EUR,OP-902016,08/02/2024,N/A,N/A
grupo lala,8402270.53,MXN,OP-461912,10/04/2016,29-Apr-2017,207
FEMSA,6541240.96,MXN,OP-665906,28/06/2019,N/A,N/A
FEMSA,8545947.16,MXN,OP-382831,2019-01-12,N/A,N/A
BANORTE,880295.3,USD,OP-604244,13/07/2021,"November 22, 2021",132
GRUPO LALA,3364839.78,EUR,OP-949584,2017-06-08,N/A,N/A
FEMSA,4469332.11,USD,OP-611252,"May 22, 2022",N/A,N/A
AMÉRICA MÓVIL,1328029.33,EUR,OP-753383,"February 03, 2020",N/A,N/A
CEMEX,7884824.43,EUR,OP-946330,2022-06-25,N/A,N/A
américa móvil,5743280.96,MXN,OP-801868,2020-10-16,N/A,N/A
soriana,4886592.3,MXN,OP-722085,26-Sep-2020,N/A,N/A
telmex,3168110.78,USD,OP-692904,19/12/2023,N/A,N/A
BANORTE,4021923.7,USD,OP-196748,09-Mar-2025,N/A,N/A
LIVERPOOL,7834759.18,EUR,OP-720924,13/10/2024,N/A,N/A
PEMEX,2797106.56,EUR,OP-596613,"October 17, 2019",11-Oct-2021,725
FEMSA,2653294.8,MXN,OP-442116,2018-02-25,28/12/2020,1037
pemex,7708899.75,EUR,OP-835965,"October 25, 2021",N/A,N/A
GRUPO BIMBO,6574027.59,EUR,OP-442704,04-Jan-2019,"May 02, 2022",1214
PEMEX,2982662.69,MXN,OP-973946,13-Apr-2025,N/A,N/A
soriana,6781027.06,EUR,OP-274335,02/05/2019,12-Oct-2020,615
pemex,3833397.88,EUR,OP-937569,23/04/2019,2021-12-07,959
grupo bimbo,6316271.58,EUR,OP-202278,"January 08, 2022",N/A,N/A
SORIANA,7569701.69,MXN,OP-399183,"April 14, 2021",N/A,N/A
BBVA MÉXICO,4337275.31,MXN,OP-581165,"November 13, 2020",07/05/2022,599
SORIANA,8392820.49,USD,OP-284808,"August 18, 2016",N/A,N/A
WALMART DE MÉXICO,4188438.7,USD,OP-322943,06/12/2016,N/A,N/A
telmex,2686254.67,MXN,OP-246131,21-Feb-2024,N/A,N/A
alsea,1994812.13,MXN,OP-647090,05/09/2020,N/A,N/A
FEMSA,4245606.47,USD,OP-288572,"December 08, 2020",N/A,N/A
cemex,7909809.3,MXN,OP-826724,2021-09-21,17-Jan-2024,848
BANORTE,3936165.44,USD,OP-567544,26-Aug-2017,10/08/2022,1869
AMÉRICA MÓVIL,6191403.06,EUR,OP-630023,04-Jan-2020,N/A,N/A
grupo méxico,2485734.05,MXN,OP-651496,24/08/2020,2024-11-13,1542
grupo lala,1410656.95,MXN,OP-348807,02/10/2018,N/A,N/A
PEMEX,5556220.43,USD,OP-105110,18-Apr-2019,N/A,N/A
CEMEX,8558780.14,MXN,OP-235372,05/08/2022,N/A,N/A
AMÉRICA MÓVIL,681913.99,EUR,OP-572351,04-Mar-2016,14/03/2018,740
alsea,278737.82,USD,OP-239396,"May 08, 2020",N/A,N/A
GRUPO CARSO,2624827.28,EUR,OP-867229,14/05/2022,N/A,N/A
grupo méxico,4160800.14,USD,OP-424976,2019-04-13,31-Aug-2020,506
PEMEX,9675593.53,USD,OP-529275,2018-08-17,"July 10, 2024",2154
bbva méxico,6835239.11,EUR,OP-755808,2024-02-13,N/A,N/A
WALMART DE MÉXICO,2085569.74,MXN,OP-197692,2020-01-01,N/A,N/A
SORIANA,8519723.63,USD,OP-392001,20/02/2024,N/A,N/A
BBVA MÉXICO,7046327.51,MXN,OP-610683,04-Sep-2017,30-Apr-2025,2795
GRUPO CARSO,3933171.68,USD,OP-649405,"September 08, 2015","October 19, 2018",1137
WALMART DE MÉXICO,674349.74,EUR,OP-960130,03/06/2017,2020-12-25,1390
CEMEX,2824117.21,EUR,OP-943025,30-Dec-2023,04-Nov-2024,310
PEMEX,3569505.71,MXN,OP-642932,2019-03-06,N/A,N/A
GRUPO CARSO,6032855.4,USD,OP-844205,2022-05-19,N/A,N/A
GRUPO BIMBO,9986461.32,USD,OP-809742,26-Oct-2019,N/A,N/A
femsa,7303642.41,USD,OP-212185,2016-12-02,2021-12-24,1848
femsa,8026496.51,MXN,OP-438966,2023-04-06,N/A,N/A
PEMEX,7100410.35,EUR,OP-274257,08-Sep-2022,N/A,N/A
alsea,6162737.38,MXN,OP-528636,17-Jul-2023,N/A,N/A
soriana,5429855.8,USD,OP-377459,24/07/2019,01/05/2020,165
liverpool,9542518.52,MXN,OP-716834,"January 09, 2024",N/A,N/A
BANORTE,1430130.84,MXN,OP-671890,21-Sep-2015,19-Apr-2023,2767
femsa,3234273.49,USD,OP-474432,"June 27, 2021",N/A,N/A
américa móvil,7849889.24,USD,OP-982769,06/09/2021,26-Oct-2021,139
BANORTE,3206209.94,MXN,OP-577869,"May 25, 2022",N/A,N/A
femsa,5255629.08,MXN,OP-392294,22/12/2024,N/A,N/A
CEMEX,7502136.54,EUR,OP-204629,"February 25, 2025",N/A,N/A
cemex,7139873.07,USD,OP-151195,"February 04, 2024",N/A,N/A
walmart de méxico,4314613.09,EUR,OP-458730,10/02/2024,N/A,N/A
GRUPO CARSO,1056654.25,EUR,OP-334850,17-Apr-2025,N/A,N/A
ALSEA,9035244.28,EUR,OP-695443,2016-12-01,02-Oct-2024,2862
CEMEX,5042900.22,EUR,OP-335520,24/04/2025,N/A,N/A
liverpool,6812586.11,MXN,OP-137547,2016-09-17,N/A,N/A
WALMART DE MÉXICO,4235248.44,EUR,OP-582739,11-Oct-2024,N/A,N/A
grupo bimbo,173017.97,MXN,OP-778735,2020-12-01,"June 08, 2021",189
bbva méxico,5373481.83,EUR,OP-108735,26-Aug-2018,"August 14, 2024",2180
soriana,8197449.35,USD,OP-307702,26/05/2019,N/A,N/A
cemex,5602585.76,EUR,OP-258444,2017-09-04,N/A,N/A
grupo bimbo,4964492.15,MXN,OP-387662,03-May-2025,N/A,N/A
grupo méxico,2093582.18,EUR,OP-900802,07/09/2021,N/A,N/A
grupo lala,3687820.31,MXN,OP-558801,21-Oct-2024,N/A,N/A
BBVA MÉXICO,7253316.38,MXN,OP-491411,2024-06-05,N/A,N/A
GRUPO MÉXICO,6432661.65,MXN,OP-804920,"April 05, 2024",N/A,N/A
FEMSA,6252524.92,MXN,OP-165005,24/12/2019,N/A,N/A
GRUPO LALA,8785909.29,MXN,OP-851741,2023-02-14,N/A,N/A
grupo méxico,9040512.27,MXN,OP-245032,2018-09-05,N/A,N/A
BANORTE,6311832.99,EUR,OP-689238,"June 03, 2022",N/A,N/A
walmart de méxico,8376891.71,EUR,OP-487367,09/12/2022,N/A,N/A
PEMEX,8831024.87,MXN,OP-825282,2016-01-15,24/05/2018,860
grupo carso,3026050.96,EUR,OP-400351,14-Apr-2016,"April 19, 2024",2927
soriana,7308404.17,EUR,OP-208827,2015-12-15,"September 11, 2016",271
grupo méxico,9224576.24,MXN,OP-679101,"May 20, 2022","April 02, 2025",1048
BBVA MÉXICO,1143229.34,EUR,OP-400487,20-Nov-2023,N/A,N/A
GRUPO CARSO,148710.18,USD,OP-730428,10-Jul-2021,"October 01, 2022",448
telmex,3980324.15,MXN,OP-297716,08-Jan-2022,N/A,N/A
grupo lala,6235915.96,MXN,OP-329860,2021-12-21,N/A,N/A
grupo carso,3376905.96,EUR,OP-431728,"September 21, 2023",N/A,N/A
CEMEX,5751984.53,EUR,OP-517530,"October 19, 2020",N/A,N/A
liverpool,4719448.36,EUR,OP-714412,18-Jan-2023,N/A,N/A
walmart de méxico,3082809.14,USD,OP-153894,"June 01, 2022",N/A,N/A
banorte,6051576.64,MXN,OP-743855,2021-02-19,2025-03-12,1482
américa móvil,3924039.75,MXN,OP-516610,08/09/2016,N/A,N/A
américa móvil,5523266.97,EUR,OP-960012,"October 17, 2022",N/A,N/A
femsa,8990438.53,USD,OP-889908,20/08/2022,26-Nov-2024,829
GRUPO CARSO,8892439.62,MXN,OP-954769,22/04/2020,N/A,N/A
banorte,6049371.42,USD,OP-236720,26/05/2020,2023-04-22,1061
grupo carso,8845191.05,USD,OP-594389,10-Oct-2024,2024-11-26,47
alsea,8390122.99,MXN,OP-947570,13-Dec-2016,2024-09-06,2824
pemex,2279132.16,USD,OP-395621,2019-08-11,2023-12-23,1595
grupo méxico,1803022.67,EUR,OP-864885,29-Jul-2024,N/A,N/A
pemex,5399893.75,MXN,OP-954086,15/06/2021,N/A,N/A
GRUPO LALA,4836024.55,USD,OP-664782,21/09/2024,N/A,N/A
GRUPO LALA,9145985.67,EUR,OP-196782,24/04/2021,16/03/2024,1057
PEMEX,1678554.89,EUR,OP-399403,"March 26, 2023",N/A,N/A
AMÉRICA MÓVIL,2609126.93,EUR,OP-169819,2021-08-30,N/A,N/A
ALSEA,3091422.74,EUR,OP-202137,"January 03, 2018",N/A,N/A
CEMEX,2088451.58,EUR,OP-609414,2017-04-23,"November 20, 2017",211
pemex,8744102.8,EUR,OP-495613,14/02/2025,N/A,N/A
femsa,5539870.28,EUR,OP-759328,"February 27, 2017","February 25, 2023",2189
grupo bimbo,677444.45,USD,OP-580396,16/04/2017,N/A,N/A
GRUPO BIMBO,3302791.45,EUR,OP-352648,2025-03-17,N/A,N/A
CEMEX,6141786.77,USD,OP-396674,15/01/2022,N/A,N/A
BBVA MÉXICO,9106382.84,EUR,OP-884973,"October 03, 2021",N/A,N/A
bbva méxico,1681849.93,MXN,OP-692536,24-Oct-2019,22/03/2024,1611
femsa,5769418.3,USD,OP-700510,"September 05, 2023",N/A,N/A
GRUPO MÉXICO,2857239.46,EUR,OP-444474,2021-11-29,28-Mar-2023,484
LIVERPOOL,5859978.89,EUR,OP-153108,27-Feb-2018,2019-08-20,539
PEMEX,329623.14,MXN,OP-965768,20-May-2023,N/A,N/A
telmex,7985031.1,USD,OP-574975,30-Nov-2018,15-Sep-2020,655
CEMEX,4859851.52,MXN,OP-260759,23-Jan-2024,N/A,N/A
banorte,5597338.61,EUR,OP-847107,06/03/2024,N/A,N/A
telmex,4874772.57,USD,OP-774412,2022-12-15,N/A,N/A
banorte,6763235.8,EUR,OP-455662,31-Oct-2022,N/A,N/A
BANORTE,2226193.72,EUR,OP-385249,09/09/2020,"December 03, 2022",815
CEMEX,3119107.44,USD,OP-770715,10/07/2025,N/A,N/A
LIVERPOOL,7299544.12,USD,OP-662202,"June 23, 2023",N/A,N/A
américa móvil,3511245.37,EUR,OP-413768,12/10/2023,N/A,N/A
LIVERPOOL,2784844.3,USD,OP-995500,"November 26, 2015",2021-10-23,2158
cemex,8923608.52,USD,OP-329976,2020-10-10,N/A,N/A
GRUPO BIMBO,1923929.65,EUR,OP-271609,14-Sep-2015,"March 27, 2018",925
SORIANA,6335637.99,USD,OP-956359,"October 15, 2020",N/A,N/A
LIVERPOOL,9754544.37,MXN,OP-496694,05-Oct-2019,N/A,N/A
walmart de méxico,1769943.11,MXN,OP-906783,22/10/2018,N/A,N/A
grupo méxico,7950986.77,USD,OP-828557,03/01/2016,14/03/2024,2935
grupo carso,2040959.58,USD,OP-349007,2017-09-06,N/A,N/A
cemex,3813646.84,MXN,OP-562487,2022-06-13,N/A,N/A
BBVA MÉXICO,6499501.94,USD,OP-815326,"May 24, 2022",2022-07-19,56
femsa,6551356.12,MXN,OP-959978,"October 06, 2021",N/A,N/A
pemex,5694271.21,MXN,OP-925085,"July 12, 2017","June 20, 2019",708
SORIANA,8311016.1,EUR,OP-890454,27/11/2019,N/A,N/A
GRUPO MÉXICO,7502908.14,EUR,OP-927307,31/07/2018,14-Dec-2021,1232
grupo lala,3542390.82,USD,OP-327470,27/02/2020,29-Apr-2021,427
américa móvil,5135122.19,EUR,OP-356719,22/09/2022,N/A,N/A
GRUPO LALA,2518843.16,USD,OP-824668,09-Jan-2024,N/A,N/A
CEMEX,5880964.74,EUR,OP-800081,"July 03, 2017","July 31, 2019",758
grupo bimbo,9617627.04,USD,OP-112269,2025-05-14,N/A,N/A
SORIANA,1391543.43,MXN,OP-246203,25/07/2022,N/A,N/A
WALMART DE MÉXICO,505301.5,MXN,OP-872945,"July 29, 2017",N/A,N/A
LIVERPOOL,1463859.34,MXN,OP-969065,19-Aug-2021,N/A,N/A
GRUPO MÉXICO,9371395.73,EUR,OP-592515,2018-08-03,N/A,N/A
GRUPO MÉXICO,8083438.03,MXN,OP-371899,19/01/2025,N/A,N/A
banorte,8780390.46,EUR,OP-969778,2019-07-31,"May 19, 2021",658
CEMEX,3670309.69,EUR,OP-693491,2019-03-19,N/A,N/A
walmart de méxico,3942532.23,EUR,OP-384078,2018-06-25,N/A,N/A
AMÉRICA MÓVIL,8893886.48,MXN,OP-502013,"October 02, 2022",N/A,N/A
ALSEA,7993844.13,EUR,OP-998829,18-Jun-2016,26-Apr-2021,1773
femsa,8605899.02,USD,OP-527384,08/06/2018,N/A,N/A
SORIANA,5550502.83,USD,OP-728709,18-Feb-2025,N/A,N/A
FEMSA,1187504.54,EUR,OP-606523,2020-05-07,N/A,N/A
BBVA MÉXICO,3048157.41,MXN,OP-230113,2016-04-03,16/12/2019,1352
GRUPO MÉXICO,7616727.15,EUR,OP-437853,"April 24, 2017",20-Jun-2018,422
telmex,2941528.47,MXN,OP-565448,"August 07, 2025",N/A,N/A
bbva méxico,5495040.63,MXN,OP-169608,2020-12-02,22/03/2025,1571
LIVERPOOL,8510492.89,EUR,OP-572677,17-Jul-2020,12-Apr-2021,269
américa móvil,1146057.91,EUR,OP-963276,"June 30, 2025",N/A,N/A
GRUPO BIMBO,5817830.53,MXN,OP-676910,2018-11-17,2020-04-26,526
AMÉRICA MÓVIL,7352766.79,EUR,OP-933130,20/01/2017,N/A,N/A
FEMSA,5930675.3,MXN,OP-881224,"November 06, 2016",2017-04-03,148
GRUPO LALA,6986918.39,USD,OP-696758,2023-03-03,N/A,N/A
GRUPO CARSO,8128548.47,MXN,OP-739420,"October 03, 2019",N/A,N/A
BBVA MÉXICO,5706631.78,USD,OP-381948,"December 12, 2015","June 24, 2023",2751
TELMEX,2830320.16,EUR,OP-140716,18-Sep-2017,"December 03, 2018",441
PEMEX,1950716.84,MXN,OP-194415,15/02/2018,13-Jan-2020,697
AMÉRICA MÓVIL,5439695.2,USD,OP-524442,"October 23, 2015",23-Aug-2020,1766
WALMART DE MÉXICO,1085680.78,MXN,OP-721848,18/03/2024,N/A,N/A
américa móvil,6646663.9,USD,OP-110244,"June 18, 2021",N/A,N/A
cemex,5733660.63,USD,OP-381175,07/03/2018,N/A,N/A
GRUPO BIMBO,7901600.7,MXN,OP-922312,23-Feb-2016,22/09/2022,2403
PEMEX,8134351.83,USD,OP-687614,"June 15, 2024",N/A,N/A
BBVA MÉXICO,5663770.97,USD,OP-627314,2022-04-15,07/06/2024,813
GRUPO MÉXICO,2814295.74,MXN,OP-580320,24-Jul-2016,13-Nov-2024,3034
alsea,2652043.6,USD,OP-364741,03-Jan-2020,N/A,N/A
AMÉRICA MÓVIL,3372375.86,EUR,OP-162623,2020-02-07,N/A,N/A
BBVA MÉXICO,9143092.34,USD,OP-759999,27-Feb-2022,N/A,N/A
américa móvil,676432.68,MXN,OP-299277,14-Sep-2018,"March 27, 2025",2386
BANORTE,4291362.44,MXN,OP-429679,19-Oct-2015,19-May-2019,1308
ALSEA,4781708.51,MXN,OP-309089,2025-06-19,N/A,N/A
bbva méxico,4338160.55,EUR,OP-101672,19-Jul-2021,"November 18, 2022",487
GRUPO CARSO,6651025.6,USD,OP-437340,19-Apr-2024,N/A,N/A
grupo carso,4509823.45,USD,OP-554738,14/07/2016,26-Feb-2019,957
BBVA MÉXICO,8437586.7,USD,OP-209369,16-Jul-2018,N/A,N/A
LIVERPOOL,1855042.91,MXN,OP-181294,07-Jul-2022,N/A,N/A
TELMEX,3782376.27,USD,OP-410558,2024-04-09,N/A,N/A
grupo lala,2281373.11,MXN,OP-672539,"June 10, 2018",2021-08-15,1162
BANORTE,4817854.95,MXN,OP-347548,11/06/2020,N/A,N/A
BANORTE,4446628.96,EUR,OP-622208,"May 02, 2025",N/A,N/A
américa móvil,936347.19,MXN,OP-921480,19/06/2023,"June 17, 2025",729
pemex,3066916.31,USD,OP-266795,16/11/2019,N/A,N/A
AMÉRICA MÓVIL,7930871.19,EUR,OP-442482,2023-11-16,N/A,N/A
bbva méxico,6481692.92,MXN,OP-286359,25/12/2015,N/A,N/A
grupo bimbo,4441800.76,MXN,OP-577517,01-Feb-2016,N/A,N/A
liverpool,6999228.77,USD,OP-881737,2018-06-26,16-May-2020,690
GRUPO LALA,5722797.52,USD,OP-746205,13/03/2021,N/A,N/A
ALSEA,8287912.87,USD,OP-664493,03-Nov-2020,N/A,N/A
LIVERPOOL,2268630.56,MXN,OP-448689,09/04/2023,N/A,N/A
BANORTE,5578205.72,MXN,OP-410841,10-Dec-2023,N/A,N/A
LIVERPOOL,348505.17,USD,OP-401172,"July 11, 2025",N/A,N/A
alsea,1956006.15,EUR,OP-232556,16-Feb-2017,N/A,N/A
PEMEX,5548458.62,EUR,OP-769381,08-Jan-2016,N/A,N/A
GRUPO LALA,4229315.99,USD,OP-579557,"November 13, 2023",N/A,N/A
BBVA MÉXICO,8565320.67,MXN,OP-391498,"August 04, 2024",N/A,N/A
bbva méxico,3317287.47,USD,OP-678298,14-May-2024,N/A,N/A
femsa,7428092.28,MXN,OP-386122,15/03/2017,28/01/2025,2876
LIVERPOOL,3644435.62,EUR,OP-338430,"November 20, 2024",N/A,N/A
grupo carso,8063347.66,USD,OP-249224,19-Jun-2016,2017-03-07,261
WALMART DE MÉXICO,5911479.48,EUR,OP-363289,"July 18, 2022",N/A,N/A
CEMEX,2668212.58,MXN,OP-639830,"February 20, 2023",08-Jun-2025,839
grupo carso,4056941.04,MXN,OP-102723,12/01/2022,N/A,N/A
SORIANA,1038267.33,EUR,OP-557691,30/09/2020,N/A,N/A
cemex,1246532.75,EUR,OP-684448,27-Jun-2016,01-Feb-2019,949
ALSEA,7940190.1,USD,OP-202560,07/07/2016,N/A,N/A
ALSEA,9123816.84,EUR,OP-787978,21-Mar-2021,"September 05, 2023",898
LIVERPOOL,7275363.93,USD,OP-931017,2024-03-18,N/A,N/A
américa móvil,483131.6,USD,OP-660244,17/05/2025,N/A,N/A
WALMART DE MÉXICO,8257453.07,EUR,OP-212947,2018-11-23,03/10/2020,473
telmex,9575899.42,MXN,OP-997312,2019-12-04,N/A,N/A
grupo méxico,9992314.54,EUR,OP-812267,13/04/2016,N/A,N/A
américa móvil,3892659.47,USD,OP-439616,"August 05, 2024",N/A,N/A
BANORTE,2225228.69,EUR,OP-188860,12-Nov-2024,N/A,N/A
SORIANA,8103835.22,USD,OP-211886,10/03/2024,N/A,N/A
alsea,7402806.42,USD,OP-905237,2022-03-14,N/A,N/A
TELMEX,2498103.75,USD,OP-218271,"February 01, 2023",N/A,N/A
alsea,9222863.58,EUR,OP-733889,2016-02-01,N/A,N/A
FEMSA,9999878.98,USD,OP-614062,09/03/2017,N/A,N/A
CEMEX,5804422.38,EUR,OP-508358,"December 16, 2024",N/A,N/A
liverpool,1602348.29,MXN,OP-296550,2021-09-08,N/A,N/A
GRUPO BIMBO,3637525.73,USD,OP-657765,"May 08, 2019",N/A,N/A
WALMART DE MÉXICO,6480554.51,MXN,OP-965453,12/01/2018,N/A,N/A
GRUPO MÉXICO,8219620.52,USD,OP-395362,"September 25, 2016",28/09/2022,2194
BANORTE,6246668.21,EUR,OP-203441,23-Jul-2022,N/A,N/A
grupo carso,3760827.4,USD,OP-474843,2021-02-07,N/A,N/A
FEMSA,8956389.8,USD,OP-766471,"October 25, 2016",N/A,N/A
soriana,2470869.55,MXN,OP-153454,2017-02-12,N/A,N/A
femsa,4408019.34,USD,OP-154994,"October 17, 2021",N/A,N/A
WALMART DE MÉXICO,8883145.88,USD,OP-182087,23/01/2024,N/A,N/A
GRUPO BIMBO,3633371.1,EUR,OP-364135,03-Apr-2020,"April 03, 2022",730
GRUPO BIMBO,4656783.6,MXN,OP-110428,04-Jun-2020,17/01/2025,1688
bbva méxico,1607597.72,MXN,OP-405898,"December 08, 2020",2022-06-11,550
GRUPO MÉXICO,180451.29,USD,OP-227499,"March 11, 2019",N/A,N/A
ALSEA,3084327.49,MXN,OP-306420,07/07/2016,2024-01-29,2762
BBVA MÉXICO,8516526.95,MXN,OP-488355,23-Jan-2016,10-Nov-2016,292
BBVA MÉXICO,1509293.42,MXN,OP-559411,"January 24, 2023","April 29, 2023",95
grupo lala,2739589.34,MXN,OP-966743,08/10/2017,2024-11-10,2649
BBVA MÉXICO,929164.78,USD,OP-107055,"April 06, 2024",N/A,N/A
grupo méxico,7129976.41,MXN,OP-351087,2021-01-16,N/A,N/A
alsea,1325937.13,MXN,OP-919508,2022-05-26,N/A,N/A
grupo lala,7774368.59,EUR,OP-293979,07-May-2016,22-Aug-2023,2663
WALMART DE MÉXICO,2712027.91,USD,OP-755617,"November 05, 2016","October 02, 2021",1792
alsea,6823383.74,EUR,OP-831589,22-Nov-2016,N/A,N/A
pemex,2767012.83,MXN,OP-840607,28-Apr-2020,N/A,N/A
TELMEX,7414740.17,USD,OP-704543,05/03/2024,N/A,N/A
AMÉRICA MÓVIL,4434858.51,EUR,OP-781598,"December 30, 2023","February 12, 2025",410
GRUPO BIMBO,1063809.62,EUR,OP-300548,2016-11-11,"November 23, 2020",1473
pemex,1875708.33,MXN,OP-976431,"February 07, 2024",N/A,N/A
AMÉRICA MÓVIL,6679900.86,EUR,OP-685788,22-Jul-2019,N/A,N/A
FEMSA,2693194.57,MXN,OP-310505,2021-04-12,2023-01-28,656
banorte,7116452.24,MXN,OP-512635,"July 19, 2022",N/A,N/A
BBVA MÉXICO,9166749.43,MXN,OP-662448,03/01/2016,2022-04-13,2234
telmex,9793305.52,EUR,OP-794263,03/03/2018,21/09/2022,1663
GRUPO LALA,936983.24,EUR,OP-370664,21/06/2018,N/A,N/A
LIVERPOOL,9948272.83,MXN,OP-283031,19/06/2019,N/A,N/A
grupo lala,7449011.8,USD,OP-745819,03/04/2016,04/07/2020,1495
AMÉRICA MÓVIL,4321416.27,MXN,OP-181871,2019-02-22,2021-07-12,871
liverpool,7130704.16,MXN,OP-531137,07-Jun-2016,13-Aug-2024,2989
grupo lala,1673905.01,MXN,OP-574608,2020-11-22,N/A,N/A
FEMSA,6609366.43,MXN,OP-948785,30-Aug-2019,N/A,N/A
AMÉRICA MÓVIL,9122274.99,USD,OP-257502,10-Apr-2016,N/A,N/A
soriana,1004075.93,MXN,OP-586526,26-Oct-2020,"September 19, 2022",693
PEMEX,3215346.98,USD,OP-653574,2023-01-21,N/A,N/A
alsea,7141700.45,USD,OP-184690,"December 15, 2021",14-Jan-2023,395
grupo carso,699712.06,MXN,OP-240301,2016-09-22,N/A,N/A
AMÉRICA MÓVIL,3405271.13,MXN,OP-879292,2019-10-12,N/A,N/A
pemex,1244220.79,EUR,OP-551600,2020-04-07,2024-11-22,1690
liverpool,541799.54,USD,OP-142639,09/04/2023,N/A,N/A
soriana,9681161.85,USD,OP-479290,11/02/2021,19/08/2023,655
pemex,321567.82,USD,OP-426747,11/03/2021,27-Nov-2024,1120
GRUPO LALA,9733392.64,EUR,OP-333983,2019-12-03,N/A,N/A
TELMEX,6010207.07,USD,OP-938612,18-Apr-2021,N/A,N/A
AMÉRICA MÓVIL,6712294.9,EUR,OP-931946,"February 02, 2016",2020-02-18,1477
banorte,3658141.47,MXN,OP-346808,"May 21, 2021",2024-01-23,977
GRUPO BIMBO,7716813.89,USD,OP-917798,12/04/2018,23-Jun-2024,2028
GRUPO LALA,3855240.31,EUR,OP-454085,2017-05-23,N/A,N/A
GRUPO BIMBO,7812211.52,USD,OP-955051,"December 02, 2022",N/A,N/A
BANORTE,8378478.39,MXN,OP-703814,02/08/2017,20/04/2024,2628
CEMEX,5686605.24,MXN,OP-903671,07/09/2016,"September 07, 2021",1886
grupo lala,9407338.11,MXN,OP-416206,"August 28, 2024",N/A,N/A
SORIANA,2979153.21,EUR,OP-449690,28-Dec-2018,N/A,N/A
ALSEA,1686483.97,MXN,OP-243078,18/01/2021,N/A,N/A
telmex,9217738.3,EUR,OP-938476,"September 15, 2023",N/A,N/A
LIVERPOOL,7160568.92,USD,OP-167440,"September 07, 2018",N/A,N/A
LIVERPOOL,7051987.82,EUR,OP-668574,01-Nov-2022,N/A,N/A
grupo bimbo,5261223.42,EUR,OP-323171,"September 15, 2024",N/A,N/A
banorte,2974030.21,EUR,OP-497223,07/02/2025,N/A,N/A
grupo lala,5544486.46,MXN,OP-405906,"March 31, 2019",30-May-2019,60
grupo méxico,4342211.66,MXN,OP-330298,"September 23, 2020",N/A,N/A
GRUPO LALA,3263594.32,MXN,OP-806884,15-Dec-2023,N/A,N/A
américa móvil,3302473.58,EUR,OP-434207,2019-07-17,N/A,N/A
GRUPO BIMBO,9723835.34,USD,OP-519899,24-Sep-2023,N/A,N/A
soriana,4550415.91,MXN,OP-373310,"September 01, 2022","January 02, 2025",854
femsa,1823757.32,EUR,OP-694248,"September 17, 2022",N/A,N/A
LIVERPOOL,9242192.21,EUR,OP-806121,05/01/2017,N/A,N/A
BANORTE,8917102.21,EUR,OP-791027,20-Nov-2019,N/A,N/A
telmex,5380203.1,MXN,OP-723841,03-Oct-2017,2025-03-14,2719
cemex,4301639.44,USD,OP-225893,2017-09-22,2024-11-15,2611
cemex,5475049.33,EUR,OP-842526,24/03/2022,N/A,N/A
cemex,2685965.63,EUR,OP-556922,2018-03-30,N/A,N/A
BBVA MÉXICO,4339187.44,USD,OP-798605,25-Feb-2016,2017-09-22,575
BBVA MÉXICO,3667884.62,USD,OP-246441,2020-06-29,N/A,N/A
grupo lala,3076023.78,MXN,OP-233642,10/03/2016,12-Aug-2025,3235
telmex,8424608.55,MXN,OP-850624,23-Jul-2018,N/A,N/A
BBVA MÉXICO,9799220.14,USD,OP-863136,05/05/2023,N/A,N/A
américa móvil,8421068.3,MXN,OP-751389,28/01/2016,"January 27, 2025",3287
LIVERPOOL,8826316.81,EUR,OP-424222,2025-01-24,N/A,N/A
walmart de méxico,2747700.46,MXN,OP-208458,"February 23, 2017","December 21, 2019",1031
LIVERPOOL,3552157.2,EUR,OP-204709,11/05/2024,N/A,N/A
walmart de méxico,9221703.71,EUR,OP-475483,16-Jul-2018,N/A,N/A
AMÉRICA MÓVIL,9568481.87,EUR,OP-254761,2019-01-26,N/A,N/A
grupo lala,4918136.06,MXN,OP-324271,2023-03-21,"September 01, 2024",530
PEMEX,7759332.34,MXN,OP-844870,2016-09-18,11-Jun-2022,2092
cemex,2058301.23,MXN,OP-363717,2024-10-30,N/A,N/A
AMÉRICA MÓVIL,5940788.4,MXN,OP-507580,13/02/2024,N/A,N/A
cemex,1819455.37,USD,OP-338520,01-Dec-2023,N/A,N/A
SORIANA,1796267.6,USD,OP-873107,"November 29, 2017","May 18, 2025",2727
walmart de méxico,5858615.98,MXN,OP-557897,15-Nov-2020,N/A,N/A
grupo méxico,7767868.35,USD,OP-604950,27/01/2022,N/A,N/A
bbva méxico,8706869.46,USD,OP-934985,"March 31, 2025",N/A,N/A
TELMEX,5910565.05,MXN,OP-583982,03/08/2016,29/05/2020,1543
AMÉRICA MÓVIL,6194779.95,USD,OP-671198,2023-03-04,N/A,N/A
LIVERPOOL,8400410.96,MXN,OP-752172,18/06/2024,15/06/2025,362
femsa,9278222.31,EUR,OP-577893,2019-10-11,N/A,N/A
grupo lala,892502.1,USD,OP-687343,15/06/2016,"July 15, 2019",1125
GRUPO LALA,8729405.0,MXN,OP-963858,2022-01-02,29-Nov-2022,331
grupo méxico,2162204.99,USD,OP-469119,"April 10, 2020",N/A,N/A
WALMART DE MÉXICO,6078306.67,MXN,OP-117636,"July 15, 2024",N/A,N/A
SORIANA,292229.33,USD,OP-326059,"May 13, 2021",N/A,N/A
PEMEX,7410019.15,EUR,OP-728201,2019-01-05,N/A,N/A
WALMART DE MÉXICO,9160718.82,MXN,OP-563743,02-Mar-2021,N/A,N/A
grupo bimbo,2905410.84,EUR,OP-349296,21/08/2020,N/A,N/A
ALSEA,5723386.57,EUR,OP-346205,2020-08-25,N/A,N/A
grupo méxico,2980085.1,MXN,OP-792653,10/08/2022,N/A,N/A
grupo carso,5026307.5,MXN,OP-229726,01/12/2023,N/A,N/A
LIVERPOOL,4518038.43,USD,OP-862674,2015-12-15,N/A,N/A
soriana,3459004.54,MXN,OP-552389,01-Nov-2016,16/07/2024,2814
GRUPO LALA,2069405.0,MXN,OP-498963,23/06/2020,N/A,N/A
banorte,7104000.22,MXN,OP-289521,20-Jul-2020,22/07/2022,732
PEMEX,5058567.31,EUR,OP-648549,"July 05, 2020",N/A,N/A
grupo carso,6338918.95,USD,OP-335724,16/01/2024,N/A,N/A
BBVA MÉXICO,1232257.78,USD,OP-438281,"March 22, 2017",08/03/2024,2691
GRUPO LALA,9510172.77,MXN,OP-750028,29-Oct-2020,2024-12-16,1509
bbva méxico,2136546.49,USD,OP-277623,13-Aug-2025,N/A,N/A
CEMEX,901457.23,USD,OP-945274,13-Oct-2022,31-May-2024,596
TELMEX,6580741.36,MXN,OP-410443,"November 12, 2024",N/A,N/A
walmart de méxico,9355597.22,EUR,OP-200589,"February 22, 2023",N/A,N/A
ALSEA,6207760.29,MXN,OP-625771,"August 21, 2017","August 06, 2023",2176
PEMEX,5766054.5,MXN,OP-621042,2024-05-15,N/A,N/A
telmex,9745445.64,USD,OP-904807,01/09/2017,22-May-2024,2690
ALSEA,1856384.85,EUR,OP-882632,"December 22, 2021",N/A,N/A
GRUPO CARSO,4260793.23,USD,OP-633845,16/01/2022,N/A,N/A
BANORTE,8659079.34,USD,OP-943628,2016-12-21,N/A,N/A
LIVERPOOL,8630198.13,MXN,OP-417648,"May 13, 2020",N/A,N/A
WALMART DE MÉXICO,6374763.24,MXN,OP-974809,09-Mar-2020,N/A,N/A
GRUPO BIMBO,916348.07,MXN,OP-814951,2019-12-29,N/A,N/A
GRUPO BIMBO,439246.69,USD,OP-666319,26-Jan-2024,N/A,N/A
CEMEX,3948880.19,USD,OP-623889,14-Sep-2022,N/A,N/A
AMÉRICA MÓVIL,832622.71,EUR,OP-753350,28-Jan-2025,N/A,N/A
SORIANA,3620098.72,EUR,OP-666622,"February 25, 2022",2024-07-25,881
grupo lala,5524116.28,EUR,OP-261202,15/10/2020,04/03/2022,535
banorte,2965600.25,USD,OP-457575,2015-11-21,08/06/2021,2085
pemex,9818609.74,MXN,OP-424932,"July 09, 2022",28/01/2025,934
WALMART DE MÉXICO,4045945.88,EUR,OP-129126,16/09/2024,N/A,N/A
alsea,1432659.43,MXN,OP-489741,2024-09-11,N/A,N/A
bbva méxico,5004491.98,EUR,OP-681178,16/04/2018,N/A,N/A
LIVERPOOL,5942009.18,MXN,OP-898880,24/02/2018,15-Jan-2025,2517
grupo carso,9520035.79,USD,OP-932131,08/06/2025,N/A,N/A
GRUPO CARSO,4681132.81,EUR,OP-227118,25/07/2021,17-May-2023,661
liverpool,6175700.48,EUR,OP-164046,23-Oct-2019,N/A,N/A
ALSEA,7386378.28,EUR,OP-462572,2021-10-18,"December 12, 2023",785
américa móvil,7689839.61,MXN,OP-723315,"September 28, 2019","April 05, 2025",2016
grupo lala,950159.3,USD,OP-862355,17-Aug-2020,2023-02-17,914
grupo bimbo,9290309.08,EUR,OP-847090,2020-09-26,N/A,N/A
pemex,4315847.48,USD,OP-498840,17/01/2016,"December 25, 2021",2169
PEMEX,1142537.91,MXN,OP-614245,"October 11, 2020",N/A,N/A
soriana,8174665.97,MXN,OP-257524,2023-11-10,N/A,N/A
AMÉRICA MÓVIL,5083261.86,USD,OP-213105,31-Dec-2021,N/A,N/A
grupo bimbo,2901236.94,EUR,OP-202247,"February 17, 2020",N/A,N/A
grupo méxico,5560101.92,EUR,OP-891371,2016-03-14,N/A,N/A
telmex,2662442.21,MXN,OP-169818,2023-06-07,2024-11-26,538
cemex,2802729.52,MXN,OP-505928,16-Jan-2017,"June 22, 2018",522
ALSEA,3884941.7,MXN,OP-341321,"February 26, 2018",N/A,N/A
bbva méxico,8044354.16,EUR,OP-306481,09-Aug-2020,18/08/2024,1470
alsea,5974097.43,MXN,OP-251337,17-Mar-2017,"May 03, 2023",2238
CEMEX,2454753.18,USD,OP-112510,27/09/2022,2025-07-14,1021
GRUPO CARSO,5228770.7,EUR,OP-819985,"April 29, 2020",N/A,N/A
telmex,2465561.76,MXN,OP-808647,18/02/2025,N/A,N/A
américa móvil,8945924.58,EUR,OP-171101,29-Jan-2024,N/A,N/A
liverpool,2519044.94,EUR,OP-753344,15/11/2024,N/A,N/A
cemex,2004020.37,USD,OP-345482,"June 07, 2020",N/A,N/A
liverpool,9128375.95,USD,OP-763548,"June 28, 2024",N/A,N/A
telmex,1042444.37,EUR,OP-888839,"July 31, 2016",21-Sep-2023,2608
grupo bimbo,1607545.47,MXN,OP-281848,2015-08-31,18-Aug-2023,2909
américa móvil,9874037.58,USD,OP-668442,06-Oct-2024,2025-07-15,282
TELMEX,8205864.13,EUR,OP-115797,12/08/2018,N/A,N/A
liverpool,9837267.15,MXN,OP-245073,13-Apr-2021,N/A,N/A
liverpool,536265.14,MXN,OP-185150,12-Aug-2024,N/A,N/A
ALSEA,4739254.6,EUR,OP-111467,2022-08-31,N/A,N/A
grupo bimbo,6534778.59,MXN,OP-559764,"May 07, 2023",N/A,N/A
grupo méxico,3896901.34,USD,OP-833888,27/10/2021,N/A,N/A
américa móvil,4897308.57,USD,OP-892689,18-Sep-2022,N/A,N/A
PEMEX,6325268.98,EUR,OP-834980,24-Apr-2018,06/08/2020,776
liverpool,6172572.37,MXN,OP-654748,2023-12-25,N/A,N/A
GRUPO BIMBO,488149.85,MXN,OP-566714,"March 19, 2018",N/A,N/A
GRUPO MÉXICO,5681516.56,MXN,OP-379349,2024-11-28,N/A,N/A
BBVA MÉXICO,2981715.94,MXN,OP-451450,"June 18, 2025",N/A,N/A
grupo carso,8280611.06,EUR,OP-820459,24/09/2024,N/A,N/A
walmart de méxico,5820909.07,MXN,OP-219496,"December 04, 2017",N/A,N/A
CEMEX,3774719.11,MXN,OP-330273,09-Jan-2022,N/A,N/A
femsa,6346441.66,MXN,OP-380769,2020-04-11,N/A,N/A
grupo carso,4301199.87,USD,OP-866896,14/12/2018,N/A,N/A
grupo bimbo,5276289.15,USD,OP-911375,22/08/2019,N/A,N/A
BANORTE,3886197.87,EUR,OP-591073,18-Jun-2016,06-Dec-2019,1266
grupo carso,9084963.56,MXN,OP-851212,23/03/2017,"September 01, 2024",2719
pemex,1264286.3,EUR,OP-820080,"June 21, 2020",N/A,N/A
WALMART DE MÉXICO,4490727.12,MXN,OP-210167,"June 19, 2022",N/A,N/A
WALMART DE MÉXICO,4271870.09,EUR,OP-736083,31-May-2024,N/A,N/A
soriana,4324625.26,USD,OP-505801,"April 09, 2016",28/03/2023,2544
telmex,5887616.78,MXN,OP-782705,27/06/2016,"February 07, 2020",1320
AMÉRICA MÓVIL,2640082.23,MXN,OP-670968,"January 21, 2025",N/A,N/A
AMÉRICA MÓVIL,9319258.22,USD,OP-791492,2020-06-27,N/A,N/A
BBVA MÉXICO,5646382.33,USD,OP-721205,2024-12-22,N/A,N/A
soriana,8984384.51,MXN,OP-457107,05/11/2022,N/A,N/A
pemex,7774532.7,EUR,OP-240578,03-Oct-2024,N/A,N/A
pemex,530698.44,USD,OP-789697,"June 28, 2019",N/A,N/A
FEMSA,4455993.46,MXN,OP-896098,"January 29, 2025",N/A,N/A
bbva méxico,1824272.7,MXN,OP-121421,27-Oct-2015,N/A,N/A
soriana,5042898.88,USD,OP-986982,20/07/2022,N/A,N/A
cemex,3283312.78,MXN,OP-504425,"September 23, 2019",N/A,N/A
BANORTE,6881291.87,MXN,OP-829708,04/11/2022,N/A,N/A
alsea,6922929.06,MXN,OP-403094,"January 15, 2016","October 17, 2024",3198
LIVERPOOL,6572953.95,MXN,OP-252576,27/04/2017,08-May-2022,1837
soriana,1452654.11,MXN,OP-938139,2021-01-22,N/A,N/A
soriana,8464173.44,USD,OP-366093,14/12/2021,N/A,N/A
GRUPO CARSO,3867387.18,EUR,OP-442764,"April 03, 2017",N/A,N/A
BBVA MÉXICO,6510887.48,EUR,OP-997747,24/06/2021,N/A,N/A
BANORTE,4483447.21,MXN,OP-190121,2023-07-12,N/A,N/A
femsa,4027654.5,MXN,OP-922058,17-Apr-2021,24/10/2022,555
grupo carso,6819030.32,EUR,OP-676800,2018-08-15,N/A,N/A
ALSEA,2352458.6,USD,OP-280198,2024-11-30,N/A,N/A
AMÉRICA MÓVIL,8372795.94,USD,OP-599764,18/08/2024,N/A,N/A
liverpool,1980753.59,MXN,OP-480354,29-Mar-2019,2019-04-24,26
walmart de méxico,2135708.95,EUR,OP-787997,2016-04-30,05/05/2024,2927
LIVERPOOL,9633270.7,USD,OP-496196,2024-12-23,N/A,N/A
PEMEX,7912776.88,EUR,OP-400509,2024-10-15,N/A,N/A
liverpool,8000248.96,MXN,OP-887397,12/12/2022,N/A,N/A
grupo lala,3384049.66,MXN,OP-216069,14/04/2024,N/A,N/A
grupo méxico,2264772.19,EUR,OP-867337,03/08/2017,N/A,N/A
GRUPO MÉXICO,2221940.61,USD,OP-669922,"August 09, 2016",29-Apr-2023,2454
GRUPO MÉXICO,338964.65,EUR,OP-665301,18-Aug-2023,N/A,N/A
SORIANA,7314510.89,EUR,OP-458485,17-Mar-2021,2022-11-14,607
GRUPO LALA,8548352.31,EUR,OP-678170,2016-04-27,29/05/2018,762
FEMSA,5491121.33,MXN,OP-585035,26-May-2024,N/A,N/A
banorte,1360748.67,EUR,OP-489496,15/11/2024,N/A,N/A
femsa,9856047.09,MXN,OP-399026,2024-01-10,N/A,N/A
FEMSA,2231721.62,EUR,OP-806596,31-May-2021,N/A,N/A
femsa,1478230.58,EUR,OP-554531,2018-05-21,09/07/2025,2666
grupo bimbo,1254589.29,MXN,OP-497321,13-Jan-2019,2021-06-16,885
GRUPO CARSO,9740329.01,MXN,OP-468190,16-Dec-2020,N/A,N/A
cemex,4496300.31,USD,OP-598080,"February 02, 2023",N/A,N/A
grupo carso,9290233.9,EUR,OP-202223,01-Apr-2020,N/A,N/A
AMÉRICA MÓVIL,6638098.77,EUR,OP-955217,09/07/2024,N/A,N/A
grupo carso,7484221.57,USD,OP-697692,"February 15, 2018",02-Jan-2025,2513
GRUPO CARSO,1517921.7,MXN,OP-373472,20-May-2021,N/A,N/A
grupo carso,2462837.76,EUR,OP-241723,2017-11-03,N/A,N/A
walmart de méxico,3246145.0,USD,OP-794255,"April 29, 2016",N/A,N/A
cemex,4110871.41,USD,OP-965023,"September 30, 2020",N/A,N/A
grupo bimbo,3530630.56,EUR,OP-456837,"January 06, 2022",N/A,N/A
grupo méxico,781787.49,EUR,OP-514409,06/12/2016,N/A,N/A
liverpool,9125402.7,EUR,OP-327771,"January 08, 2023",N/A,N/A
liverpool,5563461.77,MXN,OP-694348,2016-04-11,2020-12-27,1721
AMÉRICA MÓVIL,9311375.9,MXN,OP-148497,"May 20, 2018",N/A,N/A
banorte,5792644.26,USD,OP-814131,07/11/2016,23/01/2020,1291
GRUPO MÉXICO,431793.7,USD,OP-994664,2015-12-04,10-Jun-2016,189
grupo lala,3302202.92,USD,OP-346182,08-Oct-2021,N/A,N/A
grupo méxico,8700790.8,EUR,OP-179375,25-May-2021,N/A,N/A
grupo méxico,9841469.36,USD,OP-920184,2020-05-20,N/A,N/A
liverpool,195609.3,USD,OP-337917,2022-11-18,N/A,N/A
FEMSA,9245879.09,USD,OP-670700,2021-04-07,N/A,N/A
GRUPO BIMBO,4349562.81,USD,OP-203301,"April 19, 2023",N/A,N/A
soriana,6891092.65,MXN,OP-747562,30-Jun-2020,N/A,N/A
LIVERPOOL,4712521.8,MXN,OP-745294,"March 10, 2019","December 21, 2024",2113
pemex,1012093.22,EUR,OP-612884,2019-08-10,"June 29, 2020",324
bbva méxico,2979593.13,EUR,OP-555820,19-Jul-2025,N/A,N/A
banorte,9387007.08,EUR,OP-204589,07-Mar-2025,N/A,N/A
walmart de méxico,693499.27,MXN,OP-536417,2025-05-05,N/A,N/A
walmart de méxico,8506328.96,USD,OP-944457,06-Oct-2017,06/07/2023,2070
GRUPO MÉXICO,1811124.66,EUR,OP-635603,"December 28, 2022",N/A,N/A
grupo carso,5062548.45,MXN,OP-461216,26/12/2023,N/A,N/A
ALSEA,3596836.06,EUR,OP-807572,02-Oct-2016,"August 08, 2020",1406
walmart de méxico,8558856.43,USD,OP-577200,19-Jun-2017,N/A,N/A
walmart de méxico,1064859.69,USD,OP-151424,2019-06-21,N/A,N/A
SORIANA,3282536.87,MXN,OP-192122,"March 20, 2019",11-Oct-2021,936
grupo méxico,9983338.39,MXN,OP-922622,16-May-2016,01/06/2020,1330
ALSEA,5089496.35,MXN,OP-764279,2017-12-02,N/A,N/A
FEMSA,2719956.76,EUR,OP-789490,"March 15, 2019",N/A,N/A
GRUPO LALA,9195257.73,MXN,OP-742677,2024-03-06,"January 12, 2025",312
soriana,6734197.58,EUR,OP-463826,22-Jan-2025,N/A,N/A
SORIANA,7316347.52,MXN,OP-541056,2024-10-12,N/A,N/A
GRUPO MÉXICO,7892627.97,MXN,OP-233275,2018-01-11,"August 22, 2024",2415
américa móvil,2981002.02,USD,OP-576359,"September 29, 2016",2023-11-18,2606
grupo bimbo,8306372.83,USD,OP-560741,14-Nov-2015,07/10/2019,1334
SORIANA,4153318.37,MXN,OP-796358,20/01/2017,2017-09-08,231
femsa,8932489.7,USD,OP-763865,20-Jun-2024,2025-02-13,238
AMÉRICA MÓVIL,9947793.7,MXN,OP-977831,26/06/2024,N/A,N/A
GRUPO MÉXICO,5401542.97,MXN,OP-422166,"August 27, 2023","May 20, 2025",632
liverpool,5147533.92,MXN,OP-818161,07-Jun-2017,N/A,N/A
GRUPO MÉXICO,7105376.97,MXN,OP-129876,2017-07-16,N/A,N/A
WALMART DE MÉXICO,2535246.71,MXN,OP-167158,2022-07-22,N/A,N/A
GRUPO BIMBO,7737738.94,EUR,OP-459414,12-Sep-2023,N/A,N/A
liverpool,305529.33,MXN,OP-913195,01-Mar-2022,N/A,N/A
CEMEX,4531929.67,MXN,OP-625540,12/05/2023,N/A,N/A
CEMEX,3048797.79,MXN,OP-564175,18/01/2018,2022-12-14,1791
walmart de méxico,2957524.15,EUR,OP-665309,14/12/2022,N/A,N/A
liverpool,595513.5,EUR,OP-521794,"January 03, 2024",N/A,N/A
liverpool,8876819.61,EUR,OP-438753,24/07/2020,04-Dec-2024,1594
grupo méxico,9978425.01,USD,OP-449546,18-May-2022,N/A,N/A
femsa,2108266.66,EUR,OP-450944,12/08/2025,N/A,N/A
GRUPO CARSO,9126689.8,USD,OP-343667,2024-05-10,N/A,N/A
WALMART DE MÉXICO,3961543.91,EUR,OP-362115,"January 04, 2017",N/A,N/A
cemex,7283639.92,MXN,OP-989699,2022-06-14,N/A,N/A
ALSEA,4122567.33,MXN,OP-571382,07-Oct-2018,N/A,N/A
ALSEA,5653952.36,USD,OP-398917,27-Mar-2025,N/A,N/A
ALSEA,8265116.75,USD,OP-603667,"May 10, 2024",N/A,N/A
SORIANA,9533814.98,EUR,OP-441812,07/09/2020,"November 22, 2024",1597
grupo lala,3775411.41,EUR,OP-375042,"June 10, 2023",N/A,N/A
grupo méxico,651681.2,MXN,OP-495817,11-Jan-2024,N/A,N/A
GRUPO BIMBO,8507844.83,USD,OP-374141,"August 02, 2025",N/A,N/A
AMÉRICA MÓVIL,2085435.4,USD,OP-563754,2017-06-21,13/07/2020,1118
LIVERPOOL,1338895.69,MXN,OP-658860,2022-11-02,N/A,N/A
banorte,1163156.89,EUR,OP-560961,"June 07, 2021",N/A,N/A
grupo méxico,1116348.57,USD,OP-592677,15-Dec-2021,N/A,N/A
femsa,1715100.11,USD,OP-181865,12-Jun-2024,N/A,N/A
GRUPO MÉXICO,1865829.95,EUR,OP-448963,"September 15, 2020",N/A,N/A
CEMEX,8834341.26,EUR,OP-664742,20/10/2023,N/A,N/A
GRUPO BIMBO,9216949.34,MXN,OP-645162,03/08/2023,N/A,N/A
cemex,2632514.16,EUR,OP-852700,2016-11-17,2017-12-30,408
soriana,6539258.08,MXN,OP-193659,"October 19, 2018",N/A,N/A
TELMEX,4771498.41,MXN,OP-804731,2016-08-15,27/01/2021,1626
telmex,4697809.96,EUR,OP-930041,23/10/2022,"February 04, 2025",835
grupo lala,5888086.11,EUR,OP-871115,"October 04, 2021",N/A,N/A
grupo bimbo,5264564.28,MXN,OP-856571,"October 19, 2022",N/A,N/A
grupo lala,7293261.02,EUR,OP-559833,20/12/2024,N/A,N/A
walmart de méxico,2376191.61,EUR,OP-548586,01/10/2018,2019-02-03,389
grupo méxico,2168225.67,MXN,OP-955492,24/02/2025,N/A,N/A
bbva méxico,3399448.98,USD,OP-572768,2016-01-17,2018-12-10,1058
walmart de méxico,6255843.37,USD,OP-121694,30/10/2015,"April 11, 2024",3086
TELMEX,1406380.03,EUR,OP-857671,21/08/2021,07/12/2024,1056
femsa,9989964.93,USD,OP-784750,2020-02-16,2021-01-26,345
alsea,9461538.94,EUR,OP-881743,2016-09-24,2017-08-13,323
banorte,2294111.76,USD,OP-807834,10/11/2021,N/A,N/A
TELMEX,2689516.38,USD,OP-953403,25-Jul-2023,"August 16, 2025",753
grupo carso,4812441.55,MXN,OP-874254,03/01/2016,09-Apr-2018,769
BANORTE,7649074.26,EUR,OP-215964,02-Dec-2019,N/A,N/A
LIVERPOOL,892278.22,MXN,OP-360374,"August 22, 2021","November 19, 2023",819
TELMEX,9052091.55,USD,OP-756238,06-Jul-2025,N/A,N/A
FEMSA,372609.02,EUR,OP-294708,"September 20, 2016","July 24, 2017",307
femsa,8505393.86,MXN,OP-237820,"April 01, 2018",N/A,N/A
américa móvil,2439257.55,MXN,OP-231889,03/06/2025,N/A,N/A
soriana,911597.81,USD,OP-569606,"May 15, 2019",N/A,N/A
SORIANA,3382211.04,MXN,OP-242312,2019-01-01,2023-09-24,1727
cemex,9030602.18,MXN,OP-296332,"February 13, 2020",N/A,N/A
AMÉRICA MÓVIL,1507914.03,EUR,OP-108600,"December 29, 2020",N/A,N/A
américa móvil,7097406.2,EUR,OP-729405,07-Mar-2021,2022-07-18,498
telmex,6772729.17,MXN,OP-273260,2023-07-06,N/A,N/A
GRUPO BIMBO,773605.07,MXN,OP-836851,"September 02, 2024",01/05/2025,125
CEMEX,8745977.9,USD,OP-797374,29-Mar-2020,08/04/2023,1223
liverpool,1292612.33,MXN,OP-454869,"October 18, 2015",2024-11-30,3331
cemex,3708459.33,USD,OP-699666,"April 05, 2019",28-Jul-2021,845
femsa,1197826.25,EUR,OP-203112,30/07/2017,N/A,N/A
grupo carso,3042720.68,USD,OP-784736,2021-02-12,23-Jul-2023,891
WALMART DE MÉXICO,2501563.86,MXN,OP-946178,24-Mar-2024,N/A,N/A
américa móvil,9121363.98,USD,OP-805473,28/03/2021,N/A,N/A
ALSEA,4057282.72,EUR,OP-550714,30-Mar-2018,N/A,N/A
FEMSA,4502525.92,MXN,OP-780402,12-Jan-2016,02/01/2019,1116
grupo bimbo,2420889.13,MXN,OP-390140,03-Jan-2021,N/A,N/A
PEMEX,7106125.28,MXN,OP-200631,07/05/2021,06/10/2024,1071
FEMSA,2635290.59,MXN,OP-331435,12-Apr-2019,27/01/2023,1386
PEMEX,7286127.32,EUR,OP-402525,"March 16, 2018",N/A,N/A
liverpool,5657437.98,EUR,OP-154221,10/02/2020,N/A,N/A
bbva méxico,5194393.3,USD,OP-828440,"July 23, 2024",N/A,N/A
GRUPO MÉXICO,3182922.81,EUR,OP-803013,25/11/2019,N/A,N/A
SORIANA,9170675.22,EUR,OP-193956,2020-05-12,2022-04-30,718
GRUPO BIMBO,1105257.73,USD,OP-426190,"October 05, 2024",N/A,N/A
BBVA MÉXICO,855099.92,EUR,OP-919764,"March 16, 2024",N/A,N/A
alsea,8213172.18,EUR,OP-322883,2019-10-19,2021-07-01,621
GRUPO MÉXICO,4335235.15,USD,OP-154597,23/05/2024,N/A,N/A
walmart de méxico,7437787.69,EUR,OP-943619,23-Dec-2019,2024-02-23,1523
grupo lala,185139.28,USD,OP-846276,2023-01-21,N/A,N/A
soriana,9091795.97,MXN,OP-202238,2025-05-08,N/A,N/A
américa móvil,6868181.87,MXN,OP-376920,2019-02-15,2024-01-22,1802
FEMSA,4191579.33,EUR,OP-968151,"April 27, 2020",2020-06-23,57
walmart de méxico,5939224.53,USD,OP-238621,14-Aug-2025,N/A,N/A
femsa,141818.71,MXN,OP-415548,26-Apr-2017,N/A,N/A
BANORTE,5878804.1,EUR,OP-417336,"October 25, 2023",N/A,N/A
PEMEX,6643601.76,EUR,OP-280528,"October 05, 2022","September 17, 2023",347
WALMART DE MÉXICO,2648562.08,EUR,OP-533881,"May 22, 2022",N/A,N/A
FEMSA,8962260.1,EUR,OP-142133,31/12/2015,N/A,N/A
CEMEX,5572839.9,USD,OP-187080,18-Oct-2020,N/A,N/A
GRUPO LALA,8891723.39,MXN,OP-377618,"August 08, 2020",N/A,N/A
ALSEA,6506020.43,USD,OP-324026,08/10/2020,N/A,N/A
BBVA MÉXICO,5824781.35,USD,OP-792639,05/03/2017,13/12/2017,224
grupo lala,4629138.17,EUR,OP-516572,21-Nov-2015,07/10/2023,2788
GRUPO CARSO,3759485.83,USD,OP-365095,2024-07-14,N/A,N/A
GRUPO BIMBO,2067927.75,EUR,OP-508054,01-May-2019,N/A,N/A
liverpool,3353065.97,USD,OP-486206,12-Feb-2025,N/A,N/A
alsea,7947855.24,MXN,OP-779654,"May 13, 2017",14/03/2018,305
banorte,706316.03,MXN,OP-104504,25-Jun-2016,N/A,N/A
SORIANA,7941055.2,EUR,OP-611564,"April 30, 2017",N/A,N/A
cemex,7425565.92,EUR,OP-716907,2022-12-06,N/A,N/A
SORIANA,5827103.72,USD,OP-556192,31-Oct-2024,N/A,N/A
LIVERPOOL,5718544.99,MXN,OP-622717,2024-11-18,N/A,N/A
walmart de méxico,8547694.14,USD,OP-994475,"June 05, 2024",N/A,N/A
GRUPO BIMBO,9262903.95,MXN,OP-322227,2018-11-06,02-Aug-2025,2461
cemex,8707949.85,MXN,OP-498835,20-Nov-2016,N/A,N/A
AMÉRICA MÓVIL,8991945.24,MXN,OP-944665,31-Aug-2017,20/02/2024,2364
pemex,5372321.75,EUR,OP-213664,08-Nov-2022,N/A,N/A
GRUPO CARSO,1143481.77,MXN,OP-980170,"January 30, 2016",2020-06-08,1591
bbva méxico,9629427.12,EUR,OP-795704,"May 11, 2017",05-Dec-2023,2399
telmex,3684908.99,MXN,OP-231397,12-Oct-2022,N/A,N/A
bbva méxico,6620757.07,EUR,OP-429552,15-Mar-2024,N/A,N/A
grupo méxico,7800133.06,USD,OP-829123,18/07/2025,N/A,N/A
FEMSA,2382657.77,MXN,OP-521911,04-Feb-2022,18/03/2023,407
BANORTE,3643887.65,EUR,OP-525073,01/03/2021,N/A,N/A
banorte,4439797.89,MXN,OP-497431,2025-03-22,N/A,N/A
CEMEX,6075675.14,MXN,OP-732537,24/02/2022,N/A,N/A
AMÉRICA MÓVIL,6069444.51,USD,OP-534249,"August 25, 2019",N/A,N/A
GRUPO LALA,8237395.6,MXN,OP-338177,23/04/2021,N/A,N/A
GRUPO BIMBO,5458875.01,USD,OP-910818,01/07/2023,N/A,N/A
ALSEA,7765920.21,MXN,OP-833240,2019-05-14,04-Apr-2022,1056
GRUPO MÉXICO,2248401.56,USD,OP-633994,"July 22, 2019",N/A,N/A
LIVERPOOL,6985691.16,EUR,OP-658443,29/08/2023,N/A,N/A
grupo carso,5907378.87,EUR,OP-198534,08/03/2017,N/A,N/A
bbva méxico,6733216.76,MXN,OP-454973,"March 14, 2019",N/A,N/A
WALMART DE MÉXICO,4978082.97,MXN,OP-100575,"March 19, 2019",2023-07-23,1587
PEMEX,2504215.53,EUR,OP-939550,"November 19, 2021","April 28, 2022",160
bbva méxico,5673478.68,MXN,OP-695511,12-Sep-2016,N/A,N/A
bbva méxico,2355089.47,EUR,OP-517223,"September 20, 2017","August 10, 2024",2516
TELMEX,2702256.32,USD,OP-157430,2017-03-04,"October 18, 2018",593
TELMEX,1773803.2,MXN,OP-144962,12-Jul-2018,N/A,N/A
GRUPO LALA,5033276.62,USD,OP-889654,23/11/2015,21/06/2020,1672
soriana,7332624.44,USD,OP-159330,05-May-2016,N/A,N/A
GRUPO LALA,2608078.34,MXN,OP-526881,24-Jul-2022,N/A,N/A
GRUPO MÉXICO,370448.07,EUR,OP-517975,"October 21, 2020",N/A,N/A
GRUPO CARSO,1787131.03,EUR,OP-460458,"July 28, 2025",N/A,N/A
BANORTE,7928539.14,MXN,OP-527792,2021-10-21,N/A,N/A
TELMEX,7242631.94,USD,OP-385025,"October 20, 2017",2022-08-27,1772
liverpool,6188528.71,MXN,OP-454591,05/01/2019,22-May-2022,1117
GRUPO BIMBO,2040925.19,MXN,OP-761766,05-Aug-2023,N/A,N/A
PEMEX,5986482.48,EUR,OP-237946,16-Aug-2023,N/A,N/A
AMÉRICA MÓVIL,5450726.9,USD,OP-327075,"June 18, 2021",05-Jul-2025,1478
alsea,2380364.26,USD,OP-159748,12-Jul-2023,N/A,N/A
bbva méxico,283510.24,EUR,OP-483328,04/02/2017,"December 16, 2020",1354
GRUPO LALA,7013634.94,USD,OP-318764,"July 27, 2022",N/A,N/A
GRUPO LALA,9080186.0,MXN,OP-654236,28/11/2019,N/A,N/A
bbva méxico,1270640.32,MXN,OP-416990,2022-02-06,N/A,N/A
GRUPO MÉXICO,4543770.85,MXN,OP-320385,"September 04, 2016",05-Jan-2019,853
LIVERPOOL,4771829.22,MXN,OP-872348,10-May-2024,N/A,N/A
liverpool,1490813.24,MXN,OP-424318,"August 17, 2022",N/A,N/A
WALMART DE MÉXICO,7423005.93,MXN,OP-523684,"January 22, 2018",2020-09-22,974
walmart de méxico,3958471.79,USD,OP-856503,2023-01-11,16-Jun-2024,522
TELMEX,8189005.2,USD,OP-996773,11-May-2023,12-Oct-2023,154
grupo méxico,4873503.85,USD,OP-202087,2024-05-25,N/A,N/A
WALMART DE MÉXICO,2226983.7,USD,OP-453465,21/06/2017,07/03/2017,12
liverpool,5126478.84,EUR,OP-715116,"May 30, 2018",N/A,N/A
WALMART DE MÉXICO,2526842.85,EUR,OP-926203,13/10/2015,N/A,N/A
CEMEX,6097889.03,EUR,OP-235428,02/12/2015,"April 30, 2023",2999
LIVERPOOL,9970699.69,MXN,OP-643768,"May 19, 2020",N/A,N/A
SORIANA,506874.92,MXN,OP-311362,05/04/2016,09/12/2018,861
grupo méxico,4151836.15,MXN,OP-102966,02-Aug-2021,27/07/2025,1455
BBVA MÉXICO,5734402.04,MXN,OP-590013,18/08/2021,N/A,N/A
grupo lala,9799676.36,USD,OP-381449,"May 20, 2021",04-Jul-2022,410
AMÉRICA MÓVIL,2575678.68,USD,OP-595193,21/06/2025,N/A,N/A
GRUPO LALA,9258574.06,EUR,OP-767575,2020-04-28,08/11/2022,835
BANORTE,6839116.17,USD,OP-338685,19-Dec-2017,13-Sep-2022,1729
femsa,4752838.39,MXN,OP-561000,"March 20, 2022",N/A,N/A
liverpool,1532709.73,MXN,OP-432483,"June 24, 2020",2023-09-13,1176
soriana,6490176.4,MXN,OP-478248,06/07/2020,01/08/2025,1676
WALMART DE MÉXICO,9662483.21,EUR,OP-857758,09-Jun-2019,"June 20, 2023",1472
femsa,4990674.93,USD,OP-959819,"December 01, 2016","March 06, 2022",1921
grupo bimbo,8403353.36,MXN,OP-802478,2023-08-12,N/A,N/A
banorte,9337878.46,MXN,OP-860416,2024-10-07,N/A,N/A
SORIANA,585125.45,EUR,OP-285892,16/09/2019,N/A,N/A
walmart de méxico,9827655.36,EUR,OP-281358,"January 15, 2017",N/A,N/A
BANORTE,6796233.63,USD,OP-287311,2016-02-12,"June 10, 2019",1214
telmex,5812143.56,EUR,OP-316881,30/07/2022,N/A,N/A
alsea,278694.08,MXN,OP-935206,"June 03, 2019",N/A,N/A
alsea,7448256.92,MXN,OP-260427,13/08/2021,N/A,N/A
grupo carso,1256528.43,USD,OP-431925,"August 06, 2023",N/A,N/A
grupo lala,710683.16,MXN,OP-183903,13/08/2017,N/A,N/A
grupo méxico,5889623.35,USD,OP-550166,"October 17, 2023",N/A,N/A
TELMEX,7043142.34,EUR,OP-189816,04-Nov-2018,24-Aug-2019,293
liverpool,1866166.66,USD,OP-176985,"June 30, 2018",24/07/2022,1485
bbva méxico,7974623.96,EUR,OP-236302,2022-06-25,2025-01-04,924
LIVERPOOL,7641535.63,EUR,OP-789820,27/12/2023,N/A,N/A
GRUPO MÉXICO,9832178.03,USD,OP-832393,26-Oct-2018,05/09/2020,561
CEMEX,2356566.86,MXN,OP-856645,2022-08-21,N/A,N/A
TELMEX,5651564.14,MXN,OP-435527,"October 19, 2016",N/A,N/A
cemex,9105801.99,EUR,OP-294967,26/10/2022,N/A,N/A
GRUPO CARSO,5562171.02,EUR,OP-915704,2021-12-24,N/A,N/A
AMÉRICA MÓVIL,5653655.38,MXN,OP-753143,2021-04-29,N/A,N/A
TELMEX,4744074.71,USD,OP-282803,"May 17, 2018","November 02, 2020",900
grupo bimbo,688147.65,USD,OP-615638,12/04/2018,N/A,N/A
SORIANA,4482421.99,MXN,OP-694610,"August 02, 2023",N/A,N/A
telmex,4693312.53,MXN,OP-561063,20-Nov-2019,2024-12-08,1845
PEMEX,1746783.01,USD,OP-238749,"September 14, 2020",N/A,N/A
WALMART DE MÉXICO,3041127.18,MXN,OP-720111,"September 09, 2018",N/A,N/A
TELMEX,3392786.97,EUR,OP-121787,09/05/2019,N/A,N/A
pemex,6096318.05,EUR,OP-257636,09-Dec-2021,15-Jun-2022,188
grupo lala,6697620.36,EUR,OP-549933,07-Oct-2015,08/05/2018,1033
LIVERPOOL,6553300.94,MXN,OP-422332,01/08/2017,27/05/2019,869
WALMART DE MÉXICO,648630.68,USD,OP-507599,11-May-2020,N/A,N/A
walmart de méxico,756489.99,MXN,OP-208313,25/06/2018,2025-05-20,2521
liverpool,1383970.38,EUR,OP-367090,"July 02, 2021",N/A,N/A
cemex,1883366.17,USD,OP-328723,29/01/2017,11/08/2017,283
walmart de méxico,5362121.13,MXN,OP-215533,"June 25, 2016",15/07/2016,20
GRUPO MÉXICO,4521385.28,EUR,OP-685403,"July 04, 2016",06-Jan-2017,186
BANORTE,8850810.61,USD,OP-419264,13/10/2023,N/A,N/A
grupo bimbo,114023.19,USD,OP-490179,2019-04-09,N/A,N/A
liverpool,3070230.77,USD,OP-631872,21-Jun-2023,N/A,N/A
FEMSA,2637727.99,MXN,OP-803775,2019-08-23,N/A,N/A
grupo lala,129019.65,MXN,OP-578814,2021-12-13,N/A,N/A
telmex,8793383.23,EUR,OP-697834,01-Jul-2020,"March 02, 2021",244
grupo méxico,5212968.49,EUR,OP-115104,30-Oct-2017,N/A,N/A
bbva méxico,577195.17,MXN,OP-605655,08-Mar-2023,2023-04-18,41
TELMEX,9796950.55,MXN,OP-218517,06/09/2020,18/12/2020,192
femsa,2189749.74,MXN,OP-134542,23/08/2025,N/A,N/A
GRUPO BIMBO,3784273.55,MXN,OP-320973,18-Aug-2024,N/A,N/A
LIVERPOOL,5760570.81,USD,OP-476854,05-Apr-2016,06/01/2025,3344
FEMSA,7806139.75,EUR,OP-486228,24-Aug-2018,N/A,N/A
grupo carso,2524329.34,MXN,OP-506790,17-Jun-2019,N/A,N/A
soriana,302449.31,MXN,OP-216237,"April 20, 2020",01-May-2020,11
CEMEX,7716234.62,USD,OP-921782,27-Feb-2019,N/A,N/A
banorte,3520603.67,USD,OP-879815,02-Apr-2019,N/A,N/A
grupo carso,7747607.36,USD,OP-195360,30/11/2023,N/A,N/A
soriana,5455044.38,MXN,OP-612242,04/04/2020,16-Nov-2024,1687
grupo méxico,6050083.72,EUR,OP-753497,23/03/2021,03-Oct-2023,924
grupo carso,7375679.04,USD,OP-969228,"June 24, 2025",N/A,N/A
telmex,1099352.79,EUR,OP-879339,"February 23, 2024",N/A,N/A
banorte,3927929.08,EUR,OP-726133,2021-09-02,01-Dec-2022,455
liverpool,5879605.79,EUR,OP-202293,2024-06-07,N/A,N/A
GRUPO CARSO,4379754.79,USD,OP-968118,2023-06-09,N/A,N/A
cemex,7227421.23,MXN,OP-561292,"February 07, 2016",09-Feb-2024,2924
WALMART DE MÉXICO,726975.8,EUR,OP-144052,12-Feb-2023,N/A,N/A
banorte,5083476.66,EUR,OP-552157,07-Oct-2018,02-Mar-2022,1242
TELMEX,7504401.53,USD,OP-505637,25-Jul-2019,N/A,N/A
alsea,220064.6,USD,OP-228881,20-Nov-2018,2020-02-28,465
cemex,469605.45,EUR,OP-156392,02-Feb-2025,N/A,N/A
grupo lala,7875544.61,MXN,OP-566711,2020-12-16,N/A,N/A
ALSEA,4293309.95,USD,OP-600620,2020-04-16,23-Jan-2022,647
BANORTE,7455866.9,MXN,OP-917945,14-Apr-2020,2024-10-22,1652
cemex,4330274.22,EUR,OP-900971,17/07/2024,N/A,N/A
grupo carso,8932906.65,EUR,OP-875803,25/12/2018,N/A,N/A
TELMEX,5367529.65,MXN,OP-884462,04-Oct-2015,20-Nov-2023,2969
alsea,3540069.96,USD,OP-514052,15/05/2016,17/09/2020,1586
ALSEA,5351614.19,USD,OP-194814,22/03/2025,N/A,N/A
FEMSA,3765526.61,MXN,OP-216118,"November 21, 2017",2020-09-19,1033
AMÉRICA MÓVIL,3917730.9,MXN,OP-359429,14/09/2019,2020-04-16,215
pemex,6574215.25,EUR,OP-197860,18/11/2022,03-Mar-2025,836
grupo méxico,4085435.24,MXN,OP-562176,28-Sep-2015,2020-07-27,1764
cemex,5448584.72,MXN,OP-189058,"August 26, 2021",N/A,N/A
grupo bimbo,2891675.08,USD,OP-576947,"October 24, 2018",08/01/2023,1742
grupo lala,8399873.41,MXN,OP-840459,"January 28, 2018",N/A,N/A
telmex,3926622.71,EUR,OP-376428,"January 07, 2017",10/02/2017,268
BANORTE,2868967.0,EUR,OP-916908,26-Mar-2019,N/A,N/A
GRUPO MÉXICO,9227703.22,MXN,OP-244119,30/08/2022,N/A,N/A
grupo méxico,9949449.79,USD,OP-684495,2015-09-14,2016-01-17,125
WALMART DE MÉXICO,1871716.97,MXN,OP-311259,26-May-2022,N/A,N/A
grupo bimbo,2040794.5,MXN,OP-316255,28/04/2021,N/A,N/A
walmart de méxico,3939368.66,MXN,OP-822258,2021-08-17,N/A,N/A
grupo méxico,8171758.47,EUR,OP-290182,"February 12, 2023",N/A,N/A
liverpool,2802053.05,MXN,OP-764698,"August 14, 2018","July 28, 2022",1444
GRUPO CARSO,450579.8,EUR,OP-871675,13-Aug-2017,N/A,N/A
BBVA MÉXICO,8805334.34,USD,OP-639708,24/04/2016,25-Aug-2020,1584
SORIANA,3569189.89,EUR,OP-201463,2024-02-08,N/A,N/A
GRUPO CARSO,2985158.21,MXN,OP-153394,31/05/2021,N/A,N/A
grupo carso,9402174.55,USD,OP-861166,07/03/2023,N/A,N/A
grupo méxico,1784062.42,USD,OP-392535,2023-04-22,N/A,N/A
GRUPO CARSO,6255443.43,MXN,OP-849472,07-Nov-2015,07/04/2016,240
ALSEA,7256450.6,USD,OP-429080,2021-11-19,"March 27, 2025",1224
telmex,2424857.05,EUR,OP-733189,09-Feb-2024,N/A,N/A
grupo méxico,9763044.57,EUR,OP-156774,"October 06, 2023",N/A,N/A
GRUPO CARSO,5206697.57,MXN,OP-816599,03-Dec-2016,2019-04-09,857
FEMSA,1636628.71,USD,OP-907188,2022-09-16,"November 11, 2024",787
BBVA MÉXICO,9440574.81,MXN,OP-728598,"January 02, 2024",N/A,N/A
BANORTE,2117774.88,MXN,OP-896672,14/02/2017,24-Aug-2021,1652
telmex,2775372.19,MXN,OP-793029,2020-11-19,20/05/2021,182
BBVA MÉXICO,4897978.77,USD,OP-477696,"August 23, 2025",N/A,N/A
GRUPO LALA,5408478.26,USD,OP-196465,14-Apr-2022,N/A,N/A
LIVERPOOL,2024155.82,MXN,OP-539284,2019-12-17,N/A,N/A
GRUPO BIMBO,6598257.51,USD,OP-122633,20-Aug-2023,N/A,N/A
grupo bimbo,2726522.98,MXN,OP-601905,17-Feb-2020,N/A,N/A
liverpool,8445197.85,MXN,OP-591937,"December 13, 2024",N/A,N/A
WALMART DE MÉXICO,7925434.17,EUR,OP-685100,09/04/2020,N/A,N/A
GRUPO BIMBO,8456332.6,EUR,OP-524935,"October 13, 2023","May 10, 2025",575
SORIANA,8586450.53,USD,OP-240076,14/11/2022,N/A,N/A
GRUPO MÉXICO,9905259.29,USD,OP-842276,22-Jul-2016,23-May-2018,670
GRUPO MÉXICO,9839009.51,EUR,OP-607981,09-Jul-2019,N/A,N/A
SORIANA,1528692.39,EUR,OP-671147,2019-04-16,2024-08-12,1945
grupo méxico,7688903.48,EUR,OP-168956,2020-11-16,N/A,N/A
grupo méxico,8614361.81,EUR,OP-222010,06/11/2022,N/A,N/A
grupo carso,2305000.36,MXN,OP-561756,12-Sep-2023,N/A,N/A
BANORTE,8741320.8,USD,OP-726852,2017-10-23,24-Sep-2024,2528
AMÉRICA MÓVIL,7088639.78,MXN,OP-170404,21/01/2020,N/A,N/A
cemex,7678630.59,MXN,OP-827189,10/07/2022,N/A,N/A
bbva méxico,9064366.75,MXN,OP-919016,14-Jun-2023,N/A,N/A
soriana,4838420.38,USD,OP-861332,26-Feb-2021,N/A,N/A
banorte,943116.74,USD,OP-884820,29/07/2017,17/04/2020,993
BBVA MÉXICO,8520230.31,MXN,OP-635489,02/01/2016,"April 11, 2024",2992
banorte,2544215.68,EUR,OP-537411,24-Dec-2015,2016-06-14,173
FEMSA,5052382.26,MXN,OP-844782,24-Jun-2022,N/A,N/A
BANORTE,4468291.17,EUR,OP-483950,15/11/2024,N/A,N/A
banorte,6324375.49,EUR,OP-240670,2017-08-21,N/A,N/A
LIVERPOOL,601155.65,USD,OP-878782,24-Mar-2017,30/10/2021,1681
telmex,2222072.88,USD,OP-213663,2017-11-16,31/08/2022,1749
femsa,7419710.13,USD,OP-365788,19-Feb-2020,26/05/2023,1192
grupo carso,8816601.16,USD,OP-386746,18-Jul-2017,29-Dec-2023,2355
PEMEX,8557133.32,MXN,OP-561034,"January 21, 2016",18/12/2020,1793
grupo bimbo,6324411.24,USD,OP-912684,29-Jan-2018,2019-11-28,668
walmart de méxico,6925481.59,USD,OP-693364,2024-02-11,N/A,N/A
soriana,3361787.58,MXN,OP-669368,09-Oct-2024,N/A,N/A
GRUPO LALA,3583666.41,EUR,OP-268494,14/12/2019,N/A,N/A
soriana,9957650.83,MXN,OP-252689,12/03/2021,N/A,N/A
banorte,5561924.22,MXN,OP-692055,21-Jun-2018,N/A,N/A
femsa,6008115.76,EUR,OP-722119,31-Dec-2018,11/11/2024,2142
TELMEX,4877592.32,MXN,OP-478209,"August 10, 2021",N/A,N/A
grupo méxico,6304260.2,USD,OP-715484,08-Nov-2018,N/A,N/A
liverpool,1925013.28,EUR,OP-493545,"December 14, 2020",N/A,N/A
GRUPO BIMBO,3626619.64,MXN,OP-168288,"November 08, 2019",N/A,N/A
PEMEX,6447462.7,USD,OP-564350,"April 26, 2017",N/A,N/A
alsea,2595401.51,EUR,OP-607982,03/11/2017,2020-03-09,1094
GRUPO MÉXICO,4999070.51,MXN,OP-608243,26/10/2015,N/A,N/A
grupo bimbo,7248571.78,USD,OP-920514,10-Jan-2025,18/04/2025,98
BANORTE,1419431.66,EUR,OP-365064,"November 29, 2024",N/A,N/A
TELMEX,5842784.29,USD,OP-535325,29/08/2018,N/A,N/A
PEMEX,5757922.95,MXN,OP-476610,"February 08, 2016",02/07/2022,2191
grupo carso,8446306.94,MXN,OP-271295,"January 02, 2016",N/A,N/A
GRUPO CARSO,6730511.95,EUR,OP-606808,21-Oct-2023,N/A,N/A
WALMART DE MÉXICO,2102475.54,MXN,OP-589599,"April 11, 2025",N/A,N/A
PEMEX,3850627.49,USD,OP-201073,2022-12-22,N/A,N/A
LIVERPOOL,4414188.97,MXN,OP-544101,"August 12, 2022",N/A,N/A
pemex,9321757.87,EUR,OP-713815,27-Dec-2018,N/A,N/A
soriana,2501005.91,USD,OP-879833,04/09/2018,31-Jan-2020,662
banorte,8032130.56,EUR,OP-257525,08-Nov-2018,03/04/2019,116
bbva méxico,5649572.95,USD,OP-102069,02-Jun-2021,03/04/2022,275
TELMEX,7094782.39,EUR,OP-514778,"March 13, 2021",N/A,N/A
femsa,8775213.6,USD,OP-304179,19-Sep-2015,06/07/2016,262
BBVA MÉXICO,1086893.76,EUR,OP-325844,20-Dec-2024,N/A,N/A
GRUPO LALA,491558.81,USD,OP-409884,14/07/2018,"November 05, 2018",114
CEMEX,590678.32,USD,OP-538189,12-Jun-2021,N/A,N/A
TELMEX,1370073.07,USD,OP-742082,22/09/2022,N/A,N/A
banorte,6787125.94,MXN,OP-527355,2020-02-10,N/A,N/A
femsa,9922602.81,MXN,OP-935524,2021-07-07,N/A,N/A
banorte,4631816.84,EUR,OP-422692,27/03/2023,N/A,N/A
banorte,8203874.32,USD,OP-567336,2022-08-09,18-Jul-2024,709
walmart de méxico,4415262.21,USD,OP-479384,21-Dec-2023,N/A,N/A
AMÉRICA MÓVIL,9237436.81,EUR,OP-799574,2016-09-08,N/A,N/A
WALMART DE MÉXICO,9101935.68,MXN,OP-939066,08/08/2017,N/A,N/A
cemex,2068682.6,USD,OP-515586,2021-10-25,N/A,N/A
TELMEX,3572849.36,MXN,OP-828898,27/10/2018,N/A,N/A
pemex,5148387.48,USD,OP-199601,2020-01-29,"April 13, 2022",805
pemex,2780223.58,EUR,OP-833287,02/10/2023,N/A,N/A
soriana,7686879.54,EUR,OP-267581,08/02/2016,N/A,N/A
femsa,5141362.24,EUR,OP-348151,02/02/2023,N/A,N/A
CEMEX,2489524.95,EUR,OP-580244,2020-04-17,17/02/2022,671
grupo bimbo,3054182.15,MXN,OP-996860,2024-03-25,N/A,N/A
femsa,4806256.64,EUR,OP-638344,03-Nov-2015,23/01/2021,1908
américa móvil,3897132.87,MXN,OP-743610,07/06/2020,N/A,N/A
GRUPO MÉXICO,6357215.93,MXN,OP-771588,"November 10, 2018",27/06/2019,229
grupo carso,5674960.28,USD,OP-693819,2019-11-17,N/A,N/A
grupo méxico,2559590.08,USD,OP-131050,29-Aug-2019,N/A,N/A
bbva méxico,8866795.3,USD,OP-880923,"February 08, 2022",N/A,N/A
ALSEA,4400793.77,EUR,OP-751143,21-May-2021,N/A,N/A
cemex,7127927.51,MXN,OP-121875,"March 30, 2017",07-Oct-2022,2017
PEMEX,7681839.17,EUR,OP-393232,"January 30, 2022",2023-12-06,675
BBVA MÉXICO,1606178.61,EUR,OP-199471,11-Sep-2024,N/A,N/A
CEMEX,3628253.69,EUR,OP-487477,"August 18, 2024",N/A,N/A
BBVA MÉXICO,7399663.27,EUR,OP-268455,23-Aug-2021,N/A,N/A
grupo lala,7821393.73,EUR,OP-998658,2025-06-13,N/A,N/A
FEMSA,2293627.61,USD,OP-207692,13/04/2025,N/A,N/A
telmex,1363103.53,EUR,OP-145705,15/01/2020,N/A,N/A
soriana,6265684.51,EUR,OP-824996,01/07/2024,N/A,N/A
LIVERPOOL,9030285.59,MXN,OP-563423,21-Sep-2016,12/12/2020,1543
banorte,8748551.43,USD,OP-355595,26/02/2024,N/A,N/A
BBVA MÉXICO,6858803.41,USD,OP-651684,2017-12-31,"April 01, 2020",822
liverpool,6074391.92,USD,OP-317127,23-Feb-2023,24/04/2024,426
GRUPO CARSO,4342610.89,USD,OP-336122,12-Jul-2020,21-Feb-2021,224
CEMEX,5513798.89,EUR,OP-923703,06/01/2019,2022-10-29,1246
AMÉRICA MÓVIL,1754186.92,USD,OP-759729,"May 24, 2021",N/A,N/A
grupo lala,6778918.28,MXN,OP-191621,2017-07-21,15-Jan-2024,2369
WALMART DE MÉXICO,8778468.8,USD,OP-171445,05/05/2016,N/A,N/A
américa móvil,9337569.07,EUR,OP-433712,16/10/2015,"December 13, 2015",58
telmex,8574479.28,MXN,OP-688273,04/12/2019,2024-11-15,2044
liverpool,9686275.46,EUR,OP-513833,03-Dec-2019,28/08/2022,999
cemex,5458501.48,EUR,OP-410934,2024-03-16,N/A,N/A
GRUPO LALA,3323476.49,EUR,OP-522720,"June 03, 2020",03/05/2021,275
SORIANA,8685812.89,MXN,OP-431425,"September 22, 2021",2022-06-12,263
CEMEX,984498.91,MXN,OP-635192,09-Jun-2017,"June 14, 2021",1466
alsea,4419938.34,USD,OP-806332,06/08/2022,N/A,N/A
ALSEA,1690204.88,EUR,OP-816895,15/06/2021,N/A,N/A
grupo bimbo,1607862.11,USD,OP-622237,2022-02-08,N/A,N/A
FEMSA,3545351.35,EUR,OP-364630,28/05/2023,N/A,N/A
FEMSA,6020566.83,USD,OP-856727,22-Jan-2016,"May 12, 2017",476
grupo bimbo,9798183.18,USD,OP-826236,"March 06, 2025",N/A,N/A
femsa,778713.05,MXN,OP-824562,10/12/2018,N/A,N/A
WALMART DE MÉXICO,1619230.21,USD,OP-921125,29/12/2023,N/A,N/A
AMÉRICA MÓVIL,8347083.89,USD,OP-555323,2025-04-11,N/A,N/A
GRUPO MÉXICO,6410829.09,MXN,OP-978370,"March 20, 2018",N/A,N/A
BBVA MÉXICO,9564172.51,MXN,OP-852396,"October 21, 2019",2020-02-09,111
ALSEA,2014747.97,USD,OP-102203,04/05/2023,N/A,N/A
alsea,8696865.94,EUR,OP-277469,"August 22, 2019",N/A,N/A
CEMEX,3239352.87,EUR,OP-269738,2020-03-01,25/08/2025,2003
PEMEX,2287009.48,USD,OP-362756,16/09/2022,2025-01-09,846
AMÉRICA MÓVIL,6727888.93,MXN,OP-574372,13/12/2016,"July 01, 2018",565
américa móvil,9723037.21,USD,OP-568339,28/07/2017,2022-01-14,1631
GRUPO CARSO,3193774.03,USD,OP-332938,19/11/2020,N/A,N/A
soriana,5182224.92,MXN,OP-892570,04/04/2016,N/A,N/A
soriana,2260064.28,EUR,OP-180063,24/02/2018,N/A,N/A
LIVERPOOL,8320545.4,USD,OP-492756,24-Nov-2020,N/A,N/A
alsea,6104854.57,USD,OP-341346,20-Mar-2025,N/A,N/A
GRUPO LALA,2481796.17,EUR,OP-621327,11/10/2024,N/A,N/A
walmart de méxico,6674371.1,EUR,OP-139343,10-Jan-2024,N/A,N/A
grupo lala,3592547.32,USD,OP-264391,2020-06-21,07/05/2023,1109
GRUPO MÉXICO,7842835.06,USD,OP-732186,18/01/2017,N/A,N/A
alsea,8185318.07,MXN,OP-901198,12/09/2016,N/A,N/A
grupo bimbo,165685.02,USD,OP-181422,"March 30, 2021",N/A,N/A
banorte,9656179.76,MXN,OP-575204,06-Mar-2020,"November 03, 2022",972
WALMART DE MÉXICO,446869.28,EUR,OP-956564,23-Jan-2016,"October 01, 2016",252
BANORTE,8052314.16,MXN,OP-939129,12-May-2017,N/A,N/A
SORIANA,4058792.15,EUR,OP-201954,08-Jul-2025,N/A,N/A
TELMEX,3112553.8,MXN,OP-173445,10/12/2023,N/A,N/A
grupo lala,7455718.18,MXN,OP-842186,29-Sep-2023,N/A,N/A
telmex,2077418.04,EUR,OP-413348,21/03/2020,N/A,N/A
AMÉRICA MÓVIL,9948746.07,USD,OP-864775,10/10/2019,"September 17, 2024",1804
GRUPO MÉXICO,6732408.53,EUR,OP-255319,"September 03, 2023",N/A,N/A
cemex,7303183.1,MXN,OP-787357,12/09/2015,13-Feb-2024,2988
ALSEA,9763558.49,USD,OP-825858,"November 16, 2024",N/A,N/A
ALSEA,5627479.53,MXN,OP-845853,"March 12, 2023",N/A,N/A
femsa,6116767.0,USD,OP-521052,2016-09-30,03-Jun-2021,1707
BBVA MÉXICO,8854697.81,USD,OP-418062,"January 28, 2018",N/A,N/A
américa móvil,7473455.64,EUR,OP-626584,"October 04, 2021",N/A,N/A
grupo méxico,4116232.54,MXN,OP-989060,16-Dec-2018,N/A,N/A
américa móvil,8982199.78,EUR,OP-361755,21-Nov-2018,09-Feb-2025,2272
BANORTE,1206600.75,USD,OP-836230,12-Oct-2023,N/A,N/A
SORIANA,9633830.87,EUR,OP-852058,2015-10-26,2017-01-06,438
BBVA MÉXICO,484686.56,EUR,OP-721049,04-Sep-2019,2021-05-30,634
AMÉRICA MÓVIL,3358348.93,MXN,OP-363535,2023-08-23,N/A,N/A
GRUPO MÉXICO,6640700.68,MXN,OP-535478,08-Nov-2024,N/A,N/A
GRUPO CARSO,6901687.35,MXN,OP-614777,"July 29, 2024",N/A,N/A
GRUPO LALA,8904807.32,EUR,OP-494503,2017-01-17,02-Apr-2018,440
banorte,111675.02,MXN,OP-357129,17/08/2022,N/A,N/A
soriana,8011874.08,USD,OP-973794,15-Apr-2023,N/A,N/A
ALSEA,6464357.35,MXN,OP-781166,"December 26, 2016",N/A,N/A
walmart de méxico,3238706.38,EUR,OP-279335,"July 17, 2020",N/A,N/A
femsa,1808561.45,EUR,OP-916315,2023-07-09,N/A,N/A
ALSEA,456059.32,EUR,OP-889184,2019-03-18,21/07/2024,1952
cemex,9472836.76,MXN,OP-133680,"March 19, 2020",23/04/2022,765
CEMEX,1677712.12,USD,OP-858155,"June 12, 2023",N/A,N/A
grupo méxico,7610209.94,MXN,OP-888237,"April 02, 2023",22/03/2025,720
ALSEA,1236761.28,USD,OP-133955,28-Dec-2018,"March 09, 2024",1898
AMÉRICA MÓVIL,1079422.86,EUR,OP-110563,2022-08-09,N/A,N/A
SORIANA,8743647.36,EUR,OP-756261,"July 12, 2022",N/A,N/A
WALMART DE MÉXICO,8654728.98,USD,OP-591409,06/10/2023,N/A,N/A
FEMSA,4514916.24,USD,OP-617615,"March 04, 2023",N/A,N/A
GRUPO LALA,3065559.41,USD,OP-371193,"October 23, 2016",N/A,N/A
AMÉRICA MÓVIL,8010168.67,MXN,OP-751683,2021-11-28,N/A,N/A
ALSEA,1842652.97,USD,OP-359470,"July 11, 2021",N/A,N/A
soriana,9392253.63,USD,OP-942585,2025-01-24,N/A,N/A
telmex,6794360.64,USD,OP-951616,27-Apr-2024,N/A,N/A
alsea,636606.44,USD,OP-136338,03/12/2020,2020-05-15,64
BANORTE,2413248.4,EUR,OP-240106,23-Jul-2023,N/A,N/A
grupo carso,8873421.45,MXN,OP-378435,13/07/2025,N/A,N/A
SORIANA,6654472.28,USD,OP-439189,29/09/2020,N/A,N/A
PEMEX,7275306.85,EUR,OP-719942,2024-10-03,N/A,N/A
GRUPO MÉXICO,3202347.68,USD,OP-338132,19-Feb-2021,15-Aug-2023,907
walmart de méxico,4900779.75,EUR,OP-260717,11-Dec-2017,N/A,N/A
grupo carso,8972125.29,EUR,OP-810736,19/08/2020,N/A,N/A
américa móvil,4310101.67,USD,OP-972778,22-Dec-2015,2016-07-16,207
telmex,5963902.65,EUR,OP-359675,13-Apr-2025,N/A,N/A
grupo lala,2902963.49,USD,OP-292321,06/12/2017,N/A,N/A
WALMART DE MÉXICO,9838577.4,MXN,OP-100979,09/07/2019,2024-02-08,1615
LIVERPOOL,7852074.0,MXN,OP-749730,08/11/2024,N/A,N/A
ALSEA,4277404.57,MXN,OP-707335,2020-01-24,N/A,N/A
GRUPO MÉXICO,522044.66,USD,OP-461263,05-Jun-2025,N/A,N/A
GRUPO LALA,1319212.57,EUR,OP-852551,15-Sep-2018,18-Sep-2020,734
grupo bimbo,1911308.37,USD,OP-512819,"May 15, 2016","March 30, 2025",3241
GRUPO MÉXICO,1526678.68,EUR,OP-516799,2023-11-29,N/A,N/A
femsa,4203754.07,EUR,OP-624789,17-Apr-2021,18/09/2023,884
GRUPO BIMBO,1690125.06,EUR,OP-929731,02-Feb-2022,N/A,N/A
liverpool,4642538.81,USD,OP-299917,"August 10, 2018",N/A,N/A
américa móvil,965016.32,EUR,OP-219272,2016-04-25,21-Dec-2022,2431
pemex,5559892.23,EUR,OP-331670,"September 25, 2016",20/07/2021,1759
GRUPO CARSO,1357671.35,USD,OP-541626,"February 06, 2023",N/A,N/A
liverpool,6521212.39,MXN,OP-307977,"February 12, 2020",24/03/2025,1867
banorte,7602640.66,USD,OP-825498,2020-01-31,07-Apr-2020,67
pemex,9775317.89,USD,OP-748310,20-Feb-2018,"May 12, 2020",812
AMÉRICA MÓVIL,7671722.6,EUR,OP-543105,11/10/2017,N/A,N/A
alsea,545437.67,MXN,OP-583534,2019-12-27,N/A,N/A
CEMEX,1761964.82,USD,OP-390118,27/09/2016,"September 25, 2021",1824
GRUPO LALA,7502812.92,EUR,OP-410683,"August 11, 2020",N/A,N/A
américa móvil,7928985.86,MXN,OP-581359,03-Nov-2024,N/A,N/A
GRUPO BIMBO,1048153.4,EUR,OP-416142,"October 20, 2024",N/A,N/A
GRUPO CARSO,4668853.6,MXN,OP-838021,"January 05, 2023",N/A,N/A
LIVERPOOL,9421638.49,MXN,OP-914087,01/06/2023,N/A,N/A
telmex,2486465.63,EUR,OP-716126,"March 16, 2018",N/A,N/A
WALMART DE MÉXICO,7654336.31,USD,OP-988429,"December 11, 2021",N/A,N/A
GRUPO CARSO,9861095.42,USD,OP-440897,"May 16, 2016",21/05/2017,370
TELMEX,3395547.0,EUR,OP-286072,16-Apr-2022,N/A,N/A
walmart de méxico,2720884.75,EUR,OP-521703,"August 12, 2018",N/A,N/A
SORIANA,6890238.51,MXN,OP-598378,01-Jul-2016,"November 25, 2024",3069
BBVA MÉXICO,3221688.96,USD,OP-462336,"December 07, 2024",N/A,N/A
banorte,6159844.05,EUR,OP-505171,"January 31, 2022",N/A,N/A
alsea,424766.35,MXN,OP-731782,2024-10-27,N/A,N/A
FEMSA,6621434.87,EUR,OP-110554,06/03/2024,N/A,N/A
TELMEX,8269621.64,MXN,OP-215628,2023-11-05,N/A,N/A
pemex,3147853.9,EUR,OP-553610,2019-08-24,2021-12-09,838
banorte,536444.04,EUR,OP-762385,21/01/2025,N/A,N/A
liverpool,1716391.01,EUR,OP-887709,05/06/2022,N/A,N/A
bbva méxico,3041035.3,USD,OP-478346,2020-01-23,21-Nov-2021,668
SORIANA,7439803.79,MXN,OP-720715,"April 07, 2021","June 13, 2024",1163
GRUPO LALA,3123071.59,EUR,OP-468618,"January 02, 2017",01-Sep-2017,242
grupo lala,6494654.18,USD,OP-408059,2023-07-10,N/A,N/A
américa móvil,8109228.85,MXN,OP-738488,09/07/2023,N/A,N/A
femsa,9161054.76,EUR,OP-524513,03/05/2025,N/A,N/A
BANORTE,3688228.59,EUR,OP-815278,09-Dec-2015,2021-06-07,2007
BANORTE,7475536.52,MXN,OP-126104,2016-01-29,N/A,N/A
GRUPO MÉXICO,2197740.25,USD,OP-375012,2019-05-04,N/A,N/A
GRUPO BIMBO,273162.04,USD,OP-462967,"September 24, 2019",29/06/2020,279
grupo bimbo,8633729.18,USD,OP-507263,08-Nov-2015,29-Apr-2020,1634
LIVERPOOL,9486172.34,EUR,OP-155347,2022-02-11,N/A,N/A
américa móvil,4671841.67,USD,OP-326649,16/12/2019,02/09/2024,1516
alsea,1784719.21,EUR,OP-415723,23/02/2016,28-Mar-2017,399
pemex,119955.59,MXN,OP-681325,"September 08, 2024",N/A,N/A
grupo bimbo,7002060.41,EUR,OP-440017,"May 15, 2022",N/A,N/A
alsea,8201575.31,EUR,OP-902178,06/03/2019,07-Mar-2025,2104
grupo bimbo,7680856.13,EUR,OP-921681,2017-04-20,01-Sep-2020,1230
liverpool,2330379.73,USD,OP-327895,22-Jan-2020,N/A,N/A
alsea,3432801.49,USD,OP-866232,"July 27, 2016","February 13, 2020",1296
GRUPO MÉXICO,7928139.56,EUR,OP-432035,31/03/2019,27/11/2021,972
grupo méxico,732339.64,USD,OP-340172,08-Mar-2020,2024-07-02,1577
FEMSA,6830221.92,MXN,OP-492732,12-Jul-2018,N/A,N/A
alsea,9213592.11,USD,OP-646729,04-Jan-2021,N/A,N/A
banorte,7522760.61,EUR,OP-377134,"March 17, 2017",N/A,N/A
LIVERPOOL,6847176.24,USD,OP-908608,2022-01-04,N/A,N/A
alsea,8924343.87,MXN,OP-280526,"April 24, 2023",N/A,N/A
grupo carso,8312114.0,USD,OP-925280,10/07/2025,N/A,N/A
BANORTE,3603789.75,MXN,OP-189812,"August 24, 2025",N/A,N/A
bbva méxico,2662004.87,MXN,OP-481795,29/06/2017,2025-05-25,2887
grupo méxico,3876440.05,MXN,OP-849905,19/09/2019,N/A,N/A
liverpool,3929468.34,MXN,OP-608621,"January 04, 2021",N/A,N/A
grupo carso,4887692.31,MXN,OP-807550,2023-11-14,N/A,N/A
FEMSA,543593.04,MXN,OP-778550,2018-04-09,2020-02-15,677
LIVERPOOL,8039068.51,EUR,OP-269252,23/10/2024,N/A,N/A
ALSEA,8238653.98,MXN,OP-172104,"October 27, 2021",N/A,N/A
grupo lala,2698016.27,EUR,OP-771718,13-Jan-2016,"November 10, 2023",2858
AMÉRICA MÓVIL,4196398.2,MXN,OP-778130,2018-06-28,N/A,N/A
grupo méxico,4463725.36,EUR,OP-849043,2023-10-18,N/A,N/A
PEMEX,7959127.69,MXN,OP-985372,2019-11-07,N/A,N/A
ALSEA,7473436.09,EUR,OP-627942,2022-11-18,21/12/2024,764
américa móvil,8507190.48,EUR,OP-906229,23-Feb-2019,15-Aug-2021,904
SORIANA,5996323.96,USD,OP-613818,2016-01-19,26/03/2020,1528
GRUPO CARSO,3984300.45,EUR,OP-300275,09-Jun-2023,N/A,N/A
TELMEX,6991983.69,MXN,OP-917259,2023-01-16,N/A,N/A
PEMEX,9610895.65,MXN,OP-699553,08-Sep-2022,N/A,N/A
liverpool,1326091.6,USD,OP-632316,08/05/2016,"January 14, 2024",2718
grupo lala,6021814.1,MXN,OP-743451,"December 31, 2016",N/A,N/A
BBVA MÉXICO,3616895.51,USD,OP-697770,07/11/2020,N/A,N/A
telmex,2075028.05,EUR,OP-160130,"September 10, 2018",N/A,N/A
LIVERPOOL,9339436.45,USD,OP-835178,10/12/2016,N/A,N/A
grupo carso,3913123.86,USD,OP-249226,"April 03, 2017",07-Apr-2019,734
américa móvil,9551946.18,EUR,OP-660897,2015-12-05,19/08/2018,988
SORIANA,1261641.6,USD,OP-702480,"July 14, 2017",N/A,N/A
femsa,3083682.45,USD,OP-500686,"October 13, 2023",2024-08-14,306
grupo lala,9569671.39,EUR,OP-758398,30-May-2016,N/A,N/A
BANORTE,1833624.52,EUR,OP-113816,28/06/2018,N/A,N/A
WALMART DE MÉXICO,5689546.49,MXN,OP-749413,"March 24, 2019",02/04/2025,2144
pemex,3750575.72,EUR,OP-197039,04-May-2024,N/A,N/A
walmart de méxico,587808.45,EUR,OP-652083,"March 26, 2020",N/A,N/A
bbva méxico,7043469.82,EUR,OP-647880,"November 10, 2017","August 04, 2024",2459
grupo lala,1526435.03,MXN,OP-181916,28-Sep-2016,N/A,N/A
américa móvil,9040403.86,USD,OP-799647,2024-02-14,N/A,N/A
PEMEX,7025462.58,USD,OP-933841,12/11/2017,30-Jul-2020,962
WALMART DE MÉXICO,1141405.75,USD,OP-431738,"August 27, 2020",N/A,N/A
SORIANA,8828457.3,EUR,OP-285888,2020-07-24,N/A,N/A
LIVERPOOL,9926942.25,EUR,OP-589626,04-Sep-2019,N/A,N/A
banorte,4962073.01,EUR,OP-614258,03-Jun-2016,"September 15, 2021",1930
GRUPO LALA,5695538.69,MXN,OP-855941,"November 24, 2018",N/A,N/A
BBVA MÉXICO,5116478.33,EUR,OP-859530,11-Feb-2020,18-Mar-2020,36
bbva méxico,7739841.01,EUR,OP-484273,"April 02, 2016",N/A,N/A
liverpool,7391095.49,USD,OP-900948,03-Aug-2018,N/A,N/A
grupo lala,2873265.26,EUR,OP-781464,"June 01, 2017",N/A,N/A
pemex,1341458.58,EUR,OP-171711,2019-10-27,N/A,N/A
GRUPO LALA,1192265.76,EUR,OP-863590,"January 15, 2025",N/A,N/A
FEMSA,211168.4,USD,OP-777724,"June 14, 2025",N/A,N/A
grupo bimbo,1559227.56,EUR,OP-976646,2021-09-07,N/A,N/A
femsa,3555858.46,USD,OP-284061,"November 29, 2015",19-Jul-2021,2059
BBVA MÉXICO,738358.8,EUR,OP-490060,30/10/2019,13-May-2025,2022
grupo méxico,9926281.84,MXN,OP-183106,21/04/2020,N/A,N/A
FEMSA,4559803.51,MXN,OP-691877,10-Jun-2020,N/A,N/A
alsea,1694367.16,MXN,OP-610046,2025-05-21,N/A,N/A
liverpool,8401629.72,USD,OP-656913,30-Jul-2021,N/A,N/A
AMÉRICA MÓVIL,5510869.49,EUR,OP-507580,08-Dec-2017,18-May-2019,526
BBVA MÉXICO,1373851.09,EUR,OP-707695,23/04/2019,"December 02, 2019",223
grupo lala,5355198.52,EUR,OP-560560,13-Jun-2016,23/08/2021,1897
femsa,1484881.32,MXN,OP-982720,02-Jun-2016,2019-11-01,1247
walmart de méxico,7770834.7,MXN,OP-778113,17-Mar-2020,18/03/2023,1096
grupo bimbo,8907792.35,USD,OP-948002,"September 03, 2023",N/A,N/A
alsea,9095072.0,USD,OP-532598,02-Nov-2019,N/A,N/A
AMÉRICA MÓVIL,2580541.35,MXN,OP-161969,06-Jul-2016,14-Oct-2018,830
liverpool,6975954.99,MXN,OP-429170,"April 12, 2016","October 06, 2019",1272
BBVA MÉXICO,8682828.8,MXN,OP-914385,19/02/2020,09-Nov-2024,1725
CEMEX,3429499.65,EUR,OP-259402,29/06/2017,2019-01-19,569
banorte,7990877.23,USD,OP-147015,"November 24, 2019",N/A,N/A
BBVA MÉXICO,2692045.16,USD,OP-757479,"November 16, 2017",2020-08-28,1016
alsea,6677216.38,MXN,OP-380645,18/12/2019,04-Aug-2022,960
cemex,1647809.97,USD,OP-505936,14-Nov-2015,22/03/2023,2685
cemex,3994358.05,USD,OP-819452,2023-06-20,"May 14, 2025",694
ALSEA,9431349.2,EUR,OP-297979,07/07/2022,N/A,N/A
SORIANA,5912145.71,EUR,OP-352209,"July 12, 2025",N/A,N/A
grupo lala,8152044.6,MXN,OP-332398,"November 16, 2019",N/A,N/A
pemex,1502365.19,USD,OP-498097,05-Sep-2019,17-Jul-2020,316
grupo méxico,4534803.24,MXN,OP-467426,12-Nov-2018,N/A,N/A
telmex,3202894.12,EUR,OP-216497,19/01/2024,N/A,N/A
ALSEA,3975909.15,USD,OP-854034,19-Nov-2022,2023-01-21,63
CEMEX,3970480.05,USD,OP-699197,10/03/2023,20/07/2024,291
soriana,6413434.01,USD,OP-660682,"May 11, 2021",N/A,N/A
GRUPO CARSO,2511699.72,EUR,OP-672286,14/07/2018,N/A,N/A
alsea,9338515.03,EUR,OP-498476,17-Apr-2017,2017-11-08,205
soriana,4606427.03,USD,OP-336832,"April 15, 2016","January 30, 2021",1751
bbva méxico,9929594.72,MXN,OP-973042,21-Dec-2020,N/A,N/A
FEMSA,7035008.85,USD,OP-512994,2018-03-09,16-Apr-2024,2230
cemex,572777.91,USD,OP-506029,04-Dec-2019,N/A,N/A
GRUPO CARSO,5802766.85,EUR,OP-903575,"July 21, 2022",14/02/2025,939
walmart de méxico,1111154.28,MXN,OP-667330,11-Dec-2021,N/A,N/A
grupo bimbo,7854430.29,MXN,OP-209636,2018-05-29,2019-04-16,322
grupo bimbo,9817571.1,MXN,OP-929404,2023-09-11,N/A,N/A
AMÉRICA MÓVIL,5892195.24,MXN,OP-616969,10/05/2023,N/A,N/A
ALSEA,6920921.55,USD,OP-655990,01-Mar-2023,N/A,N/A
PEMEX,2727293.08,MXN,OP-723494,"November 18, 2021",2023-08-12,632
GRUPO MÉXICO,814547.98,EUR,OP-704761,"September 01, 2024",N/A,N/A
GRUPO LALA,4261824.03,USD,OP-982599,17-Aug-2016,13-May-2024,2826
cemex,9690842.68,USD,OP-364321,2017-01-15,21-Feb-2020,1132
bbva méxico,4658476.08,USD,OP-621469,"June 06, 2019",24/06/2022,1114
TELMEX,4224190.24,MXN,OP-424616,26-Nov-2020,N/A,N/A
bbva méxico,5627374.9,MXN,OP-177259,2024-01-29,N/A,N/A
grupo méxico,8070806.33,USD,OP-982103,10/12/2017,25/01/2025,2662
bbva méxico,7728750.52,EUR,OP-646855,2019-12-28,N/A,N/A
GRUPO LALA,805566.84,MXN,OP-101348,26/02/2019,2021-12-06,1014
ALSEA,5468423.79,MXN,OP-236109,"March 20, 2024",N/A,N/A
liverpool,6630548.3,EUR,OP-584992,2020-02-17,N/A,N/A
bbva méxico,241620.28,EUR,OP-501036,01-Dec-2023,N/A,N/A
banorte,2341230.02,EUR,OP-358579,"January 25, 2025",N/A,N/A
TELMEX,8242054.48,MXN,OP-818432,"July 16, 2017",2022-03-14,1702
GRUPO LALA,8488158.1,EUR,OP-500926,19-Dec-2019,N/A,N/A
FEMSA,5963671.98,EUR,OP-832035,2024-02-28,N/A,N/A
alsea,1923144.64,USD,OP-398010,24/11/2020,2021-10-04,314
grupo méxico,2754308.57,USD,OP-807104,2016-02-01,31-Jul-2019,1276
GRUPO MÉXICO,7053572.28,MXN,OP-160738,2016-01-07,N/A,N/A
GRUPO BIMBO,6259834.06,EUR,OP-602914,12/01/2018,N/A,N/A
TELMEX,5276416.85,MXN,OP-475381,07-May-2024,N/A,N/A
PEMEX,6957629.63,EUR,OP-121735,2022-01-03,N/A,N/A
CEMEX,1784254.64,EUR,OP-944096,2020-02-11,N/A,N/A
CEMEX,8710137.72,USD,OP-920805,24/06/2017,2017-07-20,26
GRUPO BIMBO,7833846.46,MXN,OP-781598,"October 28, 2022",N/A,N/A
TELMEX,7713932.16,EUR,OP-228962,2023-02-08,N/A,N/A
liverpool,993246.62,MXN,OP-418220,"March 18, 2023",N/A,N/A
GRUPO CARSO,4254705.67,EUR,OP-261243,08-Jan-2016,2017-11-11,673
banorte,7399772.15,USD,OP-649454,28/04/2016,"June 08, 2023",2597
bbva méxico,6076079.02,EUR,OP-987616,01/09/2018,N/A,N/A
FEMSA,9393884.88,EUR,OP-640266,30-Sep-2015,18-Jan-2022,2302
telmex,4254258.74,USD,OP-601355,2017-02-21,N/A,N/A
BANORTE,1512417.51,EUR,OP-129130,16-Jun-2022,N/A,N/A
WALMART DE MÉXICO,8916426.09,USD,OP-820205,2016-10-19,N/A,N/A
GRUPO MÉXICO,9363421.73,USD,OP-380268,23/10/2017,N/A,N/A
liverpool,680721.41,USD,OP-979477,08/09/2015,"February 21, 2016",196
CEMEX,6732445.16,USD,OP-526358,"September 06, 2018",15/08/2021,1074
grupo lala,8861367.95,USD,OP-383368,"August 16, 2021","September 06, 2024",1117
PEMEX,6291369.48,USD,OP-694468,"February 26, 2021",N/A,N/A
banorte,2680186.63,MXN,OP-934009,"April 13, 2018",19-Apr-2018,6
GRUPO CARSO,3290165.45,USD,OP-731486,11-Oct-2019,"July 13, 2024",1737
SORIANA,2325961.46,MXN,OP-780308,02/09/2019,"November 16, 2020",646
telmex,3218652.81,USD,OP-393319,06-Jul-2025,N/A,N/A
CEMEX,1614410.55,EUR,OP-775547,2016-08-06,2017-09-11,401
cemex,4758606.64,MXN,OP-121577,19/03/2022,N/A,N/A
GRUPO BIMBO,8264958.84,EUR,OP-267575,"June 03, 2022",N/A,N/A
SORIANA,8842220.38,MXN,OP-815510,25/07/2017,N/A,N/A
grupo méxico,6652712.61,MXN,OP-500786,2021-08-15,20-Aug-2021,5
GRUPO LALA,5678950.73,USD,OP-255937,2016-11-14,N/A,N/A
telmex,6214310.56,MXN,OP-981599,04-Nov-2016,N/A,N/A
ALSEA,1499112.29,MXN,OP-673168,07/04/2022,N/A,N/A
pemex,5052176.51,EUR,OP-543458,08/05/2023,N/A,N/A
grupo méxico,4667855.07,EUR,OP-248352,12/10/2020,N/A,N/A
telmex,1209777.74,MXN,OP-138449,2023-04-04,N/A,N/A
liverpool,5537782.64,USD,OP-595286,28/05/2021,N/A,N/A
cemex,2185972.24,EUR,OP-462255,"March 12, 2017",17-Jul-2025,3049
pemex,1106287.49,USD,OP-540595,31-Aug-2018,N/A,N/A
liverpool,523678.72,EUR,OP-544741,17-Feb-2018,10-Apr-2025,2609
GRUPO LALA,2525752.08,USD,OP-798451,2021-04-14,10/12/2024,1277
alsea,7156221.05,EUR,OP-628663,16/11/2021,N/A,N/A
grupo méxico,4967135.39,MXN,OP-186913,04/03/2024,N/A,N/A
liverpool,4554309.82,EUR,OP-230629,2017-01-10,15/01/2024,2561
GRUPO MÉXICO,5200875.1,EUR,OP-555195,"October 25, 2023",13-Jul-2024,262
FEMSA,6364993.85,EUR,OP-799843,17/09/2015,2021-05-23,2075
GRUPO BIMBO,333492.78,USD,OP-165776,2023-09-11,N/A,N/A
GRUPO BIMBO,4820355.84,EUR,OP-997483,2016-11-08,N/A,N/A
alsea,6113950.86,MXN,OP-109062,"April 30, 2019","August 24, 2020",482
PEMEX,8332693.9,USD,OP-459802,2020-04-11,N/A,N/A
BBVA MÉXICO,5846214.1,USD,OP-124786,2024-11-16,N/A,N/A
alsea,3045945.98,USD,OP-755080,20-Jul-2021,N/A,N/A
femsa,7839661.49,EUR,OP-713817,08/06/2025,N/A,N/A
walmart de méxico,9272147.58,MXN,OP-794777,"June 12, 2024",N/A,N/A
BBVA MÉXICO,7755692.94,USD,OP-135959,09/09/2021,N/A,N/A
bbva méxico,1385816.84,EUR,OP-982320,"June 19, 2020",30-Jul-2025,1867
TELMEX,3438552.7,EUR,OP-607176,2022-10-14,N/A,N/A
grupo méxico,8116169.32,EUR,OP-285627,03-Apr-2021,N/A,N/A
FEMSA,8086574.45,EUR,OP-147594,2020-05-31,30-Jan-2024,1339
liverpool,9055276.01,MXN,OP-912243,04-Jan-2016,"March 12, 2021",1894
femsa,8271858.17,MXN,OP-179497,16/05/2019,N/A,N/A
SORIANA,2855851.42,USD,OP-281723,"September 17, 2017",19-Dec-2023,2284
SORIANA,5753098.42,MXN,OP-768849,"March 23, 2023",19-Sep-2024,546
SORIANA,2709327.41,MXN,OP-193468,2021-05-15,N/A,N/A
américa móvil,6237661.84,USD,OP-239926,2018-09-22,25/01/2020,490
TELMEX,8597788.9,MXN,OP-378868,05-Apr-2024,N/A,N/A
américa móvil,4507022.75,EUR,OP-276322,2020-04-02,N/A,N/A
SORIANA,4186645.0,EUR,OP-268822,"February 23, 2017",24-Jun-2023,2312
américa móvil,5729088.93,MXN,OP-385326,07/02/2016,2022-09-02,2253
BANORTE,2303927.99,USD,OP-332352,07/11/2019,N/A,N/A
AMÉRICA MÓVIL,8580987.63,MXN,OP-705691,"August 19, 2020",N/A,N/A
GRUPO BIMBO,5145278.98,MXN,OP-304143,"February 21, 2024",08/05/2025,531
PEMEX,965424.71,USD,OP-707728,"March 02, 2019",N/A,N/A
grupo lala,9147520.84,EUR,OP-526641,23-Jul-2016,2021-04-18,1730
GRUPO MÉXICO,5314687.51,MXN,OP-656884,"October 04, 2016",02-Jan-2021,1551
GRUPO CARSO,5695976.67,USD,OP-344874,09/08/2023,N/A,N/A
FEMSA,5949081.31,MXN,OP-719297,31/07/2022,N/A,N/A
BANORTE,8328619.42,MXN,OP-707192,22/10/2021,N/A,N/A
BBVA MÉXICO,8865860.77,EUR,OP-849502,"November 28, 2017",27-May-2020,911
américa móvil,5622881.2,MXN,OP-507444,2016-12-23,12-May-2018,505
walmart de méxico,5334040.96,USD,OP-108606,2016-01-24,"April 02, 2018",799
liverpool,7257690.96,USD,OP-224316,28/05/2023,N/A,N/A
femsa,8248950.66,MXN,OP-691575,02/02/2023,N/A,N/A
ALSEA,340109.9,MXN,OP-554528,2017-05-13,N/A,N/A
walmart de méxico,3530236.39,USD,OP-839413,"April 29, 2024",N/A,N/A
BANORTE,1426540.37,USD,OP-216206,04/11/2022,N/A,N/A
CEMEX,4160821.02,EUR,OP-103890,28-Jul-2019,N/A,N/A
grupo méxico,8974828.35,MXN,OP-636872,"July 06, 2020",N/A,N/A
grupo méxico,6686432.47,USD,OP-119374,2024-04-07,N/A,N/A
grupo bimbo,5963255.02,EUR,OP-623632,2017-09-16,"November 06, 2024",2608
liverpool,4524802.83,MXN,OP-391616,16-Jan-2022,N/A,N/A
grupo lala,7040374.13,MXN,OP-684599,2022-03-05,2023-07-13,495
PEMEX,7507691.71,EUR,OP-920740,21-Jun-2021,24/03/2022,276
WALMART DE MÉXICO,7326317.18,EUR,OP-313902,2021-06-08,N/A,N/A
GRUPO MÉXICO,9885148.1,MXN,OP-612173,02-Oct-2021,N/A,N/A
GRUPO LALA,6061988.26,EUR,OP-423630,03-Jun-2019,N/A,N/A
AMÉRICA MÓVIL,6136891.11,EUR,OP-296175,03-Apr-2024,N/A,N/A
AMÉRICA MÓVIL,4788574.11,EUR,OP-130267,04-Jul-2020,N/A,N/A
telmex,6934445.75,USD,OP-954221,09/06/2024,N/A,N/A
grupo carso,7368630.04,USD,OP-639302,2020-12-10,"March 09, 2025",1550
TELMEX,7125780.25,EUR,OP-230637,16/11/2017,N/A,N/A
pemex,4325958.7,EUR,OP-376434,05-Jan-2019,N/A,N/A
alsea,2773212.55,MXN,OP-686640,07-Feb-2018,N/A,N/A
BBVA MÉXICO,8684648.88,MXN,OP-693044,20-Jun-2025,N/A,N/A
grupo lala,2660060.31,USD,OP-661376,29-Aug-2020,N/A,N/A
pemex,7567179.76,EUR,OP-700129,2017-01-10,N/A,N/A
FEMSA,9164889.48,MXN,OP-318189,"January 10, 2017","January 24, 2025",2936
AMÉRICA MÓVIL,6969870.85,MXN,OP-518496,2023-05-01,N/A,N/A
américa móvil,2874665.62,EUR,OP-453263,20/09/2018,N/A,N/A
cemex,4631938.03,EUR,OP-428124,29/10/2020,06-Sep-2021,312
banorte,7716576.47,MXN,OP-623466,25-Jun-2024,N/A,N/A
FEMSA,4367718.8,EUR,OP-781711,2018-08-27,2023-07-14,1782
ALSEA,6563495.81,MXN,OP-495229,17/05/2023,26-Apr-2025,710
GRUPO LALA,8730522.6,USD,OP-237085,14-Jan-2023,"November 01, 2023",291
banorte,796263.31,EUR,OP-887460,17-Sep-2021,"October 02, 2023",745
GRUPO MÉXICO,7582036.16,EUR,OP-828615,"July 10, 2021",N/A,N/A
BBVA MÉXICO,3548454.45,EUR,OP-443502,"January 22, 2022","May 30, 2022",128
grupo bimbo,8549748.37,MXN,OP-864587,2018-07-30,N/A,N/A
walmart de méxico,1699263.65,EUR,OP-869919,05-Jan-2021,2025-05-24,1600
FEMSA,1420115.46,USD,OP-881022,05-Mar-2025,N/A,N/A
GRUPO MÉXICO,4493006.39,EUR,OP-841525,2019-11-02,04/08/2020,158
cemex,4385914.97,MXN,OP-695649,07/01/2018,21/03/2024,2090
telmex,1655275.64,EUR,OP-152720,"January 04, 2017",2019-08-04,942
grupo lala,3677561.11,EUR,OP-612095,"December 18, 2019","December 04, 2020",352
GRUPO MÉXICO,8067847.7,USD,OP-470280,2020-04-15,N/A,N/A
telmex,6336717.69,EUR,OP-740662,02-Aug-2016,"November 15, 2021",1931
banorte,5010187.17,MXN,OP-621901,"January 02, 2017",08-Sep-2022,2075
femsa,4764658.23,USD,OP-424098,20/12/2018,"June 17, 2019",179
alsea,5671152.86,USD,OP-940917,"January 30, 2019","May 28, 2022",1214
alsea,5603246.95,MXN,OP-367869,"June 26, 2019",2020-06-19,359
walmart de méxico,814295.06,MXN,OP-211676,2018-09-03,14-Apr-2022,1319
BANORTE,9616605.73,EUR,OP-611912,"February 01, 2021",N/A,N/A
banorte,8423460.6,USD,OP-181957,2017-12-05,"January 05, 2022",1492
GRUPO LALA,4466967.24,EUR,OP-279041,21-Aug-2016,N/A,N/A
alsea,7013360.64,MXN,OP-855041,28/08/2015,N/A,N/A
ALSEA,3861330.99,EUR,OP-258988,"May 16, 2016",05/01/2022,2176
WALMART DE MÉXICO,5211189.97,MXN,OP-598295,10/01/2017,"July 25, 2025",2854
LIVERPOOL,8030656.2,MXN,OP-297409,03-May-2025,N/A,N/A
PEMEX,4575194.43,EUR,OP-113528,13/01/2017,2019-11-10,1031
pemex,4480590.7,USD,OP-518337,07-Mar-2025,N/A,N/A
LIVERPOOL,8855600.0,MXN,OP-704098,2022-07-19,21-May-2025,1037
liverpool,9776361.19,MXN,OP-933465,23-Dec-2024,N/A,N/A
GRUPO CARSO,3416817.27,USD,OP-664049,"April 06, 2021",24-Oct-2024,1297
GRUPO LALA,5642782.84,MXN,OP-669520,"October 17, 2019","April 11, 2023",1272
WALMART DE MÉXICO,1759972.79,EUR,OP-731340,17/06/2019,2023-06-11,1455
américa móvil,7667728.45,MXN,OP-331878,08/11/2019,N/A,N/A
ALSEA,2033949.99,USD,OP-457373,2022-12-10,N/A,N/A
TELMEX,673137.66,EUR,OP-648824,"August 23, 2020","April 20, 2025",1701
BANORTE,4747368.4,MXN,OP-545208,2019-05-21,N/A,N/A
GRUPO LALA,1290032.45,EUR,OP-304153,26-Feb-2023,13/09/2024,565
GRUPO LALA,8330178.08,EUR,OP-517614,26-Aug-2018,14/04/2020,597
ALSEA,8947116.35,EUR,OP-128612,2025-01-05,N/A,N/A
cemex,1935229.76,EUR,OP-281564,2019-06-27,2023-04-17,1390
PEMEX,3669576.18,EUR,OP-736957,2025-01-16,N/A,N/A
AMÉRICA MÓVIL,2148741.57,USD,OP-869555,17-Sep-2024,12/11/2024,85
BANORTE,3929300.98,MXN,OP-663532,"July 20, 2025",N/A,N/A
BBVA MÉXICO,2961835.19,MXN,OP-619579,20/11/2022,N/A,N/A
GRUPO BIMBO,9524848.25,USD,OP-984379,2017-07-22,2024-10-02,2629
BBVA MÉXICO,6608005.19,USD,OP-325410,"February 24, 2022",2022-11-28,277
GRUPO MÉXICO,4627360.7,MXN,OP-971363,30/09/2022,N/A,N/A
GRUPO CARSO,5461204.29,USD,OP-177871,15/11/2019,"April 12, 2022",879
TELMEX,3330381.66,EUR,OP-678520,19/12/2017,N/A,N/A
pemex,2908051.81,USD,OP-431460,2023-02-12,N/A,N/A
telmex,2196908.72,USD,OP-418931,30-Aug-2024,N/A,N/A
GRUPO BIMBO,1735860.84,USD,OP-735534,"November 21, 2017",17/09/2020,1031
BBVA MÉXICO,7555731.47,MXN,OP-514352,10-Feb-2024,N/A,N/A
liverpool,6803431.11,USD,OP-134450,2023-03-04,N/A,N/A
FEMSA,5773862.99,EUR,OP-145207,"May 11, 2017",N/A,N/A
liverpool,3731335.88,MXN,OP-453355,2019-07-21,"August 21, 2020",397
grupo méxico,3090990.63,EUR,OP-196482,2016-07-30,18/09/2022,2241
WALMART DE MÉXICO,2263297.46,USD,OP-290579,20-Sep-2021,09/07/2022,352
WALMART DE MÉXICO,9397185.51,MXN,OP-694976,04-Aug-2024,N/A,N/A
liverpool,7420766.22,MXN,OP-424358,"December 07, 2020",N/A,N/A
FEMSA,7679222.05,MXN,OP-318509,"December 06, 2024",N/A,N/A
femsa,3852033.34,USD,OP-629655,04/03/2023,2024-10-19,565
grupo carso,5387793.75,USD,OP-556684,17/03/2022,22-Jul-2022,127
GRUPO LALA,6978507.98,MXN,OP-655685,23/08/2020,N/A,N/A
AMÉRICA MÓVIL,7929878.32,MXN,OP-780388,23/08/2020,"November 26, 2021",460
cemex,7179071.44,USD,OP-632745,01/12/2019,N/A,N/A
grupo bimbo,6087831.45,EUR,OP-963674,"September 12, 2019",03-Nov-2019,52
grupo lala,5928774.69,USD,OP-855514,20/06/2023,N/A,N/A
TELMEX,9829374.89,EUR,OP-384536,2022-12-04,N/A,N/A
TELMEX,9567717.23,EUR,OP-747476,30-Dec-2024,N/A,N/A
grupo carso,4612960.75,MXN,OP-107652,2024-03-31,25/06/2024,86
WALMART DE MÉXICO,2235989.39,MXN,OP-351441,01/02/2018,08-Feb-2024,2228
LIVERPOOL,7659989.4,MXN,OP-977623,23-Jun-2025,N/A,N/A
LIVERPOOL,7808885.07,MXN,OP-912374,20/12/2017,2024-03-08,2270
américa móvil,7943787.58,MXN,OP-183085,"September 10, 2022",29/09/2022,19
PEMEX,8701181.01,USD,OP-631467,2019-03-14,N/A,N/A
GRUPO CARSO,2912042.72,MXN,OP-358212,04/10/2021,2025-02-28,1420
cemex,3396792.43,EUR,OP-135167,05/11/2022,2022-12-28,231
BBVA MÉXICO,4229188.67,EUR,OP-923500,28/12/2021,N/A,N/A
alsea,817605.26,EUR,OP-459780,05/10/2015,2022-01-12,2439
liverpool,1175569.01,MXN,OP-543997,2020-07-22,13/12/2021,509
WALMART DE MÉXICO,2041729.1,USD,OP-844519,2021-01-20,10-Jan-2025,1451
PEMEX,810344.99,EUR,OP-281677,18-Mar-2019,2024-12-19,2103
bbva méxico,2793737.09,USD,OP-152279,27-Apr-2024,N/A,N/A
ALSEA,4599108.79,USD,OP-969127,15-Jan-2025,N/A,N/A
CEMEX,2072622.14,MXN,OP-414504,29/05/2021,N/A,N/A
grupo bimbo,1862623.06,EUR,OP-860051,2021-01-25,27/02/2022,398
alsea,7347834.73,MXN,OP-654429,02-Nov-2022,N/A,N/A
femsa,6936069.52,EUR,OP-358131,2017-01-04,"March 07, 2020",1158
banorte,9384871.32,USD,OP-259790,2020-09-23,"October 31, 2023",1133
WALMART DE MÉXICO,5787740.98,USD,OP-342824,"April 07, 2024",N/A,N/A
GRUPO LALA,7776835.19,EUR,OP-666322,30-Jun-2019,28-Feb-2020,243
GRUPO BIMBO,6476406.45,MXN,OP-807956,17-Sep-2016,28-Jul-2025,3236
cemex,5209111.75,USD,OP-135329,09-Jan-2021,N/A,N/A
FEMSA,8278200.62,MXN,OP-200083,2016-07-19,N/A,N/A
liverpool,309686.69,EUR,OP-211031,12-Aug-2022,N/A,N/A
liverpool,5651391.61,MXN,OP-717021,"December 17, 2024",N/A,N/A
soriana,2234622.98,MXN,OP-452618,"April 25, 2018",27/06/2019,428
CEMEX,2759120.21,EUR,OP-335790,"October 30, 2021",2023-07-26,634
grupo bimbo,3899583.15,EUR,OP-949791,30-Dec-2022,"July 27, 2025",940
alsea,9483856.8,USD,OP-202543,"February 06, 2019",N/A,N/A
grupo bimbo,8367788.75,MXN,OP-183558,24-Oct-2019,17-Aug-2024,1759
GRUPO LALA,9958589.28,EUR,OP-586956,03/02/2018,N/A,N/A
GRUPO CARSO,3246640.46,EUR,OP-968237,06-Sep-2022,N/A,N/A
walmart de méxico,9503387.73,USD,OP-767485,2022-11-07,N/A,N/A
grupo carso,9642845.06,EUR,OP-585232,"August 09, 2025",N/A,N/A
FEMSA,5932327.65,MXN,OP-980573,2022-09-11,2024-01-27,503
SORIANA,2172634.46,USD,OP-711042,01/04/2024,N/A,N/A
LIVERPOOL,7439294.59,EUR,OP-428936,19-May-2020,N/A,N/A
banorte,4200484.03,EUR,OP-458595,2016-04-18,"December 01, 2017",592
GRUPO LALA,5395308.97,EUR,OP-829358,"May 16, 2020",N/A,N/A
PEMEX,1105607.8,USD,OP-859349,01-Sep-2019,2023-01-28,1245
AMÉRICA MÓVIL,7198010.61,EUR,OP-500093,2022-05-09,N/A,N/A
GRUPO MÉXICO,5817695.63,USD,OP-740294,2025-02-03,N/A,N/A
alsea,8257842.42,EUR,OP-119874,08-Jul-2019,16-Nov-2023,1592
BBVA MÉXICO,7250488.42,USD,OP-667286,"November 06, 2021",N/A,N/A
GRUPO BIMBO,3379434.34,MXN,OP-541914,02-Jan-2016,N/A,N/A
ALSEA,3822731.52,EUR,OP-418624,22/05/2022,N/A,N/A
banorte,9019233.24,MXN,OP-553995,2017-06-22,20-Jul-2019,758
GRUPO BIMBO,5294791.42,USD,OP-742677,"May 03, 2018",N/A,N/A
bbva méxico,3512270.82,USD,OP-921325,2025-03-29,N/A,N/A
TELMEX,9655889.67,USD,OP-394843,27/11/2019,08-Oct-2023,1411
américa móvil,2819864.0,EUR,OP-239128,2022-07-23,N/A,N/A
BANORTE,6452203.49,EUR,OP-269236,2017-07-10,28/02/2021,1329
liverpool,7531548.01,USD,OP-244025,"September 13, 2017",N/A,N/A
BANORTE,3175313.33,MXN,OP-131532,06/05/2016,N/A,N/A
pemex,3137622.77,MXN,OP-995553,12-Jun-2018,N/A,N/A
TELMEX,706707.53,EUR,OP-240348,24/03/2023,N/A,N/A
GRUPO LALA,8896230.61,EUR,OP-774418,"April 11, 2016",08/08/2023,2675
cemex,8808418.08,USD,OP-481067,"July 06, 2025",N/A,N/A
soriana,7853017.57,EUR,OP-855017,20-Sep-2017,13/04/2018,205
walmart de méxico,5901774.32,USD,OP-863339,20-Nov-2024,N/A,N/A
liverpool,6599557.72,MXN,OP-929379,"September 05, 2015",N/A,N/A
américa móvil,9861089.41,MXN,OP-509940,08-Jun-2019,N/A,N/A
SORIANA,6653534.04,MXN,OP-847745,26/06/2023,N/A,N/A
GRUPO LALA,4277287.61,MXN,OP-234283,10/06/2023,N/A,N/A
banorte,8015161.19,USD,OP-408704,"February 15, 2023","December 26, 2024",680
CEMEX,7994280.34,EUR,OP-144365,2021-12-07,2023-02-11,431
BBVA MÉXICO,8733893.23,MXN,OP-736219,2024-12-22,N/A,N/A
GRUPO BIMBO,3876364.91,EUR,OP-847916,20/12/2022,N/A,N/A
GRUPO BIMBO,3053469.75,EUR,OP-107311,29-Jan-2019,2024-10-11,2082
BANORTE,817553.95,USD,OP-117297,"May 08, 2017",N/A,N/A
LIVERPOOL,6376654.11,MXN,OP-327454,24-Mar-2017,N/A,N/A
GRUPO CARSO,3491139.86,USD,OP-404173,2023-02-05,N/A,N/A
grupo carso,5869107.11,USD,OP-584484,30-May-2023,N/A,N/A
grupo bimbo,3679855.04,EUR,OP-186376,05/02/2024,N/A,N/A
AMÉRICA MÓVIL,6000189.86,EUR,OP-220971,07/06/2023,N/A,N/A
LIVERPOOL,512962.8,MXN,OP-837238,2017-04-02,N/A,N/A
AMÉRICA MÓVIL,3275398.59,EUR,OP-822614,19/10/2016,2024-04-25,2745
grupo carso,5210759.48,EUR,OP-330192,2018-09-16,"June 23, 2025",2472
AMÉRICA MÓVIL,4095690.23,EUR,OP-558428,17/09/2020,2022-11-25,799
GRUPO MÉXICO,3521311.29,MXN,OP-956905,2025-06-09,N/A,N/A
CEMEX,2923988.29,USD,OP-115558,22-Mar-2021,N/A,N/A
GRUPO CARSO,4690513.67,USD,OP-457284,"August 08, 2020",N/A,N/A
grupo bimbo,4648409.52,EUR,OP-207137,07/01/2023,N/A,N/A
WALMART DE MÉXICO,4430760.32,USD,OP-869877,2022-06-17,N/A,N/A
BANORTE,4770926.54,EUR,OP-602451,18-Sep-2016,07-Aug-2021,1784
PEMEX,9571927.99,MXN,OP-287573,2025-03-29,N/A,N/A
TELMEX,7940177.79,MXN,OP-910351,2019-09-30,N/A,N/A
femsa,404320.22,EUR,OP-661151,23-May-2025,N/A,N/A
grupo carso,3299297.72,USD,OP-984647,2021-07-03,N/A,N/A
FEMSA,8805465.01,USD,OP-437877,23/07/2021,N/A,N/A
cemex,3862499.12,USD,OP-713832,2019-09-03,10-Dec-2019,98
grupo bimbo,7998894.24,MXN,OP-828183,23-Nov-2023,18-Jul-2025,603
CEMEX,9314707.43,USD,OP-506815,"November 10, 2023",N/A,N/A
soriana,5355730.07,MXN,OP-347212,14-Dec-2021,2023-05-04,506
bbva méxico,2519425.38,EUR,OP-509837,09/07/2017,"October 26, 2022",1875
bbva méxico,3719904.51,EUR,OP-396619,2025-02-28,N/A,N/A
WALMART DE MÉXICO,2898659.43,MXN,OP-850090,"December 29, 2021",N/A,N/A
soriana,263436.0,USD,OP-191832,"June 15, 2020","May 02, 2021",321
ALSEA,7359730.14,USD,OP-760528,15-Feb-2018,13-Jul-2019,513
GRUPO CARSO,9281974.75,EUR,OP-883972,"July 28, 2021",11-Nov-2023,836
SORIANA,5959164.85,USD,OP-438896,"November 24, 2023",N/A,N/A
femsa,7109696.59,MXN,OP-996447,"October 29, 2015","March 20, 2020",1604
grupo carso,2849113.28,USD,OP-587919,2024-05-25,N/A,N/A
AMÉRICA MÓVIL,5147839.12,MXN,OP-737194,2015-12-17,N/A,N/A
TELMEX,2957828.88,MXN,OP-226165,18-Dec-2024,N/A,N/A
grupo bimbo,319734.83,EUR,OP-221879,24/07/2025,N/A,N/A
walmart de méxico,2419319.33,EUR,OP-853982,"November 26, 2020",11-Apr-2024,1232
cemex,6211828.16,MXN,OP-162752,09-Dec-2015,N/A,N/A
BBVA MÉXICO,9044427.61,USD,OP-867062,"April 29, 2022",N/A,N/A
BBVA MÉXICO,6543298.11,MXN,OP-270707,13/08/2023,N/A,N/A
FEMSA,7313904.86,EUR,OP-308930,06/04/2020,N/A,N/A
cemex,5145334.07,EUR,OP-214080,"November 05, 2016",N/A,N/A
grupo méxico,3641224.71,EUR,OP-285504,06/06/2018,2023-03-04,1732
grupo carso,7229928.22,EUR,OP-392120,11/09/2023,N/A,N/A
FEMSA,2688995.99,EUR,OP-346980,30-Jul-2024,N/A,N/A
banorte,7330960.43,USD,OP-129468,01/03/2025,N/A,N/A
grupo carso,9174112.56,EUR,OP-622089,2018-04-19,N/A,N/A
AMÉRICA MÓVIL,8257633.61,MXN,OP-769828,"July 30, 2025",N/A,N/A
AMÉRICA MÓVIL,117451.62,MXN,OP-193625,"December 24, 2022",05-Sep-2024,621
CEMEX,5313636.01,MXN,OP-502905,22/10/2024,N/A,N/A
CEMEX,2059102.21,USD,OP-223191,18-Nov-2023,N/A,N/A
ALSEA,2904667.21,USD,OP-914542,21/10/2023,N/A,N/A
telmex,8551142.21,EUR,OP-169282,25-Sep-2022,N/A,N/A
CEMEX,1743400.28,USD,OP-169247,27-Aug-2015,2018-02-26,914
CEMEX,7412077.0,EUR,OP-585487,2019-08-05,"August 22, 2022",1113
banorte,3577688.93,USD,OP-814014,2018-10-09,2024-09-17,2170
soriana,4450279.4,USD,OP-422477,"December 10, 2023",N/A,N/A
TELMEX,5851970.63,EUR,OP-314814,21/07/2016,N/A,N/A
GRUPO CARSO,8354875.56,EUR,OP-683462,15-Jul-2019,N/A,N/A
alsea,6759160.96,MXN,OP-989342,2024-09-06,N/A,N/A
BBVA MÉXICO,3379468.92,USD,OP-987232,"February 11, 2022",2023-08-13,548
ALSEA,3430866.38,MXN,OP-676399,07-Jan-2017,18-Nov-2017,315
américa móvil,3218770.89,USD,OP-144341,"November 01, 2024",N/A,N/A
GRUPO LALA,1814507.06,EUR,OP-656802,"August 11, 2017",N/A,N/A
grupo lala,8330735.99,MXN,OP-140972,18-Jan-2016,14-Oct-2017,635
GRUPO LALA,2724565.98,EUR,OP-216181,2024-09-29,N/A,N/A
PEMEX,4268012.3,USD,OP-143069,03/10/2016,N/A,N/A
américa móvil,4370043.27,MXN,OP-544197,2022-10-21,N/A,N/A
grupo méxico,7524513.6,MXN,OP-684424,2019-09-09,N/A,N/A
grupo bimbo,8922207.94,MXN,OP-560729,"August 27, 2016",2016-09-14,18
soriana,4623057.95,EUR,OP-620071,"March 31, 2018",N/A,N/A
grupo lala,6688250.74,USD,OP-832242,31-May-2022,N/A,N/A
PEMEX,308054.29,MXN,OP-174511,29/09/2016,N/A,N/A
américa móvil,4145145.55,USD,OP-977218,2024-09-24,N/A,N/A
GRUPO BIMBO,2932969.74,EUR,OP-364569,2020-04-02,"January 30, 2023",1033
américa móvil,9994669.76,USD,OP-221712,"January 10, 2019",N/A,N/A
PEMEX,9969923.15,EUR,OP-768207,09/02/2021,N/A,N/A
banorte,2776837.35,EUR,OP-565600,"April 19, 2023",2024-03-19,335
grupo méxico,2836100.99,MXN,OP-225457,2025-08-01,N/A,N/A
LIVERPOOL,6776179.12,MXN,OP-817393,"August 26, 2016",14/04/2017,231
LIVERPOOL,3688736.19,USD,OP-596898,"March 12, 2019",N/A,N/A
GRUPO BIMBO,968225.64,EUR,OP-663741,02-Mar-2022,N/A,N/A
GRUPO LALA,6431714.98,MXN,OP-640083,14-May-2021,"December 24, 2022",589
grupo bimbo,798663.77,EUR,OP-979080,01/04/2024,N/A,N/A
GRUPO CARSO,1866361.71,USD,OP-306250,12-Feb-2018,N/A,N/A
grupo méxico,3368183.39,MXN,OP-284190,"January 24, 2022",N/A,N/A
banorte,8822908.37,USD,OP-505019,05-Dec-2015,N/A,N/A
GRUPO CARSO,854281.28,EUR,OP-893268,"August 29, 2015",N/A,N/A
banorte,3678001.0,USD,OP-332928,07-Nov-2024,N/A,N/A
CEMEX,1646130.81,MXN,OP-512487,04-Aug-2016,"July 11, 2025",3263
soriana,4424608.39,MXN,OP-734507,15/07/2018,20-Sep-2018,67
SORIANA,7396918.1,USD,OP-365813,"May 05, 2018",N/A,N/A
TELMEX,8521067.89,EUR,OP-399094,19-Apr-2017,16-May-2017,27
grupo carso,9609195.53,USD,OP-650205,27-Dec-2023,N/A,N/A
AMÉRICA MÓVIL,9759570.42,USD,OP-344749,"November 04, 2024",N/A,N/A
banorte,656822.76,EUR,OP-333798,28/08/2018,N/A,N/A
WALMART DE MÉXICO,6238125.68,USD,OP-292881,2023-12-21,N/A,N/A
FEMSA,8376098.52,MXN,OP-997352,"November 17, 2023",N/A,N/A
PEMEX,8692624.75,USD,OP-261511,2020-09-16,N/A,N/A
grupo carso,3448508.87,USD,OP-200016,2025-04-28,N/A,N/A
liverpool,141064.03,USD,OP-206629,2020-01-09,N/A,N/A
PEMEX,4493717.08,EUR,OP-317125,"September 13, 2016",25-Feb-2022,1991
alsea,911055.79,MXN,OP-519151,31/12/2016,2022-05-11,1957
TELMEX,1028559.79,MXN,OP-543624,"May 23, 2022",N/A,N/A
TELMEX,4903190.46,MXN,OP-755396,"March 01, 2018",25-Sep-2023,2034
AMÉRICA MÓVIL,125864.27,MXN,OP-584215,20/08/2017,N/A,N/A
FEMSA,9615744.61,EUR,OP-533499,"March 21, 2024",N/A,N/A
LIVERPOOL,5684986.54,MXN,OP-587378,"April 14, 2020",N/A,N/A
alsea,1214400.71,MXN,OP-445902,"March 24, 2019",N/A,N/A
GRUPO BIMBO,5241783.74,EUR,OP-193858,"July 12, 2022","December 11, 2022",152
GRUPO MÉXICO,2058407.75,USD,OP-541567,2016-11-09,20-Jan-2020,1167
BBVA MÉXICO,4084797.62,USD,OP-502992,"January 17, 2024",N/A,N/A
SORIANA,1136876.46,MXN,OP-870338,23/04/2017,"July 02, 2023",2261
cemex,4320655.31,USD,OP-761571,07-Jun-2017,2020-06-14,1103
cemex,7434671.11,EUR,OP-880477,2020-10-16,N/A,N/A
grupo bimbo,9282428.27,MXN,OP-591042,"December 15, 2023",N/A,N/A
walmart de méxico,4179115.36,MXN,OP-158772,01/07/2024,N/A,N/A
WALMART DE MÉXICO,3621370.68,USD,OP-363406,11-Dec-2018,"March 16, 2024",1922
GRUPO MÉXICO,9716669.69,USD,OP-994485,2022-12-16,"July 21, 2025",948
GRUPO BIMBO,8077757.83,MXN,OP-834511,"November 15, 2022",N/A,N/A
FEMSA,8327937.45,EUR,OP-551253,"July 28, 2018",2023-08-27,1856
américa móvil,144909.48,MXN,OP-539666,"June 24, 2022",N/A,N/A
BBVA MÉXICO,1150890.87,MXN,OP-685446,2021-01-28,"February 06, 2022",374
cemex,6248452.85,EUR,OP-152128,30-Jun-2025,N/A,N/A
bbva méxico,157116.69,USD,OP-506127,"July 03, 2024",N/A,N/A
PEMEX,4721298.58,EUR,OP-739043,26-Jun-2016,22-Jun-2018,726
GRUPO LALA,4459772.08,USD,OP-514657,13/01/2021,N/A,N/A
grupo bimbo,6463414.29,EUR,OP-996293,18/05/2019,N/A,N/A
ALSEA,3828443.33,EUR,OP-484675,12-Feb-2019,"July 04, 2020",508
grupo bimbo,2803254.45,EUR,OP-833156,"September 20, 2024",N/A,N/A
CEMEX,7398995.0,MXN,OP-323371,19/11/2016,29/04/2019,891
WALMART DE MÉXICO,8801148.27,EUR,OP-620311,29-Feb-2020,N/A,N/A
grupo bimbo,2379024.7,MXN,OP-970255,23/05/2025,N/A,N/A
soriana,5143372.96,EUR,OP-313410,2023-11-23,N/A,N/A
PEMEX,2696112.6,USD,OP-804664,14/07/2021,N/A,N/A
femsa,7662749.6,USD,OP-138914,21-Oct-2021,N/A,N/A
ALSEA,8947324.6,USD,OP-236205,2024-09-11,N/A,N/A
GRUPO CARSO,4654712.52,EUR,OP-292868,29/10/2015,03-Jan-2017,432
américa móvil,8959957.19,EUR,OP-701611,24-Dec-2024,N/A,N/A
PEMEX,6364796.41,EUR,OP-578754,17/02/2020,09/01/2020,197
GRUPO CARSO,9706501.77,USD,OP-367106,2025-02-22,N/A,N/A
LIVERPOOL,9274410.48,MXN,OP-991496,"May 20, 2020","October 28, 2022",891
femsa,1702859.66,MXN,OP-316324,2019-09-20,2023-10-27,1498
TELMEX,9845560.06,EUR,OP-667696,2019-01-15,26-Mar-2024,1897
alsea,9127223.61,MXN,OP-892821,14/08/2023,N/A,N/A
soriana,181230.78,USD,OP-457875,29-Apr-2022,N/A,N/A
grupo lala,9031329.12,MXN,OP-993758,"February 04, 2017",18-Mar-2019,772
ALSEA,5742219.0,EUR,OP-125366,"April 06, 2025",N/A,N/A
grupo lala,6855635.99,EUR,OP-235215,09-Dec-2022,N/A,N/A
grupo carso,1386535.58,USD,OP-933348,07-Apr-2017,"November 27, 2019",964
LIVERPOOL,9182455.97,USD,OP-565057,2021-01-22,N/A,N/A
alsea,6482962.11,MXN,OP-350456,"February 01, 2016",N/A,N/A
américa móvil,7760959.89,USD,OP-623716,21/07/2017,2020-09-25,1162
GRUPO CARSO,5222839.43,MXN,OP-715839,2022-06-13,05/09/2023,330
GRUPO CARSO,4640394.31,MXN,OP-558433,23-Sep-2018,09/04/2022,1442
américa móvil,7402996.73,MXN,OP-617870,2017-12-26,N/A,N/A
walmart de méxico,163277.42,EUR,OP-952353,21-Sep-2019,"November 13, 2023",1514
cemex,8674220.79,EUR,OP-919988,11/06/2020,N/A,N/A
bbva méxico,6603865.43,MXN,OP-171756,27-Oct-2019,11/12/2023,1477
pemex,4267952.32,EUR,OP-497787,"December 15, 2020",2024-05-14,1246
banorte,6500181.92,MXN,OP-319426,"June 27, 2018",N/A,N/A
ALSEA,8841605.97,MXN,OP-901401,27/09/2022,N/A,N/A
GRUPO BIMBO,1037921.05,EUR,OP-465281,"January 08, 2016",N/A,N/A
PEMEX,835665.69,USD,OP-662807,"November 08, 2019",N/A,N/A
SORIANA,2356805.95,MXN,OP-491519,"August 29, 2021",N/A,N/A
telmex,6383597.25,MXN,OP-416483,31-Mar-2021,N/A,N/A
banorte,459761.68,MXN,OP-943532,"March 07, 2022",2024-05-13,798
grupo méxico,9941432.9,USD,OP-644631,23-Sep-2019,01-Nov-2020,405
grupo bimbo,7186435.36,EUR,OP-743759,"October 25, 2020",N/A,N/A
alsea,2264847.44,USD,OP-439918,"April 06, 2017","January 04, 2025",2830
GRUPO CARSO,1498154.8,USD,OP-847714,"August 18, 2018",N/A,N/A
soriana,3017554.63,EUR,OP-939828,"November 11, 2022",N/A,N/A
ALSEA,3508349.01,MXN,OP-797650,"April 17, 2023",N/A,N/A
PEMEX,4068744.51,EUR,OP-630301,28/02/2016,N/A,N/A
BANORTE,2687870.0,EUR,OP-258895,2025-01-13,N/A,N/A
grupo méxico,9327675.59,MXN,OP-120484,19-Nov-2022,N/A,N/A
BANORTE,8403763.51,USD,OP-572828,21/10/2015,16-Jan-2021,1914
GRUPO MÉXICO,6498667.46,EUR,OP-716645,2017-04-25,"June 02, 2021",1499
BBVA MÉXICO,9739709.0,EUR,OP-332021,16/07/2023,"December 26, 2024",529
alsea,3075558.06,EUR,OP-309087,01/07/2019,2019-06-28,172
grupo carso,2268030.52,USD,OP-149412,"October 10, 2020",N/A,N/A
BBVA MÉXICO,6221248.6,USD,OP-387001,26-Jun-2017,N/A,N/A
BANORTE,4036079.76,USD,OP-376369,2023-04-07,N/A,N/A
grupo lala,5973860.51,EUR,OP-760888,"November 21, 2017",N/A,N/A
liverpool,8636799.79,EUR,OP-315857,03-Jul-2017,2018-03-28,268
banorte,2787250.07,MXN,OP-794385,04-Jun-2018,"January 20, 2019",230
femsa,5447450.38,MXN,OP-867625,11/06/2024,N/A,N/A
femsa,7715018.79,EUR,OP-199954,18-Mar-2023,2024-12-13,636
walmart de méxico,6122045.84,EUR,OP-214894,2018-12-22,N/A,N/A
GRUPO MÉXICO,2919589.23,EUR,OP-426148,07/12/2021,N/A,N/A
GRUPO BIMBO,6503043.86,EUR,OP-362797,2024-05-25,N/A,N/A
CEMEX,8860851.14,EUR,OP-855898,"November 13, 2019",N/A,N/A
PEMEX,4654365.73,USD,OP-230397,28/12/2016,"August 12, 2019",957
soriana,2392157.77,EUR,OP-120537,"January 10, 2016",18/07/2018,920
WALMART DE MÉXICO,8744511.66,EUR,OP-601823,12/08/2023,N/A,N/A
telmex,1241965.49,MXN,OP-712144,2020-01-01,05/05/2021,490
BBVA MÉXICO,3076447.3,MXN,OP-255700,"March 05, 2020",N/A,N/A
telmex,4925816.69,USD,OP-705464,2016-07-19,02/03/2025,3121
BANORTE,1261363.53,EUR,OP-494471,"September 07, 2023",N/A,N/A
GRUPO MÉXICO,2566017.91,MXN,OP-882097,18/02/2025,N/A,N/A
bbva méxico,4011651.39,EUR,OP-995387,24/06/2021,"December 13, 2024",1268
liverpool,6029161.56,MXN,OP-933825,2021-04-16,2021-07-24,99
grupo méxico,5192327.31,USD,OP-444709,2016-08-24,2017-08-20,361
américa móvil,5874576.75,MXN,OP-648266,"February 02, 2016",26/07/2020,1636
GRUPO MÉXICO,1638357.88,EUR,OP-217475,2018-04-01,"April 29, 2021",1124
BANORTE,8377194.56,USD,OP-138746,"November 04, 2022",N/A,N/A
LIVERPOOL,9544981.61,MXN,OP-463603,01/11/2016,25-Aug-2017,592
grupo carso,5008551.72,USD,OP-898526,2022-02-17,N/A,N/A
grupo lala,5681371.59,EUR,OP-281797,2016-09-30,"May 11, 2020",1319
GRUPO LALA,5273396.13,MXN,OP-895896,10/03/2022,"July 07, 2025",1008
américa móvil,455206.94,MXN,OP-790407,20/01/2016,"February 20, 2021",1858
ALSEA,9425832.68,EUR,OP-385734,21/02/2018,"September 02, 2021",1289
banorte,2215730.78,USD,OP-440651,29-Sep-2018,N/A,N/A
GRUPO CARSO,484350.91,EUR,OP-370438,"April 09, 2020",N/A,N/A
liverpool,2778847.5,USD,OP-180837,2020-12-22,N/A,N/A
femsa,8345090.94,EUR,OP-913219,2018-04-15,N/A,N/A
soriana,9519736.63,MXN,OP-339803,"November 04, 2016","July 09, 2025",3169
cemex,6765400.59,USD,OP-323203,25-Dec-2017,"October 23, 2018",302
soriana,8281680.66,USD,OP-416762,2017-11-08,2020-09-17,1044
pemex,3515280.02,MXN,OP-869215,"May 06, 2024",N/A,N/A
GRUPO LALA,8349039.59,USD,OP-990403,"December 31, 2017",08-May-2023,1954
TELMEX,6141252.89,EUR,OP-858425,19-May-2016,04-Aug-2024,2999
banorte,1516056.9,MXN,OP-273769,2017-03-03,N/A,N/A
LIVERPOOL,7154805.23,MXN,OP-617948,"August 22, 2019",18/12/2021,849
grupo méxico,7603831.71,USD,OP-194459,16-Apr-2018,22-Aug-2025,2685
walmart de méxico,6301123.3,EUR,OP-482767,2018-04-11,"April 05, 2023",1820
GRUPO CARSO,4182545.64,EUR,OP-267393,30/09/2017,N/A,N/A
alsea,8799936.8,EUR,OP-777462,11-Mar-2018,N/A,N/A
WALMART DE MÉXICO,8890663.58,EUR,OP-612502,2016-05-14,N/A,N/A
LIVERPOOL,6061680.39,EUR,OP-172719,29-Mar-2024,N/A,N/A
grupo méxico,2254955.55,EUR,OP-660367,31-Jan-2024,N/A,N/A
LIVERPOOL,6309546.11,MXN,OP-475117,2023-01-30,N/A,N/A
walmart de méxico,7385275.32,EUR,OP-872237,2023-01-04,2023-03-03,58
LIVERPOOL,648665.86,EUR,OP-104036,13/02/2019,N/A,N/A
bbva méxico,5216093.47,USD,OP-496078,2018-09-03,N/A,N/A
ALSEA,4288237.73,USD,OP-937104,18/01/2017,12-Sep-2020,1333
alsea,7811018.47,MXN,OP-910189,22/12/2017,"February 12, 2020",782
walmart de méxico,6580769.45,MXN,OP-632366,2021-05-17,N/A,N/A
BBVA MÉXICO,3383144.41,USD,OP-203327,"March 23, 2023",N/A,N/A
walmart de méxico,4096807.42,USD,OP-579316,2024-06-06,N/A,N/A
TELMEX,8499454.95,MXN,OP-266104,2020-04-21,N/A,N/A
ALSEA,3624811.2,MXN,OP-743634,20/11/2016,N/A,N/A
soriana,8882480.4,MXN,OP-133162,05-Apr-2021,"January 13, 2024",1013
pemex,6210217.78,USD,OP-672130,"July 21, 2018",2023-12-16,1974
pemex,7619727.62,EUR,OP-961106,"September 15, 2019",2020-12-27,469
GRUPO MÉXICO,8188417.71,EUR,OP-881901,15/03/2022,N/A,N/A
LIVERPOOL,9844324.62,USD,OP-759788,21/02/2016,2022-10-11,2424
alsea,563017.54,MXN,OP-857671,22-Aug-2020,09-May-2025,1721
AMÉRICA MÓVIL,8395686.17,EUR,OP-490621,"October 16, 2018",2025-02-18,2317
walmart de méxico,1488178.17,MXN,OP-740434,2020-10-17,02/07/2022,478
bbva méxico,592993.99,USD,OP-265154,2017-02-17,01/01/2023,2144
WALMART DE MÉXICO,3909712.8,EUR,OP-347002,"March 09, 2023",N/A,N/A
grupo lala,8284146.02,MXN,OP-704890,2019-09-14,N/A,N/A
alsea,9859574.55,USD,OP-526433,24/04/2016,2019-05-28,1129
LIVERPOOL,9432277.46,MXN,OP-412313,"July 26, 2025",N/A,N/A
ALSEA,3409550.72,USD,OP-213443,01/04/2019,"October 04, 2023",1734
alsea,9316475.47,EUR,OP-838047,2019-11-05,N/A,N/A
grupo méxico,711724.4,EUR,OP-679564,2017-01-29,2020-08-04,1283
GRUPO MÉXICO,3222287.0,MXN,OP-932946,"October 05, 2015",N/A,N/A
femsa,813205.95,MXN,OP-681337,"June 08, 2025",N/A,N/A
walmart de méxico,8379899.46,MXN,OP-293531,"October 25, 2018",N/A,N/A
pemex,8124223.39,EUR,OP-652704,"September 04, 2021",N/A,N/A
banorte,2339506.69,MXN,OP-749661,"September 21, 2024",N/A,N/A
femsa,3809782.86,MXN,OP-382927,02-Feb-2021,N/A,N/A
banorte,1078872.4,EUR,OP-936202,2017-09-06,N/A,N/A
GRUPO CARSO,5799530.33,MXN,OP-114083,2015-10-18,03-Jun-2017,594
femsa,5432932.0,USD,OP-454311,02-Sep-2015,07/02/2024,3226
banorte,2426789.78,EUR,OP-709015,2025-08-21,N/A,N/A
femsa,5241547.36,USD,OP-438119,2015-09-16,N/A,N/A
cemex,3659093.64,EUR,OP-538106,"July 17, 2025",N/A,N/A
grupo lala,3775747.91,USD,OP-335048,19/07/2019,N/A,N/A
cemex,1077247.41,EUR,OP-165235,"May 08, 2017",N/A,N/A
GRUPO LALA,6284827.81,USD,OP-841791,2015-11-25,2016-03-12,108
BBVA MÉXICO,6245851.9,EUR,OP-532067,25/06/2022,2025-08-05,1137
grupo lala,9939891.66,USD,OP-136640,2022-07-16,N/A,N/A
SORIANA,4109682.22,USD,OP-248775,23-Aug-2025,N/A,N/A
LIVERPOOL,4262503.21,MXN,OP-917555,"March 01, 2024",N/A,N/A
LIVERPOOL,6820087.03,EUR,OP-855299,13/01/2025,N/A,N/A
SORIANA,6732672.71,USD,OP-108611,2018-12-04,N/A,N/A
CEMEX,5996128.35,EUR,OP-732212,30/04/2018,24-Sep-2024,2339
FEMSA,5195455.41,USD,OP-357845,"December 30, 2021",N/A,N/A
cemex,820093.31,EUR,OP-811052,07/02/2019,2020-12-24,541
BANORTE,6817073.95,MXN,OP-922183,20-Jun-2020,N/A,N/A
AMÉRICA MÓVIL,1027651.67,EUR,OP-150211,"May 04, 2020",26-Apr-2025,1818
grupo méxico,3456401.87,EUR,OP-761040,2023-01-29,N/A,N/A
CEMEX,1623260.82,MXN,OP-951978,16-Apr-2023,N/A,N/A
WALMART DE MÉXICO,7452428.29,MXN,OP-175712,05/01/2024,08/05/2025,461
cemex,8478027.44,EUR,OP-568794,27/05/2020,"January 25, 2024",1338
liverpool,6252030.92,MXN,OP-210350,"June 18, 2025",N/A,N/A
CEMEX,3400405.05,USD,OP-384529,"October 18, 2020",N/A,N/A
grupo bimbo,4137600.46,USD,OP-251517,28/11/2022,N/A,N/A
walmart de méxico,5152325.11,USD,OP-197277,18-Jun-2018,"January 08, 2024",2030
SORIANA,9919801.11,MXN,OP-485255,2018-08-30,N/A,N/A
GRUPO LALA,3851066.2,USD,OP-297699,03/10/2021,N/A,N/A
liverpool,5768417.35,MXN,OP-279024,"July 28, 2024",N/A,N/A
TELMEX,8631120.18,EUR,OP-774168,10-Sep-2020,"April 12, 2024",1310
walmart de méxico,1345325.4,USD,OP-633507,19-Mar-2025,N/A,N/A
BANORTE,916499.88,EUR,OP-612197,26-Jul-2024,N/A,N/A
banorte,3234114.84,USD,OP-695253,15/05/2017,N/A,N/A
CEMEX,9758774.28,MXN,OP-343612,"December 07, 2023","January 03, 2024",27
grupo lala,7508604.77,EUR,OP-137067,20-Sep-2020,N/A,N/A
FEMSA,9830723.86,MXN,OP-980840,2023-10-01,N/A,N/A
ALSEA,4495297.41,MXN,OP-828722,"October 05, 2024",N/A,N/A
grupo carso,8359514.31,MXN,OP-279514,"January 22, 2019",2021-03-02,770
grupo carso,6435437.81,USD,OP-754851,09-Nov-2024,N/A,N/A
CEMEX,9163613.05,MXN,OP-519025,2021-10-05,N/A,N/A
alsea,8805551.46,EUR,OP-167861,"February 20, 2019","December 30, 2024",2140
grupo carso,897181.86,USD,OP-668213,06-Oct-2017,N/A,N/A
SORIANA,6266317.61,MXN,OP-690604,10/08/2022,N/A,N/A
grupo bimbo,4287441.93,EUR,OP-688131,10/11/2017,N/A,N/A
WALMART DE MÉXICO,9849945.76,USD,OP-456568,2024-01-02,N/A,N/A
BANORTE,3674085.77,MXN,OP-603332,2016-09-14,N/A,N/A
CEMEX,7325695.22,USD,OP-419899,"May 02, 2016",19/09/2019,1235
SORIANA,2855976.87,EUR,OP-270031,2024-02-13,2024-02-14,1
femsa,3656723.61,MXN,OP-751151,27-Jan-2023,2024-10-31,643
GRUPO LALA,2689809.98,EUR,OP-504838,26-Aug-2023,N/A,N/A
pemex,9764656.23,USD,OP-134594,"May 01, 2020",2023-07-01,1156
CEMEX,3392542.28,USD,OP-979915,02-Mar-2017,N/A,N/A
grupo carso,7492794.47,MXN,OP-920204,28/08/2015,10/10/2023,2965
cemex,7768518.32,MXN,OP-493888,2021-04-28,N/A,N/A
walmart de méxico,6735734.67,MXN,OP-100273,26-Jun-2018,N/A,N/A
soriana,8127246.68,USD,OP-301166,29-Oct-2015,"July 16, 2017",626
femsa,8121689.55,EUR,OP-584197,15/09/2021,N/A,N/A
GRUPO MÉXICO,4686450.62,MXN,OP-275524,"June 02, 2017",16/05/2020,1079
WALMART DE MÉXICO,6486295.46,EUR,OP-808741,"September 16, 2022",N/A,N/A
WALMART DE MÉXICO,4935710.11,MXN,OP-355864,2019-02-13,23/03/2021,769
femsa,9035651.06,USD,OP-909957,"December 30, 2021",N/A,N/A
GRUPO CARSO,5645150.78,MXN,OP-890518,19/03/2024,N/A,N/A
telmex,5032030.45,USD,OP-776196,2020-11-07,N/A,N/A
cemex,6692918.75,MXN,OP-124831,2022-09-24,N/A,N/A
alsea,9331079.61,MXN,OP-829176,"June 09, 2020","September 19, 2024",1563
ALSEA,4032679.52,USD,OP-641614,02-Nov-2019,N/A,N/A
SORIANA,4082851.44,MXN,OP-320766,"November 01, 2024",N/A,N/A
banorte,3029096.03,MXN,OP-992233,12/01/2025,N/A,N/A
PEMEX,7246110.39,USD,OP-278456,2018-09-20,N/A,N/A
grupo bimbo,3269837.41,EUR,OP-820381,"May 13, 2023",N/A,N/A
grupo carso,8600001.5,USD,OP-849543,26/01/2019,N/A,N/A
CEMEX,4226878.55,USD,OP-555949,01/10/2021,N/A,N/A
AMÉRICA MÓVIL,4140313.56,USD,OP-761965,2024-09-28,N/A,N/A
BANORTE,6351370.1,MXN,OP-949507,22-Jun-2018,"August 31, 2020",801
femsa,6745184.74,MXN,OP-729442,"June 09, 2023",N/A,N/A
soriana,7861583.6,EUR,OP-373711,"September 08, 2018",2019-11-13,431
liverpool,1113460.31,USD,OP-385076,2023-10-04,N/A,N/A
cemex,1121488.85,MXN,OP-599396,03-Nov-2023,2023-12-02,29
SORIANA,8415910.52,MXN,OP-966992,23-Jul-2020,N/A,N/A
banorte,4892788.93,MXN,OP-437986,2025-05-28,N/A,N/A
alsea,8011048.17,MXN,OP-786074,2023-04-28,N/A,N/A
LIVERPOOL,9035913.2,EUR,OP-265244,"October 14, 2016",26/08/2019,1046
GRUPO BIMBO,1959530.29,MXN,OP-645584,01-Jul-2024,N/A,N/A
GRUPO MÉXICO,2535811.49,EUR,OP-130762,31-Jan-2023,N/A,N/A
PEMEX,6253228.57,MXN,OP-609001,"July 11, 2019",28/05/2022,1052
GRUPO MÉXICO,4037826.21,MXN,OP-323815,"August 17, 2017",N/A,N/A
telmex,421891.74,EUR,OP-102595,07/07/2018,2018-10-17,102
GRUPO BIMBO,8458006.77,USD,OP-127488,"April 20, 2022",N/A,N/A
AMÉRICA MÓVIL,8512703.39,MXN,OP-361589,01/01/2019,N/A,N/A
alsea,9646691.66,EUR,OP-162667,2025-02-06,N/A,N/A
WALMART DE MÉXICO,8511815.8,MXN,OP-214234,15-Nov-2019,N/A,N/A
ALSEA,7411679.13,EUR,OP-311601,02-Nov-2021,N/A,N/A
GRUPO MÉXICO,2610391.01,MXN,OP-151421,2025-08-21,N/A,N/A
BBVA MÉXICO,2343260.72,MXN,OP-433209,13-Aug-2019,18-Aug-2019,5
GRUPO LALA,364166.46,MXN,OP-342461,23/04/2019,2023-04-21,1459
SORIANA,3832353.42,MXN,OP-426446,04/05/2023,2024-09-20,534
TELMEX,6082333.97,USD,OP-864789,07-Dec-2015,04/06/2018,851
telmex,2183552.27,EUR,OP-533379,09/11/2020,19-Nov-2021,434
banorte,1583384.71,EUR,OP-362750,27-Oct-2017,"March 30, 2025",2711
grupo bimbo,8341721.58,USD,OP-111773,09-Jan-2022,28-Jan-2024,749
PEMEX,9694419.16,USD,OP-616338,08/08/2025,N/A,N/A
TELMEX,7610012.66,EUR,OP-583117,2017-06-06,"October 22, 2022",1964
WALMART DE MÉXICO,9281676.07,EUR,OP-626560,23-Dec-2016,2020-04-11,1205
soriana,6816176.35,MXN,OP-376567,08-May-2020,28/01/2023,995
BANORTE,9905628.58,MXN,OP-371892,"December 27, 2021",N/A,N/A
GRUPO BIMBO,3530666.23,EUR,OP-833268,17-Jul-2021,09-Nov-2024,1211
LIVERPOOL,8259714.79,USD,OP-327545,"July 31, 2019",N/A,N/A
GRUPO BIMBO,819185.79,MXN,OP-293731,2016-12-25,2021-08-23,1702
WALMART DE MÉXICO,936465.93,USD,OP-880341,"May 26, 2019",N/A,N/A
banorte,6900455.64,MXN,OP-513302,28-Jan-2022,08-Mar-2023,404
grupo méxico,619220.67,MXN,OP-533483,"October 07, 2024",N/A,N/A
CEMEX,3531249.92,USD,OP-624238,05-May-2020,2024-06-20,1507
SORIANA,441738.21,EUR,OP-133700,01-Nov-2017,20/04/2021,1266
FEMSA,5677308.28,USD,OP-304996,2018-12-24,"March 17, 2022",1179
grupo carso,1799778.08,EUR,OP-256752,2022-04-13,N/A,N/A
FEMSA,8000426.33,EUR,OP-151961,31/12/2017,06/07/2020,889
BBVA MÉXICO,5713201.25,EUR,OP-133139,2016-06-19,N/A,N/A
WALMART DE MÉXICO,5311707.86,USD,OP-290460,2016-07-12,30-Dec-2024,3093
pemex,4514090.45,EUR,OP-185494,07-Oct-2019,N/A,N/A
CEMEX,4492033.14,USD,OP-970938,"April 26, 2023",N/A,N/A
GRUPO CARSO,8216893.88,MXN,OP-569796,13/08/2023,N/A,N/A
alsea,8440501.22,MXN,OP-906762,23/06/2016,2018-12-29,919
AMÉRICA MÓVIL,4426232.21,MXN,OP-423797,19-Aug-2021,N/A,N/A
walmart de méxico,5799679.03,USD,OP-473492,09/09/2022,N/A,N/A
grupo carso,6009099.06,EUR,OP-482939,03/02/2021,N/A,N/A
GRUPO BIMBO,2668722.56,EUR,OP-112515,"July 03, 2024",N/A,N/A
grupo bimbo,1742130.11,EUR,OP-117826,2024-08-03,N/A,N/A
WALMART DE MÉXICO,8839634.23,EUR,OP-746569,2019-11-12,N/A,N/A
telmex,3365402.08,EUR,OP-444529,"December 14, 2021",N/A,N/A
grupo lala,9373299.74,EUR,OP-309182,"February 11, 2019",12-Mar-2025,2221
telmex,5041360.43,USD,OP-324785,"December 07, 2018","January 01, 2020",390
SORIANA,1230289.05,USD,OP-482019,07-Oct-2023,N/A,N/A
grupo lala,4401727.03,USD,OP-322688,"November 30, 2018",24/04/2020,511
GRUPO MÉXICO,9956865.39,MXN,OP-691946,07/12/2019,23-Apr-2020,286
WALMART DE MÉXICO,1105998.75,USD,OP-411405,"August 04, 2024",N/A,N/A
BANORTE,4672394.02,EUR,OP-495899,"December 06, 2022",05-Sep-2024,639
LIVERPOOL,3681430.91,EUR,OP-418965,2017-02-12,N/A,N/A
bbva méxico,9380979.5,USD,OP-181302,2020-10-30,N/A,N/A
TELMEX,8904761.12,USD,OP-330239,2017-08-18,N/A,N/A
alsea,7024662.76,MXN,OP-531949,21-May-2023,N/A,N/A
GRUPO BIMBO,5609929.61,MXN,OP-631128,26/09/2022,N/A,N/A
femsa,5684094.94,USD,OP-795334,"May 15, 2023",N/A,N/A
ALSEA,3271301.78,MXN,OP-767296,23/08/2016,2024-09-13,2943
banorte,4380400.52,USD,OP-722590,"October 22, 2019",N/A,N/A
AMÉRICA MÓVIL,957363.7,USD,OP-295994,10/02/2018,2025-02-27,2340
bbva méxico,3270437.69,USD,OP-548132,12-Nov-2017,12-Oct-2024,2526
GRUPO LALA,384151.24,MXN,OP-692072,06-May-2016,27/04/2021,1817
grupo lala,3142173.39,EUR,OP-850982,2025-08-11,N/A,N/A
GRUPO BIMBO,2368963.76,EUR,OP-453641,20-Mar-2016,12-Jan-2017,298
banorte,5776818.63,USD,OP-272919,"June 03, 2023",N/A,N/A
GRUPO CARSO,6449924.47,MXN,OP-136340,11-Feb-2021,N/A,N/A
ALSEA,3010528.44,EUR,OP-467833,28/02/2016,15-Aug-2019,1264
AMÉRICA MÓVIL,8555748.88,EUR,OP-723872,"February 26, 2020",19/07/2024,1605
CEMEX,7971134.97,EUR,OP-157151,"June 12, 2023",N/A,N/A
femsa,842210.51,EUR,OP-339179,2016-06-26,2017-11-29,521
pemex,3900181.85,MXN,OP-297522,2019-06-22,N/A,N/A
ALSEA,1441718.03,MXN,OP-491671,"November 23, 2019",N/A,N/A
GRUPO CARSO,5638873.4,EUR,OP-917978,"March 01, 2018",17/10/2018,230
GRUPO BIMBO,3501445.57,USD,OP-753333,2023-08-29,N/A,N/A
GRUPO BIMBO,8245670.39,MXN,OP-177366,03-Jul-2020,N/A,N/A
ALSEA,1110019.59,MXN,OP-200096,08-Apr-2023,N/A,N/A
pemex,2817143.4,EUR,OP-163652,"February 02, 2018",26-Mar-2018,52
pemex,3413667.59,MXN,OP-817439,15/04/2025,N/A,N/A
grupo carso,2305241.33,USD,OP-928535,06/01/2025,N/A,N/A
AMÉRICA MÓVIL,9848515.62,USD,OP-315394,29/04/2016,N/A,N/A
walmart de méxico,1092544.42,USD,OP-439500,15-Feb-2021,N/A,N/A
CEMEX,8351325.62,USD,OP-175158,2021-03-17,"November 25, 2022",618
liverpool,5243737.36,MXN,OP-173474,09-Sep-2024,N/A,N/A
GRUPO MÉXICO,5022507.21,USD,OP-354507,23-May-2017,05/09/2023,2177
LIVERPOOL,3186253.56,USD,OP-170781,05-Sep-2019,"September 25, 2021",751
BBVA MÉXICO,2120774.56,MXN,OP-394198,26/05/2020,2025-05-02,1802
SORIANA,1913498.77,EUR,OP-771744,03-May-2023,15/04/2024,348
walmart de méxico,8312982.75,USD,OP-315219,11/05/2016,"June 27, 2019",964
TELMEX,3543882.94,USD,OP-423114,25-Jun-2025,N/A,N/A
AMÉRICA MÓVIL,2718001.18,EUR,OP-160930,14-Apr-2022,N/A,N/A
AMÉRICA MÓVIL,8558328.7,USD,OP-538454,2017-01-13,N/A,N/A
GRUPO CARSO,110837.94,USD,OP-337825,2019-07-29,"October 02, 2023",1526
bbva méxico,3277397.97,MXN,OP-918867,27-Jan-2016,2020-11-04,1743
grupo bimbo,531608.41,USD,OP-221644,2020-12-29,"February 20, 2022",418
TELMEX,6634837.7,MXN,OP-686843,19-Aug-2022,N/A,N/A
BANORTE,4496628.62,USD,OP-250998,25/11/2021,N/A,N/A
grupo lala,6808931.45,EUR,OP-741806,04-Jan-2016,2018-08-12,951
walmart de méxico,4858848.59,USD,OP-176325,29-Jul-2022,07-Jun-2025,1044
telmex,2804185.3,USD,OP-241174,"November 17, 2017",05/05/2021,1265
GRUPO CARSO,3283374.24,EUR,OP-127888,19-Dec-2021,N/A,N/A
GRUPO LALA,2586959.51,USD,OP-974020,2017-05-17,N/A,N/A
grupo lala,2814097.52,MXN,OP-153034,"September 23, 2018",N/A,N/A
telmex,1829200.64,USD,OP-840236,"October 19, 2021",N/A,N/A
PEMEX,9237648.25,EUR,OP-287033,"January 16, 2019",N/A,N/A
SORIANA,960832.04,EUR,OP-107007,"September 05, 2017",N/A,N/A
SORIANA,2806967.36,USD,OP-131113,11-Mar-2020,N/A,N/A
grupo bimbo,3932092.17,EUR,OP-605808,18-Feb-2016,2017-08-14,543
grupo méxico,7834279.12,MXN,OP-460737,"July 19, 2018",N/A,N/A
WALMART DE MÉXICO,4001750.95,MXN,OP-610092,"October 06, 2023",N/A,N/A
pemex,6123717.83,MXN,OP-884872,2020-05-10,N/A,N/A
grupo carso,7281981.37,USD,OP-174712,09/12/2023,27/05/2025,623
GRUPO CARSO,9290334.34,MXN,OP-635366,25/03/2018,"August 28, 2019",521
grupo lala,2416412.27,USD,OP-748668,2016-07-15,"November 21, 2024",3051
telmex,1541846.94,EUR,OP-441550,09/12/2022,N/A,N/A
telmex,6137948.0,USD,OP-230839,2024-07-12,N/A,N/A
LIVERPOOL,977702.53,MXN,OP-575573,28-Feb-2021,N/A,N/A
bbva méxico,4444709.19,MXN,OP-253161,2024-05-20,N/A,N/A
LIVERPOOL,2718248.48,EUR,OP-962318,01/12/2018,N/A,N/A
GRUPO BIMBO,1198351.41,USD,OP-567934,23-Nov-2019,N/A,N/A
telmex,8759524.66,EUR,OP-164103,2015-11-26,"April 01, 2016",127
grupo lala,1908055.21,EUR,OP-254229,11-Feb-2019,2019-09-06,207
BBVA MÉXICO,3651044.07,MXN,OP-211595,23/05/2016,27/05/2023,2560
liverpool,8280875.35,EUR,OP-552644,"January 02, 2023",2023-10-07,278
pemex,5182706.69,USD,OP-363529,26/05/2019,19-Oct-2024,1973
SORIANA,3446778.71,MXN,OP-256885,14/02/2025,N/A,N/A
FEMSA,2451465.03,MXN,OP-321350,07/08/2021,N/A,N/A
américa móvil,212419.72,USD,OP-937054,"June 21, 2024",N/A,N/A
BBVA MÉXICO,1126050.36,USD,OP-887375,2015-12-23,N/A,N/A
FEMSA,2949437.61,EUR,OP-518779,"May 31, 2022",N/A,N/A
GRUPO LALA,923487.79,MXN,OP-849942,03/07/2017,"December 29, 2017",297
CEMEX,3637639.5,EUR,OP-218877,24/01/2016,N/A,N/A
FEMSA,8222266.0,USD,OP-644706,2020-08-20,19/02/2024,1278
grupo lala,9475948.35,EUR,OP-630554,05/11/2017,N/A,N/A
grupo carso,3547761.33,EUR,OP-696590,"January 15, 2023",N/A,N/A
banorte,1344492.12,EUR,OP-173425,"October 22, 2017",N/A,N/A
telmex,726891.69,EUR,OP-919269,2020-10-23,31-May-2021,220
BANORTE,5702967.11,MXN,OP-569021,2018-08-10,24-Oct-2021,1171
walmart de méxico,5193132.6,EUR,OP-800796,09/07/2025,N/A,N/A
grupo bimbo,9951073.56,MXN,OP-195588,2024-09-11,17-May-2025,248
grupo bimbo,2882208.36,MXN,OP-418493,2021-06-02,"October 16, 2021",136
ALSEA,6281034.83,EUR,OP-558938,2023-08-10,09-May-2024,273
liverpool,4049939.7,USD,OP-232403,01-Jul-2024,N/A,N/A
PEMEX,4161683.99,EUR,OP-276199,15-Jul-2018,N/A,N/A
bbva méxico,9773026.08,USD,OP-765304,26-Feb-2023,N/A,N/A
GRUPO CARSO,5126693.53,MXN,OP-972992,01-Jul-2025,N/A,N/A
GRUPO CARSO,587799.24,EUR,OP-180318,15/08/2018,N/A,N/A
GRUPO MÉXICO,9478841.22,EUR,OP-458900,"August 26, 2016",N/A,N/A
banorte,1243402.06,EUR,OP-720792,"October 05, 2021","May 31, 2023",603
CEMEX,6734025.68,USD,OP-573802,"December 02, 2019","January 14, 2020",43
grupo bimbo,181864.15,EUR,OP-413258,2023-03-03,N/A,N/A
WALMART DE MÉXICO,5261808.95,EUR,OP-363355,2020-01-12,N/A,N/A
AMÉRICA MÓVIL,1788344.78,USD,OP-396669,2017-02-23,02/05/2020,1077
BBVA MÉXICO,2068062.42,USD,OP-987877,2017-11-22,08-Mar-2025,2663
TELMEX,8160392.02,USD,OP-938837,02/10/2018,08-Feb-2023,1824
telmex,1823282.99,MXN,OP-277420,"August 09, 2018",N/A,N/A
pemex,8467448.16,USD,OP-552655,22-Sep-2024,N/A,N/A
AMÉRICA MÓVIL,2068021.02,EUR,OP-342553,2021-03-14,N/A,N/A
GRUPO BIMBO,5360145.68,MXN,OP-634581,27/02/2019,25-Nov-2023,1732
grupo bimbo,7318202.83,EUR,OP-906522,"August 21, 2023",N/A,N/A
CEMEX,6706744.53,USD,OP-410944,21-Jan-2017,N/A,N/A
grupo lala,5903974.48,EUR,OP-703882,"January 03, 2019",N/A,N/A
SORIANA,1193723.13,USD,OP-463072,21-Jul-2016,N/A,N/A
TELMEX,7157879.86,USD,OP-908831,18/05/2024,N/A,N/A
walmart de méxico,143641.54,USD,OP-559389,30-Jul-2017,N/A,N/A
banorte,5684771.5,EUR,OP-496159,06/05/2020,N/A,N/A
WALMART DE MÉXICO,7659541.05,EUR,OP-260411,02-May-2018,N/A,N/A
GRUPO CARSO,8867342.09,USD,OP-106869,"September 27, 2018",N/A,N/A
FEMSA,7888090.52,MXN,OP-808931,02-Nov-2017,N/A,N/A
CEMEX,6781641.6,USD,OP-442791,"August 06, 2022","April 08, 2024",611
telmex,669064.34,USD,OP-729694,09/12/2017,2018-03-24,193
GRUPO LALA,260461.9,EUR,OP-530323,2024-08-01,N/A,N/A
grupo carso,6011177.72,MXN,OP-252573,28/05/2019,N/A,N/A
AMÉRICA MÓVIL,1649384.4,USD,OP-643679,2022-08-07,11/05/2025,1186
BANORTE,3410800.63,EUR,OP-126855,"July 18, 2016",N/A,N/A
liverpool,7269099.15,MXN,OP-742445,30-Mar-2023,N/A,N/A
PEMEX,9742407.56,MXN,OP-456699,"April 24, 2025",N/A,N/A
SORIANA,704166.08,MXN,OP-975592,2020-11-09,"July 15, 2025",1709
GRUPO BIMBO,5943847.04,MXN,OP-594307,"November 04, 2021",N/A,N/A
liverpool,3304267.1,EUR,OP-689691,2017-11-09,N/A,N/A
GRUPO CARSO,3444708.36,MXN,OP-384546,07-Oct-2024,N/A,N/A
GRUPO LALA,9220037.19,USD,OP-800574,"December 20, 2016",14-Dec-2023,2550
GRUPO BIMBO,1509138.9,USD,OP-190056,05-Sep-2024,N/A,N/A
AMÉRICA MÓVIL,808059.23,EUR,OP-252439,"February 14, 2020",N/A,N/A
bbva méxico,8964895.51,EUR,OP-258448,13-Apr-2022,N/A,N/A
telmex,7687158.78,USD,OP-329131,18/09/2022,N/A,N/A
AMÉRICA MÓVIL,1241612.33,EUR,OP-551221,2025-04-13,N/A,N/A
grupo lala,7905312.08,USD,OP-367340,"April 26, 2018",N/A,N/A
telmex,4128547.34,MXN,OP-699360,"November 09, 2016",31/01/2019,813
bbva méxico,5828242.13,EUR,OP-526032,2023-05-03,N/A,N/A
ALSEA,1469196.27,MXN,OP-891567,2019-01-19,N/A,N/A
cemex,6552828.92,MXN,OP-614719,2025-02-12,N/A,N/A
telmex,391507.06,EUR,OP-778531,09/09/2023,N/A,N/A
GRUPO CARSO,4960316.68,EUR,OP-564387,16/02/2016,"October 07, 2018",964
cemex,4661727.8,USD,OP-656165,28/09/2023,N/A,N/A
SORIANA,852983.16,MXN,OP-159694,17/11/2019,2025-07-11,2063
GRUPO LALA,3414401.68,MXN,OP-735950,"October 27, 2024",N/A,N/A
PEMEX,2528914.87,EUR,OP-318975,2015-08-27,2021-04-24,2067
banorte,6871140.42,USD,OP-569976,"November 04, 2019",N/A,N/A
telmex,254969.18,EUR,OP-889106,13-Oct-2017,N/A,N/A
WALMART DE MÉXICO,2320842.55,EUR,OP-772765,"April 20, 2018",N/A,N/A
bbva méxico,8686757.57,USD,OP-962810,2021-10-13,N/A,N/A
GRUPO LALA,8223035.67,MXN,OP-746956,09-Oct-2019,N/A,N/A
grupo carso,4479704.07,MXN,OP-552651,18-Sep-2021,N/A,N/A
GRUPO LALA,7563883.46,EUR,OP-536363,2016-10-29,01/04/2024,2623
bbva méxico,3082431.27,MXN,OP-771872,21/09/2017,"June 24, 2025",2833
américa móvil,2290941.78,EUR,OP-944200,02/02/2019,N/A,N/A
pemex,1942182.69,USD,OP-140063,2020-10-18,03-Jul-2023,988
SORIANA,5521386.26,USD,OP-917904,2024-10-12,N/A,N/A
BBVA MÉXICO,6223376.3,MXN,OP-494162,"September 17, 2016",N/A,N/A
WALMART DE MÉXICO,2619946.71,USD,OP-628333,2016-01-16,N/A,N/A
pemex,8607269.56,EUR,OP-849187,2020-08-02,N/A,N/A
femsa,609856.7,MXN,OP-207946,22/05/2016,"September 14, 2018",845
alsea,7219358.7,USD,OP-417735,"December 19, 2020",N/A,N/A
GRUPO MÉXICO,4997796.41,MXN,OP-817924,"May 15, 2022",N/A,N/A
FEMSA,7127897.66,USD,OP-843566,"December 30, 2022",2024-02-14,411
GRUPO CARSO,5391920.21,EUR,OP-394974,"August 15, 2025",N/A,N/A
PEMEX,6291721.04,EUR,OP-336666,2018-05-13,N/A,N/A
liverpool,7940028.82,MXN,OP-906961,2019-11-19,"August 16, 2023",1366
SORIANA,3163072.92,MXN,OP-489824,12/11/2020,N/A,N/A
grupo lala,5577455.14,MXN,OP-457123,03-Mar-2021,N/A,N/A
SORIANA,1659479.5,EUR,OP-465844,04-Mar-2016,"May 20, 2025",3364
GRUPO BIMBO,2997661.28,EUR,OP-222032,"May 22, 2021","February 20, 2025",1370
grupo bimbo,7286685.67,MXN,OP-546933,10/03/2018,2023-03-28,1637
grupo lala,4033161.07,MXN,OP-959739,01-Sep-2016,10-Feb-2025,3084
femsa,1056184.68,MXN,OP-380200,2016-11-07,06/01/2017,206
grupo carso,7871546.27,EUR,OP-559319,2015-10-30,"June 06, 2017",585
cemex,6224828.82,USD,OP-876678,"September 28, 2017",N/A,N/A
soriana,8677167.17,MXN,OP-938219,2023-09-06,N/A,N/A
grupo lala,3132695.79,MXN,OP-675527,27/01/2022,N/A,N/A
CEMEX,3626117.69,EUR,OP-317422,17/08/2023,11/10/2024,451
GRUPO BIMBO,7484008.2,EUR,OP-607030,2019-03-10,"January 27, 2020",323
grupo lala,7990951.89,MXN,OP-874194,2017-06-04,"August 31, 2017",88
cemex,6848101.44,EUR,OP-316290,"December 17, 2019",N/A,N/A
soriana,8802650.05,USD,OP-927378,18-Jan-2022,N/A,N/A
walmart de méxico,9102762.67,USD,OP-322203,2021-04-20,2023-06-11,782
telmex,4056373.4,MXN,OP-799820,10-May-2021,N/A,N/A
ALSEA,2810365.24,EUR,OP-736237,"February 22, 2025",11-Jun-2025,109
GRUPO MÉXICO,8700762.27,MXN,OP-502702,"January 02, 2020",N/A,N/A
CEMEX,2093994.81,USD,OP-305123,24-Aug-2024,N/A,N/A
GRUPO BIMBO,1254014.38,EUR,OP-784856,2024-06-13,N/A,N/A
SORIANA,2817804.43,USD,OP-352736,2019-02-20,N/A,N/A
ALSEA,2327889.75,EUR,OP-211949,"May 13, 2016",02-May-2023,2545
américa móvil,2715275.26,USD,OP-747577,14/11/2016,30-Jan-2023,2268
grupo carso,1014462.87,EUR,OP-113368,01/12/2017,"August 23, 2021",1684
alsea,9567669.19,USD,OP-234842,03-Apr-2020,N/A,N/A
américa móvil,9443399.48,MXN,OP-703933,2025-01-16,N/A,N/A
banorte,6587631.07,EUR,OP-671681,18-Oct-2022,N/A,N/A
femsa,7288755.37,EUR,OP-879781,"January 03, 2018",27/08/2020,967
WALMART DE MÉXICO,333764.98,EUR,OP-864883,2021-03-02,N/A,N/A
SORIANA,8084839.61,EUR,OP-297522,22/05/2022,12/11/2024,934
FEMSA,575242.88,MXN,OP-612295,05-Sep-2018,2019-11-27,448
grupo lala,3401892.91,MXN,OP-457918,2023-08-07,N/A,N/A
grupo bimbo,2500273.52,MXN,OP-713114,2024-12-15,N/A,N/A
banorte,9077067.48,USD,OP-511258,22/07/2023,N/A,N/A
pemex,4973713.12,EUR,OP-126459,09-Jun-2017,30/04/2020,1056
telmex,344110.91,EUR,OP-667432,"July 20, 2021","October 17, 2024",1185
grupo lala,1371227.94,USD,OP-381580,23/08/2018,N/A,N/A
grupo carso,1449286.87,EUR,OP-264092,"November 17, 2021",2025-08-06,1358
TELMEX,3588612.83,MXN,OP-842456,"May 12, 2016",11-Jul-2017,425
liverpool,7494395.52,EUR,OP-933081,2020-02-09,N/A,N/A
bbva méxico,4887642.88,MXN,OP-496519,2021-05-18,"June 21, 2025",1495
alsea,4116653.47,MXN,OP-734708,27/03/2020,N/A,N/A
banorte,172599.81,USD,OP-994609,04/04/2021,"April 23, 2023",749
bbva méxico,607409.98,EUR,OP-416848,"August 30, 2019",07/07/2023,1407
LIVERPOOL,6315550.57,MXN,OP-895125,02-Jan-2016,2024-11-19,3244
grupo carso,6778553.81,MXN,OP-372703,"November 08, 2021",N/A,N/A
WALMART DE MÉXICO,4610486.49,USD,OP-382476,2023-04-24,N/A,N/A
CEMEX,6487734.74,EUR,OP-641994,"November 03, 2020",N/A,N/A
GRUPO BIMBO,8808651.99,EUR,OP-593266,12-Sep-2024,N/A,N/A
CEMEX,1406295.43,USD,OP-913008,"November 13, 2021",N/A,N/A
SORIANA,4603509.67,MXN,OP-651831,03/02/2024,N/A,N/A
BANORTE,1523473.72,USD,OP-670230,2017-10-07,N/A,N/A
GRUPO MÉXICO,6042248.35,EUR,OP-463540,2024-11-08,N/A,N/A
grupo méxico,8381598.59,USD,OP-428918,22/07/2024,N/A,N/A
liverpool,9954266.46,MXN,OP-216507,"April 22, 2021",N/A,N/A
ALSEA,3582120.76,EUR,OP-519128,01/01/2020,04-May-2021,489
PEMEX,1984617.06,MXN,OP-637750,22/07/2020,"June 03, 2021",316
BBVA MÉXICO,6853959.77,USD,OP-624802,28/07/2019,N/A,N/A
bbva méxico,8491512.82,EUR,OP-695123,"August 05, 2025","August 22, 2025",17
telmex,4373990.93,MXN,OP-167239,2017-02-11,2020-03-04,1117
LIVERPOOL,5659105.18,USD,OP-662156,"September 07, 2022",N/A,N/A
grupo carso,3472982.76,MXN,OP-692358,"August 07, 2022",07/02/2025,1060
SORIANA,790657.56,USD,OP-184764,08/11/2024,N/A,N/A
ALSEA,5766534.63,EUR,OP-939641,23/01/2022,N/A,N/A
bbva méxico,9427049.87,MXN,OP-986447,2021-08-21,N/A,N/A
TELMEX,7260930.41,USD,OP-211074,25/08/2022,N/A,N/A
CEMEX,5753518.03,EUR,OP-975198,2016-11-24,17-Apr-2019,874
BANORTE,7782440.07,MXN,OP-624067,"March 28, 2017",N/A,N/A
liverpool,7893725.65,EUR,OP-498779,"February 02, 2020",N/A,N/A
alsea,9152722.26,MXN,OP-892471,17/01/2018,N/A,N/A
ALSEA,5280982.95,USD,OP-731592,2024-10-05,N/A,N/A
FEMSA,6304729.95,MXN,OP-862783,"August 19, 2017",2023-01-10,1970
PEMEX,8328802.87,MXN,OP-500321,08/12/2020,N/A,N/A
bbva méxico,6238279.37,MXN,OP-654611,13/09/2016,2020-02-12,1247
grupo méxico,5645649.99,USD,OP-735369,23-Oct-2022,N/A,N/A
grupo méxico,5452823.73,EUR,OP-990736,"April 12, 2019",N/A,N/A
FEMSA,5283976.28,USD,OP-984344,28-May-2020,N/A,N/A
grupo bimbo,3270699.67,EUR,OP-722890,2019-12-17,"April 23, 2024",1589
grupo lala,4428536.29,MXN,OP-415602,26-Aug-2016,"September 09, 2022",2205
TELMEX,7876655.42,EUR,OP-827281,2019-06-12,"June 17, 2019",5
cemex,6202468.91,EUR,OP-524950,"November 02, 2015",2018-03-15,864
telmex,9215308.92,USD,OP-396166,05-Feb-2018,N/A,N/A
WALMART DE MÉXICO,3955127.79,EUR,OP-302097,2017-05-15,N/A,N/A
GRUPO CARSO,4285150.72,MXN,OP-608573,28-May-2019,N/A,N/A
pemex,6434230.27,MXN,OP-301651,17/09/2017,N/A,N/A
liverpool,1234583.06,USD,OP-449400,2017-03-07,N/A,N/A
cemex,6552958.99,EUR,OP-204762,13/05/2020,N/A,N/A
WALMART DE MÉXICO,2070620.44,USD,OP-257569,18-Nov-2020,"August 13, 2024",1364
GRUPO CARSO,7460879.38,USD,OP-349653,05-Aug-2023,N/A,N/A
GRUPO BIMBO,1706164.57,MXN,OP-330181,07-Feb-2016,N/A,N/A
SORIANA,7543743.55,EUR,OP-830993,27/10/2015,N/A,N/A
bbva méxico,9768675.85,USD,OP-424330,12/01/2023,N/A,N/A
walmart de méxico,2092931.44,EUR,OP-897057,2020-05-25,N/A,N/A
BANORTE,4023525.65,USD,OP-192271,07/01/2016,N/A,N/A
SORIANA,3225539.18,MXN,OP-144149,2016-08-10,N/A,N/A
pemex,7577460.25,MXN,OP-312543,06/08/2016,16/11/2021,1987
grupo méxico,4368215.82,USD,OP-483620,09-Oct-2024,N/A,N/A
GRUPO CARSO,5906676.96,EUR,OP-131037,26/03/2016,N/A,N/A
grupo méxico,3317634.63,MXN,OP-356308,2024-06-07,N/A,N/A
grupo méxico,7494073.32,MXN,OP-290150,"May 24, 2023",N/A,N/A
soriana,5485088.93,USD,OP-162666,2021-07-16,N/A,N/A
grupo méxico,1182421.54,EUR,OP-956305,18/09/2021,N/A,N/A
telmex,1648376.77,USD,OP-902045,22/05/2020,N/A,N/A
BANORTE,3585965.63,MXN,OP-934397,04-Mar-2017,N/A,N/A
liverpool,2347468.57,EUR,OP-447649,"May 26, 2016",N/A,N/A
soriana,8655752.17,USD,OP-773582,2017-05-19,N/A,N/A
grupo lala,3667092.65,MXN,OP-875420,31/03/2024,N/A,N/A
GRUPO CARSO,9881798.56,MXN,OP-880050,2020-04-07,2023-05-02,1120
GRUPO BIMBO,9408245.52,EUR,OP-574639,11-Apr-2016,12-Feb-2020,1402
FEMSA,5643609.69,EUR,OP-773658,03-May-2025,N/A,N/A
walmart de méxico,5294001.79,MXN,OP-283834,2022-04-18,2025-05-03,1111
BBVA MÉXICO,1500433.74,EUR,OP-109629,2023-12-01,N/A,N/A
WALMART DE MÉXICO,7883427.83,MXN,OP-293051,"October 30, 2020",N/A,N/A
AMÉRICA MÓVIL,3482864.73,EUR,OP-866284,29-Jun-2022,N/A,N/A
SORIANA,1657268.57,USD,OP-803959,26-Jul-2019,N/A,N/A
CEMEX,8053525.88,EUR,OP-609913,05/06/2020,N/A,N/A
PEMEX,7366767.61,USD,OP-689772,19/10/2021,N/A,N/A
SORIANA,6266732.89,USD,OP-100347,04-Jan-2025,N/A,N/A
CEMEX,8982249.33,EUR,OP-491057,2024-11-13,N/A,N/A
WALMART DE MÉXICO,6843523.61,MXN,OP-772173,2016-05-09,N/A,N/A
FEMSA,5985592.91,EUR,OP-602460,2017-06-09,2019-06-26,747
FEMSA,3354523.6,EUR,OP-808936,23/12/2021,"January 01, 2024",739
GRUPO MÉXICO,2440923.32,USD,OP-321071,16-Jan-2023,"October 15, 2023",272
banorte,6615459.92,EUR,OP-632302,28/03/2024,N/A,N/A
CEMEX,239254.93,EUR,OP-751521,09/01/2019,N/A,N/A
GRUPO MÉXICO,7705116.56,EUR,OP-753282,13/01/2021,N/A,N/A
WALMART DE MÉXICO,2869878.73,USD,OP-228344,10/09/2020,09-May-2024,1308
GRUPO CARSO,3774070.58,USD,OP-306324,20-Oct-2024,N/A,N/A
GRUPO LALA,3006348.66,MXN,OP-842850,"December 21, 2016",26/04/2017,126
grupo carso,9989341.05,EUR,OP-189746,2018-03-21,N/A,N/A
GRUPO MÉXICO,1142120.69,MXN,OP-444304,20/03/2016,01-Oct-2016,195
bbva méxico,3386820.85,MXN,OP-484965,20/02/2019,N/A,N/A
américa móvil,4675219.31,EUR,OP-685065,17/07/2020,"October 15, 2023",1185
WALMART DE MÉXICO,396230.48,USD,OP-758615,"November 17, 2015","June 08, 2019",1299
ALSEA,920437.41,USD,OP-245762,14/04/2016,N/A,N/A
FEMSA,1283505.86,EUR,OP-111672,27-Jun-2021,N/A,N/A
ALSEA,1035188.99,EUR,OP-862430,25/08/2025,N/A,N/A
GRUPO BIMBO,5391776.92,USD,OP-466333,"January 24, 2023",N/A,N/A
grupo bimbo,313335.31,EUR,OP-654730,2022-05-13,N/A,N/A
liverpool,493999.57,EUR,OP-580574,24-Dec-2024,N/A,N/A
AMÉRICA MÓVIL,5737424.73,EUR,OP-418016,29/08/2021,N/A,N/A
GRUPO CARSO,9034545.11,MXN,OP-655978,06-Nov-2020,N/A,N/A
LIVERPOOL,518644.26,EUR,OP-591630,15/07/2016,2024-11-25,3055
grupo bimbo,6169841.79,EUR,OP-792922,"September 13, 2022",N/A,N/A
cemex,9623062.43,USD,OP-645419,14/07/2017,25-Oct-2017,103
walmart de méxico,1948657.78,EUR,OP-281539,25-Dec-2016,27/03/2020,1188
GRUPO BIMBO,7012358.91,MXN,OP-613897,26/08/2022,N/A,N/A
américa móvil,6996785.26,EUR,OP-562679,18-Mar-2020,18-May-2022,791
TELMEX,4992890.49,USD,OP-230322,29-Jan-2022,23-Mar-2023,418
GRUPO CARSO,2506061.53,MXN,OP-702305,"January 04, 2017",01/12/2019,738
WALMART DE MÉXICO,735837.54,EUR,OP-142590,"December 06, 2018","December 21, 2020",746
AMÉRICA MÓVIL,549375.63,MXN,OP-173031,27-Mar-2023,N/A,N/A
américa móvil,1573919.42,MXN,OP-392952,"May 22, 2025",N/A,N/A
SORIANA,7685150.73,USD,OP-662486,2021-02-12,N/A,N/A
GRUPO CARSO,5535069.97,MXN,OP-948241,31-Aug-2017,N/A,N/A
liverpool,7079914.98,MXN,OP-746681,"June 22, 2025",N/A,N/A
walmart de méxico,3344763.64,EUR,OP-845210,"June 21, 2017",20/03/2019,637
grupo carso,1058688.06,EUR,OP-192989,22/08/2018,02-May-2022,1349
grupo lala,1908716.19,MXN,OP-112136,2021-07-19,28/07/2023,739
cemex,3178582.57,MXN,OP-806924,2020-11-04,N/A,N/A
femsa,3252751.86,MXN,OP-779423,"November 12, 2020",N/A,N/A
femsa,1224301.27,USD,OP-259808,01/11/2019,29/06/2025,2361
bbva méxico,500776.97,MXN,OP-413820,28/10/2015,2023-08-20,2853
grupo méxico,279533.07,USD,OP-823298,25-Jul-2021,2022-11-29,492
grupo méxico,7099440.57,USD,OP-916787,07-Jun-2019,20-Feb-2020,258
CEMEX,5505765.3,EUR,OP-682242,"April 04, 2023",N/A,N/A
américa móvil,4965892.27,EUR,OP-353815,2020-04-18,N/A,N/A
grupo lala,459355.49,MXN,OP-638923,31/07/2019,N/A,N/A
grupo lala,3574483.91,USD,OP-444519,"March 29, 2025",N/A,N/A
GRUPO BIMBO,7666315.14,USD,OP-976633,2019-01-02,"November 02, 2021",1035
ALSEA,3044694.64,EUR,OP-126993,2023-10-07,N/A,N/A
BBVA MÉXICO,3107008.25,MXN,OP-194203,06-Apr-2022,N/A,N/A
FEMSA,8661132.16,MXN,OP-909501,14/01/2019,N/A,N/A
PEMEX,1144546.67,USD,OP-277502,18/03/2025,N/A,N/A
soriana,1036104.1,MXN,OP-774940,2019-12-03,N/A,N/A
banorte,5084965.1,USD,OP-583132,30/01/2020,N/A,N/A
grupo lala,9870592.96,MXN,OP-591381,12/08/2020,07/01/2025,1666
liverpool,3019713.2,MXN,OP-281871,23/12/2021,N/A,N/A
soriana,8517326.48,EUR,OP-463836,26-Aug-2015,2023-01-09,2693
PEMEX,1230138.19,MXN,OP-458350,03-Jul-2020,N/A,N/A
américa móvil,6580500.27,EUR,OP-382366,"July 23, 2025",N/A,N/A
liverpool,7277020.81,MXN,OP-573608,"August 17, 2025",N/A,N/A
PEMEX,6361664.94,EUR,OP-602769,"August 15, 2020",2025-05-20,1739
grupo méxico,9551691.11,MXN,OP-958117,"April 27, 2022",N/A,N/A
LIVERPOOL,8245840.18,EUR,OP-540219,2022-10-21,12-Dec-2022,52
BANORTE,2457832.55,MXN,OP-441387,23-Jul-2022,N/A,N/A
WALMART DE MÉXICO,6461354.94,USD,OP-642656,29-Dec-2024,N/A,N/A
grupo bimbo,7505737.03,MXN,OP-827887,"October 08, 2018",24-May-2023,1689
pemex,2551651.05,EUR,OP-142555,2021-10-25,N/A,N/A
grupo méxico,9939304.02,MXN,OP-216749,08/07/2017,21-Jul-2025,2905
américa móvil,2064235.21,USD,OP-746858,29-Jul-2016,2023-10-29,2648
GRUPO CARSO,2973302.69,MXN,OP-174464,2025-07-29,N/A,N/A
américa móvil,8828489.16,USD,OP-752875,29/12/2021,"June 15, 2024",899
cemex,2660129.9,EUR,OP-175688,19/06/2016,13-Feb-2023,2430
grupo bimbo,4490160.55,USD,OP-158691,"November 22, 2016",2017-07-01,221
FEMSA,4530495.81,MXN,OP-608720,2022-02-02,N/A,N/A
banorte,8077087.99,USD,OP-280117,27/10/2016,10/05/2019,1073
ALSEA,414679.34,USD,OP-427257,03-Jan-2021,"July 19, 2025",1658
SORIANA,1612301.99,USD,OP-927272,"March 06, 2019",2022-08-02,1245
FEMSA,1159185.2,EUR,OP-189719,15-Sep-2018,N/A,N/A
soriana,1665246.62,MXN,OP-553016,2024-07-24,N/A,N/A
cemex,7162761.79,MXN,OP-891736,30/04/2020,N/A,N/A
GRUPO LALA,5336909.75,USD,OP-662580,04-Sep-2015,12/06/2021,2285
cemex,4547991.02,MXN,OP-390372,09-Jan-2025,N/A,N/A
CEMEX,1067466.48,EUR,OP-352982,"February 28, 2022",N/A,N/A
soriana,9389436.94,MXN,OP-181953,02/11/2024,N/A,N/A
ALSEA,3573357.95,EUR,OP-439344,24/09/2023,N/A,N/A
GRUPO LALA,2375612.77,EUR,OP-201483,2024-07-08,N/A,N/A
WALMART DE MÉXICO,9481047.74,EUR,OP-992090,2023-01-28,N/A,N/A
grupo lala,9125685.36,MXN,OP-266011,08-Apr-2017,05-Jan-2021,1368
femsa,2479551.59,MXN,OP-573184,2021-01-08,N/A,N/A
telmex,8930553.1,EUR,OP-418166,"April 24, 2025",N/A,N/A
WALMART DE MÉXICO,512766.51,EUR,OP-736661,13/12/2022,N/A,N/A
ALSEA,9946322.03,MXN,OP-397383,2022-06-01,N/A,N/A
GRUPO BIMBO,2020152.22,EUR,OP-523386,"March 07, 2024",N/A,N/A
BBVA MÉXICO,3451259.83,USD,OP-163935,2019-07-02,"September 07, 2022",1163
GRUPO BIMBO,8310915.72,EUR,OP-797487,"December 04, 2022",N/A,N/A
WALMART DE MÉXICO,4370790.23,MXN,OP-732882,20/05/2022,01-May-2023,346
TELMEX,4899657.03,EUR,OP-251357,08/07/2025,N/A,N/A
GRUPO CARSO,7886475.31,USD,OP-656900,02-Mar-2016,N/A,N/A
SORIANA,8832239.61,EUR,OP-637368,2020-06-15,22-Jul-2022,767
SORIANA,222501.47,MXN,OP-195191,"June 23, 2023",N/A,N/A
liverpool,988100.52,USD,OP-681220,26/07/2023,N/A,N/A
cemex,8627159.24,USD,OP-592204,2019-06-24,N/A,N/A
grupo carso,9124860.69,MXN,OP-362382,13/02/2017,"October 24, 2023",2444
SORIANA,7850062.0,USD,OP-348416,"May 24, 2023",14-May-2024,356
GRUPO MÉXICO,4962635.82,EUR,OP-888169,2017-04-03,2018-12-28,634
BANORTE,8900213.75,USD,OP-335127,23-Aug-2019,14-Sep-2024,1849
cemex,8705374.18,USD,OP-895904,2021-03-14,N/A,N/A
GRUPO BIMBO,8025818.51,USD,OP-613489,13-Jun-2022,21-Jul-2025,1134
GRUPO LALA,2732537.3,USD,OP-986772,10-Feb-2022,21/04/2025,1166
walmart de méxico,6247232.58,MXN,OP-381083,05-Nov-2021,N/A,N/A
cemex,4179749.77,MXN,OP-350893,15-Jan-2023,N/A,N/A
LIVERPOOL,8644333.44,MXN,OP-857253,22-Jun-2021,N/A,N/A
telmex,699643.32,MXN,OP-374237,19/07/2022,N/A,N/A
alsea,9860439.98,MXN,OP-200494,"March 10, 2019","November 27, 2021",993
PEMEX,5574126.59,MXN,OP-537012,26-Sep-2018,N/A,N/A
AMÉRICA MÓVIL,3686756.34,MXN,OP-549197,2020-02-21,N/A,N/A
CEMEX,6844852.89,USD,OP-191797,01-Mar-2024,N/A,N/A
grupo carso,7231995.75,MXN,OP-989474,04-Dec-2021,N/A,N/A
BANORTE,521309.74,EUR,OP-745986,08-Sep-2020,N/A,N/A
BANORTE,7610545.82,USD,OP-844227,11-Mar-2025,N/A,N/A
banorte,6284355.46,MXN,OP-742235,31-Jan-2022,N/A,N/A
WALMART DE MÉXICO,5734779.6,MXN,OP-352174,24-Aug-2020,N/A,N/A
grupo lala,4407124.41,MXN,OP-990220,"February 09, 2019",N/A,N/A
FEMSA,5985763.92,MXN,OP-453980,"September 12, 2017",N/A,N/A
bbva méxico,7845393.09,EUR,OP-842311,28/07/2021,13/06/2023,685
CEMEX,5354775.7,MXN,OP-950042,"January 27, 2021",N/A,N/A
cemex,9199359.36,MXN,OP-828369,2022-04-06,N/A,N/A
grupo bimbo,7453026.97,USD,OP-937240,2021-08-09,01/07/2025,1247
telmex,9305674.07,EUR,OP-692373,2020-10-05,20-Jan-2024,1202
CEMEX,5344830.22,USD,OP-226603,"November 12, 2024",24/06/2025,224
AMÉRICA MÓVIL,2384039.71,MXN,OP-351979,"April 13, 2017",N/A,N/A
GRUPO MÉXICO,1565297.11,USD,OP-542761,2024-06-22,N/A,N/A
WALMART DE MÉXICO,4635904.87,MXN,OP-417400,"February 13, 2016",2016-03-06,22
pemex,7913275.78,MXN,OP-385514,2022-02-09,N/A,N/A
PEMEX,2166448.3,EUR,OP-707212,2015-12-06,11/03/2022,2524
AMÉRICA MÓVIL,7938273.47,USD,OP-891341,2017-02-25,25/05/2020,1185
cemex,6550643.52,USD,OP-552182,27-Aug-2017,"December 11, 2018",471
grupo lala,4882494.46,EUR,OP-678425,"February 11, 2017","July 16, 2024",2712
GRUPO BIMBO,6509649.53,EUR,OP-591648,"January 01, 2019",23-Jul-2023,1664
grupo méxico,5099535.5,USD,OP-785526,2019-11-13,N/A,N/A
GRUPO BIMBO,5135823.93,MXN,OP-129286,"November 13, 2022","February 13, 2023",92
grupo carso,3110801.55,EUR,OP-826741,"October 29, 2015",2020-08-22,1759
grupo carso,2473149.0,EUR,OP-243801,13-May-2020,20/01/2023,982
grupo bimbo,522772.42,USD,OP-893999,2021-11-19,N/A,N/A
alsea,9454689.94,USD,OP-430339,"December 13, 2019","December 20, 2021",738
américa móvil,4035424.36,MXN,OP-504736,2018-04-21,20/10/2019,547
femsa,702778.09,MXN,OP-892920,10/04/2018,N/A,N/A
pemex,3194101.82,MXN,OP-270822,15-Jun-2019,2021-08-23,800
TELMEX,732347.82,MXN,OP-676785,09-May-2021,N/A,N/A
liverpool,4550372.53,MXN,OP-766382,19/06/2021,N/A,N/A
TELMEX,8593182.68,USD,OP-283005,2019-05-02,"May 31, 2024",1856
soriana,7463424.61,USD,OP-645665,"August 23, 2021",N/A,N/A
AMÉRICA MÓVIL,1236942.02,EUR,OP-554807,24-Jul-2020,2021-06-18,329
GRUPO LALA,3041277.08,USD,OP-168128,2023-12-15,10-Feb-2024,57
BBVA MÉXICO,8228782.48,MXN,OP-272818,13/01/2023,N/A,N/A
grupo méxico,962136.84,EUR,OP-245170,01-Jan-2023,2023-10-07,279
CEMEX,4490331.7,MXN,OP-778839,08/09/2023,30/01/2025,540
CEMEX,1785469.04,MXN,OP-176292,"May 16, 2023",N/A,N/A
LIVERPOOL,4720009.79,USD,OP-234804,2016-03-26,"January 17, 2017",297
banorte,2035961.13,EUR,OP-586702,"December 02, 2017",N/A,N/A
CEMEX,5959945.21,MXN,OP-820613,"December 01, 2020",2024-01-19,1144
bbva méxico,4230632.08,MXN,OP-606210,07/10/2016,2023-10-28,2666
femsa,7009532.51,EUR,OP-335545,12-Jun-2023,N/A,N/A
cemex,4771865.34,EUR,OP-991061,18/12/2024,N/A,N/A
liverpool,5073865.65,EUR,OP-335039,04/06/2018,"June 05, 2020",791
grupo bimbo,5360399.33,MXN,OP-401023,2022-09-10,2025-04-23,956
CEMEX,7429953.1,EUR,OP-680029,2022-12-29,N/A,N/A
américa móvil,7378078.36,USD,OP-976381,22/07/2025,N/A,N/A
américa móvil,4806092.71,USD,OP-186901,"August 05, 2025",N/A,N/A
américa móvil,4479652.48,EUR,OP-136499,2024-07-25,N/A,N/A
femsa,5973227.28,EUR,OP-163059,31/01/2017,N/A,N/A
GRUPO MÉXICO,4343363.14,USD,OP-409663,27/12/2020,N/A,N/A
ALSEA,273095.65,MXN,OP-774208,"November 30, 2020",N/A,N/A
GRUPO BIMBO,691468.89,EUR,OP-234763,"September 11, 2021",05-Sep-2024,1090
LIVERPOOL,3538969.05,USD,OP-524508,03-Oct-2021,N/A,N/A
BBVA MÉXICO,8592232.18,EUR,OP-753973,24-Jul-2021,2025-06-21,1428
GRUPO CARSO,1025297.05,MXN,OP-970752,"November 14, 2016",10-Apr-2021,1608
cemex,4701908.2,USD,OP-356163,"December 26, 2017",2022-03-15,1540
SORIANA,6016119.94,USD,OP-609149,01/11/2023,N/A,N/A
SORIANA,2722265.74,EUR,OP-764632,"December 06, 2019",N/A,N/A
grupo lala,8051146.78,USD,OP-893824,20-Nov-2019,N/A,N/A
BANORTE,7692493.22,EUR,OP-530044,09-Oct-2017,04-Sep-2018,330
grupo carso,7174843.63,EUR,OP-145555,2022-02-07,01/07/2025,1065
BBVA MÉXICO,4669021.3,MXN,OP-572089,12/03/2019,2021-04-01,485
PEMEX,2680540.65,MXN,OP-104969,03-Nov-2022,N/A,N/A
TELMEX,3073072.04,MXN,OP-885798,22-Nov-2023,N/A,N/A
FEMSA,1827375.49,USD,OP-370460,13/03/2020,N/A,N/A
telmex,1915364.56,USD,OP-416106,16/12/2016,2025-02-26,2994
GRUPO LALA,1279070.43,EUR,OP-205919,2024-08-26,N/A,N/A
américa móvil,3894250.66,MXN,OP-179853,2025-05-04,N/A,N/A
PEMEX,527928.32,USD,OP-105889,"May 06, 2022",N/A,N/A
américa móvil,902456.42,MXN,OP-395317,2016-08-19,N/A,N/A
liverpool,1540947.22,MXN,OP-880752,"December 31, 2023",N/A,N/A
soriana,8576582.37,USD,OP-843140,27/07/2024,N/A,N/A
TELMEX,2847684.93,EUR,OP-281196,20-Dec-2019,N/A,N/A
ALSEA,9882820.9,MXN,OP-780557,"October 03, 2021",N/A,N/A
LIVERPOOL,5228412.29,USD,OP-987494,12/07/2017,2025-06-19,2751
banorte,3905547.99,EUR,OP-582832,31/10/2024,N/A,N/A
cemex,4889021.78,EUR,OP-881671,"April 29, 2023",N/A,N/A
GRUPO CARSO,6589716.05,USD,OP-430428,25-Jul-2017,17/08/2023,2214
LIVERPOOL,1404561.86,EUR,OP-802823,2017-11-27,N/A,N/A
grupo méxico,4629812.41,USD,OP-332496,19-Dec-2018,12-Dec-2024,2185
TELMEX,7178923.81,EUR,OP-209131,25-Nov-2015,"January 29, 2025",3353
walmart de méxico,7534285.26,MXN,OP-775782,"March 04, 2016",N/A,N/A
GRUPO CARSO,6235336.63,MXN,OP-314914,18-Nov-2018,25/03/2020,493
GRUPO MÉXICO,3725988.36,MXN,OP-568029,2018-08-09,N/A,N/A
femsa,5814645.57,EUR,OP-905856,03-Apr-2016,"October 29, 2020",1670
GRUPO LALA,3416808.47,EUR,OP-382942,"November 29, 2019",N/A,N/A
WALMART DE MÉXICO,2437112.47,USD,OP-554113,"March 07, 2016","December 23, 2022",2482
SORIANA,9045750.79,MXN,OP-957994,12/01/2018,2023-06-21,1663
femsa,6491877.17,USD,OP-152790,"December 27, 2021",N/A,N/A
femsa,1633113.51,EUR,OP-412500,05-Dec-2016,06-Jul-2025,3135
GRUPO MÉXICO,5912277.67,EUR,OP-470246,12/05/2025,N/A,N/A
grupo bimbo,7199931.42,USD,OP-685207,"June 23, 2016",N/A,N/A
FEMSA,8542139.59,EUR,OP-367173,2025-02-18,15/06/2025,117
pemex,3470962.41,MXN,OP-357433,2021-09-13,N/A,N/A
CEMEX,5497131.72,MXN,OP-505917,"June 29, 2025",N/A,N/A
soriana,9993722.71,EUR,OP-641574,28/04/2021,N/A,N/A
cemex,1993922.56,MXN,OP-441617,"December 17, 2023",26-Apr-2025,496
liverpool,6928705.36,USD,OP-648544,2015-10-19,2023-12-18,2982
soriana,2834198.59,EUR,OP-607626,04/03/2024,N/A,N/A
PEMEX,3952962.23,MXN,OP-561005,09-May-2021,N/A,N/A
FEMSA,4792719.97,MXN,OP-383428,11-Mar-2016,"February 12, 2023",2529
américa móvil,423789.46,USD,OP-151833,24-Jun-2024,29/09/2024,97
pemex,4711333.63,USD,OP-645410,2018-07-09,N/A,N/A
WALMART DE MÉXICO,4224528.91,MXN,OP-513581,"October 12, 2018","May 20, 2020",586
cemex,971504.04,USD,OP-225189,2020-01-24,N/A,N/A
femsa,6280322.11,USD,OP-458753,2024-10-13,N/A,N/A
BBVA MÉXICO,8284382.08,USD,OP-350690,25-Jun-2017,N/A,N/A
WALMART DE MÉXICO,8756567.89,MXN,OP-469139,"December 20, 2017",22/04/2020,854
liverpool,8805434.01,EUR,OP-111737,07/02/2020,2021-01-29,211
GRUPO MÉXICO,823512.21,USD,OP-565878,06-Nov-2024,N/A,N/A
GRUPO CARSO,297567.15,USD,OP-183732,31/12/2022,"August 10, 2024",588
AMÉRICA MÓVIL,5044168.44,EUR,OP-674206,09-Nov-2019,N/A,N/A
ALSEA,1518891.11,MXN,OP-657597,05/09/2020,N/A,N/A
TELMEX,1154576.79,USD,OP-386066,2022-07-03,"July 07, 2024",735
SORIANA,6180565.32,USD,OP-710881,2016-10-08,13/07/2023,2469
GRUPO CARSO,7004185.66,MXN,OP-747119,"August 06, 2019",N/A,N/A
liverpool,7243696.16,MXN,OP-660497,2022-08-13,N/A,N/A
TELMEX,2832355.3,MXN,OP-403264,26/08/2019,N/A,N/A
telmex,4857659.92,EUR,OP-664927,2019-06-07,N/A,N/A
telmex,3533105.97,EUR,OP-926129,"February 22, 2023",N/A,N/A
SORIANA,9107151.71,EUR,OP-814073,26/12/2024,N/A,N/A
ALSEA,7321811.45,MXN,OP-602229,2018-09-11,N/A,N/A
cemex,279876.37,EUR,OP-385369,"December 17, 2019",N/A,N/A
pemex,7181788.41,USD,OP-543082,2024-11-14,N/A,N/A
cemex,5608827.42,MXN,OP-245990,"October 22, 2023",N/A,N/A
GRUPO LALA,3181028.72,EUR,OP-422414,05-May-2021,13/06/2021,39
ALSEA,7239086.47,EUR,OP-401560,07/04/2020,N/A,N/A
BANORTE,3894037.07,EUR,OP-543926,24/05/2016,08-Dec-2017,563
walmart de méxico,3683613.4,MXN,OP-389670,04-Feb-2023,N/A,N/A
WALMART DE MÉXICO,4279935.03,EUR,OP-166631,06/02/2018,N/A,N/A
pemex,6106410.96,USD,OP-412757,08-Aug-2021,N/A,N/A
ALSEA,912882.93,MXN,OP-160006,20/08/2022,N/A,N/A
GRUPO LALA,9470042.23,USD,OP-132113,"January 13, 2017",N/A,N/A
AMÉRICA MÓVIL,6913197.59,EUR,OP-198915,14/06/2016,N/A,N/A
SORIANA,8790388.54,USD,OP-932759,2016-09-23,"August 03, 2017",314
walmart de méxico,2398287.58,USD,OP-188303,2016-10-24,11-Oct-2022,2178
grupo bimbo,4618015.63,MXN,OP-374024,"February 25, 2024",N/A,N/A
grupo bimbo,5302152.43,EUR,OP-867921,26/06/2023,N/A,N/A
telmex,5099981.28,EUR,OP-562612,2018-07-28,29/03/2025,2436
GRUPO MÉXICO,7050123.46,EUR,OP-483688,2021-11-05,2023-05-13,554
BANORTE,7455333.5,MXN,OP-273555,30/07/2018,13-Sep-2023,1871
pemex,2048623.66,EUR,OP-614236,2024-01-03,N/A,N/A
grupo bimbo,9372828.69,EUR,OP-949447,28-Dec-2019,2021-05-16,505
CEMEX,9978059.27,USD,OP-894275,"December 04, 2017",N/A,N/A
GRUPO MÉXICO,3167635.79,MXN,OP-244566,"September 17, 2016",04-Nov-2019,1143
grupo lala,8488885.01,EUR,OP-112195,"January 02, 2021",N/A,N/A
pemex,3983644.2,USD,OP-366541,12-May-2023,N/A,N/A
telmex,1888986.53,USD,OP-677966,"April 19, 2021",N/A,N/A
TELMEX,5023591.92,MXN,OP-879373,25/02/2021,N/A,N/A
grupo méxico,1921740.59,MXN,OP-401187,"April 30, 2021",N/A,N/A
alsea,8045092.91,USD,OP-632820,09/07/2016,N/A,N/A
telmex,1511913.83,EUR,OP-148116,2019-09-12,N/A,N/A
grupo méxico,6676001.15,EUR,OP-112766,"August 02, 2020",20-Jun-2021,322
américa móvil,9503499.13,EUR,OP-750664,23-Apr-2019,24/03/2021,701
cemex,5586944.21,USD,OP-155184,05/09/2019,N/A,N/A
LIVERPOOL,4496960.39,USD,OP-615042,"April 08, 2025",N/A,N/A
GRUPO MÉXICO,2637348.5,EUR,OP-799373,2017-01-17,N/A,N/A
TELMEX,890776.3,USD,OP-318894,30/09/2022,N/A,N/A
alsea,8366836.83,USD,OP-432295,05-Aug-2025,N/A,N/A
BBVA MÉXICO,3101311.54,MXN,OP-925156,2022-02-19,"March 22, 2022",31
soriana,7983861.18,EUR,OP-535409,"August 31, 2017",2023-08-24,2184
GRUPO MÉXICO,7055817.24,USD,OP-813387,"August 11, 2016","October 11, 2024",2983
TELMEX,3288792.02,EUR,OP-436172,24/04/2025,N/A,N/A
ALSEA,2932996.47,MXN,OP-772232,17-Jun-2022,N/A,N/A
CEMEX,8239408.36,USD,OP-987170,27/11/2018,N/A,N/A
TELMEX,3200885.84,USD,OP-449058,"October 01, 2023",N/A,N/A
ALSEA,6124792.64,EUR,OP-200690,07/12/2024,N/A,N/A
grupo bimbo,5715765.23,MXN,OP-230183,02/07/2019,"March 23, 2023",1505
cemex,7358125.31,EUR,OP-573690,18-Aug-2016,"May 05, 2021",1721
grupo méxico,1021994.16,USD,OP-381976,"January 15, 2020",N/A,N/A
femsa,1626548.91,MXN,OP-691277,2016-01-07,01-Nov-2016,299
GRUPO CARSO,5380727.31,MXN,OP-351230,2021-02-15,N/A,N/A
AMÉRICA MÓVIL,1365667.25,USD,OP-253628,"April 30, 2020",N/A,N/A
GRUPO CARSO,4314919.03,USD,OP-481722,24/11/2021,N/A,N/A
GRUPO MÉXICO,3021968.25,MXN,OP-366804,2016-04-29,N/A,N/A
grupo méxico,3425870.96,EUR,OP-337731,"June 25, 2020","January 29, 2023",948
banorte,8649376.31,MXN,OP-899417,17-May-2025,N/A,N/A
américa móvil,4048921.68,MXN,OP-318714,02-Dec-2018,2022-12-23,1482
WALMART DE MÉXICO,9679229.58,EUR,OP-214522,2022-01-13,N/A,N/A
BANORTE,4882666.18,EUR,OP-510483,05-Jul-2022,N/A,N/A
bbva méxico,6614434.86,EUR,OP-265563,10-Jun-2018,N/A,N/A
grupo méxico,8770011.67,EUR,OP-719246,27/07/2020,N/A,N/A
alsea,3251713.62,EUR,OP-473904,01/10/2019,N/A,N/A
LIVERPOOL,8896917.6,MXN,OP-855944,2023-01-24,2023-08-22,210
LIVERPOOL,6732322.34,MXN,OP-130153,04-Jul-2025,N/A,N/A
BBVA MÉXICO,9598926.39,USD,OP-838678,28-Nov-2024,2025-05-16,169
telmex,4194675.33,MXN,OP-922505,"February 06, 2018",N/A,N/A
grupo lala,6885344.06,MXN,OP-343335,"July 17, 2021",N/A,N/A
PEMEX,1335241.32,EUR,OP-309835,11/08/2025,N/A,N/A
walmart de méxico,945664.77,USD,OP-868018,2022-04-13,N/A,N/A
SORIANA,8398993.49,USD,OP-125081,"November 07, 2022",N/A,N/A
américa móvil,9210240.67,EUR,OP-989031,"July 16, 2024",N/A,N/A
ALSEA,5140095.6,USD,OP-173178,15/10/2020,N/A,N/A
CEMEX,531170.23,USD,OP-322939,"June 09, 2018",N/A,N/A
banorte,6242206.94,MXN,OP-968968,24/03/2023,N/A,N/A
alsea,401204.36,USD,OP-658154,15-May-2021,N/A,N/A
telmex,7351884.97,USD,OP-875248,2018-12-28,"December 21, 2020",724
femsa,5859897.17,EUR,OP-930974,31-Mar-2018,01/06/2024,2107
PEMEX,2514099.69,MXN,OP-628740,2019-09-14,2025-08-06,2153
AMÉRICA MÓVIL,5742861.85,MXN,OP-442526,17/07/2024,N/A,N/A
femsa,9214793.5,MXN,OP-245423,2019-05-16,27-Feb-2021,653
pemex,932039.83,EUR,OP-937888,27/10/2017,28/02/2021,1220
telmex,5683036.4,EUR,OP-725639,08/02/2025,N/A,N/A
PEMEX,6327569.07,MXN,OP-942604,29/08/2022,08-Feb-2025,894
LIVERPOOL,9638202.67,EUR,OP-677259,29-Nov-2019,"December 17, 2021",749
SORIANA,1717648.35,MXN,OP-707931,31-Oct-2022,N/A,N/A
grupo bimbo,5142804.26,MXN,OP-782250,13-Nov-2015,"February 06, 2021",1912
américa móvil,8012398.64,EUR,OP-805246,2021-11-28,N/A,N/A
CEMEX,1619136.7,MXN,OP-550622,"March 15, 2021",2025-05-09,1516
soriana,7057051.35,USD,OP-157508,21/01/2016,N/A,N/A
grupo carso,7583230.68,MXN,OP-435931,28-Dec-2020,N/A,N/A
BBVA MÉXICO,1634250.78,USD,OP-997702,31/10/2020,N/A,N/A
BANORTE,2282409.17,USD,OP-439872,2022-09-19,N/A,N/A
TELMEX,9695257.55,USD,OP-715018,"December 05, 2023",12-Nov-2024,343
GRUPO BIMBO,2810153.07,MXN,OP-296444,25-Feb-2021,21-Jul-2021,146
américa móvil,8676707.75,MXN,OP-693853,13/01/2016,"February 17, 2018",766
ALSEA,8491371.51,USD,OP-650132,"November 02, 2015",2017-04-29,544
pemex,3707498.22,EUR,OP-881857,14/05/2020,N/A,N/A
bbva méxico,4621120.73,MXN,OP-942907,22/02/2024,N/A,N/A
walmart de méxico,4170327.5,USD,OP-775086,06-Sep-2020,N/A,N/A
pemex,2365401.5,USD,OP-671751,"June 19, 2017",N/A,N/A
pemex,9756177.58,EUR,OP-272745,"November 13, 2020",N/A,N/A
CEMEX,8054479.09,USD,OP-181459,"August 19, 2021",N/A,N/A
alsea,2583831.3,MXN,OP-412589,02/08/2021,N/A,N/A
GRUPO CARSO,1616334.32,MXN,OP-326808,2021-08-28,N/A,N/A
TELMEX,4358486.6,USD,OP-162487,2015-12-20,"May 13, 2024",3067
bbva méxico,1674113.2,USD,OP-493606,18-Dec-2015,08/08/2023,2790
walmart de méxico,6909383.48,EUR,OP-988003,25-Apr-2025,N/A,N/A
BANORTE,8614739.07,USD,OP-928222,"September 13, 2019",09/05/2020,358
LIVERPOOL,5108213.27,MXN,OP-314600,10-Jul-2024,N/A,N/A
LIVERPOOL,9318807.04,EUR,OP-430377,03/03/2024,N/A,N/A
BBVA MÉXICO,7697705.5,MXN,OP-612755,"February 09, 2023",N/A,N/A
grupo lala,6805946.97,USD,OP-147953,2023-02-22,N/A,N/A
SORIANA,8464896.23,EUR,OP-772409,2024-06-30,N/A,N/A
GRUPO MÉXICO,486186.1,MXN,OP-850061,2022-01-29,N/A,N/A
BBVA MÉXICO,472888.96,MXN,OP-511089,"November 04, 2015","January 05, 2016",62
LIVERPOOL,3507496.78,MXN,OP-300610,2024-04-15,"April 18, 2024",3
américa móvil,7430361.3,MXN,OP-123975,15/03/2017,N/A,N/A
telmex,5276942.39,USD,OP-480155,"October 21, 2018",N/A,N/A
TELMEX,707256.57,MXN,OP-113273,2025-05-23,N/A,N/A
telmex,4245603.69,USD,OP-634610,2020-10-05,N/A,N/A
BANORTE,532846.24,USD,OP-399234,13-Feb-2017,"April 20, 2023",2257
liverpool,6578711.45,EUR,OP-455173,31-May-2025,N/A,N/A
WALMART DE MÉXICO,5304296.85,MXN,OP-604932,"April 29, 2025",N/A,N/A
alsea,7386178.72,MXN,OP-356487,07-Mar-2022,09/06/2024,914
alsea,8754293.41,USD,OP-532998,29/11/2020,"December 09, 2021",375
grupo méxico,1545648.69,USD,OP-562292,06-Sep-2022,N/A,N/A
LIVERPOOL,2009725.79,EUR,OP-308603,28-Nov-2015,N/A,N/A
GRUPO LALA,9665877.77,EUR,OP-271159,2021-03-18,N/A,N/A
GRUPO LALA,1502819.13,MXN,OP-262310,"December 17, 2019",N/A,N/A
soriana,9744858.7,EUR,OP-230570,07/01/2018,N/A,N/A
GRUPO BIMBO,3693445.94,EUR,OP-150990,2020-08-03,N/A,N/A
BANORTE,3032853.45,EUR,OP-782950,18/04/2019,N/A,N/A
grupo bimbo,5295157.63,USD,OP-718155,2021-03-18,N/A,N/A
TELMEX,5448125.34,USD,OP-915476,19/04/2016,2022-12-29,2445
BBVA MÉXICO,4367818.29,USD,OP-253773,"November 22, 2022",N/A,N/A
ALSEA,7258271.5,EUR,OP-468505,23-Nov-2015,2020-01-30,1529
walmart de méxico,973770.94,EUR,OP-583807,2022-04-16,N/A,N/A
BANORTE,3283001.85,EUR,OP-931713,23/04/2024,N/A,N/A
BBVA MÉXICO,570330.15,USD,OP-986405,"December 18, 2021",N/A,N/A
LIVERPOOL,9677005.18,EUR,OP-401334,2023-07-20,08-Sep-2023,50
WALMART DE MÉXICO,3006875.33,EUR,OP-715053,19/12/2016,20/05/2019,882
grupo lala,7573802.32,USD,OP-842958,30-Mar-2017,26/02/2020,1063
américa móvil,6362063.26,USD,OP-924214,22-Jun-2025,N/A,N/A
TELMEX,3040154.53,MXN,OP-515402,"April 25, 2020",N/A,N/A
grupo méxico,7893650.05,MXN,OP-175499,02-Dec-2015,15/03/2022,2295
américa móvil,4920766.25,MXN,OP-136640,"April 14, 2019","April 14, 2025",2192
américa móvil,1008848.7,MXN,OP-794280,2025-07-26,N/A,N/A
pemex,8088271.18,MXN,OP-117199,11-Sep-2017,N/A,N/A
telmex,7621518.52,EUR,OP-954414,2025-04-23,N/A,N/A
LIVERPOOL,7981591.44,USD,OP-951456,"August 18, 2025",N/A,N/A
GRUPO MÉXICO,150398.23,USD,OP-993334,2016-07-12,N/A,N/A
BANORTE,2418553.04,USD,OP-662521,2023-02-22,N/A,N/A
LIVERPOOL,6526406.19,EUR,OP-320745,"July 31, 2025",N/A,N/A
WALMART DE MÉXICO,3605786.89,EUR,OP-895041,"May 19, 2018",N/A,N/A
AMÉRICA MÓVIL,9716188.46,USD,OP-365915,2017-04-18,2019-11-25,951
alsea,1392954.85,EUR,OP-849114,2024-09-16,N/A,N/A
SORIANA,2254524.54,EUR,OP-833754,"September 06, 2024",N/A,N/A
CEMEX,7974732.96,USD,OP-905553,25-May-2021,"February 16, 2025",1363
grupo bimbo,2838913.28,MXN,OP-127368,02/12/2021,N/A,N/A
walmart de méxico,2391246.14,EUR,OP-815148,22-Jun-2024,N/A,N/A
FEMSA,4767823.95,MXN,OP-844172,2022-10-23,N/A,N/A
walmart de méxico,8468308.02,USD,OP-220898,2016-01-23,N/A,N/A
walmart de méxico,9900786.63,MXN,OP-653222,2015-10-03,"May 27, 2022",2428
FEMSA,7413236.29,EUR,OP-592432,13/10/2017,N/A,N/A
cemex,2212626.18,MXN,OP-772206,18/11/2016,2021-12-09,1847
GRUPO MÉXICO,688254.03,MXN,OP-590180,2019-06-21,N/A,N/A
grupo lala,8105757.98,USD,OP-289967,03/05/2017,2019-03-07,732
BANORTE,8055341.1,EUR,OP-250553,"February 28, 2018","July 17, 2022",1600
soriana,616907.38,MXN,OP-142548,2024-04-20,N/A,N/A
ALSEA,2484985.35,USD,OP-370904,04/03/2025,12/06/2025,247
femsa,6910966.1,USD,OP-544904,02/05/2025,N/A,N/A
grupo lala,7840536.79,MXN,OP-333717,"February 02, 2023","November 20, 2024",657
grupo carso,1275572.44,EUR,OP-512627,04-May-2016,2019-04-21,1082
grupo bimbo,2843800.2,EUR,OP-748320,2016-07-31,N/A,N/A
GRUPO LALA,6751895.63,USD,OP-621599,06/12/2019,14/10/2022,1220
PEMEX,6535867.5,MXN,OP-831369,2022-01-06,N/A,N/A
grupo carso,6754562.22,MXN,OP-312221,"May 02, 2021",N/A,N/A
GRUPO BIMBO,3400634.77,EUR,OP-676608,31-Oct-2024,N/A,N/A
pemex,6747702.33,MXN,OP-830702,01/12/2016,"September 09, 2018",971
WALMART DE MÉXICO,2892266.53,EUR,OP-564973,2017-04-26,15-Aug-2022,1937
cemex,5928827.91,USD,OP-526674,"November 06, 2017",09/02/2018,300
cemex,2322222.88,MXN,OP-751718,30/04/2021,28/12/2024,1338
grupo lala,9890046.44,EUR,OP-873591,"November 28, 2024",13/01/2025,46
LIVERPOOL,2903340.82,MXN,OP-708695,"January 11, 2020",N/A,N/A
pemex,9949590.86,USD,OP-473984,05-Sep-2022,N/A,N/A
GRUPO MÉXICO,5073724.48,USD,OP-647923,29/01/2019,N/A,N/A
liverpool,5966612.98,USD,OP-347862,"May 21, 2019",2023-10-06,1599
ALSEA,9628901.89,EUR,OP-893315,2019-12-08,N/A,N/A
LIVERPOOL,8912657.89,EUR,OP-624234,29/03/2018,06-Apr-2022,1469
alsea,4068536.69,MXN,OP-966497,"April 08, 2022",N/A,N/A
ALSEA,1198985.81,EUR,OP-125972,18-Feb-2017,N/A,N/A
soriana,5289920.53,EUR,OP-153404,02/08/2020,N/A,N/A
LIVERPOOL,8669134.05,MXN,OP-794426,"January 30, 2017",2022-10-21,2090
ALSEA,2184808.28,USD,OP-495475,13-Dec-2022,N/A,N/A
GRUPO BIMBO,4116996.69,USD,OP-355738,03/03/2018,N/A,N/A
GRUPO MÉXICO,6604414.85,EUR,OP-615663,03-Sep-2023,2023-09-22,19
pemex,1251241.21,USD,OP-891116,09/09/2020,N/A,N/A
GRUPO CARSO,7295664.72,EUR,OP-954037,14-Jan-2025,N/A,N/A
soriana,4786128.1,MXN,OP-579254,07/11/2016,N/A,N/A
BANORTE,9648050.78,MXN,OP-553191,"March 08, 2022",23-Jun-2024,838
telmex,3363804.89,EUR,OP-582128,2017-09-02,2023-04-04,2040
walmart de méxico,8319096.11,EUR,OP-112752,21-Sep-2021,N/A,N/A
américa móvil,3253661.4,MXN,OP-815928,2021-04-25,N/A,N/A
GRUPO CARSO,9224833.26,MXN,OP-757021,"January 04, 2023",N/A,N/A
BBVA MÉXICO,1140886.29,EUR,OP-322662,25/02/2016,13-Feb-2018,719
GRUPO LALA,324105.48,MXN,OP-504437,29-Jun-2019,N/A,N/A
telmex,7230559.47,EUR,OP-316527,28-Oct-2019,N/A,N/A
alsea,6066167.83,EUR,OP-967642,06/11/2024,N/A,N/A
GRUPO BIMBO,4969210.0,EUR,OP-744761,2020-09-20,N/A,N/A
SORIANA,9210920.76,MXN,OP-515197,13/02/2020,"August 28, 2023",1292
GRUPO CARSO,7589452.92,USD,OP-103251,09-Oct-2023,N/A,N/A
AMÉRICA MÓVIL,3851007.95,MXN,OP-134406,19-Jun-2022,N/A,N/A
CEMEX,7055410.62,EUR,OP-359635,25-Sep-2015,28-Jan-2016,125
banorte,3688247.38,EUR,OP-996037,12-Apr-2017,N/A,N/A
BANORTE,1455095.49,USD,OP-539368,03/03/2020,N/A,N/A
pemex,7700927.18,MXN,OP-357707,18/07/2020,N/A,N/A
CEMEX,9373158.37,USD,OP-515619,"August 05, 2024",N/A,N/A
pemex,528981.5,USD,OP-978928,05-Jan-2024,N/A,N/A
cemex,1037940.5,USD,OP-155064,27/07/2016,"February 01, 2021",1650
américa móvil,2504401.55,EUR,OP-922134,29/04/2025,N/A,N/A
GRUPO CARSO,9708068.49,USD,OP-264368,"October 19, 2021",N/A,N/A
walmart de méxico,439571.47,MXN,OP-550488,21/07/2024,N/A,N/A
GRUPO MÉXICO,9222864.82,USD,OP-204784,28/09/2022,N/A,N/A
WALMART DE MÉXICO,2348982.43,USD,OP-645056,06/04/2024,N/A,N/A
TELMEX,9120111.25,USD,OP-786177,28-Jun-2017,05-Oct-2022,1925
banorte,4607101.08,MXN,OP-702699,08/11/2021,2022-07-19,342
liverpool,1639123.03,EUR,OP-111069,"June 22, 2021",29-Jun-2025,1468
WALMART DE MÉXICO,5642404.65,USD,OP-274312,"February 04, 2023",N/A,N/A
GRUPO LALA,627386.36,MXN,OP-801474,16-Aug-2017,02-Aug-2024,2543
grupo méxico,1084220.18,MXN,OP-240677,"November 02, 2023",N/A,N/A
ALSEA,8038766.86,MXN,OP-448126,08/12/2019,09-Mar-2025,2036
AMÉRICA MÓVIL,8774461.8,EUR,OP-570764,02-Sep-2020,2022-07-28,694
soriana,5211600.87,MXN,OP-139396,02/09/2016,23/06/2018,865
cemex,4220411.93,EUR,OP-701927,09/10/2023,N/A,N/A
GRUPO LALA,8988003.59,EUR,OP-475885,25/10/2019,N/A,N/A
BBVA MÉXICO,4885444.0,MXN,OP-352179,26/11/2016,22-Aug-2017,269
grupo bimbo,4279725.73,EUR,OP-503590,"September 08, 2022",N/A,N/A
BANORTE,713942.96,USD,OP-786584,07-Dec-2016,N/A,N/A
GRUPO CARSO,9571867.54,MXN,OP-955250,2020-07-26,2021-07-11,350
bbva méxico,8578203.46,EUR,OP-649630,12-Dec-2019,N/A,N/A
alsea,8131481.57,MXN,OP-194269,23/09/2016,"September 07, 2024",2906
soriana,9859435.41,USD,OP-895495,2017-02-26,"July 03, 2023",2318
WALMART DE MÉXICO,9920568.09,EUR,OP-158822,2024-03-29,N/A,N/A
LIVERPOOL,7700201.8,USD,OP-484206,30-May-2019,N/A,N/A
TELMEX,386148.49,EUR,OP-948749,2015-09-23,N/A,N/A
alsea,1851194.8,EUR,OP-261095,2024-11-27,N/A,N/A
telmex,2893545.1,MXN,OP-255090,04/02/2021,N/A,N/A
PEMEX,5264973.94,EUR,OP-848886,2025-05-12,N/A,N/A
soriana,3985805.01,MXN,OP-723784,"October 12, 2019",N/A,N/A
grupo carso,8360472.29,USD,OP-330928,"October 25, 2016",N/A,N/A
pemex,7097263.33,EUR,OP-426298,"January 02, 2025",2025-03-21,78
AMÉRICA MÓVIL,8667189.74,USD,OP-655659,12-Nov-2016,2021-12-10,1854
grupo bimbo,2477418.94,USD,OP-888951,20/10/2017,2021-02-15,1214
banorte,3061485.98,USD,OP-898259,07-Jul-2016,"March 14, 2020",1346
SORIANA,6986060.0,USD,OP-584631,"January 19, 2025",N/A,N/A
américa móvil,3633021.76,USD,OP-669259,"February 21, 2023",N/A,N/A
BANORTE,1887166.59,EUR,OP-198507,"May 07, 2020",N/A,N/A
TELMEX,2525430.42,EUR,OP-400409,05/04/2018,N/A,N/A
walmart de méxico,2809088.3,EUR,OP-691241,16-Apr-2019,N/A,N/A
GRUPO LALA,9808306.1,EUR,OP-545764,20/11/2020,2022-07-17,604
GRUPO BIMBO,9441636.98,USD,OP-604942,"September 07, 2021",N/A,N/A
pemex,637805.93,EUR,OP-731008,25/08/2017,"March 07, 2022",1655
liverpool,9447341.87,EUR,OP-622407,18/05/2020,"July 18, 2022",791
CEMEX,8199753.08,MXN,OP-877076,14/04/2021,N/A,N/A
GRUPO MÉXICO,2635293.3,USD,OP-293014,"October 25, 2016",30-Apr-2022,2013
AMÉRICA MÓVIL,3326482.1,MXN,OP-989514,"July 16, 2023",N/A,N/A
CEMEX,6585131.18,MXN,OP-624743,2018-08-09,N/A,N/A
pemex,6520534.92,MXN,OP-209187,19/04/2022,N/A,N/A
LIVERPOOL,4624221.21,EUR,OP-912520,17-Jun-2020,2020-08-27,71
femsa,6678920.12,EUR,OP-991689,"April 27, 2020",N/A,N/A
TELMEX,6710257.67,USD,OP-691932,08-Apr-2024,N/A,N/A
BANORTE,3885699.31,MXN,OP-495460,"May 05, 2019",28-Jul-2019,84
LIVERPOOL,2303579.75,USD,OP-132585,"June 08, 2018",04/10/2023,1767
banorte,3719745.78,EUR,OP-666285,"June 17, 2025",N/A,N/A
ALSEA,3276438.93,MXN,OP-232584,05-Feb-2018,N/A,N/A
grupo méxico,5469181.85,USD,OP-528700,"June 13, 2023",23-Nov-2024,529
BBVA MÉXICO,821468.55,MXN,OP-756896,29-Jul-2023,N/A,N/A
cemex,9596615.59,EUR,OP-282386,"November 02, 2016",N/A,N/A
LIVERPOOL,1671979.38,EUR,OP-895057,29/07/2021,N/A,N/A
GRUPO BIMBO,3604803.83,USD,OP-454385,14/03/2021,N/A,N/A
américa móvil,1438565.94,EUR,OP-688795,"March 16, 2016",2018-10-07,935
grupo carso,2207575.03,EUR,OP-999158,29/11/2015,23/01/2016,55
walmart de méxico,1899279.01,MXN,OP-530362,17/07/2023,17-Aug-2024,397
BANORTE,9901118.02,MXN,OP-544042,"December 01, 2015",N/A,N/A
FEMSA,6216650.71,USD,OP-426908,26-Dec-2015,18-Jun-2017,540
alsea,7272134.72,EUR,OP-567747,26-Aug-2017,25-Mar-2020,942
alsea,2457465.54,USD,OP-735842,10-Dec-2021,N/A,N/A
FEMSA,9322454.1,USD,OP-880920,2018-01-05,N/A,N/A
grupo lala,1585820.48,MXN,OP-669857,2019-10-21,N/A,N/A
alsea,2101337.61,EUR,OP-101537,"July 10, 2025",N/A,N/A
BBVA MÉXICO,1278809.09,USD,OP-309646,2016-05-06,"February 01, 2023",2462
CEMEX,6353662.25,USD,OP-609552,30/01/2019,N/A,N/A
bbva méxico,4723231.83,USD,OP-213816,18/07/2024,N/A,N/A
telmex,9310763.69,EUR,OP-750522,2019-06-10,26/06/2022,1112
grupo méxico,1036026.96,USD,OP-215618,2019-10-02,N/A,N/A
SORIANA,8602908.4,USD,OP-725876,2016-11-17,"October 13, 2024",2887
FEMSA,6186542.62,MXN,OP-130964,2025-01-20,N/A,N/A
GRUPO LALA,1817899.67,USD,OP-767059,2025-07-01,N/A,N/A
AMÉRICA MÓVIL,6601652.8,EUR,OP-922011,2018-10-05,"May 17, 2024",2051
soriana,9063362.5,MXN,OP-352975,"November 23, 2017",N/A,N/A
CEMEX,9454673.44,USD,OP-345698,"February 10, 2018",N/A,N/A
bbva méxico,8621156.22,EUR,OP-455921,2019-03-01,24/12/2024,2125
BBVA MÉXICO,3163887.0,USD,OP-874935,"May 20, 2018",N/A,N/A
grupo carso,3500244.69,EUR,OP-772726,2023-06-23,N/A,N/A
grupo bimbo,6042805.64,EUR,OP-486315,13-May-2021,N/A,N/A
grupo carso,8917076.62,EUR,OP-406883,2021-04-21,02/12/2022,297
GRUPO CARSO,8289927.15,USD,OP-184287,"August 31, 2019","July 25, 2021",694
GRUPO MÉXICO,5545348.75,EUR,OP-427740,14-Nov-2017,"March 05, 2023",1937
GRUPO BIMBO,6394431.33,EUR,OP-337121,05-May-2017,N/A,N/A
AMÉRICA MÓVIL,7875236.54,MXN,OP-979796,"April 30, 2019",N/A,N/A
TELMEX,9383589.11,MXN,OP-724827,"October 20, 2023",N/A,N/A
SORIANA,6688034.49,MXN,OP-612369,21/03/2024,N/A,N/A
GRUPO CARSO,5589240.01,MXN,OP-845422,24/04/2023,21/09/2024,516
grupo bimbo,1983310.63,EUR,OP-778667,22-Jul-2016,2017-08-16,390
TELMEX,5717051.04,USD,OP-977891,22/06/2022,N/A,N/A
ALSEA,9933314.3,EUR,OP-522479,2017-02-27,N/A,N/A
femsa,7600330.89,MXN,OP-725972,11-Jun-2024,N/A,N/A
SORIANA,4821333.13,MXN,OP-545052,2016-08-08,"January 06, 2020",1246
grupo bimbo,6071562.71,USD,OP-227257,"November 15, 2016",12/03/2022,2209
GRUPO LALA,3802802.91,EUR,OP-895136,01-Mar-2024,N/A,N/A
BBVA MÉXICO,3758743.4,USD,OP-265784,18/05/2022,N/A,N/A
banorte,7488170.07,USD,OP-432779,"February 21, 2016","October 14, 2019",1331
grupo bimbo,7031705.81,USD,OP-799751,28/06/2020,N/A,N/A
liverpool,6877222.8,MXN,OP-140555,11/02/2024,N/A,N/A
grupo méxico,6931609.18,EUR,OP-113582,17-Mar-2019,"April 18, 2019",32
banorte,3763956.08,USD,OP-931072,03-Jul-2019,20/07/2025,2209
CEMEX,7917486.94,USD,OP-882566,06-Sep-2023,N/A,N/A
TELMEX,8298172.55,MXN,OP-602775,04/01/2019,12/09/2024,2079
GRUPO MÉXICO,6274766.91,MXN,OP-403051,28-Nov-2018,13/07/2020,593
bbva méxico,1672068.93,MXN,OP-233031,2016-01-09,11-Nov-2017,672
WALMART DE MÉXICO,2103295.14,USD,OP-579118,"November 14, 2019",2020-10-05,326
grupo carso,820528.65,MXN,OP-613646,2016-11-06,N/A,N/A
LIVERPOOL,2126203.17,MXN,OP-309298,06-Jun-2019,19-Dec-2019,196
grupo méxico,5268114.9,EUR,OP-911860,2017-09-17,27-Apr-2025,2779
GRUPO CARSO,305268.55,EUR,OP-648028,"October 10, 2020",N/A,N/A
alsea,6528027.82,MXN,OP-891464,2024-08-10,N/A,N/A
cemex,1044521.91,USD,OP-483477,15-Oct-2015,09-Jan-2022,2278
grupo méxico,9427336.32,MXN,OP-376376,"February 03, 2022",N/A,N/A
bbva méxico,6685100.59,MXN,OP-334478,"October 21, 2016",05-Nov-2023,2571
WALMART DE MÉXICO,4970816.19,EUR,OP-556996,"October 07, 2015",25-Nov-2016,415
pemex,3917616.49,MXN,OP-643405,06-Jan-2025,N/A,N/A
SORIANA,6951308.67,USD,OP-953766,2020-11-18,N/A,N/A
liverpool,6322057.08,USD,OP-450725,"February 16, 2018",2019-03-29,406
GRUPO LALA,390858.64,MXN,OP-554434,07/08/2022,N/A,N/A
banorte,6539426.52,USD,OP-981254,19-Oct-2015,N/A,N/A
banorte,8440211.15,USD,OP-465602,18/08/2022,2024-10-21,795
SORIANA,5819133.33,USD,OP-400748,20/02/2018,"January 19, 2024",2159
grupo bimbo,4416974.09,MXN,OP-720592,21-Sep-2015,2019-05-28,1345
femsa,2677261.97,USD,OP-846382,2024-01-24,N/A,N/A
BANORTE,3653150.04,MXN,OP-415233,28-Dec-2016,26/05/2022,1975
walmart de méxico,7987585.87,USD,OP-573857,11/06/2020,17/09/2022,680
WALMART DE MÉXICO,461608.38,USD,OP-562131,28/03/2019,"December 18, 2023",1726
grupo bimbo,5366441.2,EUR,OP-660251,12/12/2018,2020-04-07,482
CEMEX,2364450.89,EUR,OP-798699,17/01/2021,N/A,N/A
ALSEA,7575336.0,MXN,OP-474476,"November 15, 2015","November 09, 2021",2186
liverpool,264747.34,USD,OP-811977,12/12/2024,N/A,N/A
LIVERPOOL,7677917.71,EUR,OP-820074,2019-09-22,N/A,N/A
WALMART DE MÉXICO,7414644.25,MXN,OP-792502,25-Dec-2016,N/A,N/A
américa móvil,9513503.39,USD,OP-123906,"May 26, 2016",N/A,N/A
BBVA MÉXICO,3421038.65,EUR,OP-267959,"December 05, 2023",N/A,N/A
GRUPO MÉXICO,6751004.1,MXN,OP-593002,"January 18, 2021",N/A,N/A
BBVA MÉXICO,6853713.02,USD,OP-130892,12-May-2020,N/A,N/A
TELMEX,3142564.97,USD,OP-989189,25/01/2024,N/A,N/A
femsa,8972807.44,USD,OP-276103,07/10/2020,N/A,N/A
banorte,191635.82,MXN,OP-866597,2022-12-16,13/02/2023,59
cemex,6170286.06,USD,OP-447890,"June 29, 2016",26/06/2017,362
BANORTE,6475222.66,MXN,OP-710354,2015-12-16,"March 20, 2025",3382
BBVA MÉXICO,7000596.92,EUR,OP-966855,04/06/2019,28-Dec-2020,632
grupo carso,4774011.19,USD,OP-647102,2017-04-08,N/A,N/A
grupo carso,4003408.03,USD,OP-109048,2023-09-19,N/A,N/A
grupo carso,8466420.3,EUR,OP-315135,2023-04-30,N/A,N/A
BBVA MÉXICO,6365072.18,USD,OP-508203,2017-06-23,20-Mar-2018,270
AMÉRICA MÓVIL,4420795.78,EUR,OP-499746,11/04/2025,N/A,N/A
pemex,2027732.09,USD,OP-467166,2020-02-27,N/A,N/A
bbva méxico,4857017.76,EUR,OP-787773,17/10/2018,2023-05-15,1671
cemex,1263231.11,USD,OP-583251,2019-07-11,N/A,N/A
PEMEX,5646709.62,MXN,OP-635599,2018-09-29,21/04/2019,204
banorte,5099082.22,MXN,OP-209823,"December 18, 2021",N/A,N/A
américa móvil,4744365.23,EUR,OP-453514,"February 05, 2016",2025-04-10,3352
bbva méxico,4992401.94,USD,OP-142037,23-Sep-2022,N/A,N/A
grupo lala,8931211.3,USD,OP-813229,17/04/2022,N/A,N/A
femsa,876818.56,USD,OP-584780,17-Mar-2016,"February 07, 2020",1422
GRUPO LALA,6361275.82,EUR,OP-224773,"May 06, 2017",2020-06-08,1129
walmart de méxico,4727472.89,EUR,OP-593631,26-Oct-2017,2022-09-07,1777
bbva méxico,1492577.31,MXN,OP-650315,15/04/2017,N/A,N/A
LIVERPOOL,7755722.02,MXN,OP-148971,01-Oct-2021,N/A,N/A
GRUPO CARSO,2528992.34,USD,OP-313370,13/03/2022,N/A,N/A
TELMEX,6042351.62,EUR,OP-139778,06/10/2023,N/A,N/A
cemex,4819679.13,EUR,OP-416434,2018-01-07,"June 13, 2024",2349
SORIANA,7548298.13,USD,OP-209826,"March 17, 2025",N/A,N/A
grupo lala,2490843.37,MXN,OP-900482,07/02/2017,21/07/2020,1115
liverpool,2696827.04,EUR,OP-949068,25/09/2022,N/A,N/A
TELMEX,5188719.18,EUR,OP-417385,2020-07-16,N/A,N/A
ALSEA,2549855.94,USD,OP-463266,"October 28, 2015",24-May-2025,3496
liverpool,5099519.87,MXN,OP-769620,2024-02-01,N/A,N/A
liverpool,1935506.54,MXN,OP-434196,2019-03-20,09/08/2021,903
femsa,2919035.4,EUR,OP-821225,03/07/2017,2022-09-19,2022
grupo carso,5654808.23,EUR,OP-223555,"May 30, 2016",2018-05-30,730
BANORTE,9347028.5,MXN,OP-457182,07-Apr-2021,N/A,N/A
GRUPO LALA,5688666.24,EUR,OP-490754,11/07/2019,N/A,N/A
FEMSA,9350697.65,MXN,OP-261480,05/06/2018,N/A,N/A
walmart de méxico,5844473.15,USD,OP-327604,2021-08-26,2023-02-06,529
WALMART DE MÉXICO,3586801.48,MXN,OP-747787,11-Sep-2022,N/A,N/A
GRUPO CARSO,8992699.96,USD,OP-926806,"January 21, 2022",N/A,N/A
bbva méxico,211694.88,MXN,OP-353150,04/02/2020,01-Apr-2025,1825
SORIANA,7712858.17,MXN,OP-187070,22-Feb-2020,"January 04, 2022",682
FEMSA,6930000.82,EUR,OP-983575,"November 03, 2018",N/A,N/A
WALMART DE MÉXICO,2443790.67,USD,OP-777363,"August 11, 2018","May 08, 2019",270
AMÉRICA MÓVIL,2693181.65,USD,OP-171774,2024-07-02,N/A,N/A
GRUPO MÉXICO,1058644.92,MXN,OP-902865,21/06/2025,N/A,N/A
grupo méxico,3117191.41,MXN,OP-890778,2022-10-16,N/A,N/A
cemex,3184403.6,EUR,OP-177476,08/11/2021,N/A,N/A
FEMSA,4209030.0,EUR,OP-324062,2025-08-22,N/A,N/A
cemex,5780146.89,MXN,OP-673239,2017-08-28,10-Oct-2023,2234
grupo méxico,2576101.95,MXN,OP-245092,"March 27, 2019",N/A,N/A
pemex,7215674.86,USD,OP-708799,05-Mar-2022,N/A,N/A
soriana,157421.79,MXN,OP-556214,"April 02, 2023",N/A,N/A
AMÉRICA MÓVIL,3009653.86,MXN,OP-522008,2021-03-03,2023-01-13,681
liverpool,1799973.85,MXN,OP-102877,25/09/2017,2023-11-28,2255
BANORTE,6546104.24,EUR,OP-185720,15/01/2024,2024-02-29,45
BANORTE,6515714.55,MXN,OP-950001,03-May-2018,N/A,N/A
ALSEA,7156026.58,USD,OP-168566,11/08/2020,N/A,N/A
grupo bimbo,5832936.97,EUR,OP-425077,2024-03-07,"May 09, 2024",63
GRUPO BIMBO,1399309.7,MXN,OP-107043,"February 01, 2020",15/04/2024,1535
GRUPO LALA,6041610.49,EUR,OP-297181,"May 18, 2024",N/A,N/A
LIVERPOOL,6559709.56,USD,OP-110330,12-Jun-2017,19/06/2025,2929
BANORTE,8177678.83,USD,OP-121380,03-Apr-2023,2025-04-06,734
GRUPO LALA,8263822.22,USD,OP-566489,2017-08-29,N/A,N/A
telmex,5247808.58,USD,OP-235248,28/10/2018,12-Feb-2024,1933
grupo carso,5132028.07,MXN,OP-504185,2023-05-11,N/A,N/A
alsea,9199381.47,EUR,OP-199006,27/10/2018,2021-03-15,870
walmart de méxico,8019646.5,EUR,OP-286896,2017-04-15,N/A,N/A
bbva méxico,2404347.54,EUR,OP-741594,04/06/2025,N/A,N/A
AMÉRICA MÓVIL,9622365.41,MXN,OP-798303,17-Sep-2022,2025-07-12,1029
AMÉRICA MÓVIL,7514274.09,EUR,OP-495333,"February 25, 2022",28/05/2025,1188
pemex,8533133.89,MXN,OP-395041,27/08/2023,N/A,N/A
femsa,3016446.82,USD,OP-241285,29-Nov-2017,30/09/2021,1401
FEMSA,2442445.31,MXN,OP-734223,"April 05, 2023",04/05/2024,366
grupo bimbo,4271691.56,MXN,OP-988693,"December 16, 2023",N/A,N/A
CEMEX,9669712.81,MXN,OP-160636,07-Jul-2019,"March 11, 2023",1343
grupo lala,1353157.17,USD,OP-853334,17/01/2020,N/A,N/A
soriana,8392214.34,EUR,OP-507659,"May 18, 2019","April 21, 2023",1434
pemex,7730581.6,EUR,OP-477726,"March 23, 2020",N/A,N/A
grupo carso,8176237.62,USD,OP-862834,18/12/2017,11-Jun-2025,2732
GRUPO MÉXICO,8790462.48,USD,OP-183707,2023-03-20,17/03/2025,728
TELMEX,7171081.18,EUR,OP-147624,03-Jul-2017,"December 23, 2020",1269
BANORTE,1427644.76,EUR,OP-576188,2019-11-12,N/A,N/A
GRUPO CARSO,4995446.52,MXN,OP-802364,2017-02-27,29-Sep-2020,1310
femsa,8547116.97,USD,OP-251653,11/08/2023,N/A,N/A
liverpool,7799622.62,MXN,OP-131316,12-Jan-2022,19-Jun-2022,158
BANORTE,3551211.49,EUR,OP-241343,25-May-2017,08-Mar-2021,1383
grupo carso,111761.96,MXN,OP-687816,2017-03-31,21-May-2023,2242
alsea,2286409.53,EUR,OP-814371,11-Sep-2018,"June 30, 2020",658
ALSEA,6373428.63,MXN,OP-556636,2018-06-05,N/A,N/A
BBVA MÉXICO,2974421.58,EUR,OP-165162,2023-04-17,N/A,N/A
américa móvil,5863073.27,EUR,OP-677958,"August 25, 2020",N/A,N/A
FEMSA,7357379.12,EUR,OP-798539,2019-05-02,N/A,N/A
BBVA MÉXICO,2175479.19,EUR,OP-562786,10-Feb-2023,N/A,N/A
walmart de méxico,8656083.94,EUR,OP-951134,"July 31, 2019",N/A,N/A
BANORTE,6834424.75,MXN,OP-391675,10/07/2019,N/A,N/A
FEMSA,7318935.86,USD,OP-467933,13/12/2016,28-Nov-2018,715
grupo bimbo,9571385.9,USD,OP-582304,"January 18, 2021",N/A,N/A
BBVA MÉXICO,6751167.86,EUR,OP-367507,"February 10, 2019",16-Apr-2019,65
cemex,1590225.5,USD,OP-375727,2025-04-05,N/A,N/A
CEMEX,7598106.11,EUR,OP-253608,24/10/2021,19/11/2024,1122
SORIANA,3865705.17,EUR,OP-485627,"February 19, 2017",01-May-2017,71
soriana,9503799.81,MXN,OP-769725,2021-08-10,N/A,N/A
telmex,8710081.62,EUR,OP-101658,11-Jan-2022,19/10/2023,646
FEMSA,5271243.75,USD,OP-211714,06/11/2021,01/05/2024,938
TELMEX,9191730.15,EUR,OP-560386,02-Jun-2019,07-Dec-2021,919
GRUPO CARSO,7823959.66,MXN,OP-780141,06-Apr-2023,N/A,N/A
pemex,2535370.62,USD,OP-782926,"April 21, 2023",N/A,N/A
TELMEX,4693361.28,MXN,OP-870090,28-Jul-2025,N/A,N/A
telmex,1978170.07,MXN,OP-768834,2020-11-29,N/A,N/A
TELMEX,5126148.61,EUR,OP-718713,2018-08-20,N/A,N/A
SORIANA,4868390.62,MXN,OP-305574,16-Dec-2017,11-Mar-2022,1546
SORIANA,5178642.38,EUR,OP-812055,2019-05-18,N/A,N/A
GRUPO BIMBO,576774.24,EUR,OP-123935,2018-08-07,N/A,N/A
cemex,3462637.52,USD,OP-482361,17-Jun-2016,N/A,N/A
bbva méxico,461967.27,MXN,OP-552045,"June 01, 2017",11/04/2024,2713
GRUPO BIMBO,8135754.4,EUR,OP-143163,2019-10-11,2023-03-15,1251
cemex,4442104.3,MXN,OP-404564,08-Jul-2016,N/A,N/A
BANORTE,9972154.63,EUR,OP-433238,2016-02-22,2022-09-07,2389
GRUPO LALA,1537250.55,USD,OP-146834,"December 25, 2015","June 20, 2020",1639
ALSEA,177387.24,MXN,OP-281704,"December 25, 2022",N/A,N/A
américa móvil,9643195.53,USD,OP-829560,02/06/2017,N/A,N/A
FEMSA,5437921.68,USD,OP-863755,17-Oct-2016,2022-04-22,2013
SORIANA,8287125.65,EUR,OP-730814,24-Feb-2020,03-Apr-2024,1500
grupo méxico,3475779.91,EUR,OP-534444,01-Mar-2020,13/12/2024,1748
grupo bimbo,9244352.93,USD,OP-140100,17/10/2024,N/A,N/A
GRUPO BIMBO,1216301.41,USD,OP-580340,2024-09-30,N/A,N/A
GRUPO MÉXICO,6498780.72,USD,OP-938521,2024-02-18,30/03/2024,41
walmart de méxico,4327517.46,EUR,OP-710309,"February 03, 2023","July 12, 2023",159
BANORTE,5240894.37,EUR,OP-468128,2024-06-10,N/A,N/A
bbva méxico,9924216.15,USD,OP-265442,05/09/2015,N/A,N/A
FEMSA,4511755.81,MXN,OP-313113,"April 29, 2018","March 30, 2025",2527
GRUPO BIMBO,5348211.68,MXN,OP-249228,05-Jan-2024,N/A,N/A
LIVERPOOL,5582803.4,MXN,OP-841686,2018-07-10,"March 17, 2024",2077
GRUPO MÉXICO,7473254.25,EUR,OP-298062,"December 12, 2019",N/A,N/A
grupo lala,7737367.62,MXN,OP-602100,"March 27, 2018",03/06/2021,1075
FEMSA,8890111.88,MXN,OP-227742,2023-03-15,N/A,N/A
grupo lala,9222758.63,EUR,OP-100917,06-Mar-2021,2022-02-18,349
BANORTE,3852417.09,MXN,OP-376750,08-Oct-2020,31-Aug-2021,327
ALSEA,6470230.23,USD,OP-671321,01/04/2021,N/A,N/A
walmart de méxico,1828651.97,MXN,OP-637127,29-Jun-2025,N/A,N/A
bbva méxico,9400415.32,MXN,OP-680327,"May 20, 2018",N/A,N/A
liverpool,1518837.23,MXN,OP-390084,"September 10, 2017",15/02/2021,1254
PEMEX,7971364.61,MXN,OP-579105,"April 12, 2016",30-May-2025,3335
LIVERPOOL,7507976.91,MXN,OP-169593,"May 01, 2021",N/A,N/A
GRUPO LALA,4754886.24,MXN,OP-398518,13-Jun-2019,06/10/2023,1458
WALMART DE MÉXICO,9087665.68,USD,OP-668383,26-Oct-2022,N/A,N/A
BBVA MÉXICO,1304856.87,MXN,OP-189889,22/05/2017,07-Oct-2024,2695
liverpool,3138653.66,USD,OP-982613,2018-03-08,"July 01, 2021",1211
grupo méxico,386356.98,EUR,OP-543348,09-Sep-2018,N/A,N/A
FEMSA,9573451.73,MXN,OP-266072,11/10/2017,N/A,N/A
femsa,6419453.24,MXN,OP-945074,07/01/2021,N/A,N/A
grupo carso,5939920.69,EUR,OP-834028,25-Sep-2020,N/A,N/A
grupo bimbo,2928034.03,EUR,OP-430911,"October 14, 2018","September 11, 2020",698
telmex,2123550.54,MXN,OP-405015,2020-03-02,11-Sep-2024,1654
grupo bimbo,2616845.24,MXN,OP-735814,19/04/2017,N/A,N/A
liverpool,2274933.86,EUR,OP-623342,2016-06-26,2019-07-29,1128
telmex,3264407.86,USD,OP-234707,2024-07-05,N/A,N/A
FEMSA,2388219.59,MXN,OP-676084,30-Jul-2023,N/A,N/A
PEMEX,9197174.64,USD,OP-663761,"November 04, 2017","February 12, 2023",1926
grupo lala,6825671.29,MXN,OP-286525,02-Feb-2018,N/A,N/A
WALMART DE MÉXICO,717784.16,MXN,OP-322235,26/08/2022,N/A,N/A
bbva méxico,6681521.06,USD,OP-820835,03-May-2024,N/A,N/A
liverpool,1202186.98,MXN,OP-283779,"February 06, 2016","May 14, 2022",2289
grupo bimbo,378874.02,MXN,OP-808600,2025-01-05,N/A,N/A
liverpool,2680946.79,EUR,OP-789092,23-Apr-2016,"December 30, 2019",1346
liverpool,7800211.15,MXN,OP-349471,16/08/2025,N/A,N/A
telmex,7827528.51,MXN,OP-548126,17-Nov-2015,30-Sep-2017,683
grupo méxico,5164378.4,MXN,OP-250261,23/10/2020,N/A,N/A
GRUPO LALA,1353151.91,EUR,OP-678429,2025-06-05,N/A,N/A
ALSEA,1970943.1,EUR,OP-798863,23/06/2019,N/A,N/A
LIVERPOOL,5039780.01,EUR,OP-453949,2025-07-27,N/A,N/A
CEMEX,7541559.88,MXN,OP-838647,"February 25, 2017",N/A,N/A
GRUPO MÉXICO,1827094.75,MXN,OP-665276,28/01/2018,N/A,N/A
ALSEA,1558561.05,USD,OP-408705,"June 27, 2023",2024-12-02,524
WALMART DE MÉXICO,3113203.16,MXN,OP-818758,20-May-2017,2019-07-03,774
walmart de méxico,2652393.47,USD,OP-154973,2020-03-13,N/A,N/A
CEMEX,9238397.47,USD,OP-347902,"December 13, 2018","February 03, 2021",783
américa móvil,1313518.11,MXN,OP-265569,2021-02-19,N/A,N/A
TELMEX,7209788.69,MXN,OP-781656,"April 22, 2020",N/A,N/A
liverpool,1978542.39,EUR,OP-880767,20-Apr-2021,N/A,N/A
ALSEA,9818773.53,EUR,OP-913797,2020-05-07,N/A,N/A
PEMEX,3060875.62,USD,OP-859467,2024-10-04,N/A,N/A
GRUPO LALA,4704835.77,MXN,OP-761133,"July 25, 2025",N/A,N/A
grupo méxico,2648750.7,MXN,OP-493953,18/04/2024,N/A,N/A
alsea,3898491.64,EUR,OP-790625,27-Apr-2021,N/A,N/A
grupo méxico,191924.73,MXN,OP-434100,2019-06-25,2025-01-06,2022
banorte,3406758.69,EUR,OP-197774,07/01/2020,"October 07, 2022",828
GRUPO LALA,5452416.49,MXN,OP-643954,01/02/2020,N/A,N/A
SORIANA,7325845.39,USD,OP-874003,"March 24, 2025",N/A,N/A
CEMEX,3903752.71,MXN,OP-516781,29/05/2025,N/A,N/A
TELMEX,4967941.36,USD,OP-895721,2023-09-30,N/A,N/A
femsa,7510357.8,EUR,OP-272689,"October 06, 2023",N/A,N/A
soriana,9318027.83,EUR,OP-730063,"September 13, 2018",12-Mar-2021,911
pemex,7714909.88,MXN,OP-944171,24/11/2024,N/A,N/A
cemex,9176907.44,MXN,OP-453456,15/05/2019,07/09/2022,1151
américa móvil,3638753.39,USD,OP-485535,19/02/2017,N/A,N/A
WALMART DE MÉXICO,8138520.77,EUR,OP-252248,10-Nov-2016,2021-08-17,1741
LIVERPOOL,1141964.0,EUR,OP-991599,25-Jun-2017,N/A,N/A
femsa,4837018.11,USD,OP-508910,26/05/2025,N/A,N/A
américa móvil,6111506.84,EUR,OP-848094,2020-11-06,N/A,N/A
LIVERPOOL,8567641.63,EUR,OP-559941,02/05/2024,N/A,N/A
TELMEX,1826339.52,USD,OP-472897,2021-04-08,2025-03-26,1448
CEMEX,9966049.56,EUR,OP-322638,2017-01-03,15-Mar-2019,801
GRUPO LALA,1670870.23,MXN,OP-578624,22/01/2022,N/A,N/A
telmex,2006370.05,EUR,OP-272192,2018-01-05,12-Dec-2019,706
SORIANA,8267991.04,USD,OP-599652,2021-03-14,22/02/2023,710
bbva méxico,9962794.92,MXN,OP-457194,2021-11-22,N/A,N/A
pemex,8005613.75,EUR,OP-160796,"February 21, 2018",N/A,N/A
bbva méxico,9988868.5,MXN,OP-479680,"March 11, 2018","July 22, 2018",133
LIVERPOOL,2190146.31,USD,OP-757762,28-Jan-2019,N/A,N/A
WALMART DE MÉXICO,7375737.52,USD,OP-460503,"February 12, 2016",2020-08-27,1658
GRUPO CARSO,4936049.79,EUR,OP-998908,2023-07-19,N/A,N/A
LIVERPOOL,4128607.33,MXN,OP-984230,2016-12-22,2023-02-09,2240
LIVERPOOL,1154880.3,USD,OP-359603,2025-01-21,N/A,N/A
SORIANA,8657778.64,MXN,OP-818516,"August 14, 2019",N/A,N/A
TELMEX,6205330.07,MXN,OP-376054,27-Sep-2022,N/A,N/A
GRUPO MÉXICO,9835988.47,MXN,OP-290053,21-Aug-2016,30/08/2023,2565
BBVA MÉXICO,2716409.31,MXN,OP-392634,07/03/2020,N/A,N/A
CEMEX,3302485.38,USD,OP-532645,"November 21, 2024",N/A,N/A
BBVA MÉXICO,7709820.55,EUR,OP-396539,20/07/2018,N/A,N/A
grupo carso,871147.23,EUR,OP-211075,07-Oct-2022,N/A,N/A
grupo carso,3668392.57,MXN,OP-323515,18/08/2023,2023-12-25,129
alsea,7390658.33,USD,OP-296662,13/05/2021,N/A,N/A
américa móvil,4526759.38,MXN,OP-845871,20/02/2019,"December 20, 2019",303
BANORTE,6496019.94,USD,OP-892343,"November 13, 2020",31/08/2022,656
BANORTE,9317950.82,MXN,OP-741682,"August 02, 2020",16-Dec-2023,1231
GRUPO LALA,7818840.04,USD,OP-613160,20/01/2020,N/A,N/A
walmart de méxico,9049768.45,MXN,OP-506354,"November 11, 2019",N/A,N/A
soriana,5064393.25,MXN,OP-723758,22/03/2023,N/A,N/A
grupo carso,6958355.07,EUR,OP-736434,17/11/2015,"March 02, 2021",1932
grupo carso,2505461.83,MXN,OP-515028,"April 17, 2020",N/A,N/A
cemex,4031178.88,USD,OP-547479,"July 25, 2025",N/A,N/A
ALSEA,7661325.11,EUR,OP-248161,20-May-2025,N/A,N/A
telmex,5086063.38,MXN,OP-263882,2020-01-13,14/10/2022,1005
PEMEX,9308550.85,USD,OP-371970,15/11/2017,10/02/2018,321
SORIANA,4999486.18,MXN,OP-516531,"August 13, 2021",2022-05-09,269
pemex,4273616.86,MXN,OP-168360,"January 15, 2016",N/A,N/A
GRUPO MÉXICO,6841722.5,MXN,OP-764920,08/04/2022,N/A,N/A
grupo bimbo,7975113.82,USD,OP-990665,18/12/2023,N/A,N/A
GRUPO CARSO,5649612.7,USD,OP-305902,2022-04-09,N/A,N/A
walmart de méxico,8535818.4,EUR,OP-509094,29-Apr-2024,N/A,N/A
telmex,8077343.01,MXN,OP-250453,2021-08-26,N/A,N/A
BBVA MÉXICO,4301886.15,MXN,OP-344487,06-May-2025,N/A,N/A
banorte,5163581.75,MXN,OP-240828,29/05/2022,N/A,N/A
bbva méxico,3428060.08,MXN,OP-337726,2020-04-20,N/A,N/A
grupo lala,6176000.94,MXN,OP-386260,"January 25, 2023",N/A,N/A
walmart de méxico,4069197.62,EUR,OP-344720,"August 20, 2021",N/A,N/A
SORIANA,7444943.82,EUR,OP-329285,30/08/2018,"September 25, 2024",2218
CEMEX,5004648.32,USD,OP-739405,22/06/2019,2022-06-13,1087
AMÉRICA MÓVIL,6853444.79,MXN,OP-800817,27-Sep-2022,N/A,N/A
FEMSA,6587529.87,USD,OP-893006,02/01/2019,"December 04, 2019",306
WALMART DE MÉXICO,4032310.98,MXN,OP-707290,19/02/2025,N/A,N/A
BANORTE,1143211.99,MXN,OP-531322,"October 25, 2019",N/A,N/A
TELMEX,7916591.78,MXN,OP-681275,09-Mar-2017,"January 03, 2019",665
femsa,3952472.83,MXN,OP-569487,2022-07-09,N/A,N/A
grupo méxico,8929501.68,MXN,OP-566367,02/11/2019,N/A,N/A
AMÉRICA MÓVIL,4557776.34,MXN,OP-517473,26/03/2016,13-Mar-2022,2178
GRUPO BIMBO,5153126.96,MXN,OP-456473,13-Jun-2018,N/A,N/A
GRUPO BIMBO,6674197.32,MXN,OP-136285,26/03/2019,N/A,N/A
GRUPO BIMBO,5649626.09,EUR,OP-563467,31-Mar-2021,N/A,N/A
GRUPO LALA,9351063.86,USD,OP-452012,2022-09-18,18-Oct-2022,30
grupo bimbo,8516007.44,MXN,OP-646000,"March 18, 2018",02/10/2020,694
GRUPO MÉXICO,2169958.8,EUR,OP-190410,09/09/2024,N/A,N/A
AMÉRICA MÓVIL,8582181.52,MXN,OP-251742,"July 14, 2025",N/A,N/A
bbva méxico,6222396.64,EUR,OP-700742,07-Jul-2024,N/A,N/A
LIVERPOOL,8591788.42,MXN,OP-319735,2024-01-01,N/A,N/A
WALMART DE MÉXICO,6897720.94,EUR,OP-255338,25/08/2022,N/A,N/A
telmex,4742103.55,EUR,OP-510259,2021-04-05,N/A,N/A
ALSEA,2159085.8,EUR,OP-842689,2019-01-26,06/06/2023,1592
BANORTE,8385737.09,USD,OP-991202,27/11/2024,N/A,N/A
telmex,5378699.25,MXN,OP-765395,"March 30, 2018",N/A,N/A
BANORTE,1209144.52,MXN,OP-192442,10/09/2018,N/A,N/A
AMÉRICA MÓVIL,8142950.98,MXN,OP-508748,05/12/2017,N/A,N/A
grupo bimbo,7044001.69,USD,OP-936658,2025-01-15,N/A,N/A
FEMSA,8343865.33,MXN,OP-962138,07-May-2025,N/A,N/A
GRUPO MÉXICO,4625996.61,EUR,OP-821316,28/05/2019,N/A,N/A
SORIANA,3887616.86,MXN,OP-139800,"May 09, 2024",N/A,N/A
TELMEX,808173.67,USD,OP-130983,19-Jan-2020,N/A,N/A
BBVA MÉXICO,7710514.18,EUR,OP-932722,"December 20, 2021",N/A,N/A
GRUPO CARSO,2084237.51,USD,OP-224025,2017-08-02,N/A,N/A
PEMEX,8523511.03,USD,OP-901976,2024-12-03,N/A,N/A
GRUPO BIMBO,8294526.83,MXN,OP-973046,"May 15, 2020",07/08/2021,419
SORIANA,2561815.01,EUR,OP-345654,2021-09-18,N/A,N/A
SORIANA,3326399.87,USD,OP-992414,2018-07-16,N/A,N/A
cemex,6083546.7,USD,OP-322964,"June 16, 2016","January 23, 2024",2777
bbva méxico,9389169.65,EUR,OP-763864,19/04/2016,"March 12, 2020",1423
SORIANA,8696593.52,EUR,OP-730491,2020-02-09,"September 27, 2022",961
liverpool,8673089.9,MXN,OP-828750,16/07/2016,N/A,N/A
grupo lala,3532940.61,EUR,OP-752589,"August 01, 2022",N/A,N/A
TELMEX,3591985.47,EUR,OP-512515,2018-09-14,N/A,N/A
cemex,1276130.82,MXN,OP-113548,2017-07-30,N/A,N/A
SORIANA,6279085.82,MXN,OP-134940,2017-06-11,17-Apr-2023,2136
femsa,2482477.33,USD,OP-628411,05-Feb-2019,20/06/2022,1231
AMÉRICA MÓVIL,9685398.29,EUR,OP-582431,12/11/2017,19-Nov-2019,708
alsea,1146835.58,EUR,OP-689977,"December 22, 2023",N/A,N/A
CEMEX,8340917.64,MXN,OP-102407,28/07/2017,04-Dec-2018,494
banorte,2607902.53,USD,OP-370417,18/09/2024,N/A,N/A
soriana,4558783.92,MXN,OP-693000,24/05/2016,18-Oct-2024,3069
PEMEX,6903192.39,MXN,OP-900048,"June 12, 2024",N/A,N/A
telmex,7488159.37,USD,OP-280392,2023-08-26,N/A,N/A
WALMART DE MÉXICO,7320986.46,USD,OP-583938,2021-04-24,N/A,N/A
AMÉRICA MÓVIL,8621968.06,EUR,OP-116151,30/07/2018,10-Jul-2025,2537
FEMSA,7141137.11,EUR,OP-782228,23-Nov-2019,N/A,N/A
GRUPO BIMBO,9831421.41,USD,OP-376126,17-Nov-2015,N/A,N/A
GRUPO BIMBO,8088438.19,USD,OP-341584,13-Feb-2016,2021-12-11,2128
GRUPO MÉXICO,6747120.98,MXN,OP-393621,11/05/2019,2024-05-03,1641
américa móvil,5138347.62,MXN,OP-880058,2025-02-01,N/A,N/A
walmart de méxico,2383610.7,MXN,OP-272661,05/01/2023,N/A,N/A
LIVERPOOL,7037799.42,USD,OP-987706,08-Mar-2019,N/A,N/A
américa móvil,8796977.59,MXN,OP-103475,02/03/2025,N/A,N/A
AMÉRICA MÓVIL,7716508.36,MXN,OP-953144,"June 07, 2016",14/06/2017,372
SORIANA,5512089.64,MXN,OP-957384,01-Dec-2019,N/A,N/A
PEMEX,9493188.36,USD,OP-620989,2023-01-27,N/A,N/A
FEMSA,8215873.99,MXN,OP-323821,2025-07-28,N/A,N/A
pemex,9624520.68,EUR,OP-962062,"June 23, 2019",N/A,N/A
FEMSA,656420.23,EUR,OP-525415,"October 11, 2016",N/A,N/A
bbva méxico,7442672.51,EUR,OP-416690,2025-02-03,N/A,N/A
cemex,4453197.24,EUR,OP-443957,08-Mar-2024,N/A,N/A
telmex,3761549.47,EUR,OP-588537,03-Mar-2021,N/A,N/A
alsea,1670172.74,MXN,OP-697636,2020-12-26,N/A,N/A
telmex,4608312.05,USD,OP-518653,01-Jan-2021,N/A,N/A
SORIANA,5163420.7,USD,OP-828429,"August 08, 2020",N/A,N/A
TELMEX,8073076.65,USD,OP-210146,"October 31, 2018",N/A,N/A
grupo méxico,3669412.59,USD,OP-784788,17-Sep-2019,N/A,N/A
CEMEX,4867785.92,EUR,OP-309280,05/02/2025,N/A,N/A
grupo méxico,1401487.93,MXN,OP-389300,2017-12-29,16/01/2019,383
grupo lala,7347611.96,EUR,OP-281838,"August 23, 2021",N/A,N/A
TELMEX,5570483.34,MXN,OP-388976,2017-08-09,N/A,N/A
BBVA MÉXICO,5624890.85,USD,OP-703588,2020-02-04,N/A,N/A
alsea,3648172.0,MXN,OP-996070,"March 06, 2019",N/A,N/A
FEMSA,818216.35,MXN,OP-762448,25-Jan-2020,N/A,N/A
GRUPO MÉXICO,8313469.56,MXN,OP-634845,2019-08-25,N/A,N/A
banorte,7885352.33,MXN,OP-369186,02-Oct-2016,N/A,N/A
cemex,696129.39,USD,OP-242550,17-Feb-2016,27-Feb-2019,1106
CEMEX,233534.08,MXN,OP-703329,"June 14, 2022",N/A,N/A
cemex,2357604.91,USD,OP-487623,29/01/2018,07/06/2022,1619
GRUPO LALA,4970243.57,MXN,OP-323650,08-Jul-2018,17-Jul-2019,374
américa móvil,3339066.63,MXN,OP-576632,2018-09-24,N/A,N/A
alsea,736497.66,MXN,OP-735396,"January 01, 2024",N/A,N/A
soriana,7368424.65,MXN,OP-378811,28-Nov-2019,2019-12-23,25
FEMSA,4500609.19,USD,OP-129531,"October 07, 2020",N/A,N/A
CEMEX,2568089.95,USD,OP-242440,"July 12, 2023",N/A,N/A
WALMART DE MÉXICO,6645817.05,USD,OP-966676,"October 22, 2018",N/A,N/A
telmex,476776.84,MXN,OP-862656,07/08/2024,N/A,N/A
LIVERPOOL,4092061.29,USD,OP-539500,"February 20, 2019",2023-08-17,1639
ALSEA,7049254.88,MXN,OP-817885,2018-08-03,18/02/2025,2391
liverpool,5705768.27,MXN,OP-185376,"February 18, 2016",2024-12-04,3212
américa móvil,538856.7,USD,OP-910582,"July 23, 2024",2024-12-25,155
grupo bimbo,321946.51,USD,OP-580350,16/08/2022,N/A,N/A
FEMSA,4469706.98,USD,OP-194282,01/05/2016,N/A,N/A
grupo lala,8129886.56,EUR,OP-155724,2023-04-27,N/A,N/A
alsea,6129587.21,USD,OP-728627,2016-09-23,22-Apr-2021,1672
américa móvil,6491297.19,USD,OP-458528,"August 11, 2024",N/A,N/A
WALMART DE MÉXICO,6139427.53,EUR,OP-460686,2019-03-14,"January 28, 2023",1416
américa móvil,4198213.66,MXN,OP-459309,2020-07-07,12-Feb-2021,220
grupo bimbo,5759655.86,USD,OP-465609,11-Oct-2015,23/10/2016,378
ALSEA,1356739.4,USD,OP-357023,15/05/2022,N/A,N/A
cemex,8577244.76,EUR,OP-496679,04-Oct-2022,N/A,N/A
FEMSA,6288258.42,MXN,OP-445547,2018-04-02,27-Jan-2021,1031
LIVERPOOL,3353448.85,MXN,OP-327732,21-Oct-2019,2024-03-23,1615
femsa,9478297.05,MXN,OP-995852,"December 21, 2024","June 30, 2025",191
grupo bimbo,1416195.22,EUR,OP-489938,14-Sep-2024,N/A,N/A
grupo carso,4453933.92,EUR,OP-287002,10/06/2019,N/A,N/A
ALSEA,3329675.62,USD,OP-230875,"February 03, 2019",N/A,N/A
ALSEA,3108243.01,EUR,OP-179094,10/02/2020,N/A,N/A
LIVERPOOL,2537243.08,EUR,OP-727934,2023-07-25,2024-02-19,209
WALMART DE MÉXICO,1163950.14,MXN,OP-588966,04/10/2018,N/A,N/A
FEMSA,160008.28,MXN,OP-572632,01-Mar-2018,2022-12-25,1760
bbva méxico,6949715.18,MXN,OP-881189,"November 27, 2016",N/A,N/A
cemex,6533756.42,MXN,OP-332294,11-Mar-2017,N/A,N/A
GRUPO LALA,6620784.11,EUR,OP-962345,"October 24, 2018",N/A,N/A
GRUPO BIMBO,4752186.78,MXN,OP-355955,"September 08, 2018",N/A,N/A
GRUPO CARSO,4296009.14,EUR,OP-299165,15/02/2021,"March 11, 2023",754
grupo méxico,4791259.68,EUR,OP-871381,2022-08-06,N/A,N/A
GRUPO LALA,8284605.29,USD,OP-683301,03/06/2019,N/A,N/A
banorte,7956493.65,MXN,OP-852129,22/01/2017,2024-11-08,2847
BBVA MÉXICO,2182047.13,MXN,OP-820975,13/09/2021,N/A,N/A
GRUPO MÉXICO,7366527.74,MXN,OP-194646,20-Dec-2017,25-May-2019,521
GRUPO BIMBO,6171443.27,MXN,OP-718396,2018-12-07,"July 21, 2023",1687
CEMEX,8275982.15,EUR,OP-152616,"November 27, 2024",N/A,N/A
grupo méxico,2595015.82,USD,OP-149684,"January 26, 2018",28-Oct-2021,1371
bbva méxico,454551.22,EUR,OP-345178,"November 22, 2021",18/05/2024,908
CEMEX,4558413.26,USD,OP-847197,20-Feb-2022,N/A,N/A
GRUPO LALA,5923554.09,EUR,OP-842987,2025-06-19,N/A,N/A
liverpool,8749152.1,MXN,OP-282694,28/08/2019,N/A,N/A
cemex,2818875.21,MXN,OP-976136,27/07/2025,N/A,N/A
grupo lala,8246357.47,MXN,OP-604415,2023-10-08,N/A,N/A
BANORTE,1550951.1,EUR,OP-913417,"January 25, 2023",N/A,N/A
pemex,4042052.97,MXN,OP-646836,"April 19, 2022",N/A,N/A
GRUPO LALA,5633760.64,MXN,OP-582345,2022-01-16,N/A,N/A
soriana,4852863.02,EUR,OP-190351,"August 08, 2022",N/A,N/A
walmart de méxico,1870599.39,EUR,OP-255873,"June 08, 2019",N/A,N/A
soriana,2160282.63,MXN,OP-542529,09/08/2021,N/A,N/A
grupo carso,6173475.94,USD,OP-861097,09-Sep-2021,N/A,N/A
ALSEA,7441070.75,EUR,OP-256147,07/03/2017,N/A,N/A
GRUPO MÉXICO,5142781.84,MXN,OP-980866,"January 18, 2019",N/A,N/A
femsa,9145820.2,EUR,OP-737100,12-Apr-2022,N/A,N/A
GRUPO LALA,6484034.33,MXN,OP-571636,25-Apr-2024,N/A,N/A
femsa,8865896.64,USD,OP-531848,29/07/2021,2022-10-03,431
LIVERPOOL,3558719.66,EUR,OP-643978,"September 05, 2019",N/A,N/A
TELMEX,177297.89,MXN,OP-907562,18-Feb-2020,N/A,N/A
FEMSA,9369282.74,MXN,OP-376868,"December 19, 2024",N/A,N/A
liverpool,7057753.08,USD,OP-103716,"March 19, 2016",N/A,N/A
grupo méxico,9937493.26,USD,OP-654082,"December 08, 2015",N/A,N/A
alsea,2745277.54,MXN,OP-202836,2023-07-08,N/A,N/A
WALMART DE MÉXICO,8228981.57,USD,OP-957558,01-May-2023,N/A,N/A
pemex,8831832.9,MXN,OP-915999,"May 02, 2019",N/A,N/A
SORIANA,7579189.99,MXN,OP-450836,"March 13, 2022",N/A,N/A
cemex,1193233.05,EUR,OP-523354,26-Sep-2017,N/A,N/A
LIVERPOOL,3556787.07,MXN,OP-650131,06-Nov-2022,N/A,N/A
grupo bimbo,2422169.24,EUR,OP-413701,11/05/2018,31/01/2021,818
soriana,8873296.46,USD,OP-441796,06/09/2017,"March 28, 2018",292
GRUPO BIMBO,8789766.81,USD,OP-142336,2016-02-24,09/09/2017,563
femsa,397447.47,MXN,OP-972319,2022-07-15,N/A,N/A
SORIANA,5760699.78,MXN,OP-570679,10/10/2018,"May 14, 2019",216
liverpool,7792699.09,MXN,OP-800476,2022-03-20,N/A,N/A
FEMSA,1181919.25,MXN,OP-487099,"May 11, 2020",N/A,N/A
SORIANA,2169224.57,MXN,OP-756914,12/01/2018,24/07/2025,2427
GRUPO CARSO,6676500.72,EUR,OP-852192,27-Apr-2023,N/A,N/A
GRUPO MÉXICO,8974829.91,EUR,OP-924847,05/12/2015,"February 09, 2023",2830
PEMEX,3483563.74,USD,OP-429748,2017-12-03,2021-09-28,1395
GRUPO LALA,2030328.02,USD,OP-882583,"July 17, 2024",N/A,N/A
cemex,9854325.54,MXN,OP-878231,2016-08-05,14/07/2024,2900
GRUPO MÉXICO,471822.43,MXN,OP-277579,2017-08-01,"July 03, 2020",1067
AMÉRICA MÓVIL,8201989.98,MXN,OP-958245,2021-01-31,N/A,N/A
GRUPO LALA,6936498.89,EUR,OP-872619,"March 29, 2021",N/A,N/A
TELMEX,1307109.98,EUR,OP-985714,30/07/2020,19-Dec-2021,507
CEMEX,6481098.46,MXN,OP-136491,2019-07-07,15-Apr-2021,648
walmart de méxico,5514949.74,MXN,OP-606230,2023-04-24,N/A,N/A
BBVA MÉXICO,8780786.91,USD,OP-186490,2020-09-14,"September 18, 2024",1465
CEMEX,9288100.25,USD,OP-281267,"July 11, 2023",N/A,N/A
cemex,299382.99,USD,OP-244365,2022-09-15,N/A,N/A
BBVA MÉXICO,9649372.38,MXN,OP-590786,"July 07, 2017",16/03/2024,2444
grupo lala,5783906.34,USD,OP-510436,"September 21, 2015",16/08/2025,3617
LIVERPOOL,2578452.15,MXN,OP-122242,18/07/2025,N/A,N/A
grupo lala,8054690.94,USD,OP-898509,25-Jun-2022,N/A,N/A
grupo méxico,6145763.4,MXN,OP-751461,"September 29, 2015","April 29, 2022",2404
GRUPO LALA,136447.33,USD,OP-565064,"October 05, 2021",07/08/2025,1372
LIVERPOOL,8125534.19,EUR,OP-774343,25/09/2015,25-May-2016,243
bbva méxico,3508377.03,USD,OP-987909,"October 27, 2019",2022-06-25,972
GRUPO BIMBO,4145115.88,USD,OP-341442,2023-11-20,2024-12-07,383
liverpool,1822413.76,MXN,OP-576952,06-Feb-2019,"July 23, 2021",898
telmex,8157535.07,USD,OP-776107,13/08/2018,N/A,N/A
WALMART DE MÉXICO,4474087.02,EUR,OP-254414,2023-11-28,02/07/2024,71
LIVERPOOL,1991699.51,MXN,OP-104449,2020-12-23,N/A,N/A
AMÉRICA MÓVIL,7557886.19,MXN,OP-318330,10/11/2019,N/A,N/A
LIVERPOOL,7930243.98,USD,OP-698149,2021-04-15,"August 14, 2023",851
CEMEX,4664100.27,USD,OP-958150,12-Nov-2017,N/A,N/A
grupo méxico,3415189.86,EUR,OP-930016,23-Nov-2017,23/07/2024,2434
GRUPO MÉXICO,8808031.25,EUR,OP-932134,14/01/2021,N/A,N/A
PEMEX,7106351.12,USD,OP-963682,2023-01-05,N/A,N/A
AMÉRICA MÓVIL,2801521.78,MXN,OP-691570,"February 13, 2019",N/A,N/A
GRUPO BIMBO,2586481.0,USD,OP-252577,"August 25, 2016",N/A,N/A
grupo lala,7297649.62,USD,OP-387133,30/06/2020,"September 11, 2020",73
grupo bimbo,8463993.29,EUR,OP-612635,21/04/2024,N/A,N/A
SORIANA,3212073.18,EUR,OP-413341,2024-11-10,N/A,N/A
PEMEX,8792889.41,MXN,OP-510092,28/09/2021,N/A,N/A
femsa,1406880.94,USD,OP-737116,15-Oct-2015,N/A,N/A
GRUPO CARSO,619231.55,EUR,OP-449732,"May 05, 2022",N/A,N/A
liverpool,5745896.55,MXN,OP-252250,2016-11-19,N/A,N/A
ALSEA,8065095.44,MXN,OP-239879,18-Jul-2023,N/A,N/A
ALSEA,1313990.76,EUR,OP-330647,"December 22, 2018",08/06/2024,2054
GRUPO CARSO,642535.03,EUR,OP-878481,"September 09, 2021",N/A,N/A
grupo bimbo,3873473.62,EUR,OP-276977,27/02/2022,N/A,N/A
LIVERPOOL,5869596.24,MXN,OP-679168,12-Jun-2018,29/07/2018,47
LIVERPOOL,1221704.56,MXN,OP-236114,07-Jan-2017,13/05/2018,491
telmex,401453.54,USD,OP-331298,"May 26, 2023",N/A,N/A
cemex,8643574.15,USD,OP-555604,"October 10, 2016",N/A,N/A
grupo carso,6577157.82,USD,OP-289583,30-Apr-2017,2022-05-30,1856
FEMSA,9492656.68,USD,OP-259336,"July 16, 2016",02-Jul-2020,1447
BANORTE,4738687.82,MXN,OP-957360,2025-03-03,N/A,N/A
BBVA MÉXICO,1358169.52,USD,OP-896768,"June 14, 2024",N/A,N/A
TELMEX,6659291.82,EUR,OP-179835,"November 08, 2020","April 13, 2022",521
telmex,6966133.86,EUR,OP-833951,13-Mar-2023,N/A,N/A
telmex,5218908.06,EUR,OP-593946,"April 27, 2020",N/A,N/A
banorte,1539902.14,USD,OP-439947,"December 29, 2020",N/A,N/A
BANORTE,6077402.77,USD,OP-544038,13-Mar-2018,N/A,N/A
GRUPO LALA,1237338.81,MXN,OP-658932,28-Oct-2019,10/09/2020,347
grupo lala,4737926.86,EUR,OP-412599,22/12/2016,"September 29, 2021",1742
LIVERPOOL,6713799.93,MXN,OP-596903,09/12/2021,12/09/2024,1184
GRUPO CARSO,4052317.82,USD,OP-504730,08/01/2017,2025-03-01,2769
grupo carso,2353999.33,MXN,OP-473980,22-Mar-2025,N/A,N/A
grupo bimbo,5454249.78,EUR,OP-425074,"January 11, 2022",13/03/2024,792
GRUPO MÉXICO,5997344.99,MXN,OP-152121,2016-03-18,2023-05-07,2606
ALSEA,9517538.25,USD,OP-176835,2021-04-07,N/A,N/A
liverpool,9213614.11,MXN,OP-617763,2017-04-16,N/A,N/A
cemex,9645071.32,MXN,OP-797194,2017-10-06,2019-10-04,728
grupo lala,3800195.96,USD,OP-758275,19-Mar-2017,04/05/2020,1113
GRUPO CARSO,7535842.66,MXN,OP-594736,11/04/2018,05/07/2021,915
liverpool,1227073.21,EUR,OP-567652,2022-08-12,28/08/2022,16
GRUPO LALA,3510346.63,USD,OP-419677,2017-11-12,N/A,N/A
BBVA MÉXICO,980156.55,USD,OP-710083,17/03/2025,N/A,N/A
américa móvil,2665386.1,USD,OP-139095,"September 17, 2016",N/A,N/A
bbva méxico,8261814.15,EUR,OP-769455,01/06/2022,30/01/2022,24
soriana,6595378.92,EUR,OP-291355,01/12/2022,"November 29, 2023",686
pemex,6005839.7,USD,OP-252100,15/09/2020,2022-08-19,703
FEMSA,4050282.38,MXN,OP-921673,"January 06, 2020",2022-12-11,1070
bbva méxico,7100420.86,EUR,OP-453348,2020-03-31,N/A,N/A
cemex,770979.08,USD,OP-736176,27/10/2018,2020-12-07,772
FEMSA,9372700.16,USD,OP-786089,23/08/2017,N/A,N/A
cemex,8849513.14,MXN,OP-613902,29/01/2024,N/A,N/A
alsea,6875883.3,EUR,OP-926068,16/05/2023,N/A,N/A
liverpool,9714103.32,EUR,OP-982436,2018-11-23,2021-05-30,919
grupo bimbo,5480631.4,EUR,OP-230714,2021-12-04,N/A,N/A
GRUPO LALA,7902347.59,MXN,OP-282175,"August 28, 2020",N/A,N/A
walmart de méxico,8370495.96,MXN,OP-349485,"September 27, 2021",N/A,N/A
grupo carso,704187.36,USD,OP-928616,18/11/2018,N/A,N/A
soriana,4527907.12,USD,OP-421484,23/01/2024,N/A,N/A
GRUPO LALA,2386884.19,USD,OP-949447,"October 03, 2016",31-Mar-2023,2370
AMÉRICA MÓVIL,1407325.19,EUR,OP-821738,05-Mar-2017,18/08/2018,531
grupo lala,3412403.05,MXN,OP-874534,2018-04-09,05/03/2022,1485
LIVERPOOL,1280171.1,USD,OP-598689,16-Jun-2023,N/A,N/A
GRUPO MÉXICO,2980189.17,EUR,OP-844166,"January 27, 2024",N/A,N/A
BANORTE,7535218.9,USD,OP-345421,"September 28, 2024",N/A,N/A
ALSEA,5036965.82,EUR,OP-275258,2023-06-29,N/A,N/A
grupo lala,5105568.04,USD,OP-559071,"September 06, 2024",N/A,N/A
BBVA MÉXICO,5021138.98,USD,OP-273961,17/08/2018,N/A,N/A
américa móvil,8355532.8,MXN,OP-291247,2020-01-27,"October 21, 2022",998
LIVERPOOL,7426277.47,EUR,OP-320045,2017-01-31,N/A,N/A
BBVA MÉXICO,5560608.1,EUR,OP-794610,2023-11-13,N/A,N/A
grupo carso,2549162.94,MXN,OP-879422,22/04/2017,24-Feb-2025,2865
GRUPO CARSO,7690070.74,USD,OP-411046,"May 24, 2016",2016-08-05,73
ALSEA,1484352.24,USD,OP-359328,02-Jan-2017,13/12/2021,1806
liverpool,5630024.5,USD,OP-100462,22/01/2023,N/A,N/A
SORIANA,3701658.23,EUR,OP-929862,"June 08, 2022",N/A,N/A
PEMEX,9247013.6,EUR,OP-434600,2025-01-20,N/A,N/A
bbva méxico,8937627.67,USD,OP-754404,"May 22, 2018",N/A,N/A
grupo méxico,8751398.17,USD,OP-441439,2019-02-19,"April 25, 2023",1526
SORIANA,1626277.7,EUR,OP-187468,"October 14, 2016",2024-12-05,2974
grupo lala,3928503.7,EUR,OP-601614,2022-09-23,2023-12-07,440
CEMEX,613297.77,USD,OP-698419,"April 28, 2021",N/A,N/A
telmex,4125040.35,MXN,OP-716987,05/01/2021,N/A,N/A
telmex,7602369.74,USD,OP-661356,06-Sep-2016,"March 12, 2020",1283
GRUPO LALA,1070059.05,EUR,OP-165670,"May 26, 2019",N/A,N/A
BANORTE,3391159.37,MXN,OP-467263,"March 25, 2019",N/A,N/A
BBVA MÉXICO,5814171.86,USD,OP-242169,"May 10, 2019","May 23, 2025",2205
grupo carso,9474223.43,EUR,OP-357047,08/02/2018,N/A,N/A
ALSEA,3305028.2,EUR,OP-266615,17/08/2022,20/01/2025,887
walmart de méxico,6087081.89,MXN,OP-199394,16/10/2019,N/A,N/A
CEMEX,1158942.23,USD,OP-601931,25/05/2021,N/A,N/A
WALMART DE MÉXICO,1079460.47,MXN,OP-669206,"March 03, 2022",N/A,N/A
telmex,6942165.89,MXN,OP-473229,01/10/2021,N/A,N/A
BANORTE,7166782.8,EUR,OP-878870,21/01/2022,21/01/2025,1096
BANORTE,5935931.79,EUR,OP-754581,2017-08-10,N/A,N/A
TELMEX,6677522.45,USD,OP-170699,18/11/2018,19-Dec-2019,396
cemex,3769899.95,MXN,OP-509155,13/06/2017,N/A,N/A
BANORTE,6863640.4,MXN,OP-761403,2024-12-31,N/A,N/A
GRUPO BIMBO,6035283.93,EUR,OP-997256,"September 12, 2022",N/A,N/A
américa móvil,6317164.43,MXN,OP-190983,28-Jul-2016,N/A,N/A
CEMEX,5420200.23,MXN,OP-764485,10/05/2020,N/A,N/A
grupo lala,4334389.4,EUR,OP-600478,2025-07-01,N/A,N/A
GRUPO MÉXICO,597670.77,EUR,OP-150653,31/05/2017,N/A,N/A
cemex,7831041.66,MXN,OP-605749,2019-09-13,N/A,N/A
LIVERPOOL,7948993.72,EUR,OP-893430,19/08/2025,N/A,N/A
américa móvil,9958805.23,MXN,OP-842254,13/03/2018,15-Nov-2018,247
cemex,8986710.59,MXN,OP-764731,17-Jan-2016,22-Apr-2023,2652
GRUPO BIMBO,3882178.45,USD,OP-605858,18-Jan-2018,06/09/2021,1238
liverpool,4685198.11,EUR,OP-801379,2015-12-02,"April 07, 2016",127
LIVERPOOL,6616358.5,EUR,OP-539371,18-Aug-2021,N/A,N/A
BANORTE,6750834.31,USD,OP-639746,"April 03, 2022",N/A,N/A
grupo bimbo,179697.77,MXN,OP-324497,"September 18, 2024",N/A,N/A
PEMEX,1566480.2,USD,OP-364822,"July 17, 2025",N/A,N/A
GRUPO LALA,2730159.62,EUR,OP-544964,04-Feb-2016,19/08/2020,1658
grupo carso,696969.21,EUR,OP-134270,29/09/2015,03/11/2018,894
GRUPO MÉXICO,7690544.4,MXN,OP-255293,2025-01-27,N/A,N/A
grupo lala,7966130.61,MXN,OP-447330,"December 15, 2022","June 10, 2024",543
grupo carso,8251663.73,MXN,OP-438891,"July 11, 2020",N/A,N/A
cemex,2173408.02,EUR,OP-171520,2018-09-22,30/05/2020,616
WALMART DE MÉXICO,4073471.63,USD,OP-737038,13/11/2015,2022-02-05,2276
PEMEX,6860599.94,EUR,OP-544927,2024-04-30,N/A,N/A
GRUPO LALA,7426457.27,MXN,OP-730612,31-Mar-2018,2022-07-20,1572
grupo carso,4355600.31,EUR,OP-710753,15-Jan-2022,N/A,N/A
bbva méxico,6776725.7,USD,OP-747890,2023-07-17,N/A,N/A
GRUPO LALA,319585.92,EUR,OP-784782,"November 20, 2021",31-Dec-2022,406
femsa,3392737.65,MXN,OP-635525,05-Nov-2021,N/A,N/A
telmex,4768082.11,MXN,OP-246832,02-Nov-2024,N/A,N/A
bbva méxico,6790789.01,USD,OP-933019,31-Mar-2017,2023-03-29,2189
GRUPO MÉXICO,3596409.65,MXN,OP-635546,2022-02-05,N/A,N/A
GRUPO CARSO,9557421.05,MXN,OP-132541,2025-02-01,N/A,N/A
LIVERPOOL,766861.96,USD,OP-318105,22-Apr-2017,09/10/2017,141
AMÉRICA MÓVIL,1389774.53,EUR,OP-105043,20/02/2023,N/A,N/A
walmart de méxico,3565415.91,EUR,OP-339740,31-Aug-2019,N/A,N/A
femsa,8636153.16,EUR,OP-639338,"October 01, 2024",N/A,N/A
grupo bimbo,667228.39,EUR,OP-761245,2017-12-09,2018-08-31,265
walmart de méxico,7699363.27,USD,OP-171497,27-Aug-2019,N/A,N/A
bbva méxico,4287051.32,USD,OP-791705,"March 02, 2024",N/A,N/A
telmex,4033612.9,USD,OP-364551,28-Aug-2023,N/A,N/A
GRUPO BIMBO,8934495.14,MXN,OP-533358,08/02/2018,2023-04-10,1712
bbva méxico,1260784.13,USD,OP-952333,24-Dec-2020,N/A,N/A
GRUPO CARSO,4235706.59,MXN,OP-865261,15/07/2017,"March 26, 2024",2446
BBVA MÉXICO,7433238.1,MXN,OP-149395,12/03/2018,N/A,N/A
GRUPO MÉXICO,8266799.99,USD,OP-871882,06-Jan-2016,18-Jan-2021,1839
SORIANA,4523378.82,EUR,OP-630003,05/05/2020,N/A,N/A
BANORTE,3248905.37,EUR,OP-779739,10/09/2015,"October 29, 2018",1116
soriana,7534839.23,MXN,OP-998430,"September 07, 2024",N/A,N/A
cemex,4045281.02,MXN,OP-455446,30-Mar-2021,N/A,N/A
américa móvil,6311103.22,USD,OP-649021,07-Aug-2023,N/A,N/A
soriana,5006428.89,EUR,OP-934058,25-Sep-2024,N/A,N/A
GRUPO MÉXICO,8967448.3,EUR,OP-781409,2025-05-28,N/A,N/A
cemex,3647805.58,MXN,OP-209535,30-Oct-2022,N/A,N/A
alsea,8269247.0,MXN,OP-361007,"May 05, 2023",N/A,N/A
grupo carso,2270891.11,MXN,OP-144745,15/04/2023,N/A,N/A
FEMSA,2899099.2,USD,OP-828745,30-Oct-2021,N/A,N/A
CEMEX,591839.96,EUR,OP-614598,28-Dec-2017,2020-02-01,765
walmart de méxico,5932224.9,MXN,OP-143233,"April 16, 2019","March 19, 2025",2164
alsea,1407779.28,EUR,OP-370180,"December 18, 2024",N/A,N/A
GRUPO CARSO,4604673.4,USD,OP-157693,19-May-2019,N/A,N/A
walmart de méxico,905510.37,EUR,OP-703759,"July 06, 2019",N/A,N/A
walmart de méxico,7148640.31,MXN,OP-669799,24/05/2016,N/A,N/A
TELMEX,9396860.0,USD,OP-778781,2017-09-25,13-Jul-2023,2117
CEMEX,2723850.5,EUR,OP-789268,12/01/2022,N/A,N/A
CEMEX,9283072.63,USD,OP-706115,09-Oct-2017,N/A,N/A
bbva méxico,1581185.25,USD,OP-305119,29/07/2019,N/A,N/A
TELMEX,7352624.56,EUR,OP-627385,24-Aug-2025,N/A,N/A
GRUPO MÉXICO,460733.75,USD,OP-929939,14-Feb-2021,N/A,N/A
walmart de méxico,4968173.23,USD,OP-666028,2019-07-04,20-Oct-2020,474
soriana,6759337.23,EUR,OP-765661,2020-10-05,26/01/2025,1574
grupo bimbo,9938767.72,USD,OP-409310,"September 16, 2021",N/A,N/A
BANORTE,9563764.09,EUR,OP-817347,10-May-2016,N/A,N/A
BBVA MÉXICO,1534882.82,EUR,OP-718085,01-Oct-2018,N/A,N/A
TELMEX,2498630.51,EUR,OP-188425,"January 22, 2016",N/A,N/A
FEMSA,7631498.18,USD,OP-703666,30/12/2021,N/A,N/A
femsa,1172434.68,USD,OP-624127,"November 12, 2016",03-Apr-2024,2699
CEMEX,3906293.46,USD,OP-875545,"June 28, 2025",N/A,N/A
banorte,1677706.38,MXN,OP-113005,05-Dec-2024,N/A,N/A
BBVA MÉXICO,4858444.02,MXN,OP-633564,2021-03-22,N/A,N/A
femsa,8852412.4,EUR,OP-460656,09/07/2019,N/A,N/A
soriana,1391521.58,EUR,OP-115411,"November 30, 2020",N/A,N/A
GRUPO LALA,4745881.44,EUR,OP-997926,2022-09-17,N/A,N/A
GRUPO LALA,5493643.92,EUR,OP-139816,24/04/2017,N/A,N/A
GRUPO MÉXICO,5908815.83,EUR,OP-831962,2024-02-28,N/A,N/A
américa móvil,1897084.37,EUR,OP-155467,2020-09-06,N/A,N/A
TELMEX,5173177.1,USD,OP-951019,06/09/2024,N/A,N/A
grupo méxico,8924164.7,MXN,OP-282159,10/06/2022,N/A,N/A
walmart de méxico,4955423.25,USD,OP-153879,"November 21, 2016",11-Feb-2019,812
TELMEX,4105863.45,EUR,OP-612604,"April 29, 2020","November 28, 2021",578
ALSEA,3679571.47,EUR,OP-752987,25/12/2022,N/A,N/A
femsa,9674141.78,USD,OP-767541,21-Oct-2019,N/A,N/A
grupo carso,6715167.3,MXN,OP-365039,10/02/2022,N/A,N/A
grupo méxico,8556421.45,MXN,OP-101010,04/01/2017,11-Jan-2023,2111
walmart de méxico,546242.69,MXN,OP-392853,12-Jun-2018,N/A,N/A
AMÉRICA MÓVIL,4865367.13,EUR,OP-317140,2023-03-22,N/A,N/A
GRUPO LALA,8858498.74,USD,OP-460715,"September 28, 2020",N/A,N/A
telmex,4012578.8,EUR,OP-424366,2022-01-24,28/07/2024,916
alsea,1463442.32,EUR,OP-981785,10-Jun-2021,N/A,N/A
GRUPO BIMBO,3716867.68,EUR,OP-739383,08-Feb-2024,N/A,N/A
bbva méxico,3946001.76,MXN,OP-585372,28-Jun-2017,03-Oct-2018,462
BANORTE,6458426.12,USD,OP-603496,28-Jul-2018,N/A,N/A
AMÉRICA MÓVIL,7486617.46,EUR,OP-417720,09/04/2025,N/A,N/A
GRUPO BIMBO,1693335.55,EUR,OP-469763,27/11/2016,26/10/2018,698
grupo méxico,5936832.27,USD,OP-661180,2021-11-04,"June 18, 2024",957
grupo bimbo,9867638.97,EUR,OP-911832,30/05/2023,N/A,N/A
GRUPO CARSO,7968296.77,MXN,OP-449841,25-Mar-2024,N/A,N/A
TELMEX,8432580.86,MXN,OP-750822,23-Jul-2019,N/A,N/A
LIVERPOOL,8429637.31,MXN,OP-156211,26/05/2016,"February 24, 2022",2100
LIVERPOOL,7756694.39,USD,OP-547912,"November 19, 2018",2023-11-16,1823
PEMEX,9126649.53,MXN,OP-160076,19/01/2016,19-May-2019,1216
GRUPO MÉXICO,6824277.83,MXN,OP-292628,2019-04-10,N/A,N/A
AMÉRICA MÓVIL,1167920.67,EUR,OP-190615,2019-11-29,N/A,N/A
cemex,6182340.66,EUR,OP-745206,16-Jul-2016,25/07/2016,9
bbva méxico,7395876.32,MXN,OP-206710,"May 11, 2022",N/A,N/A
walmart de méxico,3874658.6,EUR,OP-697577,"July 11, 2018",23-Mar-2023,1716
BANORTE,1788063.94,EUR,OP-202017,"March 25, 2016",13/08/2016,141
GRUPO LALA,3301345.89,USD,OP-413699,18/04/2020,N/A,N/A
ALSEA,6787204.16,USD,OP-344397,2020-04-28,N/A,N/A
FEMSA,6353231.6,USD,OP-416497,2020-01-15,N/A,N/A
LIVERPOOL,2080773.65,MXN,OP-591618,"June 23, 2024",N/A,N/A
telmex,1405278.8,MXN,OP-479290,08/04/2021,N/A,N/A
liverpool,3669740.66,MXN,OP-578934,"January 23, 2020",2024-07-29,1649
BBVA MÉXICO,7018208.36,MXN,OP-529600,25/12/2024,N/A,N/A
PEMEX,909332.32,EUR,OP-334553,30-Aug-2017,"January 04, 2023",1953
BANORTE,5898631.05,MXN,OP-251102,2025-06-18,N/A,N/A
grupo méxico,2206433.01,USD,OP-592200,04/11/2019,"March 12, 2020",336
telmex,1872441.49,EUR,OP-969198,25-Sep-2020,N/A,N/A
femsa,6975739.58,MXN,OP-548059,28-Jul-2020,N/A,N/A
bbva méxico,695424.3,MXN,OP-536707,29/06/2024,N/A,N/A
banorte,9790862.56,MXN,OP-969182,14/07/2020,N/A,N/A
femsa,2740421.01,USD,OP-687497,07-Feb-2024,20-May-2025,468
femsa,424363.57,MXN,OP-239535,22/06/2022,N/A,N/A
PEMEX,2212652.96,USD,OP-441302,19-Jun-2023,N/A,N/A
FEMSA,4341636.38,EUR,OP-392889,18-Mar-2019,N/A,N/A
grupo méxico,6481911.06,MXN,OP-799959,2016-10-10,25-Nov-2020,1507
BANORTE,4719601.89,EUR,OP-796573,25-Aug-2017,17/12/2024,2671
BANORTE,3066405.06,MXN,OP-993570,16/07/2024,N/A,N/A
walmart de méxico,2183782.76,USD,OP-155201,2020-07-15,N/A,N/A
GRUPO CARSO,4717292.76,EUR,OP-803093,16/08/2020,N/A,N/A
banorte,5046999.35,EUR,OP-324170,11-Jul-2025,N/A,N/A
TELMEX,6716770.49,MXN,OP-162017,2024-07-20,N/A,N/A
bbva méxico,5245913.95,EUR,OP-993007,04/05/2016,N/A,N/A
grupo méxico,6761508.4,MXN,OP-804937,2020-10-20,2021-11-07,383
CEMEX,7881821.89,USD,OP-664661,01/05/2020,N/A,N/A
walmart de méxico,7158209.3,USD,OP-838086,18-Nov-2018,N/A,N/A
AMÉRICA MÓVIL,262848.87,USD,OP-580227,19/07/2018,N/A,N/A
GRUPO LALA,2170465.16,EUR,OP-623638,13/04/2020,06/03/2023,1146
GRUPO LALA,5508823.23,EUR,OP-390243,11-Dec-2022,N/A,N/A
SORIANA,3858053.01,EUR,OP-703976,25-Jul-2022,N/A,N/A
telmex,337505.91,MXN,OP-976147,"July 23, 2021",N/A,N/A
telmex,5024794.74,EUR,OP-877096,21/07/2021,N/A,N/A
BBVA MÉXICO,7900825.42,MXN,OP-593631,30/11/2018,2025-06-12,2386
GRUPO CARSO,9722581.97,USD,OP-779461,"February 22, 2018","March 07, 2023",1839
LIVERPOOL,8428550.79,EUR,OP-698207,"July 29, 2021",N/A,N/A
cemex,2874405.46,USD,OP-765913,"August 25, 2018",2019-08-29,369
BBVA MÉXICO,5582684.16,EUR,OP-215706,19-Oct-2018,N/A,N/A
grupo bimbo,3399912.88,EUR,OP-877654,12-Jan-2023,N/A,N/A
américa móvil,5654696.91,USD,OP-118516,2017-07-01,2018-09-24,450
CEMEX,1864478.32,USD,OP-205239,20-Apr-2022,N/A,N/A
walmart de méxico,111030.88,MXN,OP-328901,"January 11, 2023",N/A,N/A
cemex,6478536.91,EUR,OP-958624,06/01/2017,N/A,N/A
alsea,8559271.22,MXN,OP-851976,"December 10, 2024",N/A,N/A
LIVERPOOL,5237478.46,MXN,OP-392332,06-Apr-2023,N/A,N/A
bbva méxico,267727.07,USD,OP-361461,26/07/2019,30-Jun-2020,340
femsa,5605323.34,MXN,OP-387233,08-Oct-2020,21/10/2021,378
américa móvil,8734198.82,USD,OP-593756,04-Apr-2020,N/A,N/A
ALSEA,9813480.67,MXN,OP-502455,30-Nov-2018,N/A,N/A
WALMART DE MÉXICO,7679554.13,USD,OP-326515,04/05/2016,15/02/2017,316
walmart de méxico,9024066.99,MXN,OP-717934,2020-09-14,"October 31, 2022",777
ALSEA,6491613.1,USD,OP-426675,"December 04, 2016","April 30, 2017",147
FEMSA,3432455.06,EUR,OP-196382,06-Sep-2015,"November 14, 2020",1896
SORIANA,5151847.86,MXN,OP-739057,"December 15, 2020","December 19, 2021",369
américa móvil,5674354.76,EUR,OP-549654,"February 23, 2016",07/05/2017,498
femsa,5241961.4,USD,OP-855252,2019-07-11,N/A,N/A
femsa,3427101.16,EUR,OP-671691,11-Sep-2017,2018-03-21,191
américa móvil,6394685.69,USD,OP-250085,2016-08-09,22/05/2019,1016
TELMEX,9278135.99,EUR,OP-955331,2016-04-14,"March 04, 2020",1420
AMÉRICA MÓVIL,2752251.83,MXN,OP-242968,15-Mar-2019,2022-01-21,1043
femsa,2913086.02,USD,OP-601092,2025-07-07,N/A,N/A
grupo lala,8034206.17,EUR,OP-789487,2019-09-27,N/A,N/A
BANORTE,7334397.68,USD,OP-111039,04-Sep-2018,N/A,N/A
GRUPO BIMBO,9200128.63,MXN,OP-135254,2023-02-20,N/A,N/A
GRUPO CARSO,1388118.83,MXN,OP-756709,2021-06-11,27/11/2023,899
GRUPO MÉXICO,9795001.3,EUR,OP-651500,03/02/2024,N/A,N/A
bbva méxico,8213291.63,USD,OP-868321,07/02/2017,27/09/2023,2278
GRUPO LALA,2661064.38,EUR,OP-975103,06/05/2016,N/A,N/A
alsea,3856302.96,EUR,OP-520589,11/09/2024,N/A,N/A
bbva méxico,364489.84,MXN,OP-917385,"December 06, 2016",N/A,N/A
BBVA MÉXICO,680673.28,MXN,OP-496919,2019-03-06,28-Feb-2025,2186
PEMEX,3288976.5,USD,OP-145866,08/04/2021,N/A,N/A
GRUPO MÉXICO,5442757.65,EUR,OP-622395,11-Jun-2019,2019-11-18,160
GRUPO BIMBO,2595890.91,EUR,OP-574487,23-Sep-2017,17-Oct-2020,1120
grupo carso,4924932.38,USD,OP-285276,"October 23, 2019",09-Mar-2025,1964
BANORTE,2405591.93,MXN,OP-819199,26/02/2024,N/A,N/A
femsa,7750134.21,USD,OP-714634,2019-09-25,N/A,N/A
bbva méxico,3128953.25,MXN,OP-472242,16-Dec-2023,N/A,N/A
telmex,1759413.49,EUR,OP-476007,10/09/2021,N/A,N/A
banorte,1968355.34,MXN,OP-587019,26-Dec-2018,N/A,N/A
pemex,6598916.89,USD,OP-264840,2016-07-20,N/A,N/A
grupo bimbo,9620467.23,USD,OP-658807,24-Jun-2017,N/A,N/A
AMÉRICA MÓVIL,1276544.41,USD,OP-231160,2024-12-27,N/A,N/A
SORIANA,6084916.37,USD,OP-217689,11-Aug-2023,N/A,N/A
grupo bimbo,200163.9,EUR,OP-126254,21/11/2017,20/06/2018,211
ALSEA,9668044.55,USD,OP-416433,2024-01-25,N/A,N/A
GRUPO LALA,6903118.59,EUR,OP-164548,06-Oct-2017,2019-04-21,562
GRUPO LALA,945613.03,USD,OP-887945,27-Jun-2022,N/A,N/A
cemex,9783370.06,EUR,OP-126005,09/04/2022,N/A,N/A
alsea,7616983.16,MXN,OP-123650,2017-05-29,N/A,N/A
GRUPO CARSO,6546902.88,USD,OP-373338,22-Feb-2020,"May 10, 2021",443
FEMSA,6108465.78,EUR,OP-735554,03-Apr-2025,N/A,N/A
GRUPO BIMBO,1364187.62,MXN,OP-957326,2018-04-02,N/A,N/A
soriana,5417036.99,MXN,OP-590347,28-Aug-2020,N/A,N/A
CEMEX,3113689.91,USD,OP-215986,"February 13, 2023",N/A,N/A
BANORTE,7374921.9,USD,OP-894116,19-Dec-2016,"April 23, 2019",855
LIVERPOOL,4626759.32,MXN,OP-481088,16/01/2018,N/A,N/A
TELMEX,3953991.34,USD,OP-414129,2018-06-18,"October 08, 2023",1938
grupo bimbo,9483355.19,EUR,OP-103162,14/06/2024,N/A,N/A
grupo lala,7891063.32,MXN,OP-798910,09/10/2017,26-Apr-2024,2420
walmart de méxico,7341414.67,USD,OP-240905,2023-12-05,N/A,N/A
BBVA MÉXICO,7911099.24,MXN,OP-799439,"January 09, 2024",N/A,N/A
TELMEX,7132790.12,MXN,OP-477924,07-Feb-2017,N/A,N/A
banorte,8030041.5,USD,OP-173260,13/05/2016,27-Mar-2021,1779
SORIANA,4249460.43,USD,OP-271440,28-Oct-2019,N/A,N/A
ALSEA,3175298.29,MXN,OP-710393,16/01/2020,14/07/2022,910
LIVERPOOL,9460825.13,MXN,OP-308408,"September 06, 2022",N/A,N/A
grupo bimbo,4925333.35,EUR,OP-812115,14-May-2016,N/A,N/A
alsea,4689418.01,USD,OP-886043,2020-05-27,N/A,N/A
banorte,9980361.9,EUR,OP-387836,09/10/2021,"January 25, 2023",502
CEMEX,5922958.33,MXN,OP-640164,2018-12-06,N/A,N/A
CEMEX,8649179.55,MXN,OP-856951,13-Dec-2023,N/A,N/A
AMÉRICA MÓVIL,1166849.2,EUR,OP-621428,2018-07-14,N/A,N/A
PEMEX,7312183.52,USD,OP-827005,02/03/2021,N/A,N/A
walmart de méxico,3471196.24,USD,OP-541519,11/06/2020,N/A,N/A
BBVA MÉXICO,2817523.23,EUR,OP-672029,18/03/2017,2021-08-20,1616
BBVA MÉXICO,5167395.3,MXN,OP-239762,2025-06-26,N/A,N/A
telmex,8443387.49,USD,OP-926459,07-Jan-2019,27-Mar-2025,2271
alsea,2688071.01,MXN,OP-706451,"February 19, 2019",12-Dec-2021,1027
BANORTE,8577289.76,USD,OP-739324,2024-12-22,N/A,N/A
FEMSA,6183313.1,MXN,OP-443318,27-Apr-2021,2021-09-09,135
américa móvil,4290743.0,MXN,OP-324314,"December 05, 2015",14-Jun-2016,192
LIVERPOOL,1022357.45,MXN,OP-818726,2016-10-26,04/08/2025,3086
BANORTE,9876139.18,MXN,OP-217787,"March 27, 2024",N/A,N/A
pemex,7294699.35,EUR,OP-190984,20-Jul-2024,N/A,N/A
BANORTE,6616306.63,EUR,OP-236966,"November 30, 2019","June 01, 2025",2010
PEMEX,7995363.93,EUR,OP-224060,09/08/2021,N/A,N/A
soriana,6702872.73,EUR,OP-612879,16/04/2020,N/A,N/A
grupo méxico,4265432.7,USD,OP-996723,2020-12-22,2022-01-01,375
banorte,4355225.51,USD,OP-122251,2018-02-15,2025-05-29,2660
grupo carso,4867364.78,USD,OP-948676,2019-10-17,N/A,N/A
walmart de méxico,5309328.16,EUR,OP-836234,"June 01, 2022","February 10, 2024",619
grupo lala,2786376.9,MXN,OP-975380,21-May-2023,11/08/2025,902
grupo carso,3363235.66,EUR,OP-413735,18-Nov-2022,N/A,N/A
alsea,4624982.79,EUR,OP-804388,26/08/2023,15-May-2025,628
américa móvil,4744931.6,EUR,OP-886769,24-Sep-2019,N/A,N/A
FEMSA,9772719.56,USD,OP-207650,25-Jun-2019,"October 21, 2024",1945
CEMEX,857591.36,USD,OP-544762,2018-12-08,19/11/2020,712
grupo lala,3645521.51,USD,OP-511604,2018-07-31,"September 02, 2018",33
femsa,7712569.71,EUR,OP-491805,15/03/2020,N/A,N/A
WALMART DE MÉXICO,3077727.27,MXN,OP-845566,13-Oct-2015,07-Feb-2016,117
pemex,3570209.36,EUR,OP-764116,24/02/2023,N/A,N/A
GRUPO LALA,5023241.71,EUR,OP-646912,2016-05-06,2021-08-12,1924
PEMEX,7866829.48,MXN,OP-684409,06-Dec-2020,10/07/2024,1401
AMÉRICA MÓVIL,2953450.27,EUR,OP-280875,30-Jul-2024,N/A,N/A
FEMSA,9749431.89,EUR,OP-506763,"November 07, 2023",N/A,N/A
WALMART DE MÉXICO,3040357.92,EUR,OP-669127,2017-06-03,"July 20, 2022",1873
TELMEX,9063410.96,MXN,OP-695931,2020-12-29,2025-04-27,1580
CEMEX,7738838.63,USD,OP-746550,06/10/2022,N/A,N/A
alsea,6573730.15,EUR,OP-745815,04/05/2023,N/A,N/A
AMÉRICA MÓVIL,3497439.5,USD,OP-165855,2020-12-25,2024-10-31,1406
TELMEX,7651731.6,USD,OP-553518,10-Apr-2019,20-Aug-2022,1228
AMÉRICA MÓVIL,4549372.98,USD,OP-123224,27-Feb-2017,N/A,N/A
ALSEA,9835177.68,USD,OP-727851,23-Oct-2017,2020-03-05,864
cemex,8693060.89,EUR,OP-870824,04/12/2022,N/A,N/A
BBVA MÉXICO,7617002.6,USD,OP-281652,25/06/2019,N/A,N/A
PEMEX,5116931.27,USD,OP-634977,"February 23, 2017",N/A,N/A
grupo bimbo,7271058.41,EUR,OP-145303,07/02/2020,N/A,N/A
AMÉRICA MÓVIL,6329248.23,USD,OP-187529,"April 06, 2016","September 03, 2017",515
banorte,8240877.67,EUR,OP-747394,"February 01, 2017","February 28, 2019",757
liverpool,8664140.4,MXN,OP-488739,28/12/2019,N/A,N/A
telmex,878627.14,EUR,OP-856049,"July 24, 2018",22/05/2025,2494
BBVA MÉXICO,3069383.29,USD,OP-162708,"June 08, 2019",01/06/2024,1673
banorte,6369568.67,USD,OP-131346,2016-10-05,2017-08-08,307
bbva méxico,8239971.96,USD,OP-277022,"April 20, 2021",2024-01-09,994
GRUPO MÉXICO,9586830.77,MXN,OP-355781,"November 26, 2019",08-Aug-2023,1351
CEMEX,2610911.42,USD,OP-467386,16/12/2019,N/A,N/A
GRUPO BIMBO,4327396.62,EUR,OP-744212,"August 17, 2022",N/A,N/A
grupo méxico,9662631.56,USD,OP-613008,03-Apr-2016,N/A,N/A
TELMEX,5216479.31,EUR,OP-561704,"June 02, 2023",18/04/2025,686
BANORTE,4081270.41,MXN,OP-391169,10-Jan-2022,2025-07-19,1286
AMÉRICA MÓVIL,4494350.78,USD,OP-417367,27/07/2019,N/A,N/A
bbva méxico,1250187.79,USD,OP-730108,10-Feb-2025,N/A,N/A
telmex,5088645.12,MXN,OP-564257,"November 01, 2022",N/A,N/A
GRUPO CARSO,4597572.79,MXN,OP-676232,10-May-2024,N/A,N/A
banorte,7010843.83,USD,OP-173548,12-May-2023,N/A,N/A
telmex,4039269.87,USD,OP-421372,"September 29, 2021","November 22, 2021",54
GRUPO MÉXICO,2314801.61,EUR,OP-954676,02-Sep-2015,"March 11, 2022",2382
PEMEX,8122586.23,EUR,OP-971007,"July 05, 2022",N/A,N/A
GRUPO BIMBO,429181.46,MXN,OP-525267,2021-01-08,N/A,N/A
AMÉRICA MÓVIL,7035483.04,MXN,OP-807310,24/08/2018,N/A,N/A
GRUPO BIMBO,1386977.19,USD,OP-705235,04/01/2022,N/A,N/A
bbva méxico,7744715.73,EUR,OP-919246,2021-09-18,N/A,N/A
cemex,9277903.62,MXN,OP-914539,2024-12-15,N/A,N/A
banorte,433868.83,EUR,OP-274616,2018-08-09,N/A,N/A
cemex,4593281.11,EUR,OP-517094,05-Jan-2025,N/A,N/A
FEMSA,223022.63,MXN,OP-907390,2019-06-07,24/10/2023,1600
liverpool,8106344.42,USD,OP-130101,09/07/2021,N/A,N/A
telmex,3107347.21,MXN,OP-563705,24-Jul-2022,2024-12-01,861
bbva méxico,9374098.05,EUR,OP-415555,2023-08-29,N/A,N/A
banorte,2184296.89,USD,OP-518755,09-Jun-2023,N/A,N/A
grupo carso,1524276.93,MXN,OP-678546,2025-03-22,N/A,N/A
GRUPO MÉXICO,650636.8,USD,OP-625835,13-Feb-2023,"August 07, 2024",541
FEMSA,2545469.45,EUR,OP-120198,04/06/2016,22-Aug-2018,868
grupo méxico,2100592.65,MXN,OP-816790,27/06/2022,N/A,N/A
LIVERPOOL,917182.08,USD,OP-539272,02/09/2015,13/03/2025,3685
GRUPO CARSO,8540387.51,USD,OP-467333,14-Dec-2016,14-May-2019,881
bbva méxico,8889782.63,MXN,OP-131688,22-Jan-2018,N/A,N/A
cemex,2016406.43,USD,OP-939939,08-Aug-2017,18/02/2022,1655
grupo carso,2203255.93,MXN,OP-469866,2023-02-26,N/A,N/A
banorte,6879500.17,MXN,OP-169244,2016-01-20,"June 20, 2022",2343
femsa,4806331.91,USD,OP-529723,2016-07-21,2018-10-23,824
CEMEX,5729803.83,MXN,OP-497571,"December 24, 2015","December 28, 2019",1465
BANORTE,1199890.97,MXN,OP-922458,"February 02, 2021","May 17, 2025",1565
grupo méxico,1243423.05,MXN,OP-372063,17/08/2016,18/10/2023,2618
BANORTE,1326428.59,MXN,OP-438805,2024-12-22,N/A,N/A
FEMSA,7477169.28,USD,OP-608635,"March 21, 2024",N/A,N/A
PEMEX,8209203.31,EUR,OP-116389,2016-08-02,2018-11-29,849
BBVA MÉXICO,994847.78,EUR,OP-931376,2022-04-19,N/A,N/A
GRUPO BIMBO,8696228.73,USD,OP-687936,2017-11-03,N/A,N/A
GRUPO CARSO,3285404.23,EUR,OP-187538,12/12/2024,N/A,N/A
pemex,2158308.06,MXN,OP-421925,2023-04-29,N/A,N/A
bbva méxico,5968735.43,USD,OP-516700,23-Aug-2023,N/A,N/A
grupo lala,6588139.52,USD,OP-541104,2023-03-18,N/A,N/A
telmex,9671495.11,USD,OP-427274,26/03/2019,2022-01-15,1026
américa móvil,1031436.26,MXN,OP-929355,16/11/2016,N/A,N/A
américa móvil,2023764.75,MXN,OP-919096,"August 17, 2017",19-Nov-2023,2285
LIVERPOOL,7981197.85,USD,OP-827144,19/06/2016,N/A,N/A
alsea,9735510.33,EUR,OP-373109,"July 14, 2021",N/A,N/A
GRUPO BIMBO,6795969.48,USD,OP-307510,"March 25, 2020",N/A,N/A
BBVA MÉXICO,7502380.75,MXN,OP-668075,2025-03-16,N/A,N/A
GRUPO CARSO,4162406.07,USD,OP-133131,"August 08, 2020",16-Jan-2022,526
BBVA MÉXICO,122966.59,MXN,OP-514363,"March 04, 2018",N/A,N/A
alsea,5915869.27,MXN,OP-579162,29/10/2020,N/A,N/A
banorte,3171743.47,USD,OP-173490,"April 07, 2023",N/A,N/A
AMÉRICA MÓVIL,2933464.22,MXN,OP-151231,2021-06-09,N/A,N/A
SORIANA,9508707.39,USD,OP-143752,"October 24, 2021",16/10/2022,357
liverpool,2217444.38,EUR,OP-522780,26/09/2018,2018-10-05,9
grupo méxico,488489.0,USD,OP-932720,26/04/2021,N/A,N/A
FEMSA,6231482.68,USD,OP-129881,04-Oct-2016,N/A,N/A
GRUPO CARSO,9634946.55,USD,OP-296414,15-Apr-2020,N/A,N/A
AMÉRICA MÓVIL,9257345.13,MXN,OP-632408,12/09/2015,21/02/2022,2266
cemex,3970250.8,MXN,OP-732230,04/08/2016,21-May-2025,3330
alsea,198384.48,MXN,OP-241611,25-Feb-2019,29/03/2025,2224
telmex,923149.37,MXN,OP-330669,30/04/2020,N/A,N/A
SORIANA,7405639.89,EUR,OP-833473,05-Jun-2025,N/A,N/A
cemex,9920506.65,USD,OP-105647,12-Nov-2024,N/A,N/A
GRUPO LALA,4118089.49,MXN,OP-562627,2015-11-28,04-Aug-2022,2441
grupo méxico,4811404.58,USD,OP-636583,2020-06-26,2023-12-22,1274
grupo carso,8009253.73,EUR,OP-559308,"June 09, 2022",N/A,N/A
américa móvil,5831985.28,USD,OP-159584,12-May-2016,"May 17, 2022",2196
GRUPO MÉXICO,8333004.34,EUR,OP-304940,05-Dec-2023,N/A,N/A
liverpool,6281513.43,MXN,OP-561374,2022-05-20,2022-05-21,1
soriana,7391829.21,MXN,OP-440567,17/11/2023,N/A,N/A
BBVA MÉXICO,4266437.69,MXN,OP-383136,25-Feb-2017,N/A,N/A
cemex,5649144.58,MXN,OP-291282,2021-11-18,N/A,N/A
cemex,4506695.86,MXN,OP-725330,20-Nov-2017,29/04/2021,1256
walmart de méxico,1157884.96,MXN,OP-396420,2020-09-01,N/A,N/A
pemex,9918183.14,MXN,OP-568110,13-Apr-2016,N/A,N/A
GRUPO BIMBO,6914348.61,EUR,OP-949969,02/04/2020,2024-01-18,1444
soriana,9440584.45,USD,OP-140983,01-Jun-2025,N/A,N/A
GRUPO LALA,1825437.29,EUR,OP-250542,2020-07-31,"September 02, 2020",33
alsea,1951222.25,EUR,OP-212208,01/04/2020,30/12/2020,361
américa móvil,8559437.87,MXN,OP-499743,11/10/2023,N/A,N/A
AMÉRICA MÓVIL,6781180.46,EUR,OP-841308,13-Feb-2019,N/A,N/A
walmart de méxico,6595780.31,USD,OP-364192,2021-02-07,N/A,N/A
femsa,1184088.72,USD,OP-973167,14/10/2016,27/01/2020,1200
grupo carso,9648807.92,EUR,OP-101038,"October 13, 2016",2017-02-12,122
ALSEA,218427.1,EUR,OP-229981,16/03/2017,2018-03-14,363
SORIANA,9459724.39,EUR,OP-348275,15-Oct-2021,N/A,N/A
bbva méxico,9890948.59,USD,OP-636716,10-May-2016,30/03/2019,1054
grupo carso,4281895.72,MXN,OP-121316,29/06/2023,"January 26, 2024",211
telmex,8814830.13,EUR,OP-359850,22/07/2017,01/10/2018,172
femsa,1160661.93,MXN,OP-541848,"February 01, 2020",N/A,N/A
pemex,6992461.02,MXN,OP-524874,02-Sep-2018,10/10/2023,1864
américa móvil,1413103.6,MXN,OP-562602,18-Feb-2019,"February 15, 2020",362
grupo lala,6636770.66,MXN,OP-240637,"April 01, 2024",N/A,N/A
walmart de méxico,5982849.85,USD,OP-618359,2024-08-24,N/A,N/A
grupo méxico,5471933.0,USD,OP-993426,17/06/2022,N/A,N/A
LIVERPOOL,656335.8,USD,OP-127994,14/06/2017,N/A,N/A
GRUPO LALA,7867440.07,USD,OP-691336,"November 23, 2019",N/A,N/A
LIVERPOOL,4882033.16,MXN,OP-446463,28/07/2017,26-Jul-2022,1824
grupo méxico,4260362.22,USD,OP-791569,2022-01-24,N/A,N/A
liverpool,4289857.39,USD,OP-450491,2023-05-24,26/08/2023,94
bbva méxico,2881223.89,EUR,OP-372618,31-May-2016,2019-11-15,1263
CEMEX,4289165.63,EUR,OP-162628,03-Mar-2018,N/A,N/A
TELMEX,5852780.68,USD,OP-312675,10-Mar-2019,2020-01-10,306
BANORTE,1610836.0,EUR,OP-748445,"September 27, 2016",30-Oct-2021,1859
FEMSA,9988674.17,USD,OP-634118,"July 05, 2019",N/A,N/A
FEMSA,8661182.38,MXN,OP-826984,"April 10, 2023",N/A,N/A
TELMEX,4180034.95,MXN,OP-869129,"February 06, 2023",N/A,N/A
américa móvil,5935144.73,EUR,OP-248131,"September 05, 2021",N/A,N/A
ALSEA,1575055.79,MXN,OP-240084,19-Feb-2017,2018-02-17,363
GRUPO CARSO,8447766.11,USD,OP-802552,09-Sep-2015,N/A,N/A
femsa,4760774.71,USD,OP-196677,17-May-2019,2024-10-22,1985
GRUPO LALA,5627153.55,MXN,OP-496200,"December 23, 2016",2017-09-04,255
FEMSA,3303369.75,USD,OP-985463,09/04/2022,N/A,N/A
TELMEX,2082813.85,EUR,OP-533838,2018-02-22,26/03/2018,32
GRUPO CARSO,528224.3,EUR,OP-788232,28-Oct-2015,N/A,N/A
FEMSA,885890.99,MXN,OP-205953,23-Feb-2016,"August 28, 2017",552
WALMART DE MÉXICO,4800671.17,MXN,OP-345889,"June 18, 2025",N/A,N/A
grupo lala,470158.44,USD,OP-729613,17/01/2021,05-Jan-2024,1083
WALMART DE MÉXICO,6035089.88,MXN,OP-348693,19/07/2024,N/A,N/A
FEMSA,5299427.6,EUR,OP-220591,22-Oct-2016,30-Jan-2025,3022
américa móvil,6606159.97,MXN,OP-856880,2021-06-05,N/A,N/A
GRUPO BIMBO,7130522.86,EUR,OP-901386,"December 09, 2015",19-Dec-2018,1106
banorte,1038743.26,MXN,OP-588929,2018-11-10,N/A,N/A
grupo bimbo,8389855.07,MXN,OP-400975,2018-01-24,2024-12-15,2517
grupo méxico,6664791.1,USD,OP-860219,2021-04-19,N/A,N/A
femsa,516509.24,MXN,OP-103547,02/09/2016,23/07/2024,3087
grupo lala,5730511.27,MXN,OP-107807,03-Oct-2018,"May 01, 2020",576
walmart de méxico,2957097.54,EUR,OP-887778,"April 21, 2016",2017-06-11,416
ALSEA,4942490.38,MXN,OP-906959,19/12/2020,19-Mar-2024,1186
LIVERPOOL,9910600.51,EUR,OP-141027,09-Mar-2023,N/A,N/A
bbva méxico,7020532.46,EUR,OP-364536,08-Apr-2019,N/A,N/A
américa móvil,3921357.72,EUR,OP-455111,2024-09-24,N/A,N/A
BBVA MÉXICO,2664837.96,MXN,OP-242568,"March 07, 2019","May 02, 2021",787
grupo méxico,8981285.71,USD,OP-334556,16/12/2015,2017-11-25,710
SORIANA,8446854.48,USD,OP-432893,"February 13, 2021",N/A,N/A
TELMEX,5120498.74,EUR,OP-448905,"March 08, 2024",N/A,N/A
BANORTE,5937942.88,USD,OP-948877,"January 13, 2022",N/A,N/A
FEMSA,1512337.5,MXN,OP-612335,2024-02-24,N/A,N/A
GRUPO CARSO,7511924.84,MXN,OP-487757,22-Jul-2016,2023-05-17,2490
BBVA MÉXICO,8917893.6,USD,OP-794396,2019-06-20,2023-07-11,1482
alsea,4604119.78,MXN,OP-444571,12/08/2019,20-May-2021,529
walmart de méxico,2500143.56,EUR,OP-618839,31-Aug-2018,N/A,N/A
AMÉRICA MÓVIL,8601075.65,MXN,OP-451109,25/03/2025,N/A,N/A
soriana,2802335.56,MXN,OP-190517,"December 31, 2023",N/A,N/A
PEMEX,484629.0,USD,OP-369768,31-May-2018,N/A,N/A
américa móvil,3085551.17,USD,OP-121775,01-Aug-2019,10/05/2019,65
PEMEX,3860905.21,MXN,OP-475700,20-Apr-2020,"February 04, 2021",290
walmart de méxico,4930837.99,EUR,OP-969906,2019-12-23,"July 16, 2023",1301
AMÉRICA MÓVIL,4448217.31,USD,OP-959608,27-Feb-2020,04-Mar-2025,1832
grupo lala,5342355.31,MXN,OP-725519,12/09/2018,26-May-2021,899
BBVA MÉXICO,8771349.96,USD,OP-274940,12-Nov-2015,16-Jul-2021,2073
femsa,7654647.87,MXN,OP-502962,27-Apr-2020,N/A,N/A
GRUPO CARSO,3847700.21,MXN,OP-664850,2022-10-24,N/A,N/A
walmart de méxico,930593.06,MXN,OP-859117,07-May-2024,N/A,N/A
pemex,8056177.67,MXN,OP-955293,24/07/2017,03-Apr-2023,2079
grupo lala,1962075.58,EUR,OP-307999,05-Sep-2022,N/A,N/A
GRUPO LALA,6638862.43,MXN,OP-339024,04/05/2021,N/A,N/A
grupo bimbo,6241728.22,EUR,OP-390553,15-Mar-2023,N/A,N/A
GRUPO BIMBO,2947872.81,EUR,OP-971156,2018-06-15,N/A,N/A
WALMART DE MÉXICO,433392.37,MXN,OP-120038,2020-05-12,"June 14, 2022",763
TELMEX,4079631.96,MXN,OP-707379,08/08/2020,N/A,N/A
américa móvil,1267441.86,MXN,OP-129992,"February 27, 2018",11/05/2020,982
LIVERPOOL,4669406.92,USD,OP-495990,29-Oct-2024,N/A,N/A
SORIANA,8276803.32,USD,OP-290003,24-Apr-2019,N/A,N/A
bbva méxico,6263111.68,MXN,OP-436091,2018-06-21,04/08/2021,1022
BANORTE,563249.28,USD,OP-853000,05-Jun-2016,01-Apr-2023,2491
GRUPO LALA,5015569.34,EUR,OP-322609,2019-05-22,24-Mar-2024,1768
FEMSA,5839438.31,MXN,OP-229622,30/07/2017,N/A,N/A
banorte,4953874.72,USD,OP-897021,2018-07-04,16-Dec-2024,2357
GRUPO CARSO,7989971.89,MXN,OP-449502,"April 23, 2016",2017-06-04,407
AMÉRICA MÓVIL,3620735.15,EUR,OP-383142,07/11/2019,05/03/2021,662
CEMEX,6807426.26,USD,OP-852219,16/10/2024,N/A,N/A
CEMEX,361562.58,EUR,OP-505970,23/07/2020,N/A,N/A
grupo lala,3941284.08,MXN,OP-776747,13/11/2018,N/A,N/A
GRUPO LALA,9751452.26,EUR,OP-126477,2023-02-04,N/A,N/A
alsea,7350738.19,USD,OP-358636,2017-08-09,08-Oct-2019,790
SORIANA,8409098.22,USD,OP-523732,15-Jul-2023,N/A,N/A
GRUPO BIMBO,6129872.98,EUR,OP-663845,"December 25, 2015",N/A,N/A
alsea,3234837.99,MXN,OP-672182,16-Sep-2016,N/A,N/A
soriana,9911466.8,EUR,OP-668509,"July 30, 2022",N/A,N/A
telmex,7413442.13,USD,OP-544224,21-May-2024,N/A,N/A
AMÉRICA MÓVIL,9575506.35,MXN,OP-375632,31/05/2023,N/A,N/A
LIVERPOOL,1474729.38,USD,OP-465673,10/12/2021,N/A,N/A
telmex,5763609.42,EUR,OP-892731,"June 06, 2022",N/A,N/A
PEMEX,6681984.69,USD,OP-138126,2024-12-27,N/A,N/A
bbva méxico,8542347.27,EUR,OP-388539,26/05/2022,N/A,N/A
grupo lala,9105934.5,USD,OP-502661,14/03/2017,20-Mar-2025,2928
femsa,5865377.74,EUR,OP-729729,2022-10-06,N/A,N/A
PEMEX,3756093.33,EUR,OP-749855,"October 28, 2018",N/A,N/A
américa móvil,6442397.45,MXN,OP-710393,11/01/2018,N/A,N/A
GRUPO LALA,8667797.63,MXN,OP-599588,"October 10, 2021",N/A,N/A
banorte,7855122.35,EUR,OP-363226,"July 22, 2025",N/A,N/A
ALSEA,147181.05,MXN,OP-562903,29/03/2022,N/A,N/A
FEMSA,3667433.07,USD,OP-684764,12/11/2022,N/A,N/A
SORIANA,7353421.77,EUR,OP-694437,"September 21, 2024",N/A,N/A
GRUPO BIMBO,8303236.05,USD,OP-801132,"November 20, 2019",N/A,N/A
banorte,7559224.24,MXN,OP-918246,23-Oct-2024,N/A,N/A
soriana,8980072.76,EUR,OP-375016,25-Oct-2017,N/A,N/A
telmex,4765147.86,USD,OP-930709,28-Dec-2021,27/03/2023,454
walmart de méxico,9016614.83,EUR,OP-141958,"August 23, 2022",N/A,N/A
WALMART DE MÉXICO,3778697.43,EUR,OP-444793,"May 28, 2025",N/A,N/A
soriana,9308833.16,MXN,OP-308208,29-May-2017,2020-05-24,1091
liverpool,4389929.08,USD,OP-866568,2016-05-29,2024-05-05,2898
walmart de méxico,4788750.6,EUR,OP-280215,19/05/2022,"July 16, 2022",58
banorte,545243.75,EUR,OP-402291,"March 08, 2016",2025-01-22,3242
BBVA MÉXICO,8989824.91,EUR,OP-955390,"July 06, 2018",N/A,N/A
bbva méxico,5122324.33,MXN,OP-803188,21/01/2022,26/05/2025,1221
soriana,5997133.31,MXN,OP-450666,2019-01-31,03/04/2021,763
BANORTE,1613176.13,EUR,OP-641507,30-Jul-2021,N/A,N/A
GRUPO LALA,7603813.06,EUR,OP-343766,"January 07, 2016","September 02, 2024",3161
femsa,4616336.34,MXN,OP-739050,03-Nov-2020,02/11/2023,830
telmex,384551.06,USD,OP-845440,07-Jul-2021,N/A,N/A
GRUPO CARSO,7609226.01,EUR,OP-400188,24-Nov-2021,N/A,N/A
GRUPO LALA,5675166.2,MXN,OP-832398,01-Apr-2025,N/A,N/A
TELMEX,2300454.98,EUR,OP-755875,25-May-2018,"October 27, 2020",886
TELMEX,5359626.61,MXN,OP-923561,23/11/2015,N/A,N/A
FEMSA,7099797.14,USD,OP-201140,22-Feb-2018,N/A,N/A
GRUPO BIMBO,8616321.83,MXN,OP-729534,07/11/2018,2023-10-05,1912
walmart de méxico,1946612.34,MXN,OP-598376,2017-08-29,24/03/2022,1668
liverpool,2215740.29,USD,OP-350403,12/08/2022,N/A,N/A
GRUPO MÉXICO,404239.28,MXN,OP-153475,"January 01, 2019",10/01/2022,1369
walmart de méxico,3353046.4,EUR,OP-603483,29-Apr-2019,25-Feb-2022,1033
cemex,3497951.95,MXN,OP-922160,2017-10-31,N/A,N/A
femsa,1735236.64,EUR,OP-815627,12-Mar-2018,N/A,N/A
LIVERPOOL,1889824.54,MXN,OP-159884,15/07/2020,18-Oct-2021,460
CEMEX,6281855.76,USD,OP-331073,2015-10-06,"March 12, 2022",2349
liverpool,3788793.53,EUR,OP-152186,14-Dec-2020,03/01/2022,442
grupo carso,7112941.01,USD,OP-214982,"July 25, 2023",N/A,N/A
LIVERPOOL,6361634.08,EUR,OP-408198,2017-01-22,"June 20, 2019",879
bbva méxico,9105596.83,MXN,OP-929000,2016-03-27,21-Nov-2019,1334
BBVA MÉXICO,3348797.71,EUR,OP-299090,13/11/2021,N/A,N/A
SORIANA,266646.01,USD,OP-530328,2022-02-13,N/A,N/A
liverpool,8504599.6,USD,OP-311530,2023-12-20,N/A,N/A
banorte,7448278.17,EUR,OP-305773,"September 14, 2019",N/A,N/A
BANORTE,8252646.35,USD,OP-804642,2024-04-29,N/A,N/A
LIVERPOOL,2012444.95,USD,OP-207809,2019-09-17,28/08/2024,1807
banorte,7193106.16,EUR,OP-469247,2022-03-10,N/A,N/A
ALSEA,8884219.17,MXN,OP-554051,2024-04-01,N/A,N/A
soriana,7999528.59,MXN,OP-661328,15-Jul-2025,N/A,N/A
WALMART DE MÉXICO,5492631.93,USD,OP-748368,01-Feb-2024,N/A,N/A
AMÉRICA MÓVIL,2153454.28,EUR,OP-663792,"March 18, 2023",N/A,N/A
soriana,389510.67,USD,OP-548399,"November 05, 2016",08/06/2017,274
PEMEX,8403586.26,EUR,OP-878012,2024-10-09,N/A,N/A
telmex,7641492.94,USD,OP-361102,"May 10, 2020","August 24, 2022",836
GRUPO BIMBO,5368648.69,MXN,OP-920466,24-Oct-2024,N/A,N/A
GRUPO CARSO,4244643.21,MXN,OP-401228,2018-02-12,20-Nov-2024,2473
FEMSA,2580329.23,USD,OP-702206,"June 30, 2022",2024-11-28,882
alsea,1213438.7,EUR,OP-246718,15/11/2024,N/A,N/A
BANORTE,5306441.27,MXN,OP-913413,29-Apr-2020,N/A,N/A
PEMEX,4441150.87,EUR,OP-534683,08/12/2017,2023-12-12,2313
BANORTE,7310643.99,MXN,OP-864555,"December 26, 2020","February 11, 2022",412
américa móvil,324416.85,MXN,OP-388590,20-Jul-2018,N/A,N/A
alsea,813179.14,USD,OP-278729,06-Jan-2018,04-Jun-2020,880
cemex,1301577.82,MXN,OP-346784,02-May-2023,N/A,N/A
soriana,6062629.67,EUR,OP-548766,04/10/2019,N/A,N/A
SORIANA,1760308.89,MXN,OP-362129,31/12/2019,29-Nov-2023,1429
CEMEX,4444960.81,EUR,OP-213717,2024-08-23,N/A,N/A
CEMEX,1816972.23,USD,OP-540163,"November 20, 2022",N/A,N/A
banorte,3182766.42,MXN,OP-808563,"September 04, 2019",22/04/2023,1326
ALSEA,193788.79,EUR,OP-356976,2018-09-10,N/A,N/A
LIVERPOOL,2906835.89,USD,OP-844153,2016-09-11,"October 07, 2023",2582
grupo carso,1392305.21,USD,OP-478118,2022-09-21,N/A,N/A
SORIANA,6805159.39,EUR,OP-525456,18-Dec-2015,31/12/2016,379
pemex,4306827.17,USD,OP-959133,15/12/2016,N/A,N/A
grupo bimbo,7446315.27,EUR,OP-189210,"May 11, 2024",10/05/2025,512
pemex,3376533.26,EUR,OP-906324,23/11/2024,N/A,N/A
walmart de méxico,1238467.34,EUR,OP-805756,05/07/2016,2024-10-24,3092
FEMSA,8192884.35,USD,OP-443869,2023-11-13,N/A,N/A
WALMART DE MÉXICO,7513944.15,USD,OP-569792,2023-09-29,10-Apr-2024,194
telmex,5509134.97,EUR,OP-235579,"August 05, 2021",N/A,N/A
grupo carso,294893.41,MXN,OP-359311,25/05/2019,N/A,N/A
FEMSA,8750794.81,USD,OP-348306,"February 25, 2016","September 10, 2016",198
cemex,9321343.24,MXN,OP-372280,07-Dec-2021,N/A,N/A
telmex,6645342.63,MXN,OP-135245,26/05/2021,N/A,N/A
américa móvil,6809749.22,USD,OP-595649,"May 17, 2023",N/A,N/A
grupo méxico,7337933.01,MXN,OP-262045,2022-06-01,N/A,N/A
grupo bimbo,6502184.38,EUR,OP-324849,15/01/2023,N/A,N/A
alsea,9089704.09,USD,OP-417607,17-Dec-2023,N/A,N/A
BANORTE,7090036.74,MXN,OP-500157,30-Jul-2023,N/A,N/A
banorte,1479925.72,EUR,OP-303031,21/02/2022,N/A,N/A
GRUPO LALA,7098611.69,EUR,OP-318860,"July 07, 2017","September 29, 2020",1180
femsa,4696037.01,USD,OP-573589,13-Nov-2024,26/11/2024,13
américa móvil,9871471.03,MXN,OP-391372,"September 20, 2024",N/A,N/A
grupo méxico,9045708.46,EUR,OP-101211,23/10/2023,N/A,N/A
américa móvil,923981.86,USD,OP-664187,02-May-2025,N/A,N/A
liverpool,5722610.23,USD,OP-752760,"January 23, 2020","April 27, 2023",1190
GRUPO CARSO,3251693.4,MXN,OP-425113,2016-05-13,N/A,N/A
PEMEX,7151189.37,MXN,OP-273940,21/07/2018,2020-03-04,592
femsa,905792.11,MXN,OP-551466,"May 18, 2016",2017-05-07,354
grupo carso,8540129.22,MXN,OP-816245,"September 16, 2017",N/A,N/A
soriana,9506406.0,USD,OP-416069,2025-02-12,N/A,N/A
telmex,8609491.21,MXN,OP-712282,24/11/2015,04/11/2024,3061
WALMART DE MÉXICO,6608049.11,USD,OP-293084,"September 23, 2016",12/08/2021,1902
soriana,5097958.67,EUR,OP-546025,26/01/2022,N/A,N/A
alsea,6324386.84,EUR,OP-297341,13/01/2020,11/01/2021,658
SORIANA,5204163.56,MXN,OP-215634,10/11/2019,N/A,N/A
soriana,8136055.3,USD,OP-152179,18/02/2022,N/A,N/A
WALMART DE MÉXICO,9336250.05,EUR,OP-587397,"April 02, 2016",2021-06-04,1889
grupo méxico,8342372.77,EUR,OP-998479,11/05/2024,N/A,N/A
GRUPO LALA,7290009.61,MXN,OP-543245,2017-12-23,2023-07-25,2040
grupo méxico,1822616.65,MXN,OP-389042,09/03/2024,N/A,N/A
GRUPO MÉXICO,3293844.46,MXN,OP-185585,"July 11, 2021",N/A,N/A
BBVA MÉXICO,7792959.28,MXN,OP-428452,14-Aug-2017,"February 12, 2023",2008
pemex,1325832.03,MXN,OP-446598,14-Apr-2025,N/A,N/A
FEMSA,2246518.81,MXN,OP-303328,2019-07-10,"July 19, 2019",9
alsea,1238541.44,USD,OP-932446,04/09/2023,N/A,N/A
grupo carso,8168734.48,EUR,OP-754068,23/04/2022,10/06/2024,897
WALMART DE MÉXICO,3526351.83,EUR,OP-593909,2025-08-03,N/A,N/A
WALMART DE MÉXICO,4973133.26,MXN,OP-281654,2016-05-13,2024-01-21,2809
liverpool,9477946.59,MXN,OP-596472,25/04/2022,N/A,N/A
walmart de méxico,5080409.28,EUR,OP-170107,24-Sep-2021,05-Apr-2023,558
grupo bimbo,7898634.21,EUR,OP-914502,2020-05-31,N/A,N/A
grupo bimbo,4818325.77,EUR,OP-989632,2023-11-02,10-Apr-2025,525
AMÉRICA MÓVIL,6975005.54,MXN,OP-771396,11-Jan-2018,N/A,N/A
grupo carso,6922558.06,USD,OP-420972,2016-09-02,N/A,N/A
pemex,8699383.43,USD,OP-220872,"December 30, 2024",N/A,N/A
SORIANA,3786922.61,MXN,OP-870031,"November 21, 2024",N/A,N/A
liverpool,6926337.35,USD,OP-189237,31/01/2023,30/06/2023,150
soriana,6872027.19,MXN,OP-973378,05/05/2019,"June 20, 2019",46
GRUPO MÉXICO,287748.24,EUR,OP-289958,15/07/2025,N/A,N/A
bbva méxico,1352778.72,USD,OP-752576,15-Jan-2017,18-Jul-2019,914
telmex,9854976.31,EUR,OP-973410,17-Feb-2019,N/A,N/A
soriana,613053.05,EUR,OP-465835,30-May-2016,12-Jan-2025,3149
BANORTE,8816998.37,MXN,OP-161100,21-Aug-2024,"June 11, 2025",294
PEMEX,1324679.09,MXN,OP-310456,"February 29, 2020",23-Jun-2024,1576
GRUPO BIMBO,7028223.87,USD,OP-809098,2019-01-05,N/A,N/A
LIVERPOOL,3637242.39,USD,OP-959476,14-Apr-2017,N/A,N/A
PEMEX,6410060.15,MXN,OP-894403,"September 09, 2017",N/A,N/A
TELMEX,7114960.93,EUR,OP-375509,16/12/2019,N/A,N/A
GRUPO BIMBO,9567275.84,EUR,OP-707996,08/07/2025,N/A,N/A
liverpool,3321478.32,MXN,OP-309464,18-Jun-2018,2021-12-26,1287
grupo méxico,6494285.51,EUR,OP-137182,"March 07, 2019",27/05/2022,1177
SORIANA,3269790.65,MXN,OP-657127,16-Jun-2024,N/A,N/A
GRUPO BIMBO,4094618.17,MXN,OP-625181,2016-03-08,2017-05-29,447
soriana,9158109.55,USD,OP-649259,12/06/2023,N/A,N/A
BBVA MÉXICO,358149.92,MXN,OP-169568,01-Jun-2021,24/04/2022,327
ALSEA,8391215.33,USD,OP-746681,20/07/2023,N/A,N/A
GRUPO BIMBO,2011558.35,USD,OP-909708,06-Aug-2017,08/04/2022,1824
GRUPO MÉXICO,1408426.91,MXN,OP-285750,27-Dec-2018,N/A,N/A
AMÉRICA MÓVIL,3156719.69,EUR,OP-363284,"December 22, 2015",02/03/2020,1504
bbva méxico,2316386.87,MXN,OP-310140,"June 28, 2020",N/A,N/A
grupo carso,3860852.04,EUR,OP-923911,07/02/2025,N/A,N/A
LIVERPOOL,7062698.45,EUR,OP-773184,13/11/2021,N/A,N/A
grupo carso,824810.74,EUR,OP-367682,"September 04, 2023",N/A,N/A
WALMART DE MÉXICO,2317866.79,MXN,OP-649745,09/10/2019,N/A,N/A
GRUPO MÉXICO,9915580.14,USD,OP-446181,2025-04-05,N/A,N/A
femsa,4832892.46,USD,OP-802827,11-Mar-2018,N/A,N/A
femsa,2350912.77,USD,OP-552182,"September 02, 2015",2016-08-24,357
FEMSA,3170605.11,USD,OP-391826,20-Jan-2021,N/A,N/A
CEMEX,4211172.34,MXN,OP-675439,29-Nov-2022,N/A,N/A
GRUPO BIMBO,6392381.84,EUR,OP-294429,2025-07-04,N/A,N/A
alsea,6083371.75,MXN,OP-589121,"April 20, 2024",N/A,N/A
SORIANA,2431839.27,EUR,OP-941954,2024-10-14,N/A,N/A
WALMART DE MÉXICO,9449820.91,USD,OP-232613,15-Sep-2023,2024-07-13,302
grupo bimbo,3357205.45,USD,OP-855438,"May 19, 2025",N/A,N/A
SORIANA,2243662.87,MXN,OP-654566,"January 21, 2016",14/05/2018,844
telmex,5888287.52,USD,OP-801342,"December 29, 2024",N/A,N/A
TELMEX,6106745.06,USD,OP-806853,2021-09-09,N/A,N/A
GRUPO BIMBO,8584598.48,EUR,OP-676175,2019-01-30,N/A,N/A
femsa,6474666.0,EUR,OP-471885,"May 01, 2017",N/A,N/A
TELMEX,595599.13,MXN,OP-492763,03-Feb-2022,"August 05, 2022",183
telmex,4335191.19,EUR,OP-729817,11/05/2020,2024-11-06,1462
banorte,1213531.68,EUR,OP-758925,28-Nov-2023,N/A,N/A
soriana,1346034.17,USD,OP-404563,20-Dec-2020,N/A,N/A
LIVERPOOL,4098928.5,MXN,OP-474050,03/06/2021,2025-08-17,1625
GRUPO CARSO,2126091.64,MXN,OP-589544,05-Dec-2020,02/03/2023,790
banorte,4470654.28,MXN,OP-283399,"December 07, 2023",N/A,N/A
soriana,4412292.83,MXN,OP-706433,01-Oct-2018,N/A,N/A
WALMART DE MÉXICO,1315856.04,EUR,OP-185518,2017-07-13,N/A,N/A
femsa,6530786.46,MXN,OP-935031,"July 15, 2024",N/A,N/A
cemex,5856137.46,USD,OP-397521,2020-03-25,N/A,N/A
FEMSA,279160.42,EUR,OP-782081,06-Mar-2022,N/A,N/A
liverpool,9785358.62,EUR,OP-314834,"August 22, 2018",N/A,N/A
banorte,6612820.24,MXN,OP-477048,"May 27, 2016",N/A,N/A
femsa,497137.35,EUR,OP-536903,"June 24, 2017",N/A,N/A
cemex,6912958.5,MXN,OP-109109,03/02/2020,N/A,N/A
américa móvil,9528247.47,EUR,OP-526927,29-Jun-2018,N/A,N/A
GRUPO CARSO,9266217.16,MXN,OP-641751,"April 22, 2023",N/A,N/A
ALSEA,3022327.96,USD,OP-392546,22-Dec-2017,2021-12-26,1465
SORIANA,7250505.4,EUR,OP-103628,30-Jul-2020,N/A,N/A
soriana,7428080.21,USD,OP-747046,2022-05-19,N/A,N/A
femsa,5880311.44,EUR,OP-157839,13/09/2017,N/A,N/A
grupo bimbo,9874165.99,EUR,OP-686715,"December 14, 2015",2021-09-08,2095
soriana,3897115.87,MXN,OP-495184,"January 22, 2021",N/A,N/A
banorte,5841705.67,MXN,OP-691741,"July 08, 2025",N/A,N/A
soriana,647575.63,EUR,OP-953394,12/10/2020,N/A,N/A
GRUPO MÉXICO,2212412.88,EUR,OP-728215,2021-01-16,29-Sep-2023,986
américa móvil,5515218.67,USD,OP-286011,"January 03, 2016",30/04/2017,483
AMÉRICA MÓVIL,6340046.37,EUR,OP-877605,2025-01-11,N/A,N/A
telmex,7637189.87,EUR,OP-736392,03-Jul-2024,N/A,N/A
liverpool,8507678.95,EUR,OP-491390,2022-01-03,N/A,N/A
liverpool,8231277.84,MXN,OP-379620,"March 11, 2021","October 02, 2024",1301
américa móvil,3269625.59,MXN,OP-856611,"August 08, 2024",N/A,N/A
américa móvil,2875372.22,EUR,OP-416462,05/05/2025,N/A,N/A
GRUPO BIMBO,4979081.72,MXN,OP-438462,22/09/2020,N/A,N/A
GRUPO CARSO,9263422.96,EUR,OP-873013,"October 12, 2019","January 15, 2021",461
bbva méxico,5176649.33,MXN,OP-901030,01-Mar-2023,N/A,N/A
banorte,7975957.88,MXN,OP-890687,2025-03-26,N/A,N/A
BANORTE,2156226.33,EUR,OP-917323,20/07/2024,N/A,N/A
américa móvil,2226640.91,EUR,OP-735869,26/07/2025,N/A,N/A
SORIANA,5171474.77,MXN,OP-794535,13/06/2020,N/A,N/A
TELMEX,3346964.5,EUR,OP-473845,"March 12, 2023",N/A,N/A
pemex,113539.13,MXN,OP-869003,21/01/2018,N/A,N/A
BANORTE,989778.27,USD,OP-992201,"June 16, 2021",25/05/2024,1074
BANORTE,9328580.58,USD,OP-656698,19/02/2019,N/A,N/A
grupo bimbo,3674003.64,MXN,OP-641356,2020-10-30,N/A,N/A
PEMEX,5731774.24,USD,OP-281656,2021-11-02,N/A,N/A
SORIANA,1438632.26,USD,OP-598185,2016-04-14,24-Oct-2016,193
telmex,9164587.19,EUR,OP-171098,21-Aug-2018,N/A,N/A
alsea,4936891.12,EUR,OP-960088,24-Sep-2024,N/A,N/A
LIVERPOOL,140306.77,EUR,OP-813968,24-Oct-2021,N/A,N/A
soriana,8005818.09,EUR,OP-536764,24-Mar-2021,N/A,N/A
GRUPO BIMBO,7915185.16,EUR,OP-181570,"July 21, 2020",N/A,N/A
AMÉRICA MÓVIL,3050447.61,USD,OP-624891,20/12/2023,N/A,N/A
GRUPO MÉXICO,2701104.5,MXN,OP-418586,25-Apr-2019,15/10/2022,1269
PEMEX,2860820.54,EUR,OP-527198,"August 10, 2024",N/A,N/A
BANORTE,2687843.08,MXN,OP-232040,"December 28, 2020",19/06/2025,1634
grupo carso,6814349.37,MXN,OP-345913,04-Jan-2018,24-Jun-2023,1997
grupo lala,7191273.33,USD,OP-600066,25-May-2018,N/A,N/A
soriana,1091211.72,USD,OP-278905,"November 18, 2018",N/A,N/A
grupo méxico,8166059.73,MXN,OP-871396,"January 20, 2021",N/A,N/A
américa móvil,8197260.74,USD,OP-181249,27/11/2016,N/A,N/A
américa móvil,3388584.14,USD,OP-930031,2019-01-25,N/A,N/A
liverpool,6202185.48,MXN,OP-457693,2024-09-14,N/A,N/A
grupo carso,2263106.26,USD,OP-546001,2022-11-05,18-Apr-2024,530
telmex,7995214.18,MXN,OP-454536,"July 15, 2021",13-Apr-2022,272
ALSEA,7467011.44,USD,OP-818250,2020-12-12,10/01/2023,1023
grupo carso,3224156.12,EUR,OP-227722,2022-04-18,N/A,N/A
ALSEA,1551522.72,MXN,OP-869501,"March 06, 2017",2019-06-21,837
grupo carso,6056444.28,MXN,OP-687703,06/05/2022,N/A,N/A
ALSEA,6144178.48,MXN,OP-938683,2015-10-17,"June 05, 2017",597
GRUPO MÉXICO,5348953.55,USD,OP-587235,"April 17, 2023",N/A,N/A
GRUPO BIMBO,2251825.23,USD,OP-250370,2023-11-03,N/A,N/A
GRUPO LALA,1001708.12,USD,OP-261825,29/04/2023,N/A,N/A
WALMART DE MÉXICO,9448140.91,MXN,OP-786488,"July 05, 2025",N/A,N/A
walmart de méxico,5357025.33,EUR,OP-103022,14-May-2020,N/A,N/A
GRUPO MÉXICO,8691416.71,EUR,OP-437634,02-Aug-2024,N/A,N/A
GRUPO LALA,1278051.69,MXN,OP-842214,11/03/2020,N/A,N/A
grupo carso,1963644.04,EUR,OP-124522,"December 10, 2023",N/A,N/A
grupo lala,7871932.97,EUR,OP-377217,22/08/2020,2021-09-14,388
CEMEX,3847332.55,MXN,OP-904425,26/11/2022,N/A,N/A
GRUPO BIMBO,2493954.99,MXN,OP-546001,"March 10, 2023",N/A,N/A
bbva méxico,7734279.03,USD,OP-417710,27/01/2023,N/A,N/A
WALMART DE MÉXICO,197607.79,USD,OP-343289,"June 05, 2018",18-May-2021,1078
GRUPO BIMBO,6767011.3,USD,OP-352738,2019-10-03,21/11/2020,415
américa móvil,2485696.55,USD,OP-383934,02-Jun-2017,2018-06-02,365
walmart de méxico,8085172.58,USD,OP-134358,2021-12-29,N/A,N/A
alsea,7818485.32,USD,OP-501550,2017-05-13,2022-12-07,2034
WALMART DE MÉXICO,8450428.24,EUR,OP-252028,"May 08, 2017",N/A,N/A
GRUPO BIMBO,1334383.7,USD,OP-464579,2016-07-30,28/12/2018,881
telmex,2669493.91,EUR,OP-464289,28-Jun-2024,N/A,N/A
CEMEX,1334203.88,EUR,OP-454417,01-Jan-2024,N/A,N/A
banorte,8820586.71,USD,OP-642440,"November 03, 2019",N/A,N/A
alsea,4821734.31,EUR,OP-737935,01/04/2025,N/A,N/A
GRUPO BIMBO,181668.03,USD,OP-421362,23-Feb-2022,"November 01, 2024",982
américa móvil,607057.62,MXN,OP-654686,28/05/2024,N/A,N/A
grupo bimbo,6296173.09,EUR,OP-614848,30-Jul-2019,"November 21, 2021",845
SORIANA,746401.07,USD,OP-626819,"July 16, 2018",2023-09-02,1874
telmex,6982522.2,USD,OP-392482,29-Mar-2021,N/A,N/A
bbva méxico,3426693.06,MXN,OP-356645,03-Apr-2020,16-Oct-2023,1291
BBVA MÉXICO,431417.62,USD,OP-531917,02-Oct-2017,02-Feb-2020,853
SORIANA,2489923.01,USD,OP-345798,2020-01-17,2023-11-24,1407
bbva méxico,3322355.35,MXN,OP-249252,2018-09-29,N/A,N/A
TELMEX,5323885.56,MXN,OP-452096,21-Aug-2018,N/A,N/A
grupo lala,8931824.67,MXN,OP-756889,2018-01-02,27-Jan-2023,1851
GRUPO LALA,8737867.76,EUR,OP-158776,2016-08-18,2022-04-16,2067
grupo lala,4615575.82,EUR,OP-632300,2016-05-28,03-Jul-2021,1862
grupo lala,5819575.0,EUR,OP-836066,23-Feb-2016,2024-10-05,3147
américa móvil,2030936.87,MXN,OP-200788,2019-07-22,N/A,N/A
WALMART DE MÉXICO,1999520.78,MXN,OP-504939,2021-07-05,N/A,N/A
cemex,7947383.08,USD,OP-439122,2019-07-23,N/A,N/A
alsea,5108512.51,MXN,OP-627586,"June 30, 2021",N/A,N/A
alsea,4238318.43,MXN,OP-529293,"March 27, 2020",N/A,N/A
soriana,4533352.58,USD,OP-505147,18-Aug-2018,N/A,N/A
telmex,8402135.12,EUR,OP-580344,12-Jun-2025,N/A,N/A
cemex,2566562.91,MXN,OP-675304,2019-04-30,N/A,N/A
walmart de méxico,969051.48,MXN,OP-465537,"May 11, 2020",N/A,N/A
soriana,345111.85,USD,OP-680686,18-Jan-2016,"March 01, 2024",2965
BANORTE,4694157.9,USD,OP-929395,2023-08-13,N/A,N/A
GRUPO CARSO,6235693.53,EUR,OP-905497,06-Jun-2017,08/12/2022,1893
telmex,8998350.46,EUR,OP-214507,24/01/2025,N/A,N/A
grupo lala,6514612.37,USD,OP-711669,2016-11-26,31/08/2022,2104
banorte,2256457.09,USD,OP-749963,03-Dec-2020,2024-08-16,1352
femsa,6493100.43,MXN,OP-413280,2017-11-24,17/09/2024,2489
PEMEX,3031001.5,USD,OP-372657,2024-03-07,N/A,N/A
CEMEX,9419470.36,USD,OP-942280,2022-10-07,15/06/2023,251
banorte,8714287.19,MXN,OP-664629,"December 03, 2018","June 05, 2023",1645
pemex,1897034.56,MXN,OP-838901,"January 30, 2018",29-Sep-2024,2434
ALSEA,1056499.96,EUR,OP-963022,19/03/2019,N/A,N/A
BBVA MÉXICO,1648895.72,USD,OP-233669,21-Apr-2020,"March 05, 2023",1048
liverpool,2633234.52,USD,OP-794683,"October 21, 2020",21-Nov-2023,1126
bbva méxico,3293337.16,EUR,OP-631548,14-Apr-2017,N/A,N/A
GRUPO LALA,7753654.29,MXN,OP-979157,2021-07-06,N/A,N/A
bbva méxico,1696795.32,MXN,OP-843600,2020-02-07,2024-03-16,1499
TELMEX,3114688.25,EUR,OP-919447,06/10/2017,26/03/2022,1750
bbva méxico,9504002.99,MXN,OP-623899,13-Aug-2022,N/A,N/A
liverpool,8322744.37,EUR,OP-436044,2024-05-13,N/A,N/A
GRUPO MÉXICO,9814885.0,USD,OP-664792,19/07/2021,N/A,N/A
WALMART DE MÉXICO,4361718.24,USD,OP-391975,"September 06, 2020",N/A,N/A
cemex,2658321.69,MXN,OP-646580,2019-07-10,N/A,N/A
GRUPO BIMBO,2452721.44,MXN,OP-465511,27/01/2016,N/A,N/A
AMÉRICA MÓVIL,5955605.44,USD,OP-843806,23/03/2016,07-Jan-2022,2116
bbva méxico,4824565.31,USD,OP-738125,"May 17, 2016",2024-06-09,2945
GRUPO LALA,9706392.9,USD,OP-181419,"May 08, 2016",N/A,N/A
CEMEX,230830.0,USD,OP-736959,2020-10-13,N/A,N/A
banorte,3233251.46,USD,OP-941307,01/09/2018,11/11/2024,2498
pemex,7300052.9,USD,OP-458902,16-Jun-2019,"January 02, 2024",1661
grupo méxico,5726926.58,USD,OP-299600,"July 11, 2024",N/A,N/A
telmex,9062979.58,USD,OP-992473,2017-09-16,N/A,N/A
LIVERPOOL,8676963.07,MXN,OP-288478,2023-12-04,N/A,N/A
LIVERPOOL,9532216.27,EUR,OP-267382,2024-11-19,N/A,N/A
ALSEA,8702059.07,MXN,OP-388815,"December 10, 2019",N/A,N/A
pemex,417978.75,EUR,OP-857201,14-Aug-2022,N/A,N/A
liverpool,9898937.57,EUR,OP-516843,2023-03-21,N/A,N/A
walmart de méxico,8620050.33,EUR,OP-620373,22/10/2017,02/07/2018,108
walmart de méxico,535397.21,EUR,OP-193578,2018-12-14,2020-02-04,417
FEMSA,2203694.17,EUR,OP-440344,2019-05-29,N/A,N/A
CEMEX,1024629.17,EUR,OP-968732,2020-12-22,N/A,N/A
cemex,4430507.42,MXN,OP-964376,06/07/2022,N/A,N/A
grupo carso,515027.32,MXN,OP-970995,26/07/2017,23-Mar-2021,1336
cemex,5854826.24,MXN,OP-350635,15/05/2017,14/06/2018,395
AMÉRICA MÓVIL,9724827.2,EUR,OP-254047,09-Aug-2025,N/A,N/A
grupo méxico,1741616.84,USD,OP-721699,03/08/2019,N/A,N/A
TELMEX,9497910.74,EUR,OP-255690,08-Nov-2020,N/A,N/A
CEMEX,1318006.88,USD,OP-498234,2019-03-06,N/A,N/A
walmart de méxico,8958026.55,EUR,OP-327119,"November 21, 2022",N/A,N/A
AMÉRICA MÓVIL,7323820.37,EUR,OP-740674,25/12/2018,"November 17, 2024",2154
ALSEA,6043850.69,USD,OP-990830,01/06/2021,N/A,N/A
CEMEX,160711.48,USD,OP-376312,"July 02, 2016",16/03/2025,3179
CEMEX,4387841.51,EUR,OP-963064,25/04/2025,N/A,N/A
BBVA MÉXICO,7719106.41,EUR,OP-742706,"February 21, 2016",12-Sep-2023,2760
BANORTE,3048507.01,USD,OP-385680,"July 10, 2016",02-Jul-2020,1453
BANORTE,6338278.95,MXN,OP-450218,24-Apr-2025,N/A,N/A
CEMEX,1423230.52,USD,OP-592533,"April 01, 2021",N/A,N/A
femsa,8940647.92,EUR,OP-255208,04/04/2018,12-Jan-2022,1379
TELMEX,8025894.96,USD,OP-875783,2021-10-24,N/A,N/A
walmart de méxico,6242585.74,MXN,OP-400723,04-Apr-2023,N/A,N/A
LIVERPOOL,7294448.89,MXN,OP-983634,"August 11, 2023",N/A,N/A
soriana,1504415.46,EUR,OP-321049,"December 01, 2023",N/A,N/A
grupo carso,3691017.27,MXN,OP-472442,2019-03-11,N/A,N/A
walmart de méxico,5780269.31,USD,OP-349339,"December 15, 2024",N/A,N/A
alsea,8062232.34,EUR,OP-598868,10-Jun-2018,30-Dec-2022,1664
alsea,5732972.68,USD,OP-683999,"August 14, 2023",N/A,N/A
alsea,5275456.15,USD,OP-124568,"October 28, 2015",N/A,N/A
liverpool,4556608.64,USD,OP-523330,2018-09-10,N/A,N/A
WALMART DE MÉXICO,4515897.12,EUR,OP-973232,18/07/2022,N/A,N/A
femsa,4644595.51,MXN,OP-589802,30-Aug-2016,2017-08-08,343
walmart de méxico,8355043.27,USD,OP-126518,27/04/2020,N/A,N/A
grupo carso,8447153.74,USD,OP-912712,15-Jun-2022,N/A,N/A
pemex,375732.9,MXN,OP-587859,05/02/2024,N/A,N/A
PEMEX,6239879.88,USD,OP-509570,"November 25, 2019","January 22, 2021",424
walmart de méxico,3235861.23,MXN,OP-575142,"December 17, 2018",N/A,N/A
grupo bimbo,3597949.13,MXN,OP-754092,"October 27, 2015","February 07, 2021",1930
bbva méxico,8684272.22,USD,OP-113835,2019-05-22,2022-07-05,1140
BBVA MÉXICO,3124581.66,USD,OP-949286,25-Dec-2021,06/07/2023,529
GRUPO CARSO,3196190.46,MXN,OP-228070,2021-03-23,"July 28, 2025",1588
GRUPO BIMBO,8472195.71,EUR,OP-467947,"May 19, 2017","November 07, 2023",2363
américa móvil,1913107.35,EUR,OP-113048,2016-08-13,"March 08, 2021",1668
grupo lala,5250820.84,USD,OP-697429,16-Dec-2021,18-Jul-2024,945
femsa,3357078.65,EUR,OP-572782,07/12/2023,N/A,N/A
grupo lala,5185023.33,USD,OP-191353,2016-04-02,N/A,N/A
walmart de méxico,8779494.65,MXN,OP-249222,"October 25, 2018","December 05, 2018",41
grupo méxico,6922037.12,EUR,OP-472071,2015-12-01,20/01/2023,2607
AMÉRICA MÓVIL,4846227.62,MXN,OP-670052,"July 31, 2023",N/A,N/A
grupo bimbo,363187.69,USD,OP-348792,"December 30, 2022",N/A,N/A
soriana,9443990.05,EUR,OP-198290,2021-12-19,06/03/2024,897
GRUPO CARSO,9510720.55,MXN,OP-790727,2021-11-01,18/12/2022,412
GRUPO CARSO,432095.91,MXN,OP-178519,2016-11-11,06-Aug-2021,1729
FEMSA,4704479.23,USD,OP-691583,28/11/2015,N/A,N/A
soriana,8579067.31,USD,OP-720173,28/07/2017,2020-05-03,1010
bbva méxico,789597.57,USD,OP-434982,08-Sep-2023,N/A,N/A
LIVERPOOL,2056584.54,USD,OP-615736,28-Mar-2018,N/A,N/A
telmex,2647760.91,EUR,OP-622510,05/03/2017,"September 23, 2024",2700
soriana,7755413.05,EUR,OP-361631,"September 09, 2017",21/03/2019,558
femsa,6990144.97,MXN,OP-880924,"June 07, 2024",N/A,N/A
BBVA MÉXICO,4828190.01,EUR,OP-637574,2021-01-09,N/A,N/A
banorte,8736970.52,USD,OP-855285,23-Oct-2015,N/A,N/A
GRUPO MÉXICO,5437439.02,USD,OP-500380,03/04/2018,N/A,N/A
liverpool,4413487.81,MXN,OP-657936,"June 04, 2018",N/A,N/A
grupo lala,7508994.3,USD,OP-384218,17-Dec-2020,N/A,N/A
cemex,2424077.74,MXN,OP-934617,"April 26, 2025",N/A,N/A
américa móvil,3501507.81,MXN,OP-630328,2021-06-29,19-May-2024,1055
CEMEX,1661350.82,MXN,OP-457204,05/12/2016,N/A,N/A
AMÉRICA MÓVIL,1580396.11,MXN,OP-105202,17-Jan-2018,N/A,N/A
grupo bimbo,3766646.55,MXN,OP-517343,"November 04, 2023",N/A,N/A
grupo carso,6675834.21,EUR,OP-678796,"June 20, 2020",N/A,N/A
GRUPO LALA,6096516.24,USD,OP-129459,"July 11, 2020","September 26, 2020",77
bbva méxico,6955734.59,EUR,OP-285094,03-Jan-2017,N/A,N/A
WALMART DE MÉXICO,9371448.94,MXN,OP-913550,"April 15, 2016",2021-11-17,2042
GRUPO BIMBO,8827386.63,EUR,OP-586086,2024-10-19,N/A,N/A
alsea,3262521.86,EUR,OP-173141,"June 16, 2021",N/A,N/A
telmex,1147887.93,EUR,OP-263771,"August 12, 2017",N/A,N/A
cemex,8053730.28,MXN,OP-582624,25/05/2017,29/10/2022,1983
bbva méxico,6894589.88,MXN,OP-973842,2018-06-30,04/04/2019,278
grupo méxico,1801013.22,EUR,OP-696348,2019-06-24,09/03/2024,1898
AMÉRICA MÓVIL,1342846.58,EUR,OP-142631,2016-05-17,15/09/2019,1216
femsa,602781.58,EUR,OP-651081,13-Feb-2025,"May 05, 2025",81
grupo lala,8510374.74,USD,OP-727911,23/03/2019,N/A,N/A
grupo carso,6454205.95,EUR,OP-102777,"September 10, 2017",N/A,N/A
GRUPO BIMBO,1607615.48,MXN,OP-162093,28-Jun-2024,"August 31, 2024",64
cemex,4874334.39,USD,OP-716205,"February 25, 2022",N/A,N/A
FEMSA,1767508.96,EUR,OP-969478,08-Oct-2021,N/A,N/A
GRUPO MÉXICO,9587888.14,EUR,OP-142076,2025-01-27,N/A,N/A
LIVERPOOL,7027105.74,EUR,OP-346442,13/11/2024,N/A,N/A
AMÉRICA MÓVIL,3164514.09,MXN,OP-828166,10-Jun-2025,N/A,N/A
pemex,8472472.32,USD,OP-911787,25-Aug-2021,20/09/2023,756
ALSEA,6999295.43,MXN,OP-330144,16-May-2017,26/06/2017,41
grupo carso,330270.98,EUR,OP-571531,2019-11-17,N/A,N/A
GRUPO CARSO,3753925.35,EUR,OP-922965,2024-07-17,N/A,N/A
BANORTE,5322271.44,MXN,OP-437209,27-Jun-2017,"February 07, 2022",1686
TELMEX,4085577.52,USD,OP-947002,07-Feb-2019,N/A,N/A
BANORTE,1588858.67,EUR,OP-935479,24/03/2021,N/A,N/A
grupo bimbo,5454491.37,EUR,OP-778436,2023-09-23,N/A,N/A
telmex,8439167.72,USD,OP-148439,2022-08-01,N/A,N/A
GRUPO CARSO,9830643.6,USD,OP-698802,2025-08-16,N/A,N/A
grupo carso,6283890.42,MXN,OP-558917,12-Oct-2019,06-Mar-2025,1972
SORIANA,6966580.1,MXN,OP-641335,22/11/2023,06-Mar-2025,470
BBVA MÉXICO,6734824.52,MXN,OP-641494,2024-01-02,N/A,N/A
bbva méxico,9093062.74,USD,OP-810153,11-Nov-2017,2018-08-02,264
GRUPO MÉXICO,2563543.95,USD,OP-750669,18-Apr-2021,"March 11, 2025",1423
grupo carso,8180933.43,USD,OP-540493,"March 09, 2021",N/A,N/A
GRUPO LALA,6586539.93,MXN,OP-704612,"March 23, 2024",N/A,N/A
PEMEX,7668001.69,MXN,OP-172211,"August 04, 2020",06-Nov-2020,94
grupo carso,9669192.76,USD,OP-148929,09/10/2024,"May 06, 2025",238
grupo lala,9596275.18,EUR,OP-131333,07/10/2024,23-Jul-2024,13
walmart de méxico,627400.03,USD,OP-160445,2016-08-22,06-Feb-2022,1994
LIVERPOOL,3178659.33,MXN,OP-611945,"May 10, 2016",N/A,N/A
telmex,5691761.73,MXN,OP-550596,13/02/2021,N/A,N/A
GRUPO MÉXICO,4887618.41,MXN,OP-307068,14-Mar-2023,N/A,N/A
LIVERPOOL,4519249.05,EUR,OP-851121,10/06/2017,"June 04, 2019",606
grupo lala,9189636.84,MXN,OP-860497,2017-07-21,N/A,N/A
cemex,3236373.45,USD,OP-434081,10-Mar-2019,N/A,N/A
walmart de méxico,7710300.53,USD,OP-997373,14-Sep-2018,"March 22, 2020",555
pemex,9855195.27,MXN,OP-565899,"April 10, 2021",N/A,N/A
TELMEX,4364480.8,USD,OP-685724,26-Aug-2016,N/A,N/A
AMÉRICA MÓVIL,1796933.61,EUR,OP-616089,17-Jul-2018,N/A,N/A
grupo méxico,5519403.78,EUR,OP-654849,"June 28, 2025",N/A,N/A
cemex,6993299.21,MXN,OP-763836,02-Nov-2015,11/09/2017,738
grupo lala,8388512.76,EUR,OP-600502,19/02/2016,2020-01-07,1418
pemex,7969221.45,EUR,OP-652646,07/03/2024,N/A,N/A
FEMSA,1452305.78,MXN,OP-546243,"July 19, 2016",2025-02-05,3123
WALMART DE MÉXICO,856266.79,MXN,OP-966108,03/04/2021,N/A,N/A
PEMEX,9689268.39,MXN,OP-527024,2021-06-11,N/A,N/A
grupo méxico,2036677.46,MXN,OP-295129,10/06/2019,N/A,N/A
grupo méxico,7402018.76,MXN,OP-959938,19-Jun-2024,N/A,N/A
américa móvil,1582342.22,USD,OP-694601,2020-08-20,N/A,N/A
grupo bimbo,2320827.78,MXN,OP-354806,05-Dec-2024,N/A,N/A
FEMSA,8603340.39,EUR,OP-558983,18/08/2016,N/A,N/A
GRUPO LALA,5877827.17,USD,OP-326580,2022-02-05,2022-10-20,257
walmart de méxico,6588847.18,MXN,OP-530111,08-Jun-2022,N/A,N/A
alsea,6555127.36,EUR,OP-480648,2017-12-23,N/A,N/A
walmart de méxico,7473719.44,EUR,OP-469327,2023-03-24,N/A,N/A
grupo carso,706831.09,EUR,OP-400973,01-Jul-2019,11-Dec-2023,1624
GRUPO BIMBO,7645371.99,MXN,OP-678302,17/08/2019,N/A,N/A
alsea,9811904.97,USD,OP-619765,22-Apr-2022,N/A,N/A
FEMSA,6166828.92,MXN,OP-239641,05/11/2016,20-Mar-2022,2139
liverpool,9716756.8,MXN,OP-744885,15/05/2022,N/A,N/A
bbva méxico,4689678.0,USD,OP-316873,2016-03-07,"September 09, 2016",186
cemex,4750476.54,EUR,OP-281909,07-Nov-2019,N/A,N/A
GRUPO BIMBO,1407715.25,MXN,OP-410493,03/09/2021,N/A,N/A
grupo bimbo,3738269.07,EUR,OP-328283,10-Dec-2015,N/A,N/A
TELMEX,5014505.9,EUR,OP-572568,"September 13, 2023",N/A,N/A
BANORTE,3307285.74,MXN,OP-255453,13-Oct-2018,17-Apr-2022,1282
pemex,3317175.83,MXN,OP-916278,"January 26, 2018",N/A,N/A
SORIANA,8580087.82,EUR,OP-141800,"August 05, 2017",12-Oct-2018,433
CEMEX,973152.67,EUR,OP-286422,16/07/2021,09-Aug-2022,389
bbva méxico,6833571.48,USD,OP-390761,18-Dec-2023,N/A,N/A
GRUPO CARSO,6132581.8,EUR,OP-906200,"December 15, 2024",N/A,N/A
ALSEA,318765.86,MXN,OP-356739,2019-08-21,2024-02-21,1645
pemex,4123023.6,MXN,OP-652844,2019-03-13,N/A,N/A
grupo méxico,5930034.27,MXN,OP-732940,2016-03-29,2022-04-17,2210
WALMART DE MÉXICO,5024446.67,EUR,OP-402084,"July 13, 2018",N/A,N/A
BANORTE,8803086.52,MXN,OP-979801,2021-11-29,N/A,N/A
alsea,4653189.75,EUR,OP-819971,25-Aug-2022,N/A,N/A
TELMEX,2220650.64,EUR,OP-587009,2025-02-17,N/A,N/A
TELMEX,6518498.04,MXN,OP-635634,"November 13, 2016",N/A,N/A
liverpool,3170413.5,MXN,OP-660335,"March 07, 2023",N/A,N/A
grupo méxico,4984659.05,EUR,OP-420129,05/11/2017,N/A,N/A
LIVERPOOL,9254352.67,USD,OP-834686,2017-03-15,"December 03, 2019",993
cemex,4157261.71,USD,OP-752392,"November 23, 2015",14-Jul-2021,2060
SORIANA,3935326.38,EUR,OP-982585,"May 04, 2025",N/A,N/A
CEMEX,6502459.52,USD,OP-434350,"August 13, 2018",2018-10-09,57
femsa,5391282.5,MXN,OP-811605,17-Feb-2021,N/A,N/A
CEMEX,5058690.73,EUR,OP-982779,"May 08, 2021",N/A,N/A
liverpool,2933347.55,USD,OP-216734,13/03/2022,2022-10-22,223
grupo carso,7825703.47,USD,OP-618726,2022-03-12,N/A,N/A
grupo carso,7928594.32,EUR,OP-868012,2016-07-08,N/A,N/A
cemex,5869033.16,USD,OP-233349,2023-03-13,28/01/2025,687
telmex,1962270.85,USD,OP-267204,2021-12-04,09/08/2024,1009
cemex,7966147.13,USD,OP-150088,04-Jan-2024,N/A,N/A
grupo méxico,6439195.63,EUR,OP-448446,2021-02-27,2025-05-17,1540
WALMART DE MÉXICO,7599715.36,USD,OP-897086,2018-11-05,17/06/2021,955
BANORTE,2577664.96,MXN,OP-336672,06/12/2017,N/A,N/A
grupo lala,3557497.02,USD,OP-505961,2018-04-26,N/A,N/A
PEMEX,1097539.05,EUR,OP-993816,"October 20, 2018",2023-11-27,1864
alsea,4923886.41,USD,OP-233217,2016-05-16,03-Jun-2017,383
liverpool,3095319.36,EUR,OP-240870,2021-12-06,N/A,N/A
américa móvil,6759985.79,EUR,OP-828450,12/01/2023,N/A,N/A
GRUPO LALA,4687456.02,MXN,OP-335194,2022-12-28,N/A,N/A
bbva méxico,5734103.78,USD,OP-292926,15/11/2017,N/A,N/A
BANORTE,2138798.28,MXN,OP-249774,04/10/2022,05/08/2024,759
soriana,6241299.48,EUR,OP-881199,"November 06, 2023",N/A,N/A
walmart de méxico,3703280.72,USD,OP-436668,"February 18, 2024",N/A,N/A
PEMEX,6765718.22,EUR,OP-290233,03-Jul-2017,N/A,N/A
femsa,4201103.84,MXN,OP-308750,28-Aug-2021,N/A,N/A
PEMEX,2493472.91,MXN,OP-607785,"June 26, 2021",N/A,N/A
GRUPO CARSO,1724277.31,MXN,OP-750708,"October 07, 2016",N/A,N/A
GRUPO LALA,797406.58,USD,OP-815359,2018-07-02,04-Nov-2023,1951
grupo bimbo,3526165.85,MXN,OP-406600,2021-12-31,2023-11-18,687
grupo méxico,3968016.74,MXN,OP-468321,"March 10, 2024",N/A,N/A
GRUPO LALA,7870366.38,MXN,OP-610198,11/07/2022,N/A,N/A
cemex,2600439.25,EUR,OP-836265,06-Jan-2024,N/A,N/A
ALSEA,7575152.87,MXN,OP-340455,2016-07-17,"February 26, 2022",2050
ALSEA,6174687.63,MXN,OP-782715,"January 27, 2023",08-Mar-2024,406
CEMEX,862678.14,EUR,OP-308991,29/12/2024,N/A,N/A
BBVA MÉXICO,3499564.76,EUR,OP-299588,07-Dec-2018,"February 01, 2025",2248
BBVA MÉXICO,8704221.76,EUR,OP-774805,"February 16, 2022",N/A,N/A
BBVA MÉXICO,882202.77,EUR,OP-405218,26-Jan-2022,2023-05-03,462
SORIANA,4630677.98,MXN,OP-444632,09-Feb-2021,N/A,N/A
ALSEA,7608362.77,MXN,OP-489138,"May 01, 2025",N/A,N/A
LIVERPOOL,6615190.68,EUR,OP-788758,23-Mar-2023,N/A,N/A
cemex,7273952.99,USD,OP-870270,"May 24, 2021",N/A,N/A
GRUPO BIMBO,8442480.89,MXN,OP-543520,"August 12, 2023",N/A,N/A
soriana,965502.38,EUR,OP-315430,"May 13, 2022",N/A,N/A
GRUPO LALA,2536565.04,EUR,OP-221074,12/04/2017,N/A,N/A
soriana,3990089.83,EUR,OP-701923,23-Dec-2022,N/A,N/A
telmex,2389876.51,MXN,OP-463041,27-Dec-2022,N/A,N/A
SORIANA,5308421.85,EUR,OP-144859,2022-08-15,N/A,N/A
CEMEX,8938669.71,USD,OP-712124,17-Oct-2024,N/A,N/A
GRUPO BIMBO,3130789.85,EUR,OP-692449,15/12/2019,N/A,N/A
liverpool,7557933.3,MXN,OP-626156,03-Sep-2022,20/06/2024,656
GRUPO MÉXICO,859217.57,USD,OP-795313,"January 16, 2017",21-Jun-2022,1982
BANORTE,3161233.49,EUR,OP-530944,16/03/2016,22/09/2020,1651
SORIANA,2634287.68,USD,OP-811841,"August 09, 2025",N/A,N/A
WALMART DE MÉXICO,1446621.8,USD,OP-844348,"September 09, 2024",N/A,N/A
américa móvil,4988841.33,MXN,OP-640527,2020-08-23,05-May-2025,1716
GRUPO LALA,8187788.78,USD,OP-789129,07/05/2020,N/A,N/A
grupo méxico,1382315.99,EUR,OP-736465,26-Mar-2024,N/A,N/A
AMÉRICA MÓVIL,6644025.93,MXN,OP-806459,"August 08, 2023",N/A,N/A
grupo lala,2578494.87,USD,OP-102075,23-Mar-2022,N/A,N/A
walmart de méxico,7240106.94,USD,OP-706936,2021-01-25,N/A,N/A
GRUPO LALA,1137402.95,MXN,OP-931241,2019-12-03,N/A,N/A
cemex,4968925.6,MXN,OP-619360,2020-07-14,N/A,N/A
alsea,2372584.52,USD,OP-631131,2024-05-12,N/A,N/A
soriana,5756097.56,USD,OP-284023,"September 10, 2015",N/A,N/A
grupo carso,6906981.33,EUR,OP-576652,2015-10-30,"March 15, 2019",1232
cemex,8014918.6,MXN,OP-234253,"October 27, 2022",03-Aug-2023,280
alsea,4078799.75,EUR,OP-628636,08-Nov-2023,N/A,N/A
telmex,2970137.87,MXN,OP-515033,21/06/2017,N/A,N/A
SORIANA,7444202.15,MXN,OP-105391,2023-11-12,N/A,N/A
LIVERPOOL,9965868.69,USD,OP-880564,"November 10, 2018",2022-07-20,1348
GRUPO BIMBO,8472972.94,EUR,OP-205282,08-Sep-2015,08/07/2025,3621
femsa,1870807.67,MXN,OP-420567,25-Feb-2022,N/A,N/A
GRUPO CARSO,3398696.74,MXN,OP-958810,"September 07, 2016","March 06, 2023",2371
femsa,6153607.8,USD,OP-430481,"September 21, 2023",N/A,N/A
GRUPO CARSO,465370.32,USD,OP-798991,"June 22, 2019",N/A,N/A
banorte,495611.65,MXN,OP-161909,2022-03-07,N/A,N/A
LIVERPOOL,4569691.84,USD,OP-803956,"October 16, 2024",N/A,N/A
pemex,1989197.21,EUR,OP-822076,29/11/2020,"January 31, 2023",793
CEMEX,883943.75,MXN,OP-116366,28-Mar-2024,N/A,N/A
grupo carso,2569373.34,MXN,OP-464021,14/10/2020,N/A,N/A
AMÉRICA MÓVIL,3422980.82,MXN,OP-584542,06/01/2022,N/A,N/A
GRUPO MÉXICO,4282203.04,USD,OP-261770,2023-06-25,N/A,N/A
bbva méxico,517306.08,EUR,OP-707711,2018-05-30,N/A,N/A
LIVERPOOL,2657028.24,USD,OP-694404,2020-10-24,N/A,N/A
grupo carso,8402336.44,EUR,OP-657096,16-Jun-2017,13-Nov-2020,1246
SORIANA,2319773.61,MXN,OP-255954,2024-07-15,N/A,N/A
ALSEA,7687712.03,USD,OP-876948,23-Apr-2019,N/A,N/A
ALSEA,2524136.27,USD,OP-513074,02/09/2022,N/A,N/A
GRUPO CARSO,4420379.44,USD,OP-320801,"August 15, 2022",N/A,N/A
TELMEX,5770077.12,USD,OP-242074,29/01/2020,01-Mar-2023,1127
AMÉRICA MÓVIL,1103150.69,USD,OP-428426,11/11/2021,N/A,N/A
soriana,9135573.74,EUR,OP-402320,20-Dec-2020,N/A,N/A
GRUPO CARSO,2556808.89,EUR,OP-526963,09-Mar-2019,"July 03, 2021",847
FEMSA,6583364.38,EUR,OP-871182,23/04/2025,N/A,N/A
CEMEX,464052.79,MXN,OP-203191,"February 02, 2022",N/A,N/A
AMÉRICA MÓVIL,2820283.7,EUR,OP-161908,"September 11, 2017",N/A,N/A
alsea,602345.32,MXN,OP-470859,19/10/2019,N/A,N/A
WALMART DE MÉXICO,2156566.36,MXN,OP-137248,"December 10, 2016",N/A,N/A
GRUPO CARSO,5499552.76,MXN,OP-943596,16-Dec-2015,"January 20, 2018",766
femsa,8248648.48,USD,OP-945550,23/12/2020,N/A,N/A
WALMART DE MÉXICO,1440285.83,MXN,OP-933720,17/11/2021,N/A,N/A
pemex,337257.28,EUR,OP-278981,17-May-2021,20/05/2021,3
telmex,706919.86,EUR,OP-739299,20/12/2016,2020-07-19,1307
AMÉRICA MÓVIL,7066763.87,USD,OP-873536,17/03/2024,N/A,N/A
TELMEX,7419858.86,MXN,OP-967748,"September 17, 2018",21-Oct-2018,34
grupo bimbo,4069101.32,EUR,OP-514486,"June 20, 2019",N/A,N/A
liverpool,2413765.64,USD,OP-935708,2025-03-06,N/A,N/A
banorte,7836859.39,MXN,OP-978016,17/06/2016,N/A,N/A
BBVA MÉXICO,929161.51,USD,OP-783140,2016-08-07,N/A,N/A
CEMEX,6797761.17,EUR,OP-281324,31-Mar-2025,N/A,N/A
soriana,8282161.23,EUR,OP-369292,"April 11, 2020",N/A,N/A
GRUPO CARSO,6217039.67,EUR,OP-609512,25/02/2018,24/05/2021,1184
BANORTE,3484708.12,EUR,OP-823546,18/07/2020,28-May-2021,314
ALSEA,3141641.02,EUR,OP-531514,01/06/2023,N/A,N/A
grupo bimbo,8515625.85,MXN,OP-563676,03/01/2016,N/A,N/A
TELMEX,7000118.19,EUR,OP-158649,2024-08-01,N/A,N/A
FEMSA,9027448.34,MXN,OP-908872,25/06/2017,N/A,N/A
GRUPO CARSO,3218720.06,EUR,OP-972830,2022-12-11,N/A,N/A
CEMEX,3710906.28,MXN,OP-824170,14/07/2019,2024-02-25,1687
walmart de méxico,9893297.04,USD,OP-246381,"September 08, 2023",N/A,N/A
grupo bimbo,372136.73,MXN,OP-867823,27-Jan-2020,21-Oct-2024,1729
alsea,8234125.66,MXN,OP-318549,01/06/2025,07/05/2025,180
BBVA MÉXICO,9375077.07,MXN,OP-103735,05-Nov-2016,15-Feb-2021,1563
grupo bimbo,8315383.18,MXN,OP-929222,"May 16, 2020",2025-02-08,1729
CEMEX,7392482.53,EUR,OP-446699,"December 20, 2023",N/A,N/A
FEMSA,9559376.39,USD,OP-121102,"September 01, 2019",N/A,N/A
cemex,1722954.38,USD,OP-861708,20-Nov-2016,N/A,N/A
grupo carso,2427996.73,USD,OP-742540,11/01/2022,N/A,N/A
grupo lala,2107220.17,USD,OP-515203,10/02/2018,N/A,N/A
GRUPO MÉXICO,6064060.69,EUR,OP-218265,01/02/2022,N/A,N/A
grupo bimbo,833302.24,EUR,OP-161472,02/06/2023,N/A,N/A
LIVERPOOL,1569083.61,MXN,OP-462898,17-Aug-2019,21-Nov-2024,1923
américa móvil,1716899.26,EUR,OP-843762,15-Aug-2021,N/A,N/A
BANORTE,6987517.23,USD,OP-441956,"December 29, 2023",N/A,N/A
grupo bimbo,2917542.11,MXN,OP-119725,17-Sep-2019,N/A,N/A
CEMEX,2206720.53,USD,OP-770267,11-Apr-2017,27/11/2020,1326
pemex,8332147.5,EUR,OP-862966,17/12/2019,08-Oct-2023,1391
bbva méxico,1467382.43,USD,OP-764772,2025-02-15,21-May-2025,95
banorte,1060034.88,EUR,OP-148780,19/03/2023,N/A,N/A
grupo carso,323516.35,EUR,OP-691221,"August 23, 2020",N/A,N/A
soriana,8970102.47,USD,OP-568219,19-Sep-2019,N/A,N/A
BANORTE,3347050.42,EUR,OP-642581,"April 29, 2019",2020-09-17,507
LIVERPOOL,1701021.26,MXN,OP-672989,10/07/2025,N/A,N/A
telmex,9530873.5,EUR,OP-870579,07/10/2021,N/A,N/A
ALSEA,5834324.16,MXN,OP-348444,"April 26, 2024",N/A,N/A
soriana,6423173.36,USD,OP-766445,2023-06-07,N/A,N/A
grupo carso,2407645.57,EUR,OP-747063,01-Sep-2016,09/04/2020,1464
américa móvil,979265.31,MXN,OP-683376,"July 03, 2021",28-Jun-2022,360
ALSEA,7965342.73,USD,OP-163395,13-Feb-2017,05/05/2019,811
SORIANA,5340926.54,EUR,OP-237891,2025-07-14,N/A,N/A
ALSEA,9989669.17,EUR,OP-772672,"May 10, 2020",03/01/2025,1756
GRUPO BIMBO,1791457.23,MXN,OP-882229,16/10/2024,N/A,N/A
FEMSA,5787965.47,MXN,OP-664739,27-Apr-2020,09-Oct-2023,1260
AMÉRICA MÓVIL,1867751.38,MXN,OP-366912,2018-05-30,02/09/2021,986
américa móvil,5614732.57,USD,OP-845790,"November 30, 2023",N/A,N/A
bbva méxico,9713774.99,USD,OP-826326,2025-01-26,N/A,N/A
GRUPO CARSO,8911215.67,USD,OP-190546,04-Nov-2019,2025-06-08,2043
soriana,7783744.82,USD,OP-580662,25/07/2020,N/A,N/A
bbva méxico,3869537.58,USD,OP-165560,22-Jan-2023,N/A,N/A
cemex,6654183.53,USD,OP-755893,2016-08-15,26-Nov-2024,3025
walmart de méxico,515908.82,USD,OP-158459,2018-06-20,14-Jun-2021,1090
WALMART DE MÉXICO,5793346.67,EUR,OP-687112,"November 21, 2023",N/A,N/A
liverpool,6690024.86,EUR,OP-868647,17-Nov-2023,N/A,N/A
grupo bimbo,3916911.08,MXN,OP-552387,07-Feb-2021,N/A,N/A
GRUPO LALA,8373457.37,MXN,OP-383516,2017-06-17,N/A,N/A
WALMART DE MÉXICO,2794437.39,MXN,OP-515251,2022-10-21,N/A,N/A
GRUPO BIMBO,102199.07,EUR,OP-492172,2021-03-27,30-Aug-2022,521
CEMEX,7089794.13,MXN,OP-317682,19-Sep-2016,N/A,N/A
femsa,8818846.89,MXN,OP-183570,"November 25, 2024",N/A,N/A
soriana,2225219.29,USD,OP-252698,2022-03-31,N/A,N/A
grupo carso,7746983.13,MXN,OP-585187,"October 05, 2015","February 29, 2016",147
BBVA MÉXICO,9078340.62,USD,OP-978978,19/07/2017,26-Dec-2022,1986
WALMART DE MÉXICO,4363084.59,EUR,OP-921798,2020-06-16,04/07/2024,1391
femsa,6640251.88,MXN,OP-851878,"February 27, 2017",02-Aug-2022,1982
GRUPO LALA,792060.1,USD,OP-355909,"May 06, 2018","July 11, 2025",2623
femsa,8543234.69,MXN,OP-230829,10-May-2021,"July 08, 2024",1155
femsa,3743899.65,MXN,OP-134677,2024-07-17,N/A,N/A
CEMEX,1620824.17,MXN,OP-175700,25-Aug-2017,15/07/2022,1785
BBVA MÉXICO,3721011.99,USD,OP-275121,14-Feb-2016,N/A,N/A
cemex,7569985.08,USD,OP-192835,22/07/2018,N/A,N/A
telmex,491384.61,MXN,OP-862765,11-Aug-2018,N/A,N/A
banorte,8154400.06,USD,OP-545847,26/04/2024,N/A,N/A
WALMART DE MÉXICO,662814.52,MXN,OP-628668,24/11/2021,01-Nov-2023,707
bbva méxico,516022.1,MXN,OP-405649,04-Sep-2016,"April 19, 2025",3149
américa móvil,2902175.96,MXN,OP-163208,"May 20, 2025",N/A,N/A
soriana,7370100.08,MXN,OP-621033,"April 11, 2018",N/A,N/A
walmart de méxico,8444603.66,USD,OP-425121,06/10/2017,N/A,N/A
américa móvil,7763265.45,USD,OP-149955,21-Oct-2024,N/A,N/A
CEMEX,5656675.04,MXN,OP-113500,2024-03-05,N/A,N/A
grupo carso,5175501.44,MXN,OP-506879,26/12/2019,N/A,N/A
telmex,6332182.73,MXN,OP-699880,2021-01-28,N/A,N/A
FEMSA,1339694.69,MXN,OP-598948,25-Jun-2019,N/A,N/A
banorte,1758049.27,MXN,OP-601361,18-Nov-2021,"February 08, 2023",447
GRUPO MÉXICO,407325.11,MXN,OP-882724,06-Dec-2024,N/A,N/A
AMÉRICA MÓVIL,1203941.29,MXN,OP-462633,"March 05, 2019",2021-08-27,906
FEMSA,7664616.42,USD,OP-121708,18/08/2019,N/A,N/A
GRUPO LALA,822120.08,MXN,OP-605573,12-Sep-2018,09/03/2024,2183
SORIANA,6825752.15,USD,OP-486025,2021-11-12,N/A,N/A
walmart de méxico,9943470.72,MXN,OP-104282,21/07/2021,29/05/2023,677
pemex,6753290.1,EUR,OP-717615,25/05/2021,19-Jun-2021,25
femsa,4701408.65,EUR,OP-968032,08/07/2025,N/A,N/A
cemex,9629572.89,EUR,OP-804357,2024-09-07,N/A,N/A
GRUPO LALA,4002668.55,EUR,OP-771579,"November 22, 2019",N/A,N/A
PEMEX,2068039.03,MXN,OP-964053,"February 25, 2022",N/A,N/A
femsa,444122.8,USD,OP-965572,05-Jul-2023,N/A,N/A
grupo bimbo,1289734.09,MXN,OP-869617,22/06/2025,N/A,N/A
ALSEA,2938442.45,USD,OP-748391,"April 10, 2022",22/06/2022,73
pemex,3201128.11,USD,OP-251056,12-Feb-2025,N/A,N/A
américa móvil,3107039.87,USD,OP-875219,2015-12-22,23/04/2025,3410
walmart de méxico,2006587.05,MXN,OP-130320,26/03/2025,N/A,N/A
GRUPO MÉXICO,1711952.57,EUR,OP-849528,2020-08-27,N/A,N/A
grupo lala,2057978.87,EUR,OP-158894,2025-06-14,"July 22, 2025",38
grupo bimbo,2543223.75,MXN,OP-368105,06-Dec-2020,N/A,N/A
grupo bimbo,6943671.97,EUR,OP-807926,21-Mar-2019,N/A,N/A
BANORTE,933045.84,USD,OP-819208,13/01/2021,N/A,N/A
GRUPO CARSO,9804371.41,USD,OP-789714,28-Oct-2024,N/A,N/A
américa móvil,5480887.61,USD,OP-194842,04-May-2017,"July 08, 2018",430
WALMART DE MÉXICO,219265.77,USD,OP-372570,25-Aug-2019,N/A,N/A
PEMEX,9212631.22,USD,OP-605438,"May 21, 2025",N/A,N/A
GRUPO BIMBO,7386800.46,USD,OP-748207,"November 18, 2015",23/08/2021,2105
GRUPO CARSO,2820760.76,EUR,OP-282930,26/06/2025,N/A,N/A
telmex,5520250.37,USD,OP-540923,18-Aug-2023,N/A,N/A
grupo carso,1566074.44,USD,OP-255945,2024-04-10,N/A,N/A
CEMEX,7348136.53,MXN,OP-465853,14/07/2025,N/A,N/A
bbva méxico,5885881.32,USD,OP-206737,25-Dec-2021,10-Feb-2022,47
GRUPO CARSO,5700285.41,MXN,OP-634990,28/11/2016,2017-04-17,140
TELMEX,1033028.58,USD,OP-813951,22-Sep-2017,N/A,N/A
WALMART DE MÉXICO,124996.35,USD,OP-341954,"July 09, 2021",15/12/2022,524
cemex,2766505.13,MXN,OP-629936,2022-02-04,N/A,N/A
LIVERPOOL,5752613.52,USD,OP-440135,2023-04-24,N/A,N/A
WALMART DE MÉXICO,8574933.01,EUR,OP-424949,2016-06-09,"September 17, 2024",3022
GRUPO BIMBO,2500889.28,MXN,OP-296094,"August 01, 2019",N/A,N/A
grupo méxico,2174934.39,MXN,OP-571589,2016-12-09,2025-01-15,2959
liverpool,9823740.94,EUR,OP-545778,28-Apr-2023,18/01/2024,265
FEMSA,4611898.71,USD,OP-820678,19-Mar-2022,N/A,N/A
grupo lala,8808059.11,MXN,OP-753499,2018-12-13,26-Nov-2021,1079
FEMSA,122380.56,MXN,OP-230481,05/09/2017,"July 07, 2020",1155
banorte,5347602.11,MXN,OP-658323,07-Nov-2023,N/A,N/A
WALMART DE MÉXICO,6508682.89,USD,OP-375113,07/05/2024,25/01/2025,204
AMÉRICA MÓVIL,7689226.19,USD,OP-457801,2018-09-29,"April 18, 2021",932
telmex,8123661.46,USD,OP-309944,29-Jun-2022,N/A,N/A
BANORTE,7181714.89,MXN,OP-966122,2021-03-21,11-Jun-2023,812
BBVA MÉXICO,1032049.92,EUR,OP-812790,20/11/2021,2023-06-22,579
FEMSA,5026801.61,EUR,OP-609540,2024-05-19,N/A,N/A
femsa,4119177.54,EUR,OP-119626,2018-12-19,2021-10-02,1018
grupo méxico,537152.81,MXN,OP-789260,21-May-2020,N/A,N/A
banorte,1888037.24,MXN,OP-230739,2019-05-28,N/A,N/A
AMÉRICA MÓVIL,1858259.07,MXN,OP-467978,"June 27, 2021",N/A,N/A
SORIANA,1917881.01,EUR,OP-372705,31-Dec-2019,14/04/2022,835
pemex,2064965.82,MXN,OP-878942,05-Jun-2018,"August 31, 2018",87
grupo lala,7695435.5,USD,OP-104468,"March 21, 2025",N/A,N/A
ALSEA,2507859.73,EUR,OP-454117,"July 28, 2017",2021-09-21,1516
grupo méxico,7649025.96,MXN,OP-705481,2017-10-17,02/01/2019,472
CEMEX,7113235.33,EUR,OP-103978,29-Sep-2020,N/A,N/A
BBVA MÉXICO,7455322.9,USD,OP-874672,29-Aug-2020,N/A,N/A
GRUPO LALA,1781179.75,EUR,OP-846226,04/03/2018,09-Feb-2022,1408
cemex,2445243.17,USD,OP-514677,24-Jan-2018,N/A,N/A
FEMSA,8033531.2,EUR,OP-760842,"January 07, 2025",N/A,N/A
GRUPO CARSO,7567807.03,USD,OP-688574,2023-02-07,N/A,N/A
américa móvil,6501029.31,MXN,OP-346478,2022-08-29,N/A,N/A
cemex,9687293.71,EUR,OP-456903,11-Jan-2022,N/A,N/A
LIVERPOOL,786334.25,USD,OP-236277,"April 03, 2020",28/08/2022,877
GRUPO LALA,6900670.68,MXN,OP-640769,19/04/2024,N/A,N/A
alsea,1343494.99,MXN,OP-526117,2021-02-11,N/A,N/A
femsa,1755295.14,EUR,OP-774955,05/08/2020,N/A,N/A
femsa,1165070.2,EUR,OP-447782,26/11/2019,N/A,N/A
pemex,6744622.76,EUR,OP-227759,10/01/2023,28/06/2025,636
CEMEX,5736796.24,USD,OP-394401,2024-10-21,N/A,N/A
GRUPO BIMBO,7503657.98,MXN,OP-534635,2023-03-28,N/A,N/A
pemex,3144575.34,EUR,OP-287296,07-Jul-2023,05/11/2024,309
cemex,4570831.19,MXN,OP-843469,"December 15, 2020",N/A,N/A
CEMEX,5255404.54,USD,OP-401187,"June 04, 2025",N/A,N/A
WALMART DE MÉXICO,8308044.93,EUR,OP-245049,"February 28, 2021",N/A,N/A
BBVA MÉXICO,1827031.54,EUR,OP-668656,24-Apr-2016,"January 14, 2024",2821
femsa,8766765.2,EUR,OP-796500,19/10/2022,2025-03-10,873
alsea,4822324.06,EUR,OP-631869,02-Dec-2015,N/A,N/A
grupo bimbo,8322347.19,EUR,OP-471434,2017-06-20,N/A,N/A
banorte,1125853.1,EUR,OP-529588,07/10/2016,2021-04-11,1736
grupo lala,6152823.07,USD,OP-764470,2021-04-27,25-Oct-2024,1277
CEMEX,2099763.49,MXN,OP-479920,"June 18, 2025",N/A,N/A
TELMEX,6368043.7,EUR,OP-446426,31/03/2022,08-Apr-2023,373
FEMSA,5503569.69,MXN,OP-646202,"November 30, 2015",2023-03-14,2661
FEMSA,5386330.0,MXN,OP-316418,"March 03, 2023",N/A,N/A
walmart de méxico,5893665.86,EUR,OP-401726,"December 03, 2019",N/A,N/A
SORIANA,9899363.13,USD,OP-247363,"May 16, 2023",N/A,N/A
grupo lala,1807083.38,MXN,OP-810710,22/03/2019,N/A,N/A
soriana,6485416.8,MXN,OP-947928,20-Aug-2017,08-Jan-2024,2332
telmex,5488679.37,MXN,OP-772043,19-Jun-2016,2018-02-20,611
BANORTE,1474804.61,EUR,OP-423620,2019-02-22,N/A,N/A
GRUPO MÉXICO,4294195.34,MXN,OP-101467,2018-04-15,2020-06-03,780
CEMEX,2187837.18,EUR,OP-313840,22/01/2021,N/A,N/A
bbva méxico,256984.95,EUR,OP-959401,2019-04-20,N/A,N/A
BANORTE,7624975.87,MXN,OP-918426,2018-04-24,04-Jan-2021,986
grupo méxico,2119092.62,USD,OP-898160,06-Aug-2022,"August 03, 2023",362
femsa,230110.92,MXN,OP-780980,06/06/2018,"March 15, 2021",1013
AMÉRICA MÓVIL,1825389.05,USD,OP-339759,"March 16, 2022",N/A,N/A
grupo méxico,5641389.55,MXN,OP-905173,2025-05-08,N/A,N/A
américa móvil,284765.89,EUR,OP-254218,"April 26, 2016",24-Nov-2024,3134
telmex,6991521.84,MXN,OP-913379,2022-06-06,28-Feb-2024,632
grupo carso,6858560.56,EUR,OP-588477,16-Jul-2016,2021-10-20,1922
BANORTE,5143192.51,EUR,OP-366509,"February 02, 2017",2024-11-14,2842
liverpool,7361581.6,USD,OP-246133,"July 27, 2024",N/A,N/A
GRUPO LALA,9754323.57,EUR,OP-412972,"March 24, 2021",N/A,N/A
GRUPO BIMBO,3249483.19,MXN,OP-678052,17-Nov-2018,N/A,N/A
FEMSA,3938787.93,EUR,OP-690488,2020-02-15,12-Sep-2020,210
GRUPO LALA,2823594.61,EUR,OP-464206,"September 02, 2022",N/A,N/A
GRUPO BIMBO,1536663.42,MXN,OP-311897,2024-11-05,N/A,N/A
PEMEX,8252152.61,MXN,OP-755175,2022-05-04,"October 10, 2024",890
ALSEA,5016940.98,MXN,OP-625915,2021-07-15,"September 06, 2021",53
GRUPO MÉXICO,6098276.62,MXN,OP-105977,12/02/2019,11-Jul-2022,952
GRUPO LALA,9580597.55,EUR,OP-804104,06-Mar-2023,N/A,N/A
GRUPO CARSO,8560838.66,USD,OP-433300,"March 21, 2020",N/A,N/A
alsea,5405966.16,USD,OP-276389,"July 19, 2025",N/A,N/A
grupo méxico,7075312.03,EUR,OP-658933,03/12/2021,N/A,N/A
cemex,7688056.63,EUR,OP-442250,"August 04, 2017",22-Dec-2019,870
pemex,1532072.3,EUR,OP-883765,"May 09, 2021",N/A,N/A
alsea,5866144.36,MXN,OP-615475,19-Oct-2016,N/A,N/A
BBVA MÉXICO,5529354.08,MXN,OP-527640,2025-06-15,N/A,N/A
bbva méxico,842757.61,MXN,OP-529309,"February 07, 2018",N/A,N/A
pemex,2114245.86,EUR,OP-920365,19-Mar-2019,15/12/2019,271
GRUPO MÉXICO,5420156.07,EUR,OP-582192,28-Sep-2017,N/A,N/A
GRUPO LALA,7443219.04,MXN,OP-699751,"March 22, 2017",N/A,N/A
telmex,5196008.15,EUR,OP-316188,17-Feb-2019,N/A,N/A
walmart de méxico,190782.97,EUR,OP-620428,28-Jun-2023,N/A,N/A
femsa,5654662.77,MXN,OP-974416,"April 07, 2020","April 20, 2022",743
femsa,5817312.07,USD,OP-305416,13-Jun-2025,N/A,N/A
CEMEX,3206505.19,EUR,OP-390639,26/08/2019,2025-04-23,2067
telmex,9024648.28,MXN,OP-787023,2022-02-09,N/A,N/A
liverpool,4684397.17,USD,OP-998425,25/01/2024,N/A,N/A
SORIANA,2650459.76,EUR,OP-180176,2018-02-04,N/A,N/A
cemex,7419569.47,USD,OP-231554,"December 28, 2022",N/A,N/A
CEMEX,7573542.9,EUR,OP-291733,"April 02, 2018","June 14, 2024",2265
CEMEX,2017297.37,MXN,OP-637508,12/05/2018,14/01/2020,405
GRUPO BIMBO,9700946.5,USD,OP-921870,14-Jul-2023,N/A,N/A
PEMEX,4359194.57,EUR,OP-900686,"April 03, 2022",N/A,N/A
CEMEX,3660063.41,EUR,OP-459172,"January 25, 2024",N/A,N/A
américa móvil,6635782.39,USD,OP-647575,2024-11-06,N/A,N/A
américa móvil,5967168.72,USD,OP-349150,20-Jun-2020,N/A,N/A
AMÉRICA MÓVIL,4731225.56,USD,OP-615883,2022-09-17,N/A,N/A
AMÉRICA MÓVIL,1039249.99,MXN,OP-742945,29-Aug-2021,N/A,N/A
BANORTE,7875949.46,USD,OP-241491,01/04/2017,21/07/2020,1294
FEMSA,4278988.7,EUR,OP-318864,2019-10-30,N/A,N/A
banorte,7224973.13,USD,OP-542691,15/12/2016,N/A,N/A
WALMART DE MÉXICO,810786.85,EUR,OP-272330,"August 15, 2019",N/A,N/A
LIVERPOOL,668529.91,EUR,OP-864307,11-Jul-2025,N/A,N/A
LIVERPOOL,9919005.4,MXN,OP-917431,22/03/2018,N/A,N/A
GRUPO MÉXICO,2791437.03,MXN,OP-508765,2018-05-06,23-Dec-2018,231
BANORTE,9846727.59,USD,OP-450387,09/02/2025,N/A,N/A
telmex,5899714.89,EUR,OP-187958,2016-07-07,N/A,N/A
PEMEX,1759534.23,USD,OP-255099,2019-11-12,2024-12-02,1847
FEMSA,1215934.96,EUR,OP-282886,"February 22, 2022",N/A,N/A
soriana,4699349.92,EUR,OP-245926,17/04/2025,N/A,N/A
américa móvil,5617768.07,EUR,OP-198085,05/03/2022,N/A,N/A
américa móvil,7819294.49,USD,OP-514823,23-Apr-2016,2023-09-17,2703
GRUPO CARSO,4325202.2,USD,OP-716342,21-Apr-2024,N/A,N/A
GRUPO MÉXICO,6045266.22,EUR,OP-531191,2016-12-19,"March 01, 2021",1533
soriana,4703658.59,USD,OP-165630,"November 13, 2016",19/07/2025,3170
grupo carso,7129676.02,MXN,OP-862846,"August 10, 2016",2016-11-19,101
GRUPO BIMBO,886805.19,EUR,OP-820523,2021-11-01,N/A,N/A
banorte,8670356.05,MXN,OP-708243,12-Aug-2022,N/A,N/A
GRUPO CARSO,1044657.57,USD,OP-538113,09-Nov-2016,N/A,N/A
WALMART DE MÉXICO,6998840.91,USD,OP-562091,28/04/2020,N/A,N/A
alsea,239258.82,MXN,OP-642035,"September 21, 2021",N/A,N/A
CEMEX,3387153.41,USD,OP-426144,02/04/2025,N/A,N/A
grupo bimbo,2459265.68,MXN,OP-703250,12/07/2018,02-Jun-2019,177
LIVERPOOL,511148.94,USD,OP-487878,20-Jan-2017,30/10/2022,2109
WALMART DE MÉXICO,6717189.48,MXN,OP-208284,06/12/2022,N/A,N/A
bbva méxico,7324313.19,MXN,OP-298819,2023-04-28,N/A,N/A
alsea,8043749.91,USD,OP-658732,19-May-2020,N/A,N/A
walmart de méxico,1751668.38,EUR,OP-344376,02-Sep-2016,"July 08, 2023",2500
grupo lala,5248167.57,MXN,OP-406238,2021-04-15,31/07/2024,1203
CEMEX,7314784.9,USD,OP-633141,07-Oct-2019,"October 26, 2020",385
TELMEX,6663492.97,MXN,OP-850027,"January 28, 2021",N/A,N/A
SORIANA,2297315.54,USD,OP-136368,2024-09-10,N/A,N/A
BANORTE,2938992.22,EUR,OP-251598,2024-01-13,2025-08-11,576
GRUPO LALA,4223755.79,USD,OP-236905,"October 11, 2024",N/A,N/A
américa móvil,480096.39,USD,OP-281961,2020-08-06,"February 28, 2024",1301
BBVA MÉXICO,2581445.05,EUR,OP-204979,29/03/2017,06/01/2022,1890
walmart de méxico,7390866.93,USD,OP-470909,21-Apr-2021,N/A,N/A
GRUPO MÉXICO,375534.35,MXN,OP-849066,2025-08-17,N/A,N/A
liverpool,4183783.63,EUR,OP-176525,2022-02-14,"September 29, 2023",592
telmex,1217495.84,EUR,OP-541951,"January 05, 2016",2018-07-16,923
banorte,6247406.86,MXN,OP-557487,2017-09-01,10/09/2020,1134
BBVA MÉXICO,5303192.09,MXN,OP-767552,2019-06-28,15-Feb-2025,2059
CEMEX,1804950.17,USD,OP-505911,20/02/2016,N/A,N/A
soriana,141320.09,EUR,OP-865227,02-Jan-2022,N/A,N/A
walmart de méxico,7331121.39,EUR,OP-889167,"November 24, 2016",2017-11-05,346
LIVERPOOL,9419065.22,EUR,OP-247938,11-Jun-2017,N/A,N/A
liverpool,5842564.84,EUR,OP-209800,16/07/2025,N/A,N/A
banorte,899914.02,USD,OP-140448,2015-09-07,"November 25, 2017",810
walmart de méxico,3965070.5,USD,OP-235309,2022-11-28,N/A,N/A
SORIANA,1322486.14,EUR,OP-439849,01-Oct-2016,13-Feb-2021,1596
alsea,9860063.61,EUR,OP-691367,25-Apr-2022,"August 08, 2025",1201
grupo lala,4885633.26,MXN,OP-146903,2015-10-10,30/05/2025,3520
BBVA MÉXICO,3244830.35,MXN,OP-735599,21/12/2021,2025-04-16,1212
GRUPO LALA,5324538.04,USD,OP-873710,"October 09, 2022",20/04/2024,559
banorte,2220857.22,USD,OP-623944,31/03/2022,N/A,N/A
telmex,4442314.8,EUR,OP-892070,2017-03-05,N/A,N/A
femsa,5428019.84,USD,OP-182427,25-Jun-2024,N/A,N/A
PEMEX,1278526.08,EUR,OP-455757,07-Feb-2025,N/A,N/A
cemex,4372860.54,USD,OP-992093,"December 14, 2021",N/A,N/A
grupo méxico,1827698.11,MXN,OP-514508,2025-05-06,N/A,N/A
femsa,9694283.12,MXN,OP-726324,2022-01-04,N/A,N/A
alsea,8709265.5,EUR,OP-770902,2025-06-26,N/A,N/A
FEMSA,4779285.83,EUR,OP-370912,"May 20, 2020",N/A,N/A
soriana,3692224.43,MXN,OP-340097,16/10/2017,19/08/2025,2864
ALSEA,6874627.6,USD,OP-618792,10/01/2024,N/A,N/A
LIVERPOOL,4196614.98,MXN,OP-988987,"July 11, 2016",28/02/2021,1693
banorte,8548042.12,USD,OP-205298,2019-12-02,N/A,N/A
américa móvil,674239.19,EUR,OP-351763,31-Oct-2016,N/A,N/A
WALMART DE MÉXICO,9877259.06,EUR,OP-422701,2022-06-29,2025-03-23,998
SORIANA,9705012.47,EUR,OP-712317,03/10/2017,07/05/2025,3039
GRUPO BIMBO,4658755.42,MXN,OP-798184,2022-02-22,N/A,N/A
ALSEA,4420459.57,EUR,OP-482798,21/05/2017,04/01/2025,2872
américa móvil,890706.24,MXN,OP-229484,"September 08, 2023",N/A,N/A
grupo carso,5569346.73,MXN,OP-857818,"January 08, 2020",18/08/2025,2049
FEMSA,3947976.8,MXN,OP-119879,"June 28, 2024",N/A,N/A
TELMEX,7852791.12,MXN,OP-254148,"March 28, 2016",26-Nov-2023,2799
grupo bimbo,3179053.72,MXN,OP-991112,25/09/2017,2017-10-07,12
femsa,7936233.67,USD,OP-882133,02/06/2016,N/A,N/A
grupo lala,2552279.45,USD,OP-236707,29-Mar-2016,05/05/2020,1498
WALMART DE MÉXICO,1850083.5,EUR,OP-437796,2017-01-09,2017-11-02,297
FEMSA,3897564.69,EUR,OP-931853,06-Oct-2022,N/A,N/A
alsea,6636034.73,EUR,OP-580779,2016-11-20,22-Oct-2023,2527
grupo carso,2112971.98,EUR,OP-251074,"August 13, 2025",N/A,N/A
BANORTE,6608371.12,MXN,OP-152854,14-Feb-2019,25-Sep-2023,1684
BANORTE,7309043.21,EUR,OP-500543,02-Jun-2025,N/A,N/A
FEMSA,9118693.21,EUR,OP-857212,21/07/2021,N/A,N/A
femsa,5644376.26,USD,OP-469055,01/08/2020,01/08/2020,0
FEMSA,7561208.16,MXN,OP-591975,2016-10-13,25/04/2019,924
AMÉRICA MÓVIL,522697.87,MXN,OP-556755,2020-09-28,N/A,N/A
telmex,8837515.0,EUR,OP-824442,04-Jul-2018,2019-01-29,209
PEMEX,4933238.12,MXN,OP-869048,08-Jul-2023,N/A,N/A
GRUPO LALA,5556289.6,EUR,OP-316363,"May 21, 2022",N/A,N/A
CEMEX,6443516.09,MXN,OP-688344,11-May-2020,N/A,N/A
AMÉRICA MÓVIL,5635842.42,MXN,OP-589841,"October 27, 2015","October 28, 2015",1
banorte,6166341.52,MXN,OP-506094,07/02/2025,N/A,N/A
AMÉRICA MÓVIL,4642450.9,EUR,OP-846954,09/03/2019,06/05/2021,641
TELMEX,756567.27,MXN,OP-519451,13-Jul-2024,N/A,N/A
PEMEX,2380616.45,USD,OP-659063,17/07/2020,24-Feb-2023,952
pemex,5523019.23,USD,OP-749725,"December 08, 2023",N/A,N/A
FEMSA,4610281.04,USD,OP-312107,11-Nov-2017,07/02/2022,1694
alsea,1117942.11,USD,OP-624624,"December 05, 2020",N/A,N/A
grupo bimbo,4007954.16,EUR,OP-913447,"June 19, 2020","May 29, 2021",344
alsea,7678567.03,USD,OP-376383,16/11/2023,N/A,N/A
grupo bimbo,6334948.77,EUR,OP-918045,2023-04-04,N/A,N/A
BANORTE,6891687.56,MXN,OP-497878,"February 27, 2016",09-Jan-2018,682
AMÉRICA MÓVIL,8756465.9,USD,OP-636454,"February 28, 2025",N/A,N/A
alsea,8780303.0,MXN,OP-113194,2021-07-26,N/A,N/A
GRUPO MÉXICO,4177917.26,MXN,OP-762542,2016-01-06,26-Oct-2023,2850
grupo méxico,4642943.4,MXN,OP-793991,16/11/2024,N/A,N/A
bbva méxico,8980263.85,MXN,OP-273532,2018-11-18,N/A,N/A
TELMEX,8474048.11,EUR,OP-590958,"November 04, 2019",03/02/2022,849
pemex,4469869.04,USD,OP-785118,2016-08-09,09/04/2024,2948
banorte,8092763.84,USD,OP-191893,2024-04-08,N/A,N/A
ALSEA,971437.13,USD,OP-378971,12-Jul-2023,N/A,N/A
BBVA MÉXICO,5410399.33,USD,OP-525641,2022-10-03,N/A,N/A
telmex,3752551.93,MXN,OP-841335,17/02/2020,"July 21, 2021",520
CEMEX,116662.44,EUR,OP-208302,2024-11-01,N/A,N/A
walmart de méxico,9670757.16,USD,OP-778642,2021-12-27,N/A,N/A
PEMEX,7487364.02,MXN,OP-480860,24/02/2016,N/A,N/A
GRUPO CARSO,473246.7,EUR,OP-572816,2015-11-04,N/A,N/A
alsea,5351280.98,EUR,OP-958040,29-Oct-2020,"November 29, 2020",31
FEMSA,9870736.5,EUR,OP-528692,"September 30, 2023",N/A,N/A
grupo bimbo,2600599.65,EUR,OP-703063,2023-06-18,N/A,N/A
femsa,8841696.49,MXN,OP-228735,30-Apr-2018,N/A,N/A
alsea,9693635.35,USD,OP-631259,27-Nov-2017,12/03/2025,2928
GRUPO MÉXICO,1124787.12,EUR,OP-512593,20-Mar-2021,N/A,N/A
SORIANA,7947284.31,EUR,OP-198103,02-Apr-2024,N/A,N/A
grupo lala,8976277.06,MXN,OP-510600,11/08/2023,N/A,N/A
GRUPO BIMBO,9121044.5,USD,OP-476625,29-Nov-2024,N/A,N/A
AMÉRICA MÓVIL,7906196.75,MXN,OP-259429,2019-03-26,2025-08-08,2327
pemex,5234121.26,USD,OP-193811,2024-08-30,N/A,N/A
GRUPO BIMBO,9559445.83,MXN,OP-399507,"September 29, 2015",2017-06-25,635
américa móvil,1553581.51,MXN,OP-570955,2021-04-23,07/12/2023,810
TELMEX,2325795.18,MXN,OP-557743,2018-05-21,09-Jan-2021,964
GRUPO LALA,9500772.33,EUR,OP-573103,2021-09-09,N/A,N/A
BANORTE,8842949.25,EUR,OP-634153,2022-02-20,N/A,N/A
grupo lala,8646577.88,EUR,OP-550481,"December 15, 2020",N/A,N/A
alsea,1477360.83,USD,OP-794637,"February 27, 2017",25-Sep-2021,1671
bbva méxico,3278416.04,EUR,OP-621146,"September 07, 2022",2025-03-07,912
FEMSA,989818.51,MXN,OP-610127,2020-02-14,N/A,N/A
grupo méxico,5682285.69,USD,OP-142901,04/11/2019,2024-10-09,2008
liverpool,7720433.51,EUR,OP-760813,2016-01-19,"August 04, 2016",198
grupo lala,707775.91,USD,OP-491342,2020-01-23,N/A,N/A
AMÉRICA MÓVIL,8342344.35,EUR,OP-115901,14/01/2023,N/A,N/A
grupo bimbo,9156539.49,EUR,OP-822569,22-May-2018,24-Jun-2019,398
pemex,4437476.62,USD,OP-695680,25-Aug-2021,"December 01, 2021",98
GRUPO LALA,5202636.23,USD,OP-941962,2024-12-21,N/A,N/A
grupo méxico,1982817.99,MXN,OP-644947,06-Sep-2022,N/A,N/A
GRUPO BIMBO,1245371.27,USD,OP-431723,03-Jan-2023,"April 01, 2024",454
BANORTE,4355861.22,EUR,OP-119316,20/10/2015,21/06/2024,3167
GRUPO CARSO,2720935.16,MXN,OP-257699,"January 18, 2024",N/A,N/A
ALSEA,6460845.13,MXN,OP-616714,27-Jun-2018,2023-01-07,1655
bbva méxico,1552927.38,EUR,OP-994689,"November 15, 2018",14-Jul-2019,241
grupo bimbo,805710.74,MXN,OP-513218,15/05/2025,N/A,N/A
GRUPO MÉXICO,997276.46,MXN,OP-602209,2016-07-31,2024-02-23,2763
pemex,5167384.02,EUR,OP-683510,11-May-2019,07/07/2019,57
grupo lala,5457238.49,MXN,OP-114648,2023-04-07,N/A,N/A
femsa,4631380.69,USD,OP-495286,"March 23, 2021",05/07/2024,1141
FEMSA,2163368.91,USD,OP-734597,2017-08-18,N/A,N/A
liverpool,5242933.96,MXN,OP-755237,2021-12-26,N/A,N/A
soriana,6879005.79,EUR,OP-356985,2021-07-30,11-May-2022,285
bbva méxico,8954385.44,EUR,OP-153448,22-May-2019,03/06/2024,1750
femsa,9077034.12,USD,OP-816370,"November 28, 2021",2024-07-01,946
BBVA MÉXICO,8054694.72,USD,OP-826613,"October 24, 2016",04-Feb-2018,468
LIVERPOOL,7555587.58,MXN,OP-548258,11/01/2023,N/A,N/A
grupo méxico,9863219.53,EUR,OP-312676,"November 01, 2020",12/04/2020,33
BANORTE,9410945.79,MXN,OP-303174,05/06/2023,20/03/2025,684
PEMEX,6069168.95,USD,OP-397596,2019-08-20,2023-06-30,1410
américa móvil,3901057.99,MXN,OP-718158,20/12/2021,N/A,N/A
ALSEA,3020635.21,EUR,OP-646950,2015-11-24,08-May-2017,531
grupo méxico,6597318.79,USD,OP-475438,"March 18, 2018",N/A,N/A
cemex,2785803.38,EUR,OP-133770,"May 25, 2023",12-Oct-2023,140
américa móvil,2600352.17,EUR,OP-269749,13/11/2024,N/A,N/A
SORIANA,8335101.6,MXN,OP-923053,08/05/2021,N/A,N/A
alsea,7536270.02,MXN,OP-276863,27/06/2021,21/09/2022,451
WALMART DE MÉXICO,1228959.9,MXN,OP-821069,23/05/2022,N/A,N/A
femsa,1983921.81,MXN,OP-916279,23/08/2021,N/A,N/A
alsea,1609617.73,MXN,OP-559334,"August 03, 2021",N/A,N/A
telmex,4490792.86,MXN,OP-776089,23/01/2022,N/A,N/A
walmart de méxico,200793.61,USD,OP-892451,21-Jun-2024,N/A,N/A
pemex,3659490.91,USD,OP-704106,"December 01, 2024",N/A,N/A
SORIANA,8144809.81,EUR,OP-568713,"June 17, 2019",N/A,N/A
femsa,4098676.94,MXN,OP-804485,06/06/2025,N/A,N/A
pemex,9736423.12,USD,OP-894469,2022-04-17,N/A,N/A
walmart de méxico,1621749.47,USD,OP-438474,18-Jan-2023,N/A,N/A
TELMEX,5896247.34,EUR,OP-599616,2025-05-21,N/A,N/A
alsea,3433087.89,EUR,OP-195236,"December 29, 2021",N/A,N/A
WALMART DE MÉXICO,3584001.64,MXN,OP-375368,"January 05, 2024",N/A,N/A
grupo bimbo,5959384.6,MXN,OP-210432,"August 31, 2023",23/04/2024,236
GRUPO MÉXICO,9412410.13,EUR,OP-424864,15-Dec-2020,N/A,N/A
LIVERPOOL,3444566.11,EUR,OP-363329,15-Jul-2018,N/A,N/A
BANORTE,8194277.96,EUR,OP-450953,24-Jun-2016,N/A,N/A
femsa,8938658.04,EUR,OP-459980,12/12/2024,N/A,N/A
PEMEX,144394.12,EUR,OP-372875,"August 28, 2023",N/A,N/A
ALSEA,8086587.16,USD,OP-401788,2016-06-24,2020-06-13,1450
GRUPO BIMBO,3309460.7,USD,OP-148979,2018-01-22,N/A,N/A
pemex,5613033.82,MXN,OP-799837,25/10/2017,N/A,N/A
SORIANA,7455053.17,MXN,OP-156633,31/01/2020,N/A,N/A
FEMSA,4246021.85,MXN,OP-244350,"December 03, 2023",04-Mar-2024,92
AMÉRICA MÓVIL,1625083.11,USD,OP-241342,"February 19, 2022",N/A,N/A
bbva méxico,4490653.85,EUR,OP-515082,10-Aug-2025,N/A,N/A
ALSEA,5134319.68,EUR,OP-869944,17/12/2017,N/A,N/A
GRUPO LALA,7366293.82,USD,OP-509578,23/11/2017,N/A,N/A
pemex,4734809.3,USD,OP-703094,2017-10-26,N/A,N/A
TELMEX,6404907.98,EUR,OP-453365,"December 05, 2016",N/A,N/A
alsea,8427003.8,USD,OP-243863,2020-06-17,28-Dec-2024,1655
grupo carso,2936160.17,USD,OP-354259,13-Sep-2022,N/A,N/A
BANORTE,3075800.25,MXN,OP-426958,2023-10-04,N/A,N/A
PEMEX,7345385.05,MXN,OP-934903,27/06/2018,N/A,N/A
pemex,7685197.76,EUR,OP-424374,13/06/2022,N/A,N/A
AMÉRICA MÓVIL,7044510.7,MXN,OP-106661,2018-11-15,"April 23, 2022",1255
grupo lala,3543205.21,MXN,OP-664709,"April 19, 2024",N/A,N/A
CEMEX,6010202.96,USD,OP-705879,29/07/2016,2020-12-21,1606
TELMEX,5674259.94,MXN,OP-528537,"November 25, 2024",N/A,N/A
GRUPO BIMBO,8084881.46,USD,OP-257170,"March 09, 2021",31/08/2022,540
WALMART DE MÉXICO,4054043.93,USD,OP-960784,12-Aug-2019,04/09/2022,971
FEMSA,8856384.43,MXN,OP-778881,2017-04-15,N/A,N/A
BANORTE,4858754.89,MXN,OP-156272,05/02/2023,N/A,N/A
CEMEX,5087032.78,USD,OP-484653,2016-11-21,N/A,N/A
alsea,9242439.36,EUR,OP-308238,02/08/2022,N/A,N/A
telmex,7630403.46,MXN,OP-533466,17/12/2019,N/A,N/A
GRUPO CARSO,1522856.85,EUR,OP-907198,2021-11-08,2024-07-26,991
BANORTE,1230506.37,MXN,OP-467035,"January 06, 2020",N/A,N/A
femsa,3127292.78,USD,OP-691595,13/12/2021,N/A,N/A
WALMART DE MÉXICO,5301260.16,USD,OP-120402,"September 05, 2016",20-Mar-2017,196
PEMEX,1998438.72,MXN,OP-379052,"March 29, 2020",N/A,N/A
pemex,7099007.87,EUR,OP-963692,2022-03-04,30-May-2023,452
GRUPO LALA,1072927.16,USD,OP-752822,29-Jun-2020,11-Feb-2023,957
BBVA MÉXICO,8834242.51,EUR,OP-189429,17-Feb-2024,N/A,N/A
alsea,7999639.79,EUR,OP-189855,11/02/2016,2022-01-24,1909
walmart de méxico,3314556.86,USD,OP-950959,25/02/2020,N/A,N/A
liverpool,5337104.35,MXN,OP-648035,2022-05-13,N/A,N/A
GRUPO CARSO,4375531.63,MXN,OP-636678,2024-05-04,N/A,N/A
PEMEX,9310375.34,USD,OP-240012,2020-03-20,2025-02-20,1798
pemex,6325357.79,USD,OP-349546,07/10/2018,N/A,N/A
SORIANA,6080867.88,USD,OP-643231,2023-02-23,N/A,N/A
SORIANA,8220812.24,MXN,OP-209889,23/09/2023,N/A,N/A
PEMEX,5987511.9,USD,OP-843888,2019-03-16,N/A,N/A
alsea,6931818.53,USD,OP-645407,2016-02-17,23/09/2021,2045
bbva méxico,333451.39,MXN,OP-551818,2024-04-15,N/A,N/A
TELMEX,3303294.61,EUR,OP-697949,10-Oct-2023,N/A,N/A
LIVERPOOL,560193.45,EUR,OP-215596,29/07/2018,22-Jan-2021,908
banorte,3946537.54,MXN,OP-621099,29/03/2022,N/A,N/A
WALMART DE MÉXICO,3595756.46,EUR,OP-188441,28/06/2017,05/08/2024,2506
TELMEX,8658316.68,EUR,OP-832464,06/07/2016,02-Jul-2025,3312
SORIANA,781681.14,USD,OP-306973,29/11/2016,N/A,N/A
GRUPO BIMBO,4274715.91,EUR,OP-982201,19-Mar-2020,"March 29, 2022",740
TELMEX,4684747.03,USD,OP-555881,10/12/2018,N/A,N/A
PEMEX,5329163.22,USD,OP-551307,2017-08-26,18/07/2024,2518
liverpool,7761034.91,EUR,OP-872735,2017-12-20,23/02/2022,1526
grupo carso,2927489.7,USD,OP-357045,07-Apr-2025,N/A,N/A
femsa,4848774.11,USD,OP-578936,29/01/2016,N/A,N/A
AMÉRICA MÓVIL,243832.31,EUR,OP-762093,2024-05-16,N/A,N/A
BBVA MÉXICO,3808182.45,EUR,OP-389325,15/04/2021,N/A,N/A
liverpool,7691100.29,USD,OP-463831,2015-09-30,N/A,N/A
GRUPO LALA,7567659.0,MXN,OP-364184,29/06/2017,"May 12, 2024",2509
américa móvil,1117078.4,USD,OP-733128,12-Jul-2025,N/A,N/A
BBVA MÉXICO,8191455.09,EUR,OP-583590,"July 06, 2023","November 07, 2024",490
telmex,5542557.89,EUR,OP-198196,10/07/2024,N/A,N/A
ALSEA,3285092.07,MXN,OP-311221,"September 22, 2019",N/A,N/A
américa móvil,5135954.5,MXN,OP-439746,17/06/2024,N/A,N/A
walmart de méxico,631230.42,EUR,OP-754553,2018-03-23,N/A,N/A
walmart de méxico,2424557.39,USD,OP-858652,06-Jun-2017,27-Apr-2022,1786
CEMEX,6050678.85,USD,OP-738361,19/01/2017,N/A,N/A
ALSEA,5618828.9,USD,OP-199882,"January 15, 2025",N/A,N/A
alsea,9576901.18,USD,OP-189989,2017-11-08,N/A,N/A
telmex,283400.92,USD,OP-512287,14-Apr-2021,N/A,N/A
bbva méxico,4214192.12,EUR,OP-483840,"October 16, 2021",N/A,N/A
GRUPO MÉXICO,7268568.18,USD,OP-419342,13-Feb-2024,N/A,N/A
femsa,3760152.12,MXN,OP-627924,21/09/2020,N/A,N/A
grupo bimbo,6855270.0,MXN,OP-925897,"March 02, 2017","September 27, 2019",939
WALMART DE MÉXICO,6450007.55,USD,OP-178427,13/02/2020,09/06/2024,1667
LIVERPOOL,7377560.85,EUR,OP-670999,"March 12, 2017",N/A,N/A
FEMSA,9824619.58,USD,OP-753665,14/10/2020,N/A,N/A
américa móvil,2610495.95,MXN,OP-413461,31-Dec-2020,N/A,N/A
telmex,8974738.72,EUR,OP-876559,"September 20, 2015",23-Feb-2024,3078
grupo bimbo,3308991.93,MXN,OP-836443,25/04/2022,N/A,N/A
PEMEX,7692640.31,MXN,OP-866225,24/02/2023,N/A,N/A
américa móvil,716827.37,USD,OP-468609,2024-07-28,N/A,N/A
PEMEX,4051729.92,MXN,OP-181306,16/04/2020,"January 20, 2025",1740
grupo carso,5608102.78,USD,OP-485314,20/08/2019,N/A,N/A
WALMART DE MÉXICO,5365488.52,EUR,OP-907774,25-Jul-2016,N/A,N/A
TELMEX,6562844.28,MXN,OP-612442,03-May-2017,24-Sep-2023,2335
alsea,2595311.36,USD,OP-296710,2018-09-04,N/A,N/A
GRUPO LALA,7789470.06,USD,OP-123731,30-Jul-2025,N/A,N/A
grupo méxico,8536514.07,MXN,OP-801652,21-Sep-2015,"December 26, 2022",2653
américa móvil,7560367.47,EUR,OP-917000,2021-12-17,2022-07-17,212
walmart de méxico,5970970.23,EUR,OP-421114,02-May-2017,N/A,N/A
walmart de méxico,487566.02,MXN,OP-413876,"July 05, 2022",N/A,N/A
walmart de méxico,110262.97,MXN,OP-819969,"June 08, 2023",N/A,N/A
liverpool,8749082.07,USD,OP-135745,2018-04-06,N/A,N/A
walmart de méxico,8954766.58,EUR,OP-511502,2021-03-16,N/A,N/A
LIVERPOOL,2987493.55,EUR,OP-718258,"July 19, 2024",N/A,N/A
GRUPO MÉXICO,2641142.23,EUR,OP-920721,06/07/2021,2023-08-29,813
LIVERPOOL,3487109.26,EUR,OP-936119,04/02/2018,2025-08-22,2699
PEMEX,3190189.91,EUR,OP-870304,2020-05-08,04-Jun-2021,392
grupo bimbo,9090539.09,EUR,OP-735171,"March 08, 2019",N/A,N/A
banorte,4347764.39,USD,OP-184035,"September 17, 2018",N/A,N/A
soriana,1266464.83,MXN,OP-442037,29-May-2019,"May 24, 2021",726
grupo lala,8285614.69,USD,OP-948783,2023-02-19,N/A,N/A
AMÉRICA MÓVIL,1209380.08,USD,OP-510639,2016-01-04,N/A,N/A
TELMEX,4099238.02,EUR,OP-344776,"August 30, 2019",N/A,N/A
TELMEX,8495305.81,MXN,OP-156121,"January 15, 2024",N/A,N/A
grupo carso,4013216.17,MXN,OP-857561,"July 06, 2022",N/A,N/A
AMÉRICA MÓVIL,2991850.13,EUR,OP-154738,22-Jun-2025,N/A,N/A
AMÉRICA MÓVIL,4111934.26,MXN,OP-532309,2020-09-09,N/A,N/A
AMÉRICA MÓVIL,9970962.38,USD,OP-853307,"November 28, 2021",N/A,N/A
grupo bimbo,6417510.99,USD,OP-500023,2023-02-22,N/A,N/A
grupo lala,3777614.71,MXN,OP-825767,"January 18, 2023",N/A,N/A
TELMEX,2940968.93,MXN,OP-207858,2016-02-05,"August 12, 2019",1284
alsea,6055419.41,EUR,OP-337394,16/10/2020,19/10/2021,368
grupo méxico,3934489.2,USD,OP-882868,2022-11-29,N/A,N/A
GRUPO BIMBO,2102987.44,USD,OP-766038,"September 16, 2015",16/03/2019,1277
PEMEX,6535149.46,EUR,OP-189828,30-Jul-2017,23/05/2024,2489
PEMEX,3983589.3,MXN,OP-826241,12-Mar-2021,N/A,N/A
GRUPO MÉXICO,5744605.43,USD,OP-779833,11/07/2025,N/A,N/A
TELMEX,2417124.67,MXN,OP-183888,"February 23, 2017",25-Apr-2021,1522
GRUPO LALA,6582817.82,EUR,OP-533871,09-Sep-2016,N/A,N/A
WALMART DE MÉXICO,6080603.12,MXN,OP-802657,11/02/2020,N/A,N/A
WALMART DE MÉXICO,9200760.01,MXN,OP-551402,"April 11, 2024",N/A,N/A
LIVERPOOL,1717349.7,MXN,OP-292675,"May 26, 2017",05-Jun-2023,2201
TELMEX,4532329.85,EUR,OP-873045,"August 02, 2021","January 21, 2023",537
GRUPO MÉXICO,2845804.25,USD,OP-140443,21-Dec-2016,N/A,N/A
PEMEX,4494758.51,MXN,OP-244215,2020-01-31,2024-05-24,1575
telmex,6928372.77,EUR,OP-296346,01-Aug-2016,05-May-2023,2468
alsea,9995253.36,EUR,OP-450523,"February 05, 2017","June 01, 2020",1212
alsea,7686082.27,MXN,OP-296559,11-Feb-2019,2025-01-11,2161
soriana,8127273.57,USD,OP-545568,"March 31, 2017","July 31, 2020",1218
alsea,2445459.65,USD,OP-150877,17-Aug-2022,N/A,N/A
soriana,6464866.62,EUR,OP-688295,2016-07-04,N/A,N/A
GRUPO BIMBO,280721.26,MXN,OP-706700,"June 06, 2025",N/A,N/A
grupo lala,435738.99,MXN,OP-624567,2023-08-04,N/A,N/A
liverpool,1555074.61,MXN,OP-933301,05-Sep-2020,N/A,N/A
LIVERPOOL,2733530.42,EUR,OP-349574,2021-05-11,N/A,N/A
soriana,4605488.7,EUR,OP-896089,08/02/2023,N/A,N/A
grupo bimbo,7706479.87,USD,OP-969157,"May 10, 2022",2023-11-07,546
FEMSA,4334024.56,EUR,OP-994387,03/06/2017,"April 06, 2018",396
liverpool,3328560.76,USD,OP-534206,16/01/2019,2020-11-05,659
cemex,4784703.6,USD,OP-642699,09/06/2016,2018-05-29,630
liverpool,3392364.45,MXN,OP-246098,"January 04, 2022",N/A,N/A
LIVERPOOL,2847571.92,EUR,OP-868409,"May 18, 2018",N/A,N/A
LIVERPOOL,894342.79,EUR,OP-319751,"July 18, 2017",N/A,N/A
PEMEX,5478932.07,USD,OP-636153,"November 10, 2017",N/A,N/A
WALMART DE MÉXICO,9533828.51,EUR,OP-956153,02-Mar-2016,2024-04-23,2974
SORIANA,8657769.31,MXN,OP-366661,"March 26, 2022",N/A,N/A
banorte,6340566.57,MXN,OP-868432,"June 29, 2021","March 17, 2022",261
femsa,7697679.18,EUR,OP-125565,12-May-2022,07-Oct-2024,879
GRUPO BIMBO,9350038.02,EUR,OP-198399,"August 13, 2022",N/A,N/A
femsa,3868514.57,USD,OP-877337,"October 19, 2016",2024-10-24,2927
liverpool,4748943.25,MXN,OP-842835,14/05/2018,N/A,N/A
CEMEX,9477978.32,MXN,OP-456282,03-Apr-2016,"July 09, 2022",2288
LIVERPOOL,6712398.26,USD,OP-302693,2015-12-25,11-Jun-2021,1995
telmex,7592527.16,MXN,OP-769318,"June 15, 2017",N/A,N/A
telmex,4205065.11,EUR,OP-330749,2016-01-31,13/01/2017,348
AMÉRICA MÓVIL,5132762.34,MXN,OP-336718,"January 16, 2018",N/A,N/A
FEMSA,2726735.75,USD,OP-788736,"August 16, 2023",N/A,N/A
banorte,8450343.09,USD,OP-667958,04/12/2016,"February 10, 2023",2495
grupo bimbo,8795814.16,USD,OP-322488,"February 24, 2025",N/A,N/A
GRUPO BIMBO,7624996.77,USD,OP-824650,22-Mar-2016,2017-03-03,346
grupo méxico,3668736.84,EUR,OP-270338,2025-04-04,N/A,N/A
GRUPO CARSO,4968193.2,USD,OP-740937,"January 26, 2021",N/A,N/A
grupo bimbo,3689312.44,USD,OP-738579,24-Apr-2025,N/A,N/A
grupo méxico,9795566.59,MXN,OP-274590,2025-07-17,N/A,N/A
GRUPO LALA,1501030.74,MXN,OP-157767,"November 19, 2021",N/A,N/A
LIVERPOOL,6923891.74,MXN,OP-644459,25/06/2020,N/A,N/A
grupo bimbo,8674687.2,MXN,OP-428750,23/02/2025,N/A,N/A
PEMEX,555772.56,EUR,OP-870921,"June 09, 2018",N/A,N/A
TELMEX,6455931.52,EUR,OP-927467,07/02/2018,N/A,N/A
TELMEX,9311574.55,USD,OP-590148,23-Feb-2017,2024-07-08,2692
GRUPO MÉXICO,9882517.43,EUR,OP-763961,20/11/2018,N/A,N/A
bbva méxico,876090.98,MXN,OP-186162,2025-07-23,N/A,N/A
GRUPO MÉXICO,9977652.27,EUR,OP-980497,30-Dec-2018,N/A,N/A
GRUPO MÉXICO,8518303.93,EUR,OP-612328,2023-09-13,N/A,N/A
PEMEX,2766738.77,USD,OP-753085,2016-04-05,02-Oct-2016,180
ALSEA,9256857.14,EUR,OP-592554,2021-09-14,N/A,N/A
FEMSA,7400472.5,USD,OP-459079,"December 17, 2017",N/A,N/A
alsea,781803.21,MXN,OP-946057,29/04/2023,N/A,N/A
cemex,9821553.47,USD,OP-823047,2023-07-12,N/A,N/A
grupo lala,5534886.58,MXN,OP-775659,21-Jan-2019,N/A,N/A
cemex,8197702.24,USD,OP-407144,"August 02, 2022",2023-01-17,168
grupo bimbo,3607485.18,MXN,OP-936623,23-Jul-2022,N/A,N/A
pemex,9291634.95,MXN,OP-359158,"June 27, 2019",N/A,N/A
GRUPO CARSO,3291695.21,USD,OP-565656,2019-04-10,24/06/2024,1902
grupo méxico,2206016.48,EUR,OP-770825,04-Mar-2024,N/A,N/A
soriana,3289537.71,MXN,OP-609433,2021-03-26,N/A,N/A
SORIANA,9882897.71,MXN,OP-663526,"July 02, 2022",N/A,N/A
grupo bimbo,8228430.22,USD,OP-750430,"September 12, 2021",N/A,N/A
américa móvil,6541983.85,USD,OP-526987,19-Jan-2024,N/A,N/A
BANORTE,5494076.86,EUR,OP-601899,2022-09-09,N/A,N/A
bbva méxico,8760313.07,EUR,OP-232266,12/02/2021,N/A,N/A
grupo carso,1783998.33,USD,OP-561111,"September 28, 2024",N/A,N/A
bbva méxico,9368867.02,USD,OP-223799,2025-01-05,N/A,N/A
grupo lala,783350.66,USD,OP-969785,2018-05-06,12-Mar-2023,1771
grupo lala,8646187.0,MXN,OP-788103,2019-05-14,"February 08, 2024",1731
grupo carso,1658192.05,USD,OP-521704,"September 16, 2015",N/A,N/A
SORIANA,4918469.6,MXN,OP-297500,29/07/2023,N/A,N/A
GRUPO CARSO,6049317.84,EUR,OP-383420,08-Apr-2022,"November 16, 2023",587
GRUPO MÉXICO,782542.36,EUR,OP-970901,23-Sep-2015,07/03/2023,2840
telmex,4439422.83,EUR,OP-718407,14-Apr-2024,N/A,N/A
pemex,8840065.22,USD,OP-911718,"February 16, 2025",N/A,N/A
ALSEA,646683.04,EUR,OP-996585,2015-12-28,08-Feb-2016,42
pemex,6496926.36,EUR,OP-619522,2017-07-14,04/04/2019,629
WALMART DE MÉXICO,7325562.04,MXN,OP-388335,2017-07-14,07-Feb-2021,1304
BANORTE,5060263.65,USD,OP-262037,01-Sep-2020,"September 21, 2021",385
bbva méxico,692452.86,USD,OP-814435,2022-11-04,N/A,N/A
walmart de méxico,6698040.41,EUR,OP-180172,"October 07, 2021",N/A,N/A
GRUPO LALA,5438645.54,USD,OP-915317,"July 25, 2022",N/A,N/A
grupo bimbo,1704092.99,USD,OP-593928,18-Jun-2025,N/A,N/A
bbva méxico,6227440.93,USD,OP-776471,22-Dec-2023,N/A,N/A
pemex,5051524.37,USD,OP-980991,27/10/2020,16/03/2021,140
ALSEA,1894219.42,EUR,OP-378299,04-Feb-2025,N/A,N/A
GRUPO BIMBO,5635953.44,EUR,OP-929339,27/12/2023,N/A,N/A
cemex,4534732.57,MXN,OP-344107,18-Nov-2023,N/A,N/A
grupo bimbo,6411095.65,EUR,OP-467100,25/05/2016,N/A,N/A
ALSEA,1080253.69,MXN,OP-627661,"March 09, 2025",15-Jun-2025,98
soriana,9763417.1,USD,OP-725287,2024-11-11,N/A,N/A
walmart de méxico,7661554.28,USD,OP-992126,"July 23, 2018",10-Sep-2024,2241
bbva méxico,2979667.14,EUR,OP-326371,2021-05-20,2021-06-05,16
CEMEX,3606466.74,EUR,OP-183380,22-Aug-2017,2023-06-22,2130
grupo carso,909377.39,MXN,OP-329636,2020-11-19,N/A,N/A
GRUPO LALA,2367095.68,USD,OP-924963,"November 22, 2023",N/A,N/A
BANORTE,1041264.07,MXN,OP-825510,2017-07-28,18-Jun-2020,1056
FEMSA,5824180.83,USD,OP-542531,13-Mar-2018,2024-08-01,2333
pemex,6822448.26,USD,OP-485034,29-Apr-2017,N/A,N/A
banorte,9847816.67,USD,OP-551052,21/06/2016,15-Jul-2017,389
cemex,7508951.02,USD,OP-462383,"March 01, 2018","June 13, 2025",2661
BBVA MÉXICO,2977263.82,EUR,OP-456536,2020-08-03,2025-02-15,1657
grupo bimbo,5864154.91,EUR,OP-880978,2021-11-17,N/A,N/A
cemex,3083255.86,USD,OP-496233,19-Sep-2024,N/A,N/A
grupo méxico,6968872.57,EUR,OP-337511,2025-08-06,N/A,N/A
BBVA MÉXICO,8844015.67,USD,OP-811421,17-Sep-2018,N/A,N/A
grupo carso,7319247.71,USD,OP-781788,25-Jun-2021,N/A,N/A
soriana,1290303.37,EUR,OP-611671,2022-11-20,N/A,N/A
CEMEX,4256938.5,MXN,OP-727734,"March 20, 2021",N/A,N/A
LIVERPOOL,2078245.21,EUR,OP-363170,08-Oct-2019,N/A,N/A
LIVERPOOL,5567034.27,USD,OP-566131,13/04/2025,N/A,N/A
soriana,4973239.11,EUR,OP-472371,"January 02, 2020",27-Jul-2020,207
GRUPO LALA,9132417.61,MXN,OP-248819,15-Aug-2020,N/A,N/A
grupo lala,8846227.84,MXN,OP-570040,2022-04-17,N/A,N/A
TELMEX,9018259.41,MXN,OP-799817,12/10/2018,"March 08, 2025",2280
walmart de méxico,5642325.18,EUR,OP-406426,24/03/2016,26-Oct-2018,946
walmart de méxico,3300918.32,USD,OP-170732,"May 09, 2023",N/A,N/A
GRUPO LALA,6161140.75,EUR,OP-634664,30/06/2024,N/A,N/A
bbva méxico,3204621.43,MXN,OP-164681,01-Aug-2023,N/A,N/A
grupo lala,4245884.01,MXN,OP-673849,"October 26, 2023",N/A,N/A
BBVA MÉXICO,781396.02,USD,OP-934829,"November 06, 2017",N/A,N/A
WALMART DE MÉXICO,7974807.65,MXN,OP-444165,2023-12-31,"December 31, 2023",0
grupo carso,1693228.91,EUR,OP-161856,"August 14, 2023",N/A,N/A
pemex,9110939.43,USD,OP-124092,2018-02-20,20-Nov-2023,2099
WALMART DE MÉXICO,1378395.2,USD,OP-684906,18-May-2020,N/A,N/A
grupo lala,9399539.44,MXN,OP-993203,07/08/2018,"March 03, 2022",1334
SORIANA,8483380.34,USD,OP-232858,20/07/2017,16/04/2021,1366
TELMEX,4266223.36,MXN,OP-518655,08-Mar-2019,2022-08-13,1254
walmart de méxico,1347463.92,USD,OP-124385,22/09/2020,N/A,N/A
grupo bimbo,4806460.48,USD,OP-125139,2023-07-06,N/A,N/A
ALSEA,8884175.07,USD,OP-141692,27/06/2025,N/A,N/A
femsa,7889834.79,MXN,OP-916399,20-Apr-2023,N/A,N/A
liverpool,4351765.16,USD,OP-668822,01/09/2015,"July 30, 2023",3124
PEMEX,2016264.62,EUR,OP-968050,21-Feb-2017,14/06/2023,2304
SORIANA,1190140.49,USD,OP-231483,15/06/2016,2019-04-04,1023
WALMART DE MÉXICO,5286491.54,MXN,OP-293874,17/04/2017,"September 23, 2019",889
telmex,1236993.26,MXN,OP-990233,02-Oct-2020,07/12/2024,1379
TELMEX,4559278.06,EUR,OP-181686,2025-03-07,N/A,N/A
grupo carso,3129193.34,USD,OP-430995,18-Sep-2023,N/A,N/A
telmex,8203023.84,USD,OP-146729,11/09/2016,25/03/2020,1232
femsa,7783887.03,MXN,OP-509219,20/08/2024,18-Sep-2024,29
femsa,5466388.18,MXN,OP-739835,2019-01-09,16-Jan-2024,1833
alsea,2899694.46,EUR,OP-827304,"January 30, 2017","January 28, 2022",1824
banorte,1662400.16,USD,OP-983115,"October 21, 2016",N/A,N/A
cemex,3497188.25,EUR,OP-248738,17-Oct-2024,N/A,N/A
WALMART DE MÉXICO,6135507.51,MXN,OP-196318,2021-09-18,07/01/2023,651
GRUPO BIMBO,6393808.03,USD,OP-283473,01/10/2016,2025-02-08,3317
PEMEX,1238365.02,USD,OP-385729,"February 24, 2019",N/A,N/A
alsea,1321911.23,USD,OP-931235,"February 03, 2020",N/A,N/A
grupo carso,3260300.77,MXN,OP-178031,"December 09, 2021","February 10, 2024",793
PEMEX,434067.5,USD,OP-190691,25/03/2018,05-Feb-2021,1048
LIVERPOOL,6402267.47,MXN,OP-536016,28/06/2025,N/A,N/A
GRUPO CARSO,1603590.91,EUR,OP-402595,07-May-2025,N/A,N/A
grupo bimbo,9563423.87,MXN,OP-824220,10-Apr-2018,N/A,N/A
CEMEX,4282557.33,EUR,OP-191895,"April 17, 2022","April 12, 2025",1091
GRUPO LALA,1304190.05,EUR,OP-355508,"May 08, 2024",N/A,N/A
CEMEX,6477505.93,USD,OP-610408,15/12/2020,N/A,N/A
WALMART DE MÉXICO,5385635.13,EUR,OP-812337,25/11/2017,2021-10-01,1406
bbva méxico,5392079.96,MXN,OP-367428,2020-05-19,N/A,N/A
walmart de méxico,5846393.85,MXN,OP-742743,08-Sep-2021,N/A,N/A
WALMART DE MÉXICO,4962880.06,USD,OP-383426,07-Feb-2022,N/A,N/A
GRUPO MÉXICO,2408656.79,EUR,OP-370849,2017-04-16,02-Oct-2023,2360
ALSEA,8471050.72,MXN,OP-779675,2022-06-08,"May 15, 2024",707
CEMEX,5058571.59,EUR,OP-101131,17/06/2025,N/A,N/A
GRUPO BIMBO,2990724.19,EUR,OP-166849,2019-12-19,N/A,N/A
SORIANA,5460943.86,EUR,OP-188757,07-Mar-2022,N/A,N/A
BANORTE,1677020.15,EUR,OP-853158,29-Sep-2021,N/A,N/A
WALMART DE MÉXICO,8408596.16,MXN,OP-532444,2023-07-28,10/04/2025,799
grupo bimbo,2778238.2,MXN,OP-673089,2020-01-05,N/A,N/A
AMÉRICA MÓVIL,6802429.62,MXN,OP-157256,2019-05-22,13-Sep-2022,1210
banorte,9424680.12,MXN,OP-615515,26/06/2023,N/A,N/A
liverpool,3355136.96,MXN,OP-879062,"March 25, 2017",N/A,N/A
AMÉRICA MÓVIL,7674071.84,USD,OP-163289,2018-12-14,2020-05-01,504
BBVA MÉXICO,1160095.46,MXN,OP-372180,03/02/2020,N/A,N/A
ALSEA,9249099.78,USD,OP-366720,26/02/2025,N/A,N/A
FEMSA,9488743.0,USD,OP-430823,21-Sep-2017,N/A,N/A
grupo méxico,5035148.53,USD,OP-837151,24-Oct-2016,"March 11, 2024",2695
PEMEX,8216838.57,USD,OP-950648,23/06/2016,16-Oct-2021,1941
grupo carso,5715973.0,MXN,OP-204714,2016-05-21,06/06/2022,2207
TELMEX,4615055.51,MXN,OP-833494,"September 01, 2018",N/A,N/A
CEMEX,9007192.06,EUR,OP-843572,12/06/2023,27-Feb-2025,449
SORIANA,5925519.55,EUR,OP-129601,"February 08, 2018","July 23, 2019",530
FEMSA,5962424.76,EUR,OP-829843,"July 20, 2022",09-Feb-2023,204
telmex,1607693.25,EUR,OP-463689,23-Feb-2022,2023-06-25,487
BBVA MÉXICO,6970141.38,USD,OP-395733,"November 25, 2016",N/A,N/A
walmart de méxico,1128908.77,EUR,OP-690670,15/06/2016,23-Jun-2020,1469
GRUPO BIMBO,5475417.25,USD,OP-826504,"October 17, 2020",N/A,N/A
GRUPO BIMBO,3561107.47,MXN,OP-357339,"August 14, 2017",11-Apr-2018,240
walmart de méxico,3919252.19,MXN,OP-621759,04-Dec-2020,N/A,N/A
GRUPO MÉXICO,9635750.86,USD,OP-234277,2018-07-31,N/A,N/A
PEMEX,1209450.96,EUR,OP-897346,2024-08-01,N/A,N/A
américa móvil,3957579.04,USD,OP-269478,"March 02, 2021",N/A,N/A
liverpool,8139381.48,EUR,OP-209012,"March 18, 2021",11-Apr-2021,24
femsa,6714867.55,MXN,OP-536535,2017-09-09,11/02/2018,419
WALMART DE MÉXICO,8772825.3,USD,OP-236313,2023-04-18,N/A,N/A
grupo bimbo,3694286.04,USD,OP-682084,18/08/2020,2025-04-19,1705
femsa,3633160.59,EUR,OP-656958,07-Sep-2023,N/A,N/A
GRUPO CARSO,8019426.35,MXN,OP-710696,2019-12-07,N/A,N/A
grupo bimbo,6729559.54,EUR,OP-752687,11-Dec-2019,"June 11, 2025",2009
soriana,2725807.9,MXN,OP-571609,08/07/2025,N/A,N/A
ALSEA,4423198.87,USD,OP-253623,23/01/2019,02/04/2023,1473
AMÉRICA MÓVIL,8988127.34,MXN,OP-635950,28/06/2020,"January 04, 2021",190
grupo méxico,4680295.7,EUR,OP-825662,"May 29, 2025",N/A,N/A
GRUPO CARSO,6673152.42,EUR,OP-549603,05/05/2023,N/A,N/A
cemex,5282777.49,EUR,OP-617771,23/03/2023,N/A,N/A
AMÉRICA MÓVIL,9668517.17,MXN,OP-140681,2024-01-25,"April 21, 2025",452
CEMEX,993270.86,EUR,OP-495947,2016-08-06,2018-09-30,785
liverpool,4076698.09,USD,OP-626888,2018-10-09,19/02/2023,1594
WALMART DE MÉXICO,8823977.43,EUR,OP-432873,2019-07-09,N/A,N/A
grupo bimbo,2277601.1,USD,OP-355249,"January 09, 2023",25/01/2024,381
BBVA MÉXICO,4752950.57,USD,OP-558428,2016-07-10,N/A,N/A
GRUPO CARSO,4641042.56,USD,OP-569231,01/05/2019,02-Jul-2023,1639
femsa,6905508.02,EUR,OP-805833,03-Feb-2024,N/A,N/A
cemex,3758628.83,EUR,OP-775172,2019-04-20,2019-10-03,166
pemex,8771135.34,MXN,OP-623567,19/07/2021,N/A,N/A
SORIANA,1379570.38,MXN,OP-411037,"October 19, 2017",03/08/2024,2332
soriana,4224691.62,EUR,OP-983444,14-Sep-2015,N/A,N/A
FEMSA,7071819.49,USD,OP-129776,23/08/2022,2024-05-24,640
grupo méxico,2009647.38,MXN,OP-251455,2023-08-22,N/A,N/A
GRUPO MÉXICO,7564829.21,USD,OP-760314,2019-03-23,25/09/2023,1647
GRUPO LALA,6403828.41,MXN,OP-802307,2017-11-14,N/A,N/A
SORIANA,4449858.56,EUR,OP-876036,2021-12-29,N/A,N/A
GRUPO BIMBO,8584447.32,MXN,OP-536715,2020-06-02,N/A,N/A
alsea,1591225.8,MXN,OP-456510,2021-08-29,21-Jul-2023,691
grupo méxico,8105450.43,MXN,OP-856565,15/04/2022,04/07/2025,1088
banorte,7948585.75,EUR,OP-981319,2018-11-11,N/A,N/A
américa móvil,8885894.2,EUR,OP-326178,16/06/2020,20-Jul-2025,1860
AMÉRICA MÓVIL,6653702.43,MXN,OP-599244,06-Dec-2022,N/A,N/A
GRUPO BIMBO,4347219.22,EUR,OP-255892,08/05/2024,N/A,N/A
liverpool,2601207.51,MXN,OP-920650,26-Sep-2022,N/A,N/A
grupo méxico,7326400.98,USD,OP-669218,"October 17, 2017",N/A,N/A
grupo lala,5065510.06,EUR,OP-804058,18/05/2019,24-Feb-2025,2109
PEMEX,9973586.88,MXN,OP-335223,2016-04-30,2019-08-04,1191
bbva méxico,1077295.95,MXN,OP-829127,"June 06, 2022",21/03/2025,1019
grupo méxico,972748.31,MXN,OP-580520,04/06/2021,01-Jan-2024,1000
pemex,8357471.93,USD,OP-413573,2020-05-28,N/A,N/A
GRUPO MÉXICO,2846838.18,MXN,OP-866250,"November 14, 2019",14/08/2025,2100
soriana,951441.1,USD,OP-644466,27/08/2024,N/A,N/A
BANORTE,3916597.47,USD,OP-355384,2025-07-20,N/A,N/A
cemex,3409528.13,USD,OP-834024,19/05/2024,N/A,N/A
liverpool,5054031.45,USD,OP-967666,24-Dec-2020,2022-10-11,656
soriana,1990325.87,USD,OP-938254,2021-01-05,N/A,N/A
GRUPO CARSO,5313347.02,EUR,OP-513732,2022-05-14,N/A,N/A
liverpool,485972.8,MXN,OP-707016,10/04/2025,N/A,N/A
PEMEX,6507848.47,USD,OP-949758,25/03/2020,"January 27, 2023",1038
grupo lala,3008853.2,EUR,OP-297169,2021-08-12,N/A,N/A
GRUPO BIMBO,8872011.53,EUR,OP-988365,2016-05-29,N/A,N/A
soriana,3889050.16,EUR,OP-508356,28-Aug-2023,N/A,N/A
walmart de méxico,5870073.75,USD,OP-203913,25-Mar-2022,N/A,N/A
GRUPO CARSO,7257074.79,USD,OP-511241,"October 16, 2021",24/03/2022,159
banorte,3727614.7,USD,OP-812074,"September 18, 2015","April 30, 2017",590
walmart de méxico,1231415.2,EUR,OP-728277,2017-04-23,20-Jul-2025,3010
liverpool,7944143.06,USD,OP-880203,"November 11, 2021",25/02/2023,471
bbva méxico,8062237.49,MXN,OP-934244,29-Sep-2016,06-Jan-2023,2290
liverpool,4994624.49,EUR,OP-396992,23/08/2019,2020-04-19,240
BANORTE,3414025.74,MXN,OP-207830,27/09/2015,N/A,N/A
FEMSA,6025447.57,EUR,OP-686000,21/10/2018,05-Jun-2023,1688
WALMART DE MÉXICO,5552699.64,EUR,OP-634717,08-May-2016,N/A,N/A
grupo bimbo,6052150.5,USD,OP-758538,"March 19, 2025",N/A,N/A
grupo bimbo,1749366.84,MXN,OP-395133,2016-03-06,09-Feb-2019,1070
telmex,9310308.18,MXN,OP-750363,2015-12-12,"September 27, 2019",1385
pemex,3843633.07,MXN,OP-833879,11-Jul-2023,N/A,N/A
ALSEA,7721478.89,USD,OP-801609,2021-06-30,2025-05-21,1421
bbva méxico,2748660.55,EUR,OP-901674,18-Aug-2025,N/A,N/A
FEMSA,2554589.61,EUR,OP-678218,12/02/2021,N/A,N/A
FEMSA,7661002.93,USD,OP-346943,"February 28, 2021",31/07/2025,1614
AMÉRICA MÓVIL,4694232.47,MXN,OP-941734,"June 02, 2018",20-Jun-2024,2210
SORIANA,5037965.37,MXN,OP-172064,10-Feb-2021,N/A,N/A
GRUPO CARSO,1123893.2,EUR,OP-576560,23/10/2021,N/A,N/A
FEMSA,8252141.27,MXN,OP-668200,2022-11-26,N/A,N/A
FEMSA,9440295.17,USD,OP-326702,"December 22, 2021",N/A,N/A
BBVA MÉXICO,6702554.43,MXN,OP-807249,02/08/2017,"October 27, 2020",1357
soriana,5215468.67,USD,OP-273753,"June 06, 2017",2024-09-14,2657
bbva méxico,8198701.55,USD,OP-103392,07/10/2020,N/A,N/A
GRUPO MÉXICO,8018772.06,MXN,OP-306063,08/11/2016,N/A,N/A
ALSEA,5362218.52,MXN,OP-460718,18-Jan-2016,2016-03-12,54
bbva méxico,6883087.2,MXN,OP-122491,"June 21, 2019",N/A,N/A
grupo carso,2387258.88,MXN,OP-939884,2022-01-09,N/A,N/A
GRUPO MÉXICO,8744367.88,USD,OP-311303,28-May-2025,N/A,N/A
liverpool,2752036.46,MXN,OP-918447,06-Oct-2020,N/A,N/A
LIVERPOOL,5880443.18,USD,OP-944055,"July 04, 2018","December 11, 2018",160
GRUPO BIMBO,4886194.02,EUR,OP-778919,28-Oct-2017,01/01/2022,1526
banorte,971580.18,MXN,OP-609530,2017-01-16,N/A,N/A
cemex,5852768.38,MXN,OP-363238,"May 29, 2020",N/A,N/A
PEMEX,2735920.16,MXN,OP-434116,"November 28, 2021",N/A,N/A
PEMEX,7288802.11,USD,OP-568167,25-Feb-2016,N/A,N/A
walmart de méxico,5239546.53,MXN,OP-929848,"January 21, 2020",N/A,N/A
GRUPO CARSO,8962315.83,USD,OP-577992,"March 12, 2025",N/A,N/A
telmex,125880.53,EUR,OP-421320,08/10/2020,02-Feb-2022,541
BBVA MÉXICO,7349700.75,USD,OP-550444,09/10/2017,"August 26, 2018",350
GRUPO BIMBO,4385210.26,MXN,OP-979209,12/10/2020,N/A,N/A
GRUPO CARSO,4272199.52,EUR,OP-737427,03/02/2025,N/A,N/A
cemex,6207160.32,MXN,OP-658922,2022-05-08,N/A,N/A
banorte,7889624.55,MXN,OP-437997,2017-09-15,N/A,N/A
banorte,247117.99,USD,OP-712286,"May 07, 2024",N/A,N/A
américa móvil,5856328.49,USD,OP-375450,28/05/2020,N/A,N/A
GRUPO BIMBO,5858344.49,MXN,OP-862593,31/12/2015,07/07/2018,919
LIVERPOOL,3730951.26,MXN,OP-415189,21-Feb-2017,02-Jun-2025,3023
WALMART DE MÉXICO,8416232.71,USD,OP-828162,"February 04, 2019",2024-10-27,2092
telmex,789624.33,MXN,OP-219838,16/03/2022,2024-10-05,934
AMÉRICA MÓVIL,5121582.3,EUR,OP-178090,27/01/2022,N/A,N/A
TELMEX,4618582.93,EUR,OP-803936,2016-11-07,2020-10-25,1448
WALMART DE MÉXICO,4145022.97,EUR,OP-126285,22-Apr-2019,29/06/2023,1529
GRUPO LALA,5304336.01,USD,OP-733653,"September 10, 2017",N/A,N/A
soriana,2459415.16,EUR,OP-736698,06/04/2025,N/A,N/A
BBVA MÉXICO,8554328.06,USD,OP-678145,"September 08, 2020",N/A,N/A
grupo lala,6318536.34,USD,OP-134010,03-Oct-2016,2023-02-10,2321
WALMART DE MÉXICO,5507018.7,EUR,OP-268880,26/01/2023,N/A,N/A
GRUPO CARSO,5238669.83,USD,OP-450339,06-Sep-2017,N/A,N/A
WALMART DE MÉXICO,9066085.4,MXN,OP-402917,12/04/2019,N/A,N/A
américa móvil,518956.13,USD,OP-708485,29-Jan-2016,2016-10-01,246
pemex,8577893.21,EUR,OP-410492,"October 23, 2023",N/A,N/A
bbva méxico,5650499.77,MXN,OP-862442,"February 15, 2025",N/A,N/A
CEMEX,3818319.8,MXN,OP-965034,2016-01-12,23/01/2025,3299
TELMEX,538905.77,EUR,OP-100050,"May 12, 2020",N/A,N/A
banorte,5481819.58,USD,OP-737518,2022-03-29,N/A,N/A
alsea,5887765.02,MXN,OP-208015,01-Feb-2020,N/A,N/A
PEMEX,1033725.83,MXN,OP-988011,28-Mar-2017,N/A,N/A
américa móvil,5364424.53,USD,OP-402937,"April 30, 2020",N/A,N/A
banorte,6132097.45,EUR,OP-393560,12/11/2024,09-Feb-2025,60
GRUPO LALA,2594450.38,USD,OP-515037,"October 27, 2020","April 29, 2025",1645
liverpool,7401092.11,USD,OP-592662,"July 30, 2017",18/01/2020,902
TELMEX,7589762.62,MXN,OP-456122,29/06/2017,29/11/2018,518
grupo carso,477094.97,MXN,OP-691578,07/06/2024,N/A,N/A
pemex,3899183.59,EUR,OP-885440,05/09/2019,2025-02-20,2114
BBVA MÉXICO,8510411.4,MXN,OP-442666,06-Mar-2021,N/A,N/A
FEMSA,6733199.18,MXN,OP-952336,21-Feb-2019,2021-06-27,857
WALMART DE MÉXICO,4553421.23,EUR,OP-595384,2020-06-21,16-Mar-2021,268
banorte,7958201.05,MXN,OP-213851,24-Jul-2024,N/A,N/A
WALMART DE MÉXICO,607532.64,USD,OP-166154,2019-11-23,N/A,N/A
cemex,3596507.05,USD,OP-960023,20/02/2022,N/A,N/A
femsa,4889177.15,EUR,OP-269231,22-May-2025,N/A,N/A
BANORTE,757418.14,USD,OP-392908,23-Oct-2016,N/A,N/A
américa móvil,7459432.71,USD,OP-412377,"January 11, 2016",2021-09-03,2062
grupo méxico,6809124.57,USD,OP-405641,23/01/2018,N/A,N/A
américa móvil,1743138.26,EUR,OP-223824,12-Jun-2019,N/A,N/A
CEMEX,3370081.03,EUR,OP-576699,2019-10-03,N/A,N/A
PEMEX,9309485.15,EUR,OP-402888,"February 05, 2018","April 09, 2024",2255
BBVA MÉXICO,5779699.9,EUR,OP-128636,"December 10, 2016",06/08/2024,2737
grupo lala,304244.21,EUR,OP-122178,19/09/2019,N/A,N/A
LIVERPOOL,7759338.74,MXN,OP-517159,2024-08-19,N/A,N/A
pemex,1642631.9,MXN,OP-928768,"January 06, 2024",N/A,N/A
pemex,2054236.03,MXN,OP-471064,2018-09-25,"February 26, 2021",885
TELMEX,6162117.12,USD,OP-196845,"November 12, 2019",N/A,N/A
grupo méxico,9869114.0,MXN,OP-856441,2016-12-06,01/02/2023,2218
grupo bimbo,6427322.22,USD,OP-749606,17/03/2018,N/A,N/A
grupo bimbo,7348506.14,EUR,OP-400275,"October 01, 2015",N/A,N/A
WALMART DE MÉXICO,6845416.28,USD,OP-988059,30/10/2024,N/A,N/A
GRUPO BIMBO,3327924.91,EUR,OP-762826,"June 15, 2020",N/A,N/A
GRUPO LALA,9483019.54,MXN,OP-322579,2017-03-22,"July 02, 2024",2659
américa móvil,5691088.59,USD,OP-135277,2017-04-06,"February 09, 2024",2500
AMÉRICA MÓVIL,1247289.64,USD,OP-273796,"August 08, 2024",N/A,N/A
soriana,375287.54,USD,OP-428259,31-Oct-2023,N/A,N/A
grupo lala,2881255.79,USD,OP-422517,"June 28, 2024",N/A,N/A
BBVA MÉXICO,7084050.57,USD,OP-255902,04-Dec-2018,N/A,N/A
grupo lala,6948202.72,MXN,OP-864985,05/09/2023,27/12/2024,598
GRUPO MÉXICO,3084074.71,MXN,OP-160226,21/12/2024,N/A,N/A
cemex,8588017.27,EUR,OP-346442,09-May-2019,08-Jun-2022,1126
BBVA MÉXICO,3673383.0,MXN,OP-724568,21-Aug-2024,N/A,N/A
grupo bimbo,759780.33,MXN,OP-688718,19-Jan-2019,N/A,N/A
WALMART DE MÉXICO,735948.93,EUR,OP-258840,2018-12-12,N/A,N/A
GRUPO BIMBO,7218948.27,EUR,OP-849134,05/08/2019,"December 17, 2020",589
BBVA MÉXICO,2160538.58,MXN,OP-337182,2021-01-22,N/A,N/A
grupo méxico,1249193.43,MXN,OP-475303,10/07/2020,N/A,N/A
SORIANA,8641564.57,USD,OP-841017,09-Sep-2017,N/A,N/A
PEMEX,9776742.15,MXN,OP-277782,04/03/2023,2023-07-25,113
banorte,1359513.55,USD,OP-485586,10/10/2017,N/A,N/A
ALSEA,1768743.39,EUR,OP-644901,"December 28, 2017",23/07/2023,2033
grupo bimbo,351904.63,USD,OP-848162,2022-11-04,N/A,N/A
GRUPO MÉXICO,9717666.2,MXN,OP-755849,"January 11, 2022",N/A,N/A
PEMEX,9023085.25,MXN,OP-689134,2022-02-21,N/A,N/A
TELMEX,3430598.91,MXN,OP-273568,"October 11, 2017",09/02/2019,691
GRUPO CARSO,7044120.83,USD,OP-162462,02/12/2024,N/A,N/A
GRUPO LALA,2327932.6,EUR,OP-655394,15-Jun-2017,N/A,N/A
bbva méxico,4491618.88,MXN,OP-861707,04/02/2022,N/A,N/A
grupo lala,3630170.11,MXN,OP-972999,22/12/2018,N/A,N/A
GRUPO CARSO,2461869.86,USD,OP-620180,"July 11, 2020",N/A,N/A
BBVA MÉXICO,2890478.07,MXN,OP-353160,2016-11-29,15-Jan-2023,2238
TELMEX,511807.31,EUR,OP-317844,29/06/2023,06-Nov-2024,496
grupo bimbo,5021223.64,USD,OP-610835,"March 16, 2016",12/02/2017,626
femsa,7201700.37,EUR,OP-793459,2024-10-21,N/A,N/A
grupo carso,9552966.38,USD,OP-990700,10-Apr-2016,"October 28, 2019",1296
WALMART DE MÉXICO,4482604.21,EUR,OP-913747,"November 28, 2016",2019-05-01,884
bbva méxico,1483048.62,MXN,OP-710813,"January 04, 2022",N/A,N/A
WALMART DE MÉXICO,2889002.44,USD,OP-434287,31-Jul-2021,N/A,N/A
GRUPO CARSO,579820.56,USD,OP-463391,18-Jun-2017,N/A,N/A
grupo lala,9494383.41,EUR,OP-155792,23-Sep-2016,2025-08-04,3237
bbva méxico,2113337.16,USD,OP-743434,"August 23, 2019",N/A,N/A
ALSEA,1857915.76,MXN,OP-411338,01-Jun-2016,N/A,N/A
BANORTE,1313783.93,EUR,OP-355846,02-Feb-2022,N/A,N/A
FEMSA,8916650.14,MXN,OP-531599,16-Apr-2023,N/A,N/A
cemex,3165510.14,USD,OP-929485,19/09/2016,09/04/2024,2907
pemex,9951966.11,EUR,OP-774807,03-Mar-2016,26-Oct-2022,2428
alsea,9496979.81,MXN,OP-612200,01/04/2022,N/A,N/A
grupo carso,245779.01,USD,OP-459142,"February 16, 2023",N/A,N/A
alsea,5336702.07,USD,OP-557396,16/09/2021,N/A,N/A
GRUPO MÉXICO,1953318.42,EUR,OP-667449,18/03/2021,N/A,N/A
SORIANA,9036777.77,MXN,OP-544856,2018-05-05,N/A,N/A
BANORTE,3626328.45,EUR,OP-324054,2025-02-22,N/A,N/A
grupo carso,2934011.48,EUR,OP-943148,"July 15, 2021","February 02, 2025",1298
walmart de méxico,3008776.63,MXN,OP-130303,2015-12-30,26/12/2023,2918
GRUPO CARSO,1418572.77,MXN,OP-577988,"November 10, 2020",N/A,N/A
grupo méxico,950531.84,EUR,OP-521206,20-Jan-2025,N/A,N/A
GRUPO LALA,6589506.35,USD,OP-998717,08/09/2015,09-Jun-2025,3592
bbva méxico,4925194.04,MXN,OP-417836,2021-06-27,N/A,N/A
GRUPO LALA,2996858.1,EUR,OP-432876,02-Mar-2022,N/A,N/A
grupo lala,729230.29,USD,OP-416163,23-Jul-2017,N/A,N/A
LIVERPOOL,1915190.24,USD,OP-499783,"July 26, 2024",N/A,N/A
américa móvil,644394.14,MXN,OP-934361,01-Aug-2022,2023-04-14,256
grupo lala,8094506.63,EUR,OP-912025,04/03/2022,N/A,N/A
américa móvil,1579898.38,EUR,OP-721475,"April 13, 2021",N/A,N/A
banorte,9161381.17,MXN,OP-450437,28/01/2024,18-Apr-2024,81
banorte,4448743.12,EUR,OP-252821,19/06/2018,2023-01-20,1676
GRUPO LALA,2353737.86,MXN,OP-936859,06-Jul-2023,N/A,N/A
GRUPO MÉXICO,5364408.34,EUR,OP-555369,2022-09-09,"August 22, 2023",347
BBVA MÉXICO,6720880.31,EUR,OP-224981,"April 23, 2021",N/A,N/A
banorte,2817172.3,MXN,OP-562930,"December 03, 2018",05-Oct-2022,1402
walmart de méxico,6144449.82,EUR,OP-182747,17/08/2024,N/A,N/A
walmart de méxico,901673.03,MXN,OP-490805,17/12/2018,"November 08, 2022",1422
liverpool,2140141.76,EUR,OP-645570,04/04/2023,2023-05-24,50
walmart de méxico,6284683.57,USD,OP-497970,27-Dec-2021,N/A,N/A
BANORTE,2408335.76,USD,OP-643295,"November 01, 2023",N/A,N/A
BANORTE,7047310.85,MXN,OP-577738,03/09/2022,N/A,N/A
banorte,399712.37,MXN,OP-336629,23-Jan-2023,N/A,N/A
SORIANA,3184506.08,USD,OP-224120,"August 18, 2024",N/A,N/A
AMÉRICA MÓVIL,2519533.44,USD,OP-278659,09-Jun-2022,N/A,N/A
grupo lala,7289361.62,EUR,OP-838276,2022-08-25,N/A,N/A
ALSEA,3957275.26,USD,OP-116624,20-Feb-2019,"December 20, 2021",1034
AMÉRICA MÓVIL,1437433.36,EUR,OP-170676,13-Oct-2015,N/A,N/A
telmex,3615287.25,USD,OP-288420,"January 06, 2022",N/A,N/A
BBVA MÉXICO,5814835.01,MXN,OP-334180,18/01/2023,N/A,N/A
CEMEX,5239932.69,MXN,OP-274227,2024-08-03,N/A,N/A
LIVERPOOL,3344652.71,USD,OP-750068,"August 09, 2020",N/A,N/A
grupo carso,4949993.02,USD,OP-734840,17/11/2018,03/05/2019,108
GRUPO CARSO,4725113.59,EUR,OP-967889,11-Aug-2023,"August 14, 2023",3
grupo carso,3829378.75,MXN,OP-399400,2018-02-28,N/A,N/A
BBVA MÉXICO,5626261.73,EUR,OP-501983,11/05/2019,"May 30, 2021",572
SORIANA,849468.51,MXN,OP-407194,09-Oct-2015,"May 23, 2019",1322
PEMEX,8394678.29,MXN,OP-141122,2023-03-15,N/A,N/A
cemex,2287794.05,MXN,OP-670908,"May 04, 2024",N/A,N/A
femsa,7089857.29,MXN,OP-240865,11-Dec-2016,N/A,N/A
bbva méxico,4027844.31,EUR,OP-692451,18/08/2023,N/A,N/A
bbva méxico,593894.93,EUR,OP-295837,28-Aug-2019,N/A,N/A
CEMEX,5297405.55,EUR,OP-247769,23-Feb-2025,N/A,N/A
CEMEX,4133752.03,USD,OP-223575,2017-05-21,2024-10-08,2697
BANORTE,2422032.63,USD,OP-692355,04-Jul-2016,N/A,N/A
cemex,6711991.69,USD,OP-365164,2023-06-22,N/A,N/A
LIVERPOOL,3862629.08,USD,OP-980197,21-Dec-2020,N/A,N/A
WALMART DE MÉXICO,6263442.37,USD,OP-672065,"March 05, 2022",N/A,N/A
FEMSA,2840507.56,EUR,OP-443770,17/07/2022,"June 11, 2024",695
grupo bimbo,1186938.11,EUR,OP-375278,16-Jan-2016,04/08/2024,3005
soriana,9947664.01,USD,OP-189479,21-Sep-2019,N/A,N/A
TELMEX,5462777.26,MXN,OP-533472,29-Oct-2020,N/A,N/A
banorte,8487610.35,MXN,OP-285859,12-May-2023,N/A,N/A
FEMSA,470523.58,EUR,OP-196281,2021-12-29,N/A,N/A
FEMSA,8311419.52,USD,OP-702243,12-Oct-2024,N/A,N/A
femsa,9619183.83,MXN,OP-216432,2025-01-18,N/A,N/A
pemex,8700951.12,MXN,OP-747425,13/02/2021,22-Aug-2024,1286
bbva méxico,6105005.49,EUR,OP-984000,18-Dec-2015,2017-03-10,448
liverpool,3321806.27,USD,OP-569066,"March 08, 2018","October 12, 2024",2410
grupo carso,7026134.86,EUR,OP-939800,2017-06-30,2025-03-03,2803
AMÉRICA MÓVIL,687214.12,MXN,OP-340255,"August 23, 2020",N/A,N/A
GRUPO BIMBO,6696575.85,USD,OP-605591,2023-01-20,11-Aug-2023,203
américa móvil,2808878.53,MXN,OP-725816,27/05/2020,N/A,N/A
pemex,8269462.34,USD,OP-671889,2022-03-09,N/A,N/A
grupo lala,7018116.61,MXN,OP-789140,"March 05, 2016",N/A,N/A
AMÉRICA MÓVIL,5706508.6,USD,OP-442119,07/08/2020,N/A,N/A
liverpool,6422855.18,USD,OP-407625,"May 20, 2021",N/A,N/A
GRUPO MÉXICO,8632648.46,USD,OP-613437,05-Apr-2020,N/A,N/A
grupo lala,5789974.42,MXN,OP-404613,27-Oct-2017,N/A,N/A
cemex,6072737.58,MXN,OP-437397,28/07/2022,N/A,N/A
CEMEX,580858.51,USD,OP-202440,"June 24, 2022",N/A,N/A
SORIANA,3094973.44,EUR,OP-370976,"February 27, 2019",16/01/2023,1419
GRUPO BIMBO,2977268.81,EUR,OP-808169,25-May-2023,N/A,N/A
GRUPO MÉXICO,5565611.3,USD,OP-210466,10/10/2016,N/A,N/A
grupo méxico,5139083.92,MXN,OP-819818,2017-03-09,17-Jan-2023,2140
SORIANA,948321.66,EUR,OP-180653,26-Feb-2019,N/A,N/A
LIVERPOOL,2990522.77,MXN,OP-960130,18-Dec-2016,"April 14, 2022",1943
banorte,1226909.77,EUR,OP-958001,2024-11-24,29-Jun-2025,217
grupo carso,6348355.62,EUR,OP-906392,10/11/2017,10/06/2021,1456
ALSEA,7517341.28,USD,OP-814181,2023-03-24,N/A,N/A
PEMEX,7545049.97,USD,OP-958523,25-Aug-2024,N/A,N/A
liverpool,2704453.01,USD,OP-592358,"February 13, 2025",N/A,N/A
LIVERPOOL,8760956.89,MXN,OP-327756,2018-07-16,"April 18, 2023",1737
GRUPO MÉXICO,3866928.35,MXN,OP-334308,02/12/2016,08-Jun-2017,482
GRUPO CARSO,4987880.99,USD,OP-612310,30-Aug-2019,24/11/2023,1547
alsea,9323164.24,MXN,OP-712103,12-Nov-2021,N/A,N/A
banorte,6479627.94,MXN,OP-234166,"November 29, 2022",N/A,N/A
BANORTE,6005760.84,MXN,OP-454032,09-May-2017,N/A,N/A
walmart de méxico,4865132.09,EUR,OP-329871,"January 30, 2018",N/A,N/A
CEMEX,454855.72,MXN,OP-618214,"April 08, 2018",14-Oct-2018,189
BANORTE,6694254.22,MXN,OP-989072,18/01/2023,N/A,N/A
TELMEX,2360295.02,EUR,OP-812508,"December 01, 2015",23-Aug-2021,2092
PEMEX,8654643.82,USD,OP-917443,"August 18, 2020",N/A,N/A
PEMEX,3364119.67,EUR,OP-838920,28/07/2025,N/A,N/A
grupo méxico,3661280.87,EUR,OP-640769,12-Aug-2016,11-Dec-2018,851
walmart de méxico,3569853.75,EUR,OP-403648,2023-02-15,N/A,N/A
bbva méxico,6030571.65,MXN,OP-758825,2025-03-09,N/A,N/A
bbva méxico,3409362.84,USD,OP-770251,15/12/2018,N/A,N/A
banorte,6147992.22,EUR,OP-729680,25/10/2020,"July 25, 2021",273
BBVA MÉXICO,684539.64,EUR,OP-481526,07-Aug-2025,N/A,N/A
BANORTE,6994920.39,EUR,OP-905965,19/01/2021,2025-01-10,1452
GRUPO LALA,9800117.77,MXN,OP-288797,09-Feb-2022,"January 13, 2025",1069
WALMART DE MÉXICO,5129379.9,MXN,OP-121735,"December 02, 2022",N/A,N/A
GRUPO BIMBO,2046519.24,USD,OP-958173,"April 23, 2016",2020-10-11,1632
FEMSA,5138927.8,MXN,OP-942607,"August 02, 2025",N/A,N/A
grupo lala,2237019.0,USD,OP-951692,29/05/2019,"March 13, 2022",1019
LIVERPOOL,9836776.85,EUR,OP-153398,"April 25, 2023",N/A,N/A
FEMSA,306814.41,MXN,OP-203535,06/12/2020,N/A,N/A
banorte,9081673.0,EUR,OP-519177,09/09/2017,"December 22, 2019",834
LIVERPOOL,988661.84,USD,OP-711663,2016-02-25,27/12/2021,2132
soriana,7000830.02,EUR,OP-418821,2018-12-02,N/A,N/A
liverpool,3317103.34,USD,OP-789068,2021-08-16,N/A,N/A
GRUPO LALA,6694017.27,USD,OP-113286,30/08/2016,02/07/2025,3083
grupo méxico,6686940.48,EUR,OP-913107,2021-09-01,N/A,N/A
GRUPO MÉXICO,2217664.78,EUR,OP-391765,"March 13, 2021",03/09/2023,726
telmex,7239549.99,EUR,OP-542361,2020-11-26,N/A,N/A
grupo méxico,9024253.18,USD,OP-928793,07-Nov-2016,13-Dec-2021,1862
grupo bimbo,2566766.03,EUR,OP-980258,"April 21, 2019",16-Oct-2024,2005
BANORTE,2329690.23,EUR,OP-829035,19-Apr-2020,28/11/2021,588
SORIANA,7846974.37,USD,OP-168337,25-Sep-2023,N/A,N/A
ALSEA,8920422.52,USD,OP-756836,2020-12-04,2024-02-09,1162
GRUPO MÉXICO,6981787.48,USD,OP-433253,"July 07, 2018",N/A,N/A
BBVA MÉXICO,6979104.24,USD,OP-162214,"September 21, 2022",N/A,N/A
FEMSA,3203954.02,USD,OP-555808,2024-06-10,N/A,N/A
femsa,6398467.57,USD,OP-752240,2022-02-14,N/A,N/A
GRUPO CARSO,7275999.73,EUR,OP-901122,2018-02-11,N/A,N/A
femsa,3018384.73,MXN,OP-260141,2024-08-27,N/A,N/A
CEMEX,6944248.71,MXN,OP-194305,"May 17, 2017",2024-07-04,2605
ALSEA,2618527.59,EUR,OP-734477,06/08/2023,N/A,N/A
FEMSA,4452075.17,USD,OP-197183,2018-01-03,03/05/2020,792
alsea,1878582.25,MXN,OP-771212,"May 20, 2024",N/A,N/A
BBVA MÉXICO,5634041.69,MXN,OP-927590,"September 25, 2015",2016-11-26,428
alsea,4049997.64,USD,OP-877508,2017-03-26,19-Mar-2019,723
américa móvil,4937345.92,MXN,OP-847129,"April 08, 2023","August 02, 2025",847
femsa,2550095.09,EUR,OP-422818,02-Nov-2021,N/A,N/A
grupo lala,5959465.59,EUR,OP-458397,"September 03, 2018","September 28, 2023",1851
alsea,1407473.91,MXN,OP-435676,13/04/2018,2021-12-29,1356
soriana,9534226.09,USD,OP-409424,"September 15, 2016",17-Aug-2023,2527
femsa,3911967.48,MXN,OP-785265,"July 13, 2020",N/A,N/A
GRUPO LALA,7112957.15,MXN,OP-497776,"July 19, 2024",N/A,N/A
grupo méxico,698648.06,MXN,OP-193629,"April 19, 2016",2019-10-26,1285
femsa,555557.95,MXN,OP-298823,15/04/2022,N/A,N/A
BBVA MÉXICO,7103726.45,USD,OP-184077,2022-02-05,"May 30, 2025",1210
grupo carso,3581380.6,MXN,OP-501299,2025-07-15,N/A,N/A
LIVERPOOL,9321891.92,EUR,OP-618743,18-Sep-2020,N/A,N/A
grupo méxico,5825381.29,EUR,OP-326166,"April 10, 2019",N/A,N/A
walmart de méxico,2922349.24,EUR,OP-109328,2019-02-10,N/A,N/A
grupo méxico,2601481.57,EUR,OP-861036,23/11/2023,N/A,N/A
GRUPO BIMBO,2162252.7,USD,OP-988607,25-May-2017,N/A,N/A
grupo lala,2851490.66,MXN,OP-809815,23-Aug-2025,N/A,N/A
grupo méxico,4266499.31,EUR,OP-309184,"February 22, 2022",N/A,N/A
PEMEX,2884355.49,MXN,OP-954622,2024-04-15,N/A,N/A
grupo bimbo,6642048.6,MXN,OP-597219,22/02/2024,N/A,N/A
femsa,8937798.44,USD,OP-791894,17-Oct-2021,N/A,N/A
soriana,8379030.49,EUR,OP-667591,"May 18, 2019",N/A,N/A
AMÉRICA MÓVIL,1092124.29,EUR,OP-710841,15/09/2017,2018-03-06,172
pemex,1886897.15,MXN,OP-652582,24/06/2018,"November 12, 2020",872
soriana,7077204.42,USD,OP-551756,"April 12, 2017",27-Jul-2021,1567
grupo bimbo,9094149.04,EUR,OP-205325,22/01/2019,01-Sep-2020,588
soriana,4562464.06,EUR,OP-897362,22-Aug-2025,N/A,N/A
bbva méxico,7550404.3,MXN,OP-239110,09/06/2020,N/A,N/A
FEMSA,4577068.57,EUR,OP-796402,"March 07, 2023",N/A,N/A
FEMSA,7915723.6,EUR,OP-648273,"February 05, 2025",N/A,N/A
bbva méxico,6233552.01,EUR,OP-783467,"January 23, 2022","May 21, 2023",483
GRUPO MÉXICO,253272.46,MXN,OP-424279,"January 03, 2017",2017-07-01,179
pemex,3426136.53,MXN,OP-397688,"October 08, 2019",N/A,N/A
liverpool,8825109.94,USD,OP-689177,2025-07-16,N/A,N/A
femsa,4474309.49,USD,OP-197657,"May 03, 2016",N/A,N/A
GRUPO MÉXICO,3555970.24,USD,OP-346827,2024-02-26,N/A,N/A
TELMEX,2725155.76,EUR,OP-997545,12-Jun-2024,N/A,N/A
FEMSA,7918035.92,USD,OP-914168,13-Aug-2024,N/A,N/A
soriana,1962950.15,USD,OP-717976,2024-01-15,N/A,N/A
grupo bimbo,7344014.02,EUR,OP-929822,"February 22, 2021",23-Jun-2021,121
GRUPO LALA,7402143.7,USD,OP-290786,2022-09-21,N/A,N/A
PEMEX,7996072.62,USD,OP-830867,16-Nov-2022,"December 28, 2024",773
BBVA MÉXICO,8380355.2,EUR,OP-540315,19-Sep-2023,N/A,N/A
pemex,7118027.13,EUR,OP-567918,24-Aug-2021,N/A,N/A
TELMEX,7798165.43,MXN,OP-252704,2018-10-30,15/01/2021,808
grupo bimbo,523796.11,MXN,OP-729336,2017-10-24,30-Dec-2024,2624
alsea,1809974.59,EUR,OP-107067,2024-10-26,N/A,N/A
américa móvil,5785400.03,EUR,OP-781662,"April 21, 2023",N/A,N/A
PEMEX,9843101.28,MXN,OP-190465,11-Aug-2023,N/A,N/A
BBVA MÉXICO,2373323.47,USD,OP-752629,2017-07-25,2020-01-24,913
AMÉRICA MÓVIL,7367409.4,MXN,OP-604949,2017-06-02,N/A,N/A
pemex,9595784.89,USD,OP-814020,"March 25, 2021","January 13, 2024",1024
alsea,8067796.6,EUR,OP-568268,2025-08-14,N/A,N/A
telmex,9142423.18,EUR,OP-614069,2025-06-04,N/A,N/A
GRUPO LALA,3541059.36,MXN,OP-790595,18/07/2016,04-Dec-2016,139
telmex,6885071.77,EUR,OP-318759,05/09/2015,19/03/2020,1776
grupo bimbo,5333440.73,EUR,OP-630737,03-Jan-2022,N/A,N/A
WALMART DE MÉXICO,6730286.5,USD,OP-465437,24-Jan-2024,N/A,N/A
bbva méxico,5311719.42,USD,OP-481135,"April 08, 2023",25/08/2023,139
LIVERPOOL,2860807.67,MXN,OP-671866,30-Oct-2023,N/A,N/A
grupo carso,8545568.22,MXN,OP-590074,2023-06-29,N/A,N/A
grupo bimbo,2343625.98,MXN,OP-377347,"July 10, 2024",N/A,N/A
banorte,3292561.14,USD,OP-139565,14/09/2021,N/A,N/A
alsea,9837206.75,EUR,OP-729548,04/11/2021,N/A,N/A
GRUPO MÉXICO,5496645.72,MXN,OP-482386,"August 09, 2018",03-Nov-2024,2278
walmart de méxico,1428253.84,EUR,OP-985912,"July 29, 2018",N/A,N/A
femsa,4822089.73,MXN,OP-626201,16/02/2021,N/A,N/A
LIVERPOOL,9280123.47,EUR,OP-821701,2024-05-29,N/A,N/A
GRUPO BIMBO,2563380.61,EUR,OP-222879,2016-06-30,15/08/2016,46
grupo bimbo,6990685.16,MXN,OP-869655,23-Feb-2018,N/A,N/A
GRUPO LALA,102596.52,USD,OP-244663,2017-10-04,30/01/2019,483
grupo carso,1581122.07,EUR,OP-759574,2016-06-11,"March 19, 2020",1377
soriana,8841687.0,MXN,OP-468819,"May 20, 2024",N/A,N/A
FEMSA,6542865.44,USD,OP-343639,05/05/2021,N/A,N/A
GRUPO BIMBO,8263056.04,USD,OP-713237,18/09/2019,N/A,N/A
grupo carso,3913666.99,EUR,OP-659129,11/03/2016,N/A,N/A
grupo lala,3387826.94,EUR,OP-605556,23/07/2021,N/A,N/A
TELMEX,2222403.73,EUR,OP-141151,2017-08-24,N/A,N/A
TELMEX,8936448.62,EUR,OP-715276,02/01/2019,N/A,N/A
LIVERPOOL,3896712.17,EUR,OP-841663,29/06/2018,2018-11-06,130
TELMEX,311588.11,MXN,OP-631696,13/05/2016,03-Jul-2020,1512
grupo carso,1138377.62,MXN,OP-766296,06-Sep-2017,25-Jun-2020,1023
alsea,7103706.28,USD,OP-238009,2016-09-21,06-Aug-2021,1780
FEMSA,9749271.91,MXN,OP-599372,"August 06, 2023",N/A,N/A
soriana,7547390.23,USD,OP-771400,2022-04-05,N/A,N/A
banorte,6033883.87,EUR,OP-137007,2017-11-27,"March 08, 2022",1562
pemex,8893221.0,EUR,OP-813207,"February 26, 2021",N/A,N/A
pemex,2962994.92,MXN,OP-957601,19/11/2022,07/06/2024,595
GRUPO CARSO,3355620.15,EUR,OP-699096,02-May-2020,N/A,N/A
cemex,765050.82,EUR,OP-990881,"April 30, 2018",08/06/2024,2290
CEMEX,413664.76,MXN,OP-172895,"May 11, 2016",N/A,N/A
CEMEX,2665750.86,EUR,OP-398817,30/10/2022,N/A,N/A
BANORTE,6491657.2,USD,OP-919960,2024-05-11,N/A,N/A
walmart de méxico,5353377.16,USD,OP-146451,"September 20, 2015",2020-10-01,1838
AMÉRICA MÓVIL,7217672.16,EUR,OP-384598,28/05/2022,N/A,N/A
grupo bimbo,4841667.3,USD,OP-475360,31-May-2017,06/06/2022,1832
PEMEX,616372.97,EUR,OP-268144,23-Dec-2018,2021-07-25,945
walmart de méxico,7712269.07,MXN,OP-476342,2021-03-10,"October 08, 2022",577
BBVA MÉXICO,6400735.66,MXN,OP-661933,"April 20, 2019",N/A,N/A
AMÉRICA MÓVIL,5852269.0,USD,OP-517379,2022-07-29,N/A,N/A
femsa,4369188.04,USD,OP-504401,23/01/2016,N/A,N/A
BBVA MÉXICO,7873722.34,MXN,OP-493136,31/08/2020,19/05/2024,1357
liverpool,7176906.74,MXN,OP-614943,23-Oct-2015,"October 18, 2019",1456
banorte,6622151.51,USD,OP-602884,11/11/2023,N/A,N/A
BBVA MÉXICO,987941.1,USD,OP-706450,07/09/2017,25-Dec-2017,169
bbva méxico,4581085.79,MXN,OP-547608,19/01/2025,N/A,N/A
TELMEX,1701953.5,MXN,OP-668204,12/07/2024,N/A,N/A
grupo méxico,4360031.18,MXN,OP-699501,28/05/2016,N/A,N/A
ALSEA,6010474.99,MXN,OP-815877,04/03/2021,N/A,N/A
walmart de méxico,382400.99,MXN,OP-497876,01/02/2021,14/12/2022,711
grupo bimbo,976889.28,EUR,OP-508123,02-Nov-2016,N/A,N/A
GRUPO LALA,8957979.94,EUR,OP-795143,11-Mar-2020,23-Feb-2023,1079
alsea,5448850.03,EUR,OP-921683,"April 23, 2019",N/A,N/A
liverpool,2012716.15,MXN,OP-308634,2021-12-22,N/A,N/A
LIVERPOOL,7580016.63,EUR,OP-976269,2022-02-08,N/A,N/A
CEMEX,2819843.23,USD,OP-755118,"November 19, 2019",N/A,N/A
femsa,2212203.64,MXN,OP-980164,"June 26, 2024",N/A,N/A
américa móvil,7595028.99,USD,OP-246180,11/04/2021,N/A,N/A
WALMART DE MÉXICO,8033473.0,MXN,OP-578984,24-Dec-2019,N/A,N/A
telmex,9520475.13,MXN,OP-567644,"March 05, 2018",N/A,N/A
banorte,8947800.19,EUR,OP-900258,15-Sep-2023,N/A,N/A
américa móvil,4491730.88,USD,OP-423823,"April 25, 2020",31-Dec-2022,980
CEMEX,412768.5,MXN,OP-442260,20-Aug-2022,N/A,N/A
cemex,9540882.56,MXN,OP-234439,2023-02-06,N/A,N/A
bbva méxico,2080977.16,MXN,OP-885134,02/10/2020,N/A,N/A
banorte,4982172.38,MXN,OP-385051,"May 28, 2016",28-Feb-2020,1371
grupo lala,754749.5,MXN,OP-479848,15-Aug-2021,N/A,N/A
ALSEA,8607210.37,MXN,OP-655111,19/10/2019,"October 22, 2023",1464
TELMEX,3078814.83,USD,OP-897279,14-May-2021,N/A,N/A
WALMART DE MÉXICO,664760.86,MXN,OP-794548,20-Apr-2024,N/A,N/A
cemex,3763962.84,USD,OP-184092,"July 24, 2018",N/A,N/A
GRUPO LALA,7270206.98,USD,OP-653170,12-Mar-2024,02/04/2025,329
grupo lala,8596311.58,USD,OP-536375,"June 24, 2019","February 13, 2021",600
AMÉRICA MÓVIL,1258773.36,EUR,OP-404891,01/10/2021,"July 19, 2023",920
walmart de méxico,3754404.82,EUR,OP-959197,28-Sep-2023,N/A,N/A
BANORTE,4620499.66,USD,OP-452477,"March 07, 2017",N/A,N/A
BANORTE,8510452.33,MXN,OP-844846,"September 02, 2022",24/08/2025,1087
BANORTE,385505.64,MXN,OP-910089,2021-08-06,N/A,N/A
soriana,6345022.41,EUR,OP-328443,20-Dec-2024,N/A,N/A
GRUPO MÉXICO,7320941.27,EUR,OP-372729,15/01/2024,N/A,N/A
PEMEX,7330833.37,EUR,OP-697941,2015-09-30,N/A,N/A
WALMART DE MÉXICO,2223052.74,MXN,OP-368389,"June 11, 2017",N/A,N/A
grupo bimbo,9961709.9,MXN,OP-588639,2018-12-29,2025-03-18,2271
banorte,6425791.39,EUR,OP-408237,15/01/2025,N/A,N/A
BBVA MÉXICO,3379909.3,EUR,OP-659354,20-Sep-2018,18-May-2019,240
BANORTE,4266995.26,USD,OP-986478,"November 19, 2016",18-Dec-2018,759
SORIANA,7594874.81,USD,OP-496618,2020-09-08,03/05/2023,908
PEMEX,8557163.48,USD,OP-847005,01-Apr-2018,N/A,N/A
grupo lala,4402674.2,MXN,OP-130735,2017-08-10,2018-08-04,359
banorte,8430740.27,USD,OP-736726,"October 10, 2020",08/04/2021,298
PEMEX,8908205.41,USD,OP-254665,2024-05-08,N/A,N/A
walmart de méxico,2960178.91,EUR,OP-352479,"November 12, 2019",20/05/2021,555
cemex,2581482.14,USD,OP-523035,"March 18, 2022",20/02/2024,704
LIVERPOOL,7427963.54,USD,OP-285318,14-May-2025,N/A,N/A
SORIANA,7522397.25,MXN,OP-363939,27/10/2019,"October 28, 2019",1
GRUPO MÉXICO,8679831.56,MXN,OP-522641,08/07/2021,N/A,N/A
GRUPO BIMBO,2178720.64,EUR,OP-273185,21/12/2023,N/A,N/A
liverpool,6572104.51,USD,OP-763113,20-Sep-2024,N/A,N/A
cemex,6780750.29,USD,OP-267707,05-Jul-2024,03/02/2025,240
walmart de méxico,9555050.59,MXN,OP-357408,22-Dec-2018,23-Nov-2020,702
GRUPO LALA,675674.44,EUR,OP-760664,2024-03-07,N/A,N/A
banorte,1819869.76,MXN,OP-441321,27-Dec-2018,01/03/2022,1103
CEMEX,2305241.93,EUR,OP-439008,19-Feb-2020,"March 22, 2025",1858
GRUPO MÉXICO,6124424.98,EUR,OP-558125,"May 14, 2021",N/A,N/A
femsa,8676964.19,EUR,OP-225113,21-Feb-2020,21-Sep-2024,1674
BBVA MÉXICO,8152845.33,MXN,OP-364571,03-Sep-2017,2021-03-01,1275
BBVA MÉXICO,2509526.26,USD,OP-703623,06-Dec-2022,31-Oct-2024,695
CEMEX,7766779.03,MXN,OP-722650,2019-02-17,N/A,N/A
TELMEX,877983.45,EUR,OP-922558,29/05/2016,12/06/2023,2747
alsea,562231.18,EUR,OP-656062,23/05/2019,"June 02, 2020",376
BANORTE,4021010.34,MXN,OP-710713,17-Mar-2025,N/A,N/A
FEMSA,8254000.33,EUR,OP-499281,2020-05-14,N/A,N/A
femsa,5479870.58,EUR,OP-853452,"July 14, 2016","September 12, 2023",2616
GRUPO BIMBO,2119401.09,USD,OP-107020,12-Feb-2025,N/A,N/A
CEMEX,3233675.7,USD,OP-375852,"December 01, 2019",N/A,N/A
pemex,9673602.39,USD,OP-795446,"August 16, 2021",25/11/2021,101
pemex,2414277.05,EUR,OP-403112,"July 06, 2019",N/A,N/A
grupo méxico,7934740.09,EUR,OP-897336,2015-11-08,N/A,N/A
cemex,8896624.15,MXN,OP-226187,"September 22, 2016",N/A,N/A
GRUPO BIMBO,2207337.05,MXN,OP-579570,2021-05-14,03-Feb-2025,1361
FEMSA,4772585.7,MXN,OP-917285,08-Dec-2017,N/A,N/A
GRUPO BIMBO,7726427.96,MXN,OP-752133,16-May-2018,N/A,N/A
liverpool,5223993.38,MXN,OP-432067,"September 27, 2017",N/A,N/A
américa móvil,1415098.41,MXN,OP-967216,"August 15, 2018","May 11, 2020",635
cemex,5738939.56,EUR,OP-644738,03-May-2016,"February 13, 2020",1381
AMÉRICA MÓVIL,5395427.57,MXN,OP-495699,22-Mar-2020,N/A,N/A
femsa,1132104.01,MXN,OP-458118,"February 26, 2021",N/A,N/A
GRUPO MÉXICO,4324762.31,MXN,OP-340541,16/02/2023,N/A,N/A
SORIANA,2137225.12,EUR,OP-161762,2017-05-18,28-Oct-2024,2720
femsa,6071159.15,EUR,OP-566606,15-Mar-2023,N/A,N/A
LIVERPOOL,1436048.25,EUR,OP-485769,18/11/2022,N/A,N/A
FEMSA,9158892.62,MXN,OP-911830,2020-07-27,N/A,N/A
PEMEX,2220381.93,MXN,OP-556797,22/08/2022,N/A,N/A
cemex,9069031.34,USD,OP-550683,"December 28, 2022",N/A,N/A
banorte,1261597.95,USD,OP-937565,29-Oct-2018,10-Sep-2022,1412
cemex,8320008.64,MXN,OP-980016,24-Aug-2016,2022-09-23,2221
soriana,1992550.3,USD,OP-742983,"December 07, 2021",N/A,N/A
grupo méxico,9206614.96,USD,OP-373322,2021-10-18,N/A,N/A
AMÉRICA MÓVIL,5621387.94,USD,OP-835470,16/11/2017,N/A,N/A
