Nombre_Empresa,Monto_Credito,Divisa,Operacion,Fecha_Inicio,Fecha_Fin,Plazo
GRUPO MÉXICO,8773912.63,USD,OP-432771,2021-12-03,N/A,N/A
bbva méxico,3142849.71,EUR,OP-562526,06-Mar-2023,N/A,N/A
cemex,3984770.57,MXN,OP-105108,2016-10-10,N/A,N/A
soriana,4722373.8,MXN,OP-208519,2020-02-15,N/A,N/A
AMÉRICA MÓVIL,8538634.3,EUR,OP-552655,21-Oct-2018,N/A,N/A
grupo carso,700179.88,MXN,OP-610597,13/02/2019,N/A,N/A
pemex,4074389.58,EUR,OP-428149,2018-02-05,N/A,N/A
liverpool,4468958.34,MXN,OP-936038,26/12/2015,"July 14, 2016",201
WALMART DE MÉXICO,1123891.93,MXN,OP-941471,08/08/2017,N/A,N/A
grupo lala,9268963.82,MXN,OP-950402,2018-02-08,N/A,N/A
AMÉRICA MÓVIL,3188583.46,MXN,OP-123865,07/05/2018,2022-03-25,1359
CEMEX,2770625.15,USD,OP-341765,2017-02-02,N/A,N/A
alsea,9566168.31,USD,OP-147974,2024-07-14,N/A,N/A
ALSEA,8717639.87,MXN,OP-340616,"March 12, 2020",N/A,N/A
grupo bimbo,2296032.34,USD,OP-319859,04/11/2022,N/A,N/A
alsea,3669913.62,EUR,OP-597759,15/02/2018,N/A,N/A
liverpool,5608433.34,MXN,OP-473161,17-May-2025,N/A,N/A
femsa,6411089.32,MXN,OP-945279,02/04/2023,N/A,N/A
CEMEX,646254.38,USD,OP-384802,17-Aug-2022,N/A,N/A
GRUPO MÉXICO,2988461.22,EUR,OP-923607,2016-09-03,2024-08-01,2889
walmart de méxico,7275372.7,EUR,OP-528935,2016-02-14,25/12/2017,680
soriana,4426468.86,MXN,OP-740744,"November 23, 2023",N/A,N/A
grupo lala,7555375.31,EUR,OP-717874,10/02/2020,N/A,N/A
liverpool,7152495.17,EUR,OP-327690,11-Dec-2017,08-Sep-2018,271
grupo méxico,932209.64,USD,OP-907984,23-Jun-2017,15/10/2024,2671
ALSEA,3250800.82,USD,OP-340096,21/01/2025,N/A,N/A
alsea,2718094.28,USD,OP-100461,03/06/2017,16/06/2019,832
ALSEA,5801060.19,MXN,OP-270460,"July 24, 2023",N/A,N/A
soriana,9833715.27,MXN,OP-917735,16/09/2015,N/A,N/A
BANORTE,6836758.55,MXN,OP-491380,03/11/2018,N/A,N/A
alsea,3268634.5,MXN,OP-395969,13/04/2020,N/A,N/A
GRUPO CARSO,594639.04,EUR,OP-472293,2021-07-15,N/A,N/A
AMÉRICA MÓVIL,2051681.69,EUR,OP-744815,14-Sep-2022,N/A,N/A
banorte,957398.58,EUR,OP-494872,"September 22, 2017",05-Mar-2021,1260
GRUPO LALA,8755035.09,MXN,OP-320393,2021-07-12,N/A,N/A
CEMEX,3060709.38,USD,OP-118612,2020-09-22,N/A,N/A
GRUPO BIMBO,5424808.24,USD,OP-951087,"July 07, 2023",N/A,N/A
CEMEX,9989777.93,EUR,OP-488413,16-Apr-2020,N/A,N/A
GRUPO BIMBO,818289.08,MXN,OP-324286,13-Nov-2017,2019-05-22,555
grupo carso,9156213.13,USD,OP-283795,"January 19, 2025",N/A,N/A
AMÉRICA MÓVIL,4945308.54,EUR,OP-653029,07/10/2016,N/A,N/A
ALSEA,8455669.62,EUR,OP-508184,2021-04-28,N/A,N/A
ALSEA,1222071.6,USD,OP-425114,30-Mar-2020,2024-02-02,1404
BBVA MÉXICO,4791601.28,EUR,OP-825617,25-Dec-2021,N/A,N/A
telmex,9635868.86,USD,OP-910064,21-Mar-2024,N/A,N/A
grupo bimbo,3218018.9,USD,OP-419500,21/10/2022,N/A,N/A
grupo bimbo,3442763.67,USD,OP-495428,2020-08-20,N/A,N/A
FEMSA,3507768.93,MXN,OP-617736,2024-06-29,N/A,N/A
grupo carso,3607300.59,MXN,OP-423124,"March 15, 2021",N/A,N/A
GRUPO BIMBO,8312767.38,EUR,OP-569801,17-Sep-2019,N/A,N/A
américa móvil,2279768.32,MXN,OP-920244,2022-05-26,N/A,N/A
BANORTE,6434314.88,EUR,OP-794605,25/07/2021,N/A,N/A
GRUPO MÉXICO,1339254.94,USD,OP-680579,"January 13, 2022",N/A,N/A
BBVA MÉXICO,8294714.22,EUR,OP-447979,13-Mar-2019,N/A,N/A
liverpool,7518849.46,MXN,OP-134913,10/11/2020,2025-07-07,1730
grupo bimbo,3579411.46,USD,OP-277301,"August 19, 2024",N/A,N/A
BANORTE,1707095.39,MXN,OP-128958,17/02/2020,2021-06-25,494
telmex,7119515.9,USD,OP-996052,05-Dec-2018,N/A,N/A
femsa,4109154.15,EUR,OP-378445,14-Jul-2025,N/A,N/A
telmex,5410981.49,MXN,OP-534270,2019-10-05,N/A,N/A
WALMART DE MÉXICO,5670132.95,USD,OP-197658,08/09/2015,20-Feb-2021,2022
bbva méxico,9869734.01,MXN,OP-989806,07/12/2021,N/A,N/A
SORIANA,3420953.56,MXN,OP-818346,13-Mar-2018,"July 18, 2018",127
CEMEX,3780406.68,EUR,OP-854255,03-Jan-2023,N/A,N/A
TELMEX,1118036.84,EUR,OP-138517,2020-12-22,N/A,N/A
liverpool,4429821.92,MXN,OP-902671,20/07/2016,N/A,N/A
GRUPO LALA,251015.64,MXN,OP-888915,24-Jan-2024,N/A,N/A
GRUPO BIMBO,616933.34,MXN,OP-391250,2018-05-07,22-Mar-2020,685
grupo carso,231175.48,USD,OP-832704,2023-07-07,N/A,N/A
cemex,1631287.66,USD,OP-859919,"August 08, 2022",N/A,N/A
WALMART DE MÉXICO,1201757.73,MXN,OP-763656,26/11/2019,N/A,N/A
LIVERPOOL,6438095.38,EUR,OP-632033,2020-06-20,"December 26, 2020",189
cemex,2156394.19,USD,OP-259606,"May 18, 2025",N/A,N/A
AMÉRICA MÓVIL,9885415.69,MXN,OP-707727,02-Mar-2016,N/A,N/A
grupo lala,4732553.98,EUR,OP-644862,27/02/2025,N/A,N/A
grupo carso,4646278.35,MXN,OP-181317,18/12/2021,N/A,N/A
ALSEA,4563342.34,EUR,OP-215120,2024-02-29,N/A,N/A
banorte,4113743.38,USD,OP-397175,09/09/2015,"October 07, 2020",1855
GRUPO CARSO,814117.9,MXN,OP-851112,"October 04, 2020",N/A,N/A
alsea,5788055.38,USD,OP-315248,2019-03-23,20/01/2021,669
femsa,1987122.03,EUR,OP-131000,17/04/2020,2021-02-17,306
GRUPO CARSO,1077955.85,MXN,OP-139489,25/10/2015,N/A,N/A
AMÉRICA MÓVIL,2751536.05,EUR,OP-822417,2020-04-16,"December 22, 2022",980
walmart de méxico,1015080.51,USD,OP-835854,25/05/2025,N/A,N/A
grupo carso,5870938.47,MXN,OP-974755,06-Apr-2021,N/A,N/A
BANORTE,5544076.95,EUR,OP-361534,11/03/2025,N/A,N/A
liverpool,8971299.8,EUR,OP-678017,15/06/2023,"July 09, 2023",24
alsea,3103571.49,MXN,OP-674756,01/02/2024,N/A,N/A
ALSEA,7432774.38,MXN,OP-401082,"August 10, 2018",2019-01-20,163
grupo lala,7987687.85,USD,OP-791665,2024-11-22,N/A,N/A
liverpool,6076192.96,MXN,OP-738424,24/10/2018,N/A,N/A
femsa,7835680.27,EUR,OP-213030,21/02/2018,N/A,N/A
alsea,8276865.28,MXN,OP-598913,"May 06, 2018",2023-06-17,1868
ALSEA,7891160.88,USD,OP-556779,"September 24, 2020",N/A,N/A
soriana,7755781.47,MXN,OP-192352,05-Feb-2016,"November 13, 2016",282
SORIANA,3871053.95,USD,OP-481376,21-Aug-2017,N/A,N/A
ALSEA,4532371.27,EUR,OP-415283,01-Nov-2017,N/A,N/A
GRUPO CARSO,9120677.39,USD,OP-199036,06/05/2019,N/A,N/A
grupo carso,3254110.03,EUR,OP-117719,2022-03-14,N/A,N/A
soriana,7254222.66,USD,OP-679453,"March 14, 2017",N/A,N/A
banorte,6263387.53,EUR,OP-447633,2021-03-03,N/A,N/A
femsa,6320805.14,USD,OP-378051,30/03/2025,N/A,N/A
BBVA MÉXICO,1003120.18,USD,OP-565918,28-Nov-2021,N/A,N/A
walmart de méxico,5059571.8,EUR,OP-176723,09-Jun-2021,N/A,N/A
WALMART DE MÉXICO,554524.74,USD,OP-328721,10/11/2023,N/A,N/A
LIVERPOOL,2637244.5,MXN,OP-976130,2016-12-15,16/07/2018,578
GRUPO LALA,4311276.77,EUR,OP-168744,28/05/2021,2025-01-20,1333
femsa,9035671.32,MXN,OP-944777,20-Jun-2021,N/A,N/A
cemex,1608222.98,USD,OP-922744,"December 21, 2016",2024-08-09,2788
grupo carso,1300789.1,MXN,OP-951655,13-Jan-2025,N/A,N/A
AMÉRICA MÓVIL,2396325.04,MXN,OP-944097,15-May-2022,N/A,N/A
banorte,2180694.39,USD,OP-675382,09/03/2024,N/A,N/A
bbva méxico,6691985.98,EUR,OP-176275,2019-11-22,N/A,N/A
ALSEA,3512460.92,USD,OP-691934,16/05/2024,N/A,N/A
soriana,8056354.42,MXN,OP-968689,2015-09-05,N/A,N/A
cemex,9676017.02,EUR,OP-542596,22-Jul-2019,N/A,N/A
GRUPO BIMBO,993406.71,USD,OP-206888,"December 16, 2022",N/A,N/A
GRUPO MÉXICO,1292915.37,EUR,OP-137335,"July 07, 2019",N/A,N/A
américa móvil,3801271.55,EUR,OP-340650,2024-03-07,N/A,N/A
grupo carso,2312327.73,USD,OP-280347,04/04/2022,N/A,N/A
bbva méxico,9062601.35,USD,OP-799744,"April 24, 2022",08-Jul-2024,806
banorte,9913695.17,MXN,OP-278389,2021-07-08,N/A,N/A
CEMEX,1277801.89,MXN,OP-626995,"August 18, 2016",2021-05-27,1743
GRUPO CARSO,850233.65,MXN,OP-893576,14-Sep-2017,14/07/2025,2860
grupo méxico,247551.91,EUR,OP-150322,18-May-2018,N/A,N/A
américa móvil,8467621.99,MXN,OP-944960,29/06/2025,N/A,N/A
alsea,7374551.85,MXN,OP-845362,10/01/2020,N/A,N/A
grupo carso,5139291.2,EUR,OP-404431,"February 29, 2020","April 06, 2024",1498
PEMEX,867751.4,EUR,OP-478665,2019-01-26,N/A,N/A
cemex,2728132.01,EUR,OP-235631,22-Jun-2016,2020-03-22,1369
femsa,332600.99,USD,OP-959489,21-Aug-2017,12-Nov-2023,2274
FEMSA,2922958.5,EUR,OP-488733,22-Sep-2022,N/A,N/A
GRUPO CARSO,704337.34,MXN,OP-627563,2018-04-29,N/A,N/A
WALMART DE MÉXICO,418381.65,EUR,OP-134388,2020-01-26,N/A,N/A
grupo bimbo,5246900.78,MXN,OP-922461,"February 02, 2019",N/A,N/A
soriana,6315835.3,MXN,OP-150596,2025-06-08,N/A,N/A
CEMEX,3550381.84,USD,OP-385374,"September 06, 2020",09/07/2024,1462
BBVA MÉXICO,2574292.82,MXN,OP-211520,03-Jan-2020,18-Jun-2025,1993
ALSEA,9621389.87,EUR,OP-805253,18-Dec-2015,03/07/2025,3367
PEMEX,8580411.76,USD,OP-168194,"February 23, 2018",N/A,N/A
PEMEX,4866314.72,EUR,OP-884691,"July 26, 2017",2021-12-07,1595
liverpool,6522086.99,USD,OP-796764,02/09/2018,2020-07-09,881
walmart de méxico,9858989.51,EUR,OP-584076,2021-04-21,"March 14, 2025",1423
grupo bimbo,7468634.22,USD,OP-106520,07-Mar-2024,N/A,N/A
AMÉRICA MÓVIL,6367387.42,MXN,OP-617083,"July 05, 2016",13-Jun-2021,1804
GRUPO LALA,6213649.75,USD,OP-538090,"December 11, 2016",N/A,N/A
GRUPO BIMBO,2412128.03,USD,OP-551732,02-Oct-2022,N/A,N/A
BBVA MÉXICO,1595503.04,USD,OP-108915,"February 07, 2025",N/A,N/A
alsea,4283569.97,EUR,OP-492080,23/10/2022,N/A,N/A
FEMSA,6296232.34,USD,OP-672127,"August 22, 2022",N/A,N/A
PEMEX,2268614.43,MXN,OP-187617,17/06/2016,"December 22, 2024",3110
grupo lala,2540032.6,EUR,OP-422723,20/07/2022,N/A,N/A
cemex,9658343.26,EUR,OP-432020,07-Feb-2021,N/A,N/A
GRUPO LALA,7940588.74,USD,OP-114877,2018-02-11,N/A,N/A
bbva méxico,7728047.07,USD,OP-900039,"June 28, 2016",N/A,N/A
GRUPO CARSO,4967166.65,USD,OP-389533,09-Feb-2024,N/A,N/A
pemex,6655360.58,EUR,OP-845479,20/10/2018,N/A,N/A
grupo méxico,2225384.16,USD,OP-417839,18/12/2021,N/A,N/A
soriana,453819.21,MXN,OP-567316,22-Feb-2017,N/A,N/A
BBVA MÉXICO,2990382.17,USD,OP-112532,"September 04, 2023",N/A,N/A
LIVERPOOL,250218.46,EUR,OP-882496,22-Feb-2022,"February 22, 2023",365
WALMART DE MÉXICO,9623089.82,USD,OP-264301,23-Dec-2022,N/A,N/A
walmart de méxico,9166385.55,USD,OP-241798,20-Sep-2020,N/A,N/A
pemex,6838536.08,MXN,OP-409907,18-Feb-2023,N/A,N/A
BBVA MÉXICO,3854774.93,EUR,OP-321546,"September 06, 2018","April 09, 2020",581
bbva méxico,4733947.15,MXN,OP-772613,31/01/2024,2025-06-24,510
liverpool,8825791.84,MXN,OP-404207,24-Jun-2018,N/A,N/A
soriana,6124451.24,USD,OP-905198,"May 03, 2018",27-Dec-2019,603
telmex,3172708.72,USD,OP-314769,21/11/2019,N/A,N/A
walmart de méxico,8887449.11,USD,OP-767266,04-Aug-2016,31/01/2018,545
banorte,5538640.49,USD,OP-813341,02-Jul-2024,N/A,N/A
AMÉRICA MÓVIL,4085914.34,EUR,OP-253551,"March 26, 2024",N/A,N/A
alsea,6025490.99,EUR,OP-690941,"August 12, 2025",N/A,N/A
TELMEX,239432.5,EUR,OP-199359,2023-09-26,N/A,N/A
walmart de méxico,8475177.28,USD,OP-648064,"June 22, 2020",N/A,N/A
PEMEX,6655523.03,MXN,OP-800182,"March 29, 2016",N/A,N/A
BBVA MÉXICO,995175.5,MXN,OP-512280,2019-01-21,N/A,N/A
SORIANA,6927592.97,USD,OP-576423,2022-12-16,08-Feb-2024,419
soriana,811909.71,MXN,OP-219563,11/09/2019,N/A,N/A
SORIANA,2211748.93,EUR,OP-417652,27-Nov-2023,N/A,N/A
LIVERPOOL,4533241.32,MXN,OP-403454,05-Sep-2022,N/A,N/A
walmart de méxico,1349652.03,MXN,OP-598356,2024-11-13,N/A,N/A
LIVERPOOL,2287989.06,EUR,OP-464554,28-Aug-2021,N/A,N/A
pemex,2923093.53,USD,OP-761631,12-May-2017,N/A,N/A
grupo méxico,8576452.82,MXN,OP-975767,05-Oct-2022,N/A,N/A
alsea,4151844.56,MXN,OP-117575,19/01/2020,N/A,N/A
GRUPO BIMBO,8271769.31,MXN,OP-352061,2017-11-17,27-Feb-2019,467
banorte,6092813.6,EUR,OP-538801,04/08/2016,02/09/2024,2863
AMÉRICA MÓVIL,8412770.44,MXN,OP-847036,18/07/2025,N/A,N/A
grupo méxico,9713170.83,MXN,OP-249548,22-Jun-2024,N/A,N/A
FEMSA,6709201.14,MXN,OP-205831,"October 09, 2017",06-Jul-2025,2827
BANORTE,1982105.45,MXN,OP-877935,2017-08-13,N/A,N/A
grupo carso,9412427.82,MXN,OP-152032,"March 02, 2019",23/02/2025,2185
cemex,4110672.96,MXN,OP-187962,06/11/2018,N/A,N/A
grupo carso,7894842.66,USD,OP-631543,2018-01-28,"August 02, 2018",186
banorte,859283.25,EUR,OP-915614,2021-06-05,"September 05, 2022",457
TELMEX,8231517.4,USD,OP-906178,"July 16, 2018",30/11/2024,2329
américa móvil,9877433.66,EUR,OP-241124,09/11/2016,2019-08-15,1068
banorte,7639662.33,EUR,OP-449239,2025-03-14,N/A,N/A
grupo méxico,3104023.16,MXN,OP-869695,01-Mar-2018,N/A,N/A
FEMSA,1742759.96,EUR,OP-730021,"November 26, 2024",N/A,N/A
grupo carso,2367089.73,USD,OP-716240,06/11/2023,08/11/2024,427
CEMEX,8207712.63,USD,OP-754380,17-Jul-2019,N/A,N/A
grupo carso,9163914.05,USD,OP-828134,09/04/2019,N/A,N/A
PEMEX,1044980.53,EUR,OP-103398,"November 15, 2021",N/A,N/A
AMÉRICA MÓVIL,3094493.58,MXN,OP-747033,10/10/2017,24-Oct-2021,1475
GRUPO MÉXICO,5863430.57,MXN,OP-655745,"August 09, 2016",07-May-2024,2828
SORIANA,2342183.06,MXN,OP-497428,"February 14, 2022",N/A,N/A
alsea,176065.94,EUR,OP-985436,2020-06-12,N/A,N/A
bbva méxico,125674.3,USD,OP-272556,2021-09-16,N/A,N/A
grupo lala,1223655.87,USD,OP-946962,2017-11-25,N/A,N/A
grupo carso,9251803.51,EUR,OP-336425,12-Dec-2015,2024-05-02,3064
GRUPO CARSO,5068671.91,MXN,OP-541255,29/07/2024,N/A,N/A
TELMEX,1880529.77,USD,OP-433499,19-Jan-2021,N/A,N/A
grupo bimbo,1850735.26,MXN,OP-876474,2024-01-18,N/A,N/A
FEMSA,5288526.68,EUR,OP-339841,"December 06, 2023",N/A,N/A
SORIANA,5373932.04,EUR,OP-492019,21-Sep-2023,N/A,N/A
liverpool,4268467.68,USD,OP-834746,06/01/2019,N/A,N/A
AMÉRICA MÓVIL,3353216.71,MXN,OP-176414,"September 08, 2020",N/A,N/A
grupo carso,5897948.37,EUR,OP-314098,30-Jul-2021,N/A,N/A
alsea,7373751.3,EUR,OP-926303,2018-12-22,2019-08-12,233
banorte,3942115.0,MXN,OP-978600,06-Jan-2020,09-Jun-2022,885
grupo carso,722878.64,USD,OP-864775,21/09/2022,N/A,N/A
grupo méxico,5275180.99,MXN,OP-226254,18/02/2025,N/A,N/A
CEMEX,3172819.39,EUR,OP-749503,28-Oct-2019,N/A,N/A
BBVA MÉXICO,6336978.14,USD,OP-329463,22-Jan-2017,N/A,N/A
grupo méxico,8210530.6,USD,OP-822077,15-Jan-2025,N/A,N/A
GRUPO BIMBO,5439511.48,EUR,OP-320135,01/07/2021,N/A,N/A
telmex,5831386.44,USD,OP-834998,29/03/2019,N/A,N/A
grupo lala,5665529.15,MXN,OP-664988,2025-08-17,N/A,N/A
américa móvil,131499.29,MXN,OP-366549,21/09/2017,"June 10, 2023",2088
TELMEX,9291084.58,EUR,OP-776944,23-Apr-2020,"July 04, 2022",802
grupo lala,4691378.84,EUR,OP-313531,12/12/2024,N/A,N/A
SORIANA,5437735.99,USD,OP-858167,"March 19, 2017",N/A,N/A
liverpool,8514182.42,EUR,OP-688393,2022-12-30,N/A,N/A
AMÉRICA MÓVIL,5711479.87,MXN,OP-316326,09-Apr-2020,30-May-2025,1877
WALMART DE MÉXICO,8394499.29,MXN,OP-738264,2021-10-09,02/08/2023,487
banorte,8329650.43,USD,OP-756211,21-Sep-2020,"April 06, 2024",1293
femsa,1979870.92,USD,OP-843376,21-Mar-2018,N/A,N/A
telmex,7717934.31,MXN,OP-316588,04-Jan-2023,N/A,N/A
TELMEX,572780.27,EUR,OP-411018,25/04/2025,N/A,N/A
grupo carso,9658015.96,USD,OP-414677,2020-08-27,16-Jan-2024,1237
GRUPO MÉXICO,3556957.91,MXN,OP-215584,2024-07-21,N/A,N/A
PEMEX,4770234.99,MXN,OP-930151,2022-04-05,22-Jul-2023,473
alsea,5995156.51,EUR,OP-741857,"April 15, 2024",N/A,N/A
grupo lala,7985161.81,MXN,OP-552561,"July 23, 2017",N/A,N/A
grupo carso,6746425.75,MXN,OP-935344,2025-05-05,N/A,N/A
pemex,5695914.15,EUR,OP-427518,2016-06-12,N/A,N/A
bbva méxico,8826381.95,EUR,OP-590980,28/08/2024,N/A,N/A
AMÉRICA MÓVIL,2985399.78,EUR,OP-396771,18/08/2019,N/A,N/A
pemex,3379001.4,EUR,OP-703531,26/05/2021,"October 05, 2023",862
WALMART DE MÉXICO,1700507.24,MXN,OP-742510,29/01/2022,N/A,N/A
grupo carso,6134856.99,MXN,OP-399333,23-Mar-2018,21-Apr-2019,394
CEMEX,476569.58,EUR,OP-259191,2019-03-05,N/A,N/A
BBVA MÉXICO,3047758.52,USD,OP-305510,"July 24, 2017","September 14, 2022",1878
alsea,8971194.39,MXN,OP-557918,2019-01-23,"August 26, 2024",2042
LIVERPOOL,6333863.91,USD,OP-427553,03/04/2024,N/A,N/A
grupo lala,939826.39,USD,OP-321325,13-Nov-2022,N/A,N/A
telmex,7734291.29,USD,OP-898851,18/10/2016,"October 20, 2024",2924
TELMEX,9469291.51,EUR,OP-556015,07-Aug-2023,N/A,N/A
grupo bimbo,6260963.65,EUR,OP-951231,"May 06, 2020",N/A,N/A
WALMART DE MÉXICO,8667101.61,MXN,OP-761967,2019-12-08,N/A,N/A
GRUPO BIMBO,2456685.3,MXN,OP-917537,11-Aug-2022,N/A,N/A
soriana,9041904.91,EUR,OP-931620,28-Mar-2018,05-Jun-2021,1165
SORIANA,5180880.84,EUR,OP-457962,2022-10-31,N/A,N/A
alsea,9643344.33,EUR,OP-405582,2019-05-08,N/A,N/A
BANORTE,1387743.08,EUR,OP-569673,01-Jun-2016,01/03/2017,216
ALSEA,4679192.68,EUR,OP-967406,2018-06-26,"July 13, 2024",2209
grupo méxico,8048206.02,MXN,OP-477097,"May 30, 2020",N/A,N/A
liverpool,9918005.73,EUR,OP-469053,"February 19, 2020",N/A,N/A
GRUPO MÉXICO,9284980.06,USD,OP-676191,26-Aug-2019,05/08/2023,1351
femsa,3796636.47,EUR,OP-746604,2015-11-27,2023-01-16,2607
PEMEX,4371926.5,MXN,OP-205321,05-Nov-2020,N/A,N/A
TELMEX,9991497.77,USD,OP-238051,"April 04, 2016",N/A,N/A
grupo lala,8943828.41,MXN,OP-689331,2018-02-19,2020-09-20,944
bbva méxico,1639910.9,EUR,OP-678092,2023-12-31,2024-05-16,137
femsa,6174497.57,USD,OP-729506,2021-01-09,"February 20, 2025",1503
ALSEA,7214226.7,EUR,OP-179752,13-Jan-2022,14/10/2023,639
femsa,8489437.56,EUR,OP-359626,2022-11-26,2024-03-31,491
bbva méxico,684515.59,USD,OP-410877,"January 10, 2017","September 19, 2021",1713
WALMART DE MÉXICO,1567808.42,EUR,OP-338385,01/11/2016,N/A,N/A
BBVA MÉXICO,6702816.24,EUR,OP-634794,2019-11-16,N/A,N/A
CEMEX,291119.4,MXN,OP-754690,15-Aug-2019,N/A,N/A
grupo bimbo,3897719.12,USD,OP-484696,03/03/2022,2022-03-10,7
GRUPO CARSO,5224721.49,USD,OP-872018,"November 02, 2021",13/06/2022,223
BANORTE,5395638.19,MXN,OP-832747,16-Jan-2017,2020-06-07,1238
grupo carso,3904293.27,MXN,OP-412828,"October 25, 2022",N/A,N/A
ALSEA,8986866.94,USD,OP-717011,"March 24, 2021",N/A,N/A
TELMEX,1238754.52,EUR,OP-706649,27/10/2016,"November 24, 2023",2584
américa móvil,4465324.1,USD,OP-982327,20/08/2020,27/12/2024,1590
AMÉRICA MÓVIL,5712507.98,USD,OP-968176,"October 28, 2021",N/A,N/A
LIVERPOOL,8333782.91,MXN,OP-743521,"June 21, 2017",N/A,N/A
telmex,8744722.74,EUR,OP-559422,2022-03-28,N/A,N/A
américa móvil,7282179.43,USD,OP-738995,31/08/2024,N/A,N/A
LIVERPOOL,3112024.28,MXN,OP-735906,"March 01, 2019",N/A,N/A
soriana,5139189.4,EUR,OP-164736,20-Aug-2019,18/04/2024,1703
grupo bimbo,3290568.23,MXN,OP-471544,2018-05-17,N/A,N/A
pemex,9950651.75,MXN,OP-850637,30-May-2023,N/A,N/A
PEMEX,2057453.7,MXN,OP-982803,2024-10-14,N/A,N/A
BBVA MÉXICO,2995036.37,MXN,OP-463720,2023-10-16,N/A,N/A
grupo lala,5032059.72,EUR,OP-756174,01/09/2018,17/08/2021,1316
banorte,4107929.94,MXN,OP-204052,29-Sep-2017,2021-06-04,1344
femsa,4316367.2,USD,OP-682377,"September 19, 2020",13/04/2023,936
telmex,791682.59,USD,OP-320573,"January 30, 2021",N/A,N/A
WALMART DE MÉXICO,1729715.4,USD,OP-326497,2025-05-16,N/A,N/A
PEMEX,1568611.53,USD,OP-398676,24/05/2025,N/A,N/A
américa móvil,2304596.3,MXN,OP-907080,2025-01-04,N/A,N/A
PEMEX,7668190.52,MXN,OP-526767,30-Nov-2022,N/A,N/A
grupo bimbo,6158708.95,EUR,OP-975280,"February 22, 2020",08-May-2023,1171
LIVERPOOL,9560699.0,USD,OP-801450,13-Jan-2016,2025-06-08,3434
bbva méxico,3428753.52,MXN,OP-717900,29/12/2023,N/A,N/A
liverpool,2311167.89,USD,OP-563991,2017-12-20,18-Sep-2020,1003
banorte,5265467.1,USD,OP-365002,2023-05-06,N/A,N/A
cemex,6391609.99,EUR,OP-680194,2022-04-06,03/10/2023,338
AMÉRICA MÓVIL,9899144.45,MXN,OP-865241,05-Jun-2023,N/A,N/A
GRUPO MÉXICO,4428644.48,USD,OP-920450,08-Oct-2024,N/A,N/A
grupo carso,2477445.63,EUR,OP-537836,2021-08-26,2024-08-12,1082
BANORTE,431099.85,USD,OP-581169,2024-07-03,N/A,N/A
GRUPO CARSO,2815850.27,USD,OP-626890,29/09/2019,N/A,N/A
cemex,8438453.24,USD,OP-383295,11-Apr-2018,"November 30, 2020",964
grupo méxico,3967368.64,USD,OP-210294,2024-10-24,N/A,N/A
AMÉRICA MÓVIL,9615997.57,MXN,OP-571409,2020-06-23,N/A,N/A
GRUPO CARSO,3212981.15,EUR,OP-557338,04-May-2023,N/A,N/A
SORIANA,7359613.21,MXN,OP-603960,"May 04, 2022",N/A,N/A
GRUPO CARSO,3890126.72,EUR,OP-273646,"December 26, 2016",16-Oct-2017,294
pemex,1589336.3,EUR,OP-441884,03/11/2021,2024-02-13,1069
femsa,4112150.93,MXN,OP-463520,"December 17, 2018",24/03/2023,1558
liverpool,5554402.85,USD,OP-978457,19-May-2021,"April 21, 2023",702
ALSEA,1536239.02,USD,OP-598564,"July 19, 2019",2021-07-31,743
soriana,4969380.82,MXN,OP-837439,2023-12-07,22/01/2024,46
SORIANA,3362666.74,EUR,OP-684922,19-Jan-2024,N/A,N/A
bbva méxico,2848742.35,USD,OP-280760,"June 25, 2018",17-Jul-2021,1118
telmex,1483296.11,EUR,OP-291715,19/10/2018,"August 25, 2019",310
SORIANA,7113109.91,MXN,OP-125928,10-Mar-2019,N/A,N/A
SORIANA,6034778.49,USD,OP-401248,"December 04, 2020",N/A,N/A
soriana,4951042.35,USD,OP-795002,2015-11-29,N/A,N/A
grupo méxico,4232258.97,MXN,OP-885609,"April 08, 2016",N/A,N/A
soriana,7857154.69,USD,OP-996830,10/07/2024,N/A,N/A
GRUPO CARSO,5609856.37,USD,OP-877051,2025-04-13,N/A,N/A
ALSEA,7784283.74,USD,OP-626774,"September 24, 2024",N/A,N/A
banorte,3662036.24,EUR,OP-313497,2025-01-27,07/01/2025,155
ALSEA,4193094.38,USD,OP-723264,"March 07, 2025",N/A,N/A
liverpool,6691423.2,USD,OP-554965,"October 19, 2022",22-Jun-2025,977
WALMART DE MÉXICO,2464637.03,USD,OP-669068,14-Aug-2022,N/A,N/A
grupo carso,9045581.53,USD,OP-841043,11-Sep-2021,N/A,N/A
bbva méxico,7684279.46,EUR,OP-408973,14/02/2018,2023-06-01,1933
américa móvil,313200.34,EUR,OP-720434,19-Mar-2017,04/08/2021,1481
grupo carso,2961377.33,EUR,OP-421815,2018-10-08,N/A,N/A
américa móvil,4359142.66,MXN,OP-223914,2016-12-05,N/A,N/A
grupo lala,6633818.32,MXN,OP-698523,05/12/2024,N/A,N/A
SORIANA,3760191.17,USD,OP-759159,17-Jul-2024,N/A,N/A
cemex,1022432.24,USD,OP-549343,2019-10-02,13-Feb-2020,134
BANORTE,3980010.17,USD,OP-216016,05-Jul-2024,N/A,N/A
walmart de méxico,244632.43,MXN,OP-762045,2017-05-09,09-Sep-2017,123
bbva méxico,1888657.14,MXN,OP-103389,18-Apr-2019,N/A,N/A
grupo bimbo,2707277.16,MXN,OP-656645,23/01/2022,14/09/2024,965
LIVERPOOL,6147637.85,USD,OP-649273,22/12/2019,N/A,N/A
CEMEX,6950056.61,USD,OP-566082,"March 12, 2025",N/A,N/A
bbva méxico,9369898.43,USD,OP-559451,"October 17, 2017",N/A,N/A
banorte,409407.78,MXN,OP-127238,2024-04-29,N/A,N/A
BANORTE,9051634.38,EUR,OP-647510,2015-10-19,2017-04-05,534
bbva méxico,8485602.89,EUR,OP-236123,"May 07, 2022",27/06/2023,416
GRUPO LALA,3144987.62,MXN,OP-611152,29-Jun-2018,11/06/2023,1956
CEMEX,2328074.11,MXN,OP-118159,2022-03-14,13/11/2023,609
BBVA MÉXICO,1435446.93,EUR,OP-200277,"December 05, 2018",09/12/2023,1742
alsea,2855742.79,EUR,OP-782471,"February 21, 2018",2021-12-08,1386
grupo méxico,9107277.9,MXN,OP-555107,30/01/2020,N/A,N/A
telmex,7354360.29,USD,OP-106389,17/09/2022,N/A,N/A
FEMSA,9509315.32,USD,OP-232304,02/03/2018,2021-09-24,1329
BBVA MÉXICO,2047906.28,MXN,OP-301319,2015-08-31,N/A,N/A
pemex,5695869.04,USD,OP-641621,11-Apr-2020,N/A,N/A
BBVA MÉXICO,7794080.71,EUR,OP-354233,04/12/2021,N/A,N/A
GRUPO MÉXICO,4503205.78,USD,OP-370200,"October 21, 2020",N/A,N/A
américa móvil,2105176.91,USD,OP-100234,"April 23, 2016",N/A,N/A
FEMSA,9361726.17,USD,OP-597090,11-Feb-2018,"November 30, 2020",1023
WALMART DE MÉXICO,8168647.05,USD,OP-722288,18/03/2025,N/A,N/A
GRUPO BIMBO,4183659.43,MXN,OP-346175,2022-04-14,"June 18, 2024",796
GRUPO BIMBO,2537019.65,EUR,OP-312679,2016-11-05,25-Nov-2021,1846
telmex,6867922.4,MXN,OP-522376,09/10/2018,"February 18, 2025",2353
GRUPO MÉXICO,5873782.02,USD,OP-286727,2022-03-07,18-Apr-2025,1138
walmart de méxico,9214602.29,MXN,OP-115751,03/08/2024,"November 14, 2024",251
grupo bimbo,5679230.8,EUR,OP-212947,2024-12-31,N/A,N/A
FEMSA,4812455.73,MXN,OP-170962,08/11/2018,N/A,N/A
pemex,9460830.9,USD,OP-916635,03/09/2024,N/A,N/A
FEMSA,660933.95,EUR,OP-887131,19-Dec-2020,20/06/2025,1644
américa móvil,1828991.87,USD,OP-828447,15/10/2022,N/A,N/A
TELMEX,4557868.38,USD,OP-117384,14/01/2017,N/A,N/A
BBVA MÉXICO,7207073.81,EUR,OP-409908,"September 24, 2019",N/A,N/A
alsea,2168785.29,USD,OP-512816,27-Mar-2018,"May 05, 2020",770
grupo carso,6755173.58,MXN,OP-254358,05/03/2018,"July 04, 2021",1158
AMÉRICA MÓVIL,8611599.7,MXN,OP-468811,"August 10, 2018",N/A,N/A
GRUPO MÉXICO,8769527.77,MXN,OP-905890,2024-12-27,N/A,N/A
grupo bimbo,763207.87,MXN,OP-528209,02/04/2018,N/A,N/A
pemex,2009904.75,USD,OP-817158,"June 25, 2025",N/A,N/A
ALSEA,516714.54,USD,OP-257990,"November 15, 2016",2018-08-26,649
TELMEX,2094147.16,MXN,OP-445428,14/08/2019,16-Aug-2019,2
TELMEX,8796597.37,USD,OP-873464,17/12/2016,06/09/2019,904
alsea,3434091.34,MXN,OP-696151,2019-01-12,N/A,N/A
américa móvil,7608601.22,USD,OP-215030,2024-02-12,N/A,N/A
grupo carso,9423626.96,USD,OP-452247,22-Sep-2016,02-Jun-2020,1349
WALMART DE MÉXICO,273605.15,MXN,OP-941526,08-Apr-2025,N/A,N/A
grupo bimbo,6315514.82,EUR,OP-613530,"December 28, 2023",N/A,N/A
grupo méxico,2855276.07,MXN,OP-294177,11-Feb-2020,N/A,N/A
WALMART DE MÉXICO,1864664.68,USD,OP-204428,"January 12, 2018",N/A,N/A
banorte,1342721.03,EUR,OP-194660,"January 01, 2023",N/A,N/A
FEMSA,7943384.29,MXN,OP-299897,2015-12-09,03/03/2017,450
grupo méxico,9525103.44,USD,OP-304694,08/12/2018,N/A,N/A
FEMSA,6682630.79,USD,OP-143535,"July 30, 2016",08/09/2021,1836
GRUPO CARSO,4946044.75,EUR,OP-520231,"November 03, 2024",N/A,N/A
liverpool,5790863.81,USD,OP-162638,2021-07-31,N/A,N/A
femsa,218269.55,MXN,OP-481067,2024-02-15,N/A,N/A
bbva méxico,4048853.23,MXN,OP-385377,"November 17, 2016","May 15, 2019",909
grupo méxico,5940163.86,EUR,OP-666348,"June 02, 2019",23/06/2019,21
américa móvil,781465.04,USD,OP-660065,16/05/2018,25-Mar-2020,679
CEMEX,2032064.43,USD,OP-512990,30-May-2017,14/02/2022,1721
bbva méxico,2778041.01,EUR,OP-869131,22/09/2023,31-Oct-2023,39
LIVERPOOL,544659.15,USD,OP-943985,"August 15, 2017","October 07, 2022",1879
grupo méxico,9627475.77,EUR,OP-489773,20/05/2019,N/A,N/A
grupo carso,4817840.43,EUR,OP-452489,25/07/2018,N/A,N/A
telmex,8551165.19,USD,OP-684791,"May 02, 2024",N/A,N/A
WALMART DE MÉXICO,9618099.08,MXN,OP-289052,11/09/2016,N/A,N/A
CEMEX,9443509.6,MXN,OP-424445,"March 03, 2020","May 04, 2024",1523
WALMART DE MÉXICO,607277.92,MXN,OP-136058,28/10/2015,"August 23, 2024",3222
GRUPO CARSO,1511697.11,USD,OP-323111,"September 18, 2023",N/A,N/A
liverpool,2670140.13,EUR,OP-320618,10-Jun-2016,2025-04-21,3237
ALSEA,4933404.48,EUR,OP-671498,01-Sep-2022,N/A,N/A
GRUPO BIMBO,502404.36,MXN,OP-759099,05-Mar-2017,24/04/2020,1146
soriana,4117205.0,USD,OP-645624,29/01/2016,"June 07, 2022",2321
walmart de méxico,4286690.95,EUR,OP-397331,"November 21, 2018",01/07/2023,1508
BANORTE,4179534.44,USD,OP-173756,2020-02-14,"September 13, 2023",1307
LIVERPOOL,383406.94,USD,OP-245709,26-May-2016,N/A,N/A
PEMEX,1726255.14,USD,OP-413169,"December 16, 2022",2024-06-15,547
grupo méxico,1400667.87,MXN,OP-593895,15/12/2021,21/01/2023,402
bbva méxico,8166604.09,EUR,OP-394589,07-Dec-2021,N/A,N/A
telmex,1388626.56,MXN,OP-657705,01/10/2023,N/A,N/A
walmart de méxico,3179036.24,USD,OP-817529,2017-07-06,2020-03-26,994
liverpool,8035477.36,USD,OP-159231,"November 22, 2021",N/A,N/A
grupo lala,6917220.79,USD,OP-362457,21-Nov-2020,N/A,N/A
américa móvil,5321377.7,EUR,OP-926139,07-Dec-2016,13/06/2018,553
bbva méxico,551282.26,MXN,OP-415051,12-Dec-2023,N/A,N/A
BANORTE,274492.75,EUR,OP-103960,2016-01-06,N/A,N/A
BBVA MÉXICO,637392.12,MXN,OP-828379,"March 31, 2016",N/A,N/A
grupo carso,8175169.8,MXN,OP-845770,12/06/2018,2019-01-14,39
PEMEX,7822067.69,USD,OP-908534,24-Jun-2022,N/A,N/A
walmart de méxico,4605240.68,USD,OP-671029,"May 26, 2017",N/A,N/A
GRUPO LALA,250938.5,MXN,OP-683664,"June 04, 2022",N/A,N/A
femsa,7948939.0,USD,OP-589183,2016-06-02,"October 23, 2024",3065
GRUPO BIMBO,2536598.94,USD,OP-649596,2022-08-20,30/01/2023,163
BANORTE,2426775.63,EUR,OP-719636,"October 09, 2023",N/A,N/A
ALSEA,5611640.06,EUR,OP-313744,2019-06-13,N/A,N/A
FEMSA,3304439.33,EUR,OP-950192,"January 14, 2019","April 01, 2020",443
LIVERPOOL,5191881.55,EUR,OP-537968,"February 10, 2021",N/A,N/A
alsea,1004799.77,MXN,OP-129322,09/12/2023,N/A,N/A
américa móvil,3550669.43,USD,OP-236795,"March 09, 2021","June 17, 2022",465
walmart de méxico,1828981.28,EUR,OP-552799,16-Sep-2022,N/A,N/A
américa móvil,8013495.89,MXN,OP-337885,"May 13, 2018",N/A,N/A
telmex,7124838.07,MXN,OP-539122,12-Jan-2025,N/A,N/A
grupo carso,4466553.95,MXN,OP-862984,18/02/2017,N/A,N/A
grupo lala,273326.26,USD,OP-979809,"May 21, 2017",09-Jan-2018,233
banorte,2439365.59,EUR,OP-384366,05-Jul-2025,N/A,N/A
liverpool,6806830.04,USD,OP-528804,"August 09, 2024",N/A,N/A
BANORTE,630197.48,MXN,OP-434628,15/06/2022,N/A,N/A
américa móvil,9210485.0,MXN,OP-453118,27/11/2017,12/01/2018,369
BBVA MÉXICO,9005066.45,USD,OP-376049,2017-09-18,18-Aug-2020,1065
LIVERPOOL,1387512.17,MXN,OP-648896,23-Apr-2022,N/A,N/A
banorte,6590051.25,USD,OP-634995,2018-08-12,2021-12-31,1237
grupo carso,7590780.87,USD,OP-763265,08/08/2018,N/A,N/A
LIVERPOOL,5124128.28,USD,OP-405613,21/03/2019,N/A,N/A
liverpool,9658083.64,EUR,OP-736396,01/10/2024,N/A,N/A
AMÉRICA MÓVIL,4502648.67,USD,OP-906313,"August 16, 2024",N/A,N/A
grupo bimbo,9497307.4,USD,OP-863770,12-Aug-2021,N/A,N/A
alsea,9749383.97,MXN,OP-845708,15-Apr-2017,09/07/2023,2336
bbva méxico,9809314.79,USD,OP-554531,24/10/2019,19/07/2021,634
banorte,5375465.69,MXN,OP-986482,2023-09-09,N/A,N/A
soriana,2093123.04,USD,OP-110625,03-Apr-2024,13-Feb-2025,316
GRUPO CARSO,3590327.91,USD,OP-129022,21/09/2019,N/A,N/A
LIVERPOOL,8647087.95,MXN,OP-774625,2019-11-26,N/A,N/A
LIVERPOOL,6051822.14,MXN,OP-773220,11/10/2017,N/A,N/A
TELMEX,8183625.45,USD,OP-872121,10-Feb-2023,N/A,N/A
CEMEX,5747311.28,MXN,OP-440698,"August 27, 2018",2024-02-07,1990
bbva méxico,4447550.49,USD,OP-609889,"September 18, 2020",N/A,N/A
GRUPO LALA,2748798.58,USD,OP-605407,"June 01, 2017",07/01/2019,760
grupo bimbo,7821608.92,EUR,OP-608109,29/04/2023,N/A,N/A
cemex,4025279.64,EUR,OP-767397,03-Nov-2015,2020-12-17,1871
TELMEX,2513730.57,EUR,OP-938441,04/10/2020,15-Aug-2022,857
grupo lala,1356029.59,MXN,OP-892168,22-Feb-2024,N/A,N/A
américa móvil,2400418.46,USD,OP-143277,2018-08-28,27/01/2022,1248
BANORTE,6019533.62,USD,OP-563636,2015-10-11,03/03/2022,2335
SORIANA,3216332.88,MXN,OP-963762,"January 01, 2025",N/A,N/A
femsa,7619386.04,EUR,OP-274344,11-Sep-2021,17/05/2025,1344
AMÉRICA MÓVIL,904927.77,MXN,OP-931077,04/09/2017,24/09/2019,898
ALSEA,8970408.28,MXN,OP-597723,21-Oct-2016,18-Aug-2017,301
FEMSA,6151560.69,EUR,OP-784221,"February 12, 2023",N/A,N/A
PEMEX,3513045.71,EUR,OP-685498,"October 07, 2017","July 03, 2018",269
soriana,8278183.96,EUR,OP-451808,09-Jan-2018,N/A,N/A
ALSEA,1101324.23,USD,OP-652338,"March 21, 2020",23-Nov-2023,1342
SORIANA,6985054.92,EUR,OP-168811,"September 04, 2016","March 10, 2025",3109
GRUPO BIMBO,3932500.83,EUR,OP-852693,09-Dec-2019,"February 06, 2022",790
FEMSA,647809.19,EUR,OP-564651,2018-05-13,03/01/2021,1023
américa móvil,5002387.39,MXN,OP-412519,2023-04-19,N/A,N/A
ALSEA,2624628.69,USD,OP-457134,2022-01-02,N/A,N/A
BBVA MÉXICO,769672.71,USD,OP-376952,"December 16, 2021",06-Apr-2022,111
SORIANA,1518656.47,EUR,OP-670731,2025-04-12,N/A,N/A
WALMART DE MÉXICO,4039900.44,MXN,OP-119238,2018-05-11,20/02/2021,1016
FEMSA,6255736.86,USD,OP-533290,24-Oct-2022,N/A,N/A
banorte,8580091.84,USD,OP-102142,2018-03-31,N/A,N/A
grupo bimbo,2589075.8,MXN,OP-839407,"March 15, 2025",N/A,N/A
AMÉRICA MÓVIL,1248669.67,EUR,OP-453285,2016-09-22,"December 22, 2020",1552
GRUPO CARSO,2638629.75,EUR,OP-703154,2019-02-09,N/A,N/A
walmart de méxico,5861380.64,EUR,OP-611011,2025-08-17,N/A,N/A
PEMEX,3598755.93,MXN,OP-956350,2019-04-28,03/07/2022,1044
LIVERPOOL,4337428.16,USD,OP-720260,30-Oct-2020,02-Feb-2021,95
cemex,6276780.94,EUR,OP-235638,2023-01-18,N/A,N/A
SORIANA,5920181.28,USD,OP-917457,2023-10-24,N/A,N/A
walmart de méxico,2180835.12,MXN,OP-516158,14/01/2024,N/A,N/A
telmex,2513905.73,MXN,OP-909025,02/10/2016,19/02/2017,375
GRUPO MÉXICO,8179904.27,USD,OP-906231,2021-06-25,N/A,N/A
BBVA MÉXICO,702628.38,EUR,OP-185221,06/09/2016,13/10/2017,491
BBVA MÉXICO,3556167.92,USD,OP-556485,2017-07-16,01/07/2023,2001
CEMEX,1706714.33,MXN,OP-974604,04/02/2019,2022-04-23,1117
PEMEX,5674142.47,USD,OP-863724,"October 19, 2017","April 27, 2022",1651
pemex,7782692.7,EUR,OP-362032,2020-02-03,31-Aug-2020,210
grupo bimbo,6807443.59,USD,OP-584117,2021-11-17,N/A,N/A
grupo bimbo,8349180.8,EUR,OP-291380,"May 09, 2023",N/A,N/A
femsa,7720797.2,MXN,OP-247270,11-Apr-2020,2023-01-15,1009
BANORTE,2233581.55,USD,OP-762014,2022-04-09,"February 05, 2025",1033
SORIANA,1952052.24,USD,OP-462682,04/04/2017,"February 07, 2020",1039
GRUPO MÉXICO,7146625.65,EUR,OP-339137,2025-04-05,N/A,N/A
GRUPO MÉXICO,5160817.6,MXN,OP-466961,"November 15, 2020",08/10/2021,268
alsea,6738832.88,EUR,OP-259510,25-Mar-2017,2019-06-16,813
CEMEX,7250652.11,USD,OP-695222,2019-01-25,"June 23, 2025",2341
banorte,6806520.71,EUR,OP-764506,2023-01-22,20-Apr-2023,88
BANORTE,9703622.79,USD,OP-992352,13/06/2023,N/A,N/A
SORIANA,6545062.1,MXN,OP-339273,"October 04, 2023",N/A,N/A
FEMSA,4639534.93,EUR,OP-300111,2017-07-24,"October 14, 2020",1178
femsa,6542978.86,MXN,OP-279570,07/12/2022,12/04/2025,1241
walmart de méxico,9801027.97,MXN,OP-789039,23/06/2022,N/A,N/A
telmex,273421.46,MXN,OP-649168,"May 20, 2019",N/A,N/A
TELMEX,2044028.88,MXN,OP-945108,08-Aug-2017,02/03/2020,909
PEMEX,2654958.24,USD,OP-902785,"December 24, 2023",N/A,N/A
grupo bimbo,473923.96,EUR,OP-944190,29/01/2021,N/A,N/A
GRUPO BIMBO,2930857.34,USD,OP-345803,31-Dec-2024,N/A,N/A
cemex,4293938.79,MXN,OP-565073,2022-09-29,21-Feb-2024,510
telmex,8502012.25,MXN,OP-416500,05/10/2023,N/A,N/A
grupo carso,1945502.36,MXN,OP-342487,2018-10-30,27-Jul-2024,2097
FEMSA,3371150.78,USD,OP-963284,"September 12, 2022",N/A,N/A
femsa,182115.72,EUR,OP-471381,"December 28, 2021",N/A,N/A
grupo lala,9573056.33,EUR,OP-452241,26-Nov-2016,N/A,N/A
ALSEA,3301750.65,MXN,OP-605130,03/07/2023,15/05/2023,69
grupo lala,4575782.04,MXN,OP-379628,"March 23, 2023",13-Jan-2024,296
grupo carso,8016274.62,USD,OP-827893,17-Apr-2016,22/10/2022,2379
AMÉRICA MÓVIL,1539327.62,EUR,OP-758069,19/09/2021,N/A,N/A
BANORTE,7435896.22,MXN,OP-897647,2020-12-14,N/A,N/A
walmart de méxico,6743508.82,MXN,OP-105733,2023-12-20,N/A,N/A
CEMEX,4805414.03,MXN,OP-713235,06/04/2016,N/A,N/A
PEMEX,6145605.19,EUR,OP-543171,"June 17, 2023",N/A,N/A
américa móvil,9971209.45,EUR,OP-810554,13/09/2022,N/A,N/A
femsa,1129570.16,MXN,OP-433532,19-Dec-2021,"August 14, 2025",1334
liverpool,3292125.21,USD,OP-930438,23/01/2019,N/A,N/A
GRUPO LALA,964798.8,EUR,OP-607437,"February 18, 2021",N/A,N/A
pemex,3568831.18,EUR,OP-309085,"September 30, 2016",14-Jul-2018,652
cemex,8898236.66,MXN,OP-491620,2019-05-04,05-Sep-2021,855
FEMSA,505638.97,USD,OP-913085,21/02/2024,N/A,N/A
grupo lala,5559043.74,MXN,OP-180826,03/06/2024,N/A,N/A
grupo lala,2767346.36,EUR,OP-305442,08/11/2021,19/02/2024,922
pemex,8412973.9,MXN,OP-858716,"October 07, 2019",19/01/2022,835
GRUPO CARSO,2613600.0,USD,OP-494866,18/01/2016,08/11/2022,2397
LIVERPOOL,1806671.76,EUR,OP-338523,2025-04-26,N/A,N/A
grupo carso,8674952.49,EUR,OP-152318,25-Feb-2021,N/A,N/A
CEMEX,9554068.51,MXN,OP-484168,"October 21, 2023",N/A,N/A
ALSEA,9250666.56,USD,OP-872861,"August 21, 2024",N/A,N/A
walmart de méxico,6629759.18,MXN,OP-313013,2025-03-29,N/A,N/A
grupo lala,7537430.88,USD,OP-873060,2022-07-03,29/04/2024,666
telmex,9543949.0,MXN,OP-554864,31/08/2019,N/A,N/A
GRUPO CARSO,3694420.48,EUR,OP-601794,02-Jul-2021,N/A,N/A
PEMEX,301609.02,USD,OP-790651,"June 29, 2023",N/A,N/A
TELMEX,2715880.47,USD,OP-839138,"November 08, 2024",N/A,N/A
GRUPO MÉXICO,2544706.83,USD,OP-271780,16/12/2021,N/A,N/A
femsa,244269.68,EUR,OP-843115,2019-12-19,24/05/2023,1252
banorte,9293196.07,MXN,OP-218099,2019-03-22,N/A,N/A
WALMART DE MÉXICO,3361755.55,MXN,OP-853557,2019-06-20,"August 13, 2020",420
CEMEX,9040473.79,EUR,OP-581862,16/12/2015,"September 21, 2018",1010
bbva méxico,7830862.94,MXN,OP-556776,"May 06, 2022",N/A,N/A
SORIANA,7249775.89,MXN,OP-272590,24/02/2022,N/A,N/A
BBVA MÉXICO,7400562.78,EUR,OP-694832,2023-03-04,N/A,N/A
grupo méxico,5242441.09,USD,OP-988555,2024-04-24,N/A,N/A
FEMSA,3106835.4,EUR,OP-630756,27/12/2017,N/A,N/A
SORIANA,4785257.12,MXN,OP-252577,"April 11, 2022",N/A,N/A
bbva méxico,5405898.68,MXN,OP-335515,21/07/2021,N/A,N/A
TELMEX,6057252.37,USD,OP-298678,09-Jul-2018,16/07/2019,372
CEMEX,5603412.98,MXN,OP-221517,2017-10-07,02-Feb-2024,2309
FEMSA,7307170.43,EUR,OP-651020,2017-09-20,19-Jun-2022,1733
liverpool,8524082.43,USD,OP-446502,"March 29, 2018",N/A,N/A
grupo lala,6562763.32,EUR,OP-726427,18-Feb-2019,2025-03-30,2232
walmart de méxico,8241239.65,MXN,OP-161244,26-Jun-2020,N/A,N/A
GRUPO BIMBO,2006480.02,EUR,OP-416513,2019-10-25,N/A,N/A
ALSEA,1034680.39,MXN,OP-351693,2020-04-07,N/A,N/A
BANORTE,1560398.08,MXN,OP-778287,2018-11-02,N/A,N/A
GRUPO LALA,2218973.75,EUR,OP-969771,"June 29, 2021",N/A,N/A
alsea,7018665.48,USD,OP-650771,26/07/2020,N/A,N/A
bbva méxico,554385.97,EUR,OP-487436,10-Nov-2017,N/A,N/A
AMÉRICA MÓVIL,2190013.55,USD,OP-891213,03-Jan-2024,N/A,N/A
LIVERPOOL,2576398.24,USD,OP-422980,"February 17, 2021",N/A,N/A
LIVERPOOL,3447094.21,MXN,OP-622210,"September 19, 2016",N/A,N/A
cemex,9288950.71,MXN,OP-912899,28-Oct-2024,N/A,N/A
pemex,9844679.59,USD,OP-583186,2018-11-29,N/A,N/A
CEMEX,1210808.16,MXN,OP-647601,23/07/2018,27-Dec-2023,1983
banorte,1542094.21,EUR,OP-560498,06-May-2024,N/A,N/A
SORIANA,9490275.26,MXN,OP-816607,22/04/2025,N/A,N/A
grupo carso,2217079.7,USD,OP-347738,"July 11, 2018",2025-04-02,2457
GRUPO BIMBO,9754298.11,MXN,OP-878191,"May 26, 2025",N/A,N/A
cemex,602960.53,EUR,OP-333288,"October 29, 2024",N/A,N/A
femsa,1184358.33,MXN,OP-342868,08-Nov-2015,2018-12-08,1126
banorte,9741179.17,EUR,OP-383808,"May 12, 2016",N/A,N/A
telmex,3510543.21,MXN,OP-593069,"March 30, 2022",N/A,N/A
WALMART DE MÉXICO,3463590.69,MXN,OP-296165,"September 13, 2017",N/A,N/A
PEMEX,219205.97,MXN,OP-780289,09/11/2021,"October 11, 2024",1126
cemex,9405003.56,EUR,OP-897223,01/03/2024,N/A,N/A
alsea,6577490.6,EUR,OP-583831,"July 08, 2024",N/A,N/A
FEMSA,8554961.44,MXN,OP-736465,2021-09-28,10/08/2021,10
AMÉRICA MÓVIL,5666330.8,MXN,OP-600377,"November 21, 2021",N/A,N/A
grupo méxico,6936097.27,MXN,OP-598163,2020-06-07,N/A,N/A
telmex,1881693.44,EUR,OP-892460,2019-09-22,"February 01, 2021",498
soriana,5279792.23,EUR,OP-758914,2020-05-31,N/A,N/A
BANORTE,1212100.07,MXN,OP-497493,24-Jan-2020,21-Dec-2022,1062
liverpool,786536.74,USD,OP-370614,13/05/2016,N/A,N/A
liverpool,3900828.78,MXN,OP-289918,2022-11-03,N/A,N/A
grupo lala,1487389.82,MXN,OP-808008,"March 22, 2021",22-Jul-2023,852
bbva méxico,6944513.17,EUR,OP-751176,2016-09-08,"May 24, 2019",988
bbva méxico,9152102.01,EUR,OP-331831,29-May-2023,N/A,N/A
ALSEA,4559619.88,MXN,OP-718675,15-Oct-2024,N/A,N/A
GRUPO CARSO,4241404.94,EUR,OP-323051,18/12/2021,N/A,N/A
GRUPO CARSO,6167268.02,EUR,OP-537931,23-Jul-2019,24/11/2021,855
WALMART DE MÉXICO,6277883.0,USD,OP-328915,18-Dec-2015,"June 22, 2023",2743
AMÉRICA MÓVIL,8735097.04,EUR,OP-355911,02/10/2018,N/A,N/A
pemex,9503198.33,EUR,OP-917953,2020-06-21,"December 31, 2022",923
banorte,4331804.39,MXN,OP-198856,17-Aug-2017,N/A,N/A
grupo lala,8624962.2,USD,OP-968666,2025-04-09,N/A,N/A
soriana,8034241.13,MXN,OP-600318,23-Mar-2019,"October 15, 2024",2033
banorte,4718553.0,EUR,OP-778423,05-Apr-2017,N/A,N/A
grupo lala,3990281.33,USD,OP-267459,"January 13, 2023","June 20, 2023",158
CEMEX,1831464.34,USD,OP-948453,05/09/2015,N/A,N/A
TELMEX,241240.14,MXN,OP-184409,25-Mar-2025,N/A,N/A
PEMEX,5195584.89,MXN,OP-196282,2019-05-28,N/A,N/A
américa móvil,1356860.62,MXN,OP-942711,08-Jun-2023,N/A,N/A
TELMEX,8553290.75,EUR,OP-100642,24/09/2017,31/05/2019,614
pemex,9068563.68,EUR,OP-721180,30-Jun-2019,02-Feb-2024,1678
BANORTE,7765278.34,MXN,OP-845674,"November 30, 2017",08-Oct-2018,312
GRUPO CARSO,5037084.46,MXN,OP-370976,31/03/2016,24/11/2018,968
GRUPO BIMBO,8100101.34,USD,OP-268778,03-Mar-2019,06-Nov-2021,979
GRUPO BIMBO,4662128.09,EUR,OP-123781,03/01/2022,2023-09-11,559
cemex,5987433.83,MXN,OP-191368,2016-04-12,N/A,N/A
GRUPO CARSO,8628493.14,MXN,OP-592276,"June 19, 2025",N/A,N/A
GRUPO BIMBO,6909169.95,USD,OP-165025,"September 18, 2015",30-Oct-2016,408
pemex,7773792.62,EUR,OP-167057,25/02/2022,N/A,N/A
WALMART DE MÉXICO,2960723.57,USD,OP-210181,2016-02-01,2019-10-20,1357
femsa,5744195.13,USD,OP-637207,17-Oct-2024,N/A,N/A
bbva méxico,3399503.68,MXN,OP-338186,"January 29, 2021",N/A,N/A
SORIANA,2681170.3,USD,OP-516916,02-May-2023,N/A,N/A
grupo bimbo,6330606.19,MXN,OP-367055,14/10/2022,N/A,N/A
grupo bimbo,1052078.55,USD,OP-776326,18-Apr-2018,23-Jan-2020,645
pemex,6828323.43,USD,OP-549211,"August 16, 2025",N/A,N/A
soriana,9827328.08,USD,OP-511215,"June 01, 2021",N/A,N/A
alsea,1439898.05,EUR,OP-630880,07/10/2015,27-Mar-2021,2087
LIVERPOOL,6160043.29,USD,OP-939001,21-Jan-2023,N/A,N/A
grupo carso,7207170.36,EUR,OP-710515,21-Dec-2022,N/A,N/A
pemex,3069841.78,EUR,OP-799574,"January 21, 2018",18/10/2024,2462
BANORTE,1991331.05,USD,OP-347726,30-May-2018,"March 04, 2025",2470
PEMEX,3153278.22,USD,OP-767793,12-Oct-2017,2019-12-21,800
femsa,5240167.88,USD,OP-707633,03-Apr-2022,N/A,N/A
grupo méxico,8061920.09,USD,OP-974400,17-Jun-2017,"January 11, 2020",938
FEMSA,4634394.19,MXN,OP-753017,06-Mar-2023,N/A,N/A
femsa,4206521.83,MXN,OP-175611,12/08/2020,N/A,N/A
walmart de méxico,5677770.29,USD,OP-424473,27/03/2025,N/A,N/A
SORIANA,8298414.59,EUR,OP-336588,04/02/2016,01/01/2025,3196
femsa,3955786.16,USD,OP-632525,"February 14, 2020",N/A,N/A
cemex,6777875.84,USD,OP-690930,23/12/2024,N/A,N/A
AMÉRICA MÓVIL,6879594.42,EUR,OP-768837,13/11/2022,N/A,N/A
femsa,8568502.34,MXN,OP-378367,"March 07, 2023",N/A,N/A
grupo carso,9393155.94,EUR,OP-374453,"November 05, 2020",N/A,N/A
GRUPO CARSO,2122189.17,MXN,OP-778789,"April 05, 2017",N/A,N/A
alsea,4886473.07,MXN,OP-470066,"December 24, 2016","June 18, 2017",176
bbva méxico,3545068.76,EUR,OP-686778,"March 20, 2018",N/A,N/A
GRUPO CARSO,4739455.23,EUR,OP-951546,2017-10-31,11-Feb-2019,468
SORIANA,9022550.16,USD,OP-183897,2021-03-25,N/A,N/A
soriana,3975278.93,EUR,OP-208961,"October 29, 2020",2020-11-05,7
ALSEA,2177928.94,MXN,OP-661574,16-Jun-2023,N/A,N/A
GRUPO LALA,3751793.82,MXN,OP-623663,2024-11-29,N/A,N/A
alsea,9698343.89,EUR,OP-782841,26-Apr-2017,2025-05-15,2941
LIVERPOOL,7282480.76,MXN,OP-100411,28-Oct-2024,N/A,N/A
walmart de méxico,8737463.15,USD,OP-976697,13/09/2019,N/A,N/A
GRUPO BIMBO,1534660.92,EUR,OP-101210,2022-07-25,N/A,N/A
liverpool,6803841.37,EUR,OP-218207,2020-01-11,N/A,N/A
grupo carso,1540842.09,USD,OP-148058,25-Sep-2016,22/02/2023,2341
PEMEX,6770190.54,MXN,OP-487777,09/09/2019,N/A,N/A
LIVERPOOL,5256439.59,EUR,OP-891416,17-Mar-2025,N/A,N/A
alsea,5325254.43,USD,OP-967452,06/03/2018,N/A,N/A
grupo carso,4427569.85,USD,OP-759146,2020-07-13,N/A,N/A
américa móvil,1757879.21,USD,OP-685980,"June 03, 2023",15/08/2023,73
pemex,3040562.91,MXN,OP-965215,2017-12-14,30/11/2018,351
CEMEX,2719823.35,EUR,OP-911376,"June 14, 2025",N/A,N/A
grupo lala,6017125.41,USD,OP-911323,21/10/2019,2022-06-08,961
GRUPO CARSO,4989039.48,USD,OP-680680,24-Dec-2016,N/A,N/A
WALMART DE MÉXICO,8246039.54,MXN,OP-408410,2015-12-06,17/11/2020,1808
GRUPO MÉXICO,3695446.52,USD,OP-171466,"August 03, 2020",01/06/2021,156
grupo méxico,6589478.96,MXN,OP-355433,"July 31, 2023",N/A,N/A
CEMEX,6575261.89,EUR,OP-169618,"July 29, 2020",2022-03-10,589
américa móvil,6750165.14,MXN,OP-686289,11-Oct-2016,N/A,N/A
alsea,905536.46,EUR,OP-296457,14-Mar-2025,N/A,N/A
américa móvil,3551476.84,USD,OP-349024,2017-06-07,2017-07-25,48
grupo carso,1706812.54,EUR,OP-582665,"February 10, 2019",08/07/2020,544
FEMSA,2703562.13,EUR,OP-885036,"March 22, 2018",N/A,N/A
grupo méxico,7937120.08,USD,OP-755852,25-May-2018,24-Aug-2020,822
SORIANA,8254305.98,EUR,OP-738138,21/02/2022,N/A,N/A
GRUPO BIMBO,6995582.81,USD,OP-250889,29-May-2022,N/A,N/A
FEMSA,950824.8,MXN,OP-130188,"May 15, 2021",N/A,N/A
grupo méxico,1965444.92,MXN,OP-924681,02-Jul-2017,N/A,N/A
alsea,4347442.68,EUR,OP-639506,12/06/2018,28-Dec-2022,1483
grupo carso,2325862.94,USD,OP-912888,15/06/2025,N/A,N/A
CEMEX,6377324.64,USD,OP-396264,"November 15, 2016",N/A,N/A
soriana,7828404.46,EUR,OP-172560,01/12/2015,N/A,N/A
américa móvil,4273037.39,USD,OP-938068,28-Mar-2017,08/06/2025,3053
GRUPO CARSO,5477016.56,MXN,OP-643041,11-Dec-2017,02-Jan-2024,2213
ALSEA,6755685.19,USD,OP-147157,2023-07-12,07/09/2024,363
grupo bimbo,1417036.92,MXN,OP-126758,30/04/2019,N/A,N/A
walmart de méxico,454375.32,EUR,OP-931116,12-Jun-2021,N/A,N/A
SORIANA,1700536.83,EUR,OP-972230,06/06/2023,N/A,N/A
femsa,765114.51,USD,OP-837190,2024-10-01,10/11/2024,10
grupo bimbo,5482498.77,MXN,OP-795691,19-Jan-2021,N/A,N/A
CEMEX,924141.72,MXN,OP-695856,10/06/2016,N/A,N/A
AMÉRICA MÓVIL,571861.09,USD,OP-655959,25-Dec-2022,N/A,N/A
walmart de méxico,6192533.19,EUR,OP-392544,13-Jun-2022,N/A,N/A
soriana,6745673.73,MXN,OP-661719,"May 16, 2025",N/A,N/A
soriana,9739933.26,USD,OP-955209,"April 04, 2017","March 22, 2023",2178
LIVERPOOL,9157175.34,EUR,OP-817923,2020-02-01,N/A,N/A
telmex,1732762.44,EUR,OP-105483,01/07/2024,N/A,N/A
GRUPO CARSO,5139001.77,MXN,OP-604077,"August 15, 2023",N/A,N/A
liverpool,7496336.25,EUR,OP-791470,2019-09-12,N/A,N/A
GRUPO MÉXICO,907936.61,MXN,OP-190029,19-Nov-2017,26-Jul-2022,1710
WALMART DE MÉXICO,6689953.26,USD,OP-800578,23-Aug-2022,N/A,N/A
GRUPO MÉXICO,3247349.11,EUR,OP-269518,17-Jan-2019,"March 16, 2024",1885
grupo lala,161443.84,MXN,OP-443493,2023-03-23,N/A,N/A
BANORTE,5114763.1,USD,OP-122909,22-Dec-2017,N/A,N/A
grupo bimbo,935104.04,MXN,OP-933196,01/10/2023,N/A,N/A
GRUPO MÉXICO,2667021.71,USD,OP-674135,11/09/2022,N/A,N/A
PEMEX,380097.71,EUR,OP-432135,"December 11, 2017",N/A,N/A
bbva méxico,2196227.43,EUR,OP-938681,2019-07-01,N/A,N/A
SORIANA,1561730.4,MXN,OP-485421,2019-06-13,"January 28, 2021",595
GRUPO CARSO,3464840.99,EUR,OP-209232,2017-02-13,"October 04, 2022",2059
banorte,9942653.25,EUR,OP-910201,2017-09-12,27-Mar-2024,2388
grupo méxico,3005796.34,MXN,OP-695408,02/10/2020,N/A,N/A
ALSEA,9814221.14,USD,OP-208659,2021-12-30,N/A,N/A
GRUPO BIMBO,3154017.08,USD,OP-618398,"October 13, 2018",2025-05-09,2400
CEMEX,1466688.19,EUR,OP-688986,11/11/2021,N/A,N/A
grupo carso,316327.24,MXN,OP-926627,2019-10-15,N/A,N/A
WALMART DE MÉXICO,2354390.05,EUR,OP-739515,2016-01-17,16-Jul-2023,2737
banorte,3728698.45,USD,OP-544041,28-Jun-2024,2024-07-20,22
grupo lala,4480109.9,USD,OP-659817,"July 11, 2018",N/A,N/A
grupo méxico,9964450.11,USD,OP-202483,"September 09, 2019","January 11, 2024",1585
AMÉRICA MÓVIL,1231892.24,MXN,OP-322892,2021-10-29,N/A,N/A
grupo carso,2851603.58,USD,OP-509957,"July 23, 2016",N/A,N/A
alsea,4275612.26,USD,OP-455734,2021-02-22,N/A,N/A
GRUPO MÉXICO,2614779.35,EUR,OP-236883,"June 27, 2017","November 18, 2024",2701
FEMSA,9548807.67,USD,OP-199935,"September 06, 2023",N/A,N/A
grupo carso,3180912.47,USD,OP-139077,04/10/2018,2018-10-24,197
ALSEA,1650672.68,MXN,OP-850218,"October 08, 2016",2024-04-04,2735
BBVA MÉXICO,1512221.85,EUR,OP-705190,10/03/2023,N/A,N/A
GRUPO BIMBO,318250.8,EUR,OP-508138,15-Dec-2015,"October 24, 2024",3236
BBVA MÉXICO,2991979.41,USD,OP-965646,2017-09-06,N/A,N/A
liverpool,3365851.88,MXN,OP-615205,28-Aug-2016,2023-07-06,2503
GRUPO BIMBO,4089685.25,MXN,OP-993412,14-Nov-2016,2023-05-16,2374
américa móvil,9448631.23,EUR,OP-371517,25-Mar-2022,N/A,N/A
américa móvil,6186891.16,MXN,OP-382741,01-Mar-2016,N/A,N/A
walmart de méxico,4816786.77,MXN,OP-557334,19-Aug-2020,N/A,N/A
walmart de méxico,5100032.25,USD,OP-325829,"October 01, 2024",N/A,N/A
GRUPO MÉXICO,5376556.16,USD,OP-370089,2016-01-31,11/11/2017,650
américa móvil,5687102.49,EUR,OP-404217,02-Nov-2018,N/A,N/A
grupo bimbo,4560187.26,USD,OP-987640,21-Jul-2020,N/A,N/A
américa móvil,3592542.5,EUR,OP-542250,26/11/2022,N/A,N/A
walmart de méxico,8472913.09,EUR,OP-843067,"June 28, 2021",N/A,N/A
BBVA MÉXICO,1476654.77,USD,OP-783774,11-Apr-2018,"October 28, 2021",1296
FEMSA,8474496.78,EUR,OP-620872,18-Oct-2020,N/A,N/A
cemex,3730996.57,EUR,OP-915094,2023-09-06,N/A,N/A
WALMART DE MÉXICO,9015419.65,MXN,OP-445554,21/12/2015,"November 03, 2016",318
GRUPO LALA,6126262.77,MXN,OP-512193,2015-09-19,2024-01-17,3042
alsea,8155793.18,EUR,OP-374335,2024-03-21,N/A,N/A
grupo bimbo,3335877.29,EUR,OP-847406,28/07/2025,N/A,N/A
cemex,7682535.19,EUR,OP-838970,"July 25, 2019",N/A,N/A
cemex,6485578.51,USD,OP-152984,23-Jan-2016,"August 17, 2019",1302
GRUPO MÉXICO,1404551.19,USD,OP-637036,19-Jul-2019,09/07/2025,2242
FEMSA,7794137.23,EUR,OP-373053,15-Jun-2019,N/A,N/A
GRUPO CARSO,3668596.96,EUR,OP-731488,23/11/2018,N/A,N/A
walmart de méxico,9964730.05,MXN,OP-129343,2018-03-27,29-Jan-2019,308
alsea,9979243.53,EUR,OP-169735,2018-10-09,17-Aug-2020,678
grupo carso,786369.81,MXN,OP-176196,16-Apr-2023,N/A,N/A
PEMEX,2426797.76,EUR,OP-659750,2018-02-03,25-May-2020,842
pemex,866197.41,USD,OP-854160,12-Aug-2022,N/A,N/A
GRUPO CARSO,6282997.79,USD,OP-295936,"August 04, 2022",N/A,N/A
FEMSA,2703515.81,MXN,OP-963682,22/09/2023,"July 12, 2025",659
GRUPO BIMBO,1434194.77,EUR,OP-672783,17/03/2022,N/A,N/A
TELMEX,6809189.07,MXN,OP-937975,21/06/2021,2021-08-01,41
pemex,9801805.88,EUR,OP-713215,2023-05-29,N/A,N/A
PEMEX,2599331.24,EUR,OP-883756,2025-07-01,N/A,N/A
GRUPO CARSO,7267543.6,USD,OP-517330,16/12/2024,N/A,N/A
GRUPO MÉXICO,4988179.75,MXN,OP-307674,"August 26, 2017",05/12/2022,1720
SORIANA,5062383.08,MXN,OP-432323,09-Dec-2016,N/A,N/A
PEMEX,5335696.62,EUR,OP-255290,"October 13, 2018",N/A,N/A
telmex,1446811.67,MXN,OP-983819,"September 27, 2024",N/A,N/A
grupo bimbo,2491643.48,USD,OP-237571,2022-05-20,N/A,N/A
alsea,6059089.05,MXN,OP-827665,25/03/2021,09-Aug-2024,1233
TELMEX,602573.27,EUR,OP-193159,22-Jun-2020,N/A,N/A
GRUPO LALA,5688618.09,EUR,OP-115477,05-Aug-2019,N/A,N/A
soriana,3275579.97,EUR,OP-639637,28-Oct-2017,N/A,N/A
TELMEX,3218682.49,EUR,OP-484935,"March 27, 2017",N/A,N/A
PEMEX,453778.98,EUR,OP-921829,06-Mar-2018,N/A,N/A
alsea,6762758.18,USD,OP-944565,2022-01-05,N/A,N/A
grupo méxico,3169589.86,EUR,OP-941660,2019-10-21,N/A,N/A
PEMEX,7525964.22,MXN,OP-909701,2020-10-20,N/A,N/A
GRUPO LALA,6242103.25,EUR,OP-408807,27/12/2020,N/A,N/A
CEMEX,1453378.06,EUR,OP-946055,11/02/2019,12/03/2025,2223
CEMEX,2678644.87,MXN,OP-531919,17/12/2024,N/A,N/A
telmex,5693870.98,MXN,OP-174137,18-May-2024,"June 30, 2024",43
femsa,4478427.24,USD,OP-371575,01-Jan-2019,N/A,N/A
GRUPO CARSO,8159889.62,MXN,OP-278615,22/04/2018,"September 01, 2023",1958
grupo carso,4734035.55,MXN,OP-838120,2025-03-10,N/A,N/A
AMÉRICA MÓVIL,5946556.55,MXN,OP-534046,25/09/2018,2024-04-30,2044
GRUPO MÉXICO,6259663.12,USD,OP-845186,2017-11-13,02-Mar-2024,2301
TELMEX,1338129.61,EUR,OP-748700,11-Nov-2024,N/A,N/A
CEMEX,1195150.74,USD,OP-100029,28-Jun-2025,N/A,N/A
SORIANA,8769548.35,MXN,OP-558668,2022-11-04,N/A,N/A
bbva méxico,6784985.02,USD,OP-436519,2020-09-21,N/A,N/A
grupo méxico,753965.88,USD,OP-728816,22/06/2018,N/A,N/A
TELMEX,3753515.76,EUR,OP-597767,2017-11-14,16/07/2025,2801
cemex,7561457.14,EUR,OP-449114,29/06/2025,N/A,N/A
GRUPO LALA,1210461.26,MXN,OP-145845,28/06/2023,N/A,N/A
TELMEX,3787039.65,MXN,OP-258335,"August 03, 2022",2024-11-28,848
bbva méxico,604734.04,MXN,OP-953021,04-Aug-2018,N/A,N/A
GRUPO LALA,5900531.12,MXN,OP-573143,31-Mar-2017,N/A,N/A
grupo carso,1055424.49,USD,OP-417415,15/05/2023,N/A,N/A
américa móvil,6373125.39,USD,OP-646199,"October 27, 2024",N/A,N/A
FEMSA,219274.57,MXN,OP-574653,22/08/2021,N/A,N/A
soriana,1425536.18,MXN,OP-512027,2018-09-08,10/07/2025,2586
banorte,4624588.38,MXN,OP-865533,2016-07-02,N/A,N/A
alsea,7718785.94,EUR,OP-408345,18/07/2025,N/A,N/A
PEMEX,7561428.0,USD,OP-450426,25-Mar-2022,N/A,N/A
AMÉRICA MÓVIL,1730715.74,EUR,OP-246804,2025-07-29,N/A,N/A
grupo bimbo,5601733.07,EUR,OP-764651,"October 20, 2021",2022-11-19,395
GRUPO MÉXICO,630473.76,MXN,OP-346229,"May 15, 2023",N/A,N/A
BBVA MÉXICO,3606086.73,EUR,OP-628071,2015-12-30,N/A,N/A
SORIANA,2677186.3,MXN,OP-140941,14/01/2022,N/A,N/A
GRUPO MÉXICO,9866577.83,USD,OP-851916,20-Jul-2024,2025-05-16,300
LIVERPOOL,8928527.91,USD,OP-748142,02-Mar-2016,"July 06, 2016",126
pemex,2553447.95,USD,OP-236800,"July 06, 2021",22-Feb-2022,231
TELMEX,3492488.17,MXN,OP-908250,"February 18, 2020",N/A,N/A
grupo méxico,3097598.37,USD,OP-832338,"December 30, 2017",2020-07-24,937
LIVERPOOL,5642028.42,MXN,OP-291925,07/12/2019,N/A,N/A
GRUPO CARSO,4424040.86,USD,OP-284483,2024-08-25,24/05/2025,272
grupo bimbo,6387655.35,EUR,OP-876434,2024-10-09,N/A,N/A
grupo lala,982210.5,MXN,OP-666954,26-May-2020,N/A,N/A
GRUPO CARSO,4278694.81,EUR,OP-492408,2022-03-29,N/A,N/A
pemex,8014975.86,USD,OP-395804,15-Mar-2016,"September 14, 2021",2009
femsa,7955328.78,MXN,OP-839981,2024-07-04,N/A,N/A
grupo carso,5440412.64,MXN,OP-231121,27/02/2022,N/A,N/A
pemex,3635261.05,MXN,OP-643404,2022-03-14,N/A,N/A
femsa,8805239.5,EUR,OP-138611,26/07/2016,N/A,N/A
grupo carso,538628.12,MXN,OP-140862,2022-01-08,N/A,N/A
PEMEX,4787702.03,EUR,OP-472615,"July 09, 2023",N/A,N/A
grupo carso,1413688.26,EUR,OP-924756,26-Apr-2019,01/11/2023,1356
BBVA MÉXICO,9649349.55,MXN,OP-677613,2021-08-22,N/A,N/A
cemex,3735408.49,MXN,OP-469319,04-Aug-2025,N/A,N/A
BANORTE,9611026.59,USD,OP-850177,2025-04-13,N/A,N/A
grupo méxico,583168.61,USD,OP-516301,2017-11-17,2022-11-14,1823
américa móvil,7841114.75,MXN,OP-724078,16-Sep-2021,31/10/2024,1141
grupo lala,4664537.33,MXN,OP-162919,11-Oct-2020,N/A,N/A
BBVA MÉXICO,6529379.2,USD,OP-763069,2016-08-25,24/04/2025,3164
femsa,7229545.78,EUR,OP-445609,13/08/2020,N/A,N/A
alsea,4574897.33,USD,OP-890137,"May 18, 2020",2021-09-08,478
PEMEX,1996697.91,USD,OP-558993,25-Aug-2024,12/09/2024,106
GRUPO MÉXICO,8926617.43,MXN,OP-930158,20-Dec-2015,30/03/2025,3388
ALSEA,4511146.13,MXN,OP-532406,27-Dec-2017,N/A,N/A
LIVERPOOL,2667292.91,USD,OP-930904,22/08/2022,N/A,N/A
ALSEA,9094366.53,EUR,OP-601524,28-Nov-2015,N/A,N/A
telmex,9840585.28,EUR,OP-154667,22-Jun-2018,N/A,N/A
bbva méxico,6930343.53,MXN,OP-317702,06-Nov-2020,N/A,N/A
CEMEX,6756484.9,EUR,OP-444596,01/07/2023,N/A,N/A
FEMSA,3515067.36,MXN,OP-461249,30-Aug-2022,03-Feb-2024,522
alsea,7886520.99,USD,OP-503279,25/08/2020,2021-08-03,343
SORIANA,5090760.85,MXN,OP-364184,2022-08-14,"May 11, 2024",636
banorte,4377659.32,EUR,OP-547366,02/01/2016,N/A,N/A
BBVA MÉXICO,6154075.3,USD,OP-250306,24-Sep-2017,2021-02-28,1253
liverpool,3877089.97,USD,OP-858990,19-Dec-2019,N/A,N/A
BANORTE,9279196.27,MXN,OP-109403,"August 04, 2024",N/A,N/A
walmart de méxico,6007581.49,USD,OP-132815,25/04/2021,N/A,N/A
femsa,5859676.24,EUR,OP-213768,22-Jun-2019,N/A,N/A
GRUPO MÉXICO,9662659.06,EUR,OP-824763,29-Nov-2020,N/A,N/A
AMÉRICA MÓVIL,249781.57,MXN,OP-544500,19/08/2022,N/A,N/A
bbva méxico,7384564.33,USD,OP-387764,2024-06-08,N/A,N/A
grupo bimbo,4727753.51,USD,OP-959139,27-Apr-2022,N/A,N/A
grupo méxico,1104865.43,EUR,OP-554110,05-Dec-2019,27/05/2024,1635
BANORTE,897590.65,EUR,OP-631327,01-May-2018,N/A,N/A
alsea,2370874.46,EUR,OP-214258,13-Jan-2023,N/A,N/A
liverpool,9320971.29,EUR,OP-550531,27/01/2017,13-Sep-2019,959
TELMEX,3997519.9,EUR,OP-564412,2018-07-10,"May 06, 2022",1396
liverpool,7278130.77,EUR,OP-123385,2023-12-21,N/A,N/A
GRUPO LALA,722800.07,MXN,OP-215335,"February 14, 2019","May 15, 2025",2282
américa móvil,1267412.83,MXN,OP-880023,27/11/2023,N/A,N/A
WALMART DE MÉXICO,1279816.89,EUR,OP-250299,"February 23, 2021",12/06/2021,286
grupo méxico,1967796.59,MXN,OP-847976,14-Jan-2023,N/A,N/A
pemex,6529273.82,MXN,OP-199993,16-Jan-2016,N/A,N/A
CEMEX,2078133.6,USD,OP-363163,"January 10, 2024",N/A,N/A
BBVA MÉXICO,3950974.19,MXN,OP-968505,"May 08, 2022",N/A,N/A
BBVA MÉXICO,5454118.28,MXN,OP-131560,"January 06, 2020",N/A,N/A
PEMEX,6830025.1,MXN,OP-113300,11/05/2021,10-Jun-2024,948
GRUPO CARSO,858379.82,EUR,OP-817230,2022-03-17,N/A,N/A
liverpool,5939504.49,MXN,OP-992001,16-Mar-2024,N/A,N/A
WALMART DE MÉXICO,4946972.95,USD,OP-431378,"December 11, 2020",09/02/2025,1726
bbva méxico,2518483.13,MXN,OP-110011,"July 15, 2023",15/08/2025,762
femsa,1512282.64,USD,OP-682124,06-Aug-2021,N/A,N/A
GRUPO BIMBO,4942881.45,EUR,OP-819279,08-Apr-2017,21/05/2024,2600
AMÉRICA MÓVIL,6329875.96,MXN,OP-677354,12-Mar-2023,"June 06, 2023",86
femsa,2294254.0,MXN,OP-407315,02-Mar-2016,09/07/2021,2015
ALSEA,1059497.52,MXN,OP-937195,"April 14, 2022",2024-10-17,917
ALSEA,1327679.16,EUR,OP-840049,01/11/2024,N/A,N/A
TELMEX,8133278.86,MXN,OP-144381,08-Oct-2019,19/07/2022,1015
BBVA MÉXICO,2383071.45,USD,OP-690269,24-Dec-2019,N/A,N/A
AMÉRICA MÓVIL,3868968.29,USD,OP-606086,18-Jul-2017,N/A,N/A
soriana,3441786.73,USD,OP-139592,03/01/2023,2023-03-18,17
walmart de méxico,9213402.32,USD,OP-502697,17-Oct-2015,10/08/2016,357
bbva méxico,6180230.42,USD,OP-641519,2017-01-06,"August 19, 2017",225
pemex,3433243.87,MXN,OP-918215,"November 26, 2019",N/A,N/A
grupo bimbo,2364105.98,EUR,OP-490320,2018-08-13,08-Jun-2021,1030
soriana,9042385.68,USD,OP-103194,23/04/2021,11/11/2023,932
liverpool,133562.63,EUR,OP-634703,14/10/2020,N/A,N/A
grupo lala,2794289.74,MXN,OP-501580,11-Mar-2023,N/A,N/A
LIVERPOOL,1351217.88,EUR,OP-258668,13/11/2018,29/01/2020,442
banorte,623887.07,USD,OP-439640,10-Jul-2024,N/A,N/A
WALMART DE MÉXICO,1491266.02,MXN,OP-289065,23-Mar-2023,N/A,N/A
grupo carso,6318338.29,MXN,OP-124874,2024-05-27,N/A,N/A
grupo lala,3368591.25,USD,OP-305004,25/08/2024,N/A,N/A
banorte,1695046.91,EUR,OP-176183,2018-08-11,12/05/2023,1942
telmex,4569485.22,MXN,OP-326816,"May 25, 2018",N/A,N/A
WALMART DE MÉXICO,4853310.04,MXN,OP-784187,27-Jul-2019,"October 02, 2020",433
GRUPO CARSO,3356880.46,MXN,OP-155816,"July 21, 2020",N/A,N/A
LIVERPOOL,3838582.33,EUR,OP-104523,29/08/2024,N/A,N/A
grupo lala,2763039.19,USD,OP-565331,18/02/2024,N/A,N/A
banorte,3667981.79,MXN,OP-108326,"May 16, 2016","January 05, 2019",964
américa móvil,2307942.97,MXN,OP-172308,2018-08-20,N/A,N/A
grupo bimbo,3209438.3,EUR,OP-621909,04-Sep-2023,N/A,N/A
grupo méxico,7195078.99,MXN,OP-874221,27/04/2021,2022-04-04,342
ALSEA,7508469.93,EUR,OP-425214,"June 17, 2021",N/A,N/A
GRUPO LALA,9396925.39,USD,OP-453862,24/12/2019,N/A,N/A
ALSEA,4978618.18,MXN,OP-597778,15-Feb-2021,N/A,N/A
walmart de méxico,2104229.03,USD,OP-592265,23/03/2021,N/A,N/A
grupo lala,3980831.76,USD,OP-975549,04/05/2025,N/A,N/A
ALSEA,1114607.61,MXN,OP-752797,07-Oct-2015,"May 05, 2022",2402
grupo bimbo,5742464.44,EUR,OP-560773,"April 15, 2021",N/A,N/A
ALSEA,2029811.99,MXN,OP-709505,2022-07-24,N/A,N/A
liverpool,9766258.15,EUR,OP-232444,2021-03-06,N/A,N/A
grupo bimbo,6636312.5,MXN,OP-337558,2017-05-10,N/A,N/A
grupo bimbo,6597644.66,USD,OP-239891,2015-11-04,2018-03-15,862
FEMSA,879470.39,MXN,OP-153098,08/11/2021,N/A,N/A
FEMSA,1625819.62,EUR,OP-546566,"January 24, 2016",27/12/2018,1068
WALMART DE MÉXICO,6879153.22,EUR,OP-262057,"June 28, 2021",22-Jul-2022,389
cemex,2458763.86,MXN,OP-462835,05/09/2020,N/A,N/A
grupo carso,4093064.31,EUR,OP-369514,"January 29, 2025",N/A,N/A
CEMEX,8392407.63,USD,OP-222132,21/05/2021,N/A,N/A
FEMSA,519273.81,USD,OP-449132,2020-10-16,N/A,N/A
GRUPO CARSO,8345126.38,EUR,OP-598239,17-Oct-2023,25/06/2025,617
alsea,5639352.58,USD,OP-287937,02-Oct-2017,N/A,N/A
telmex,738170.58,MXN,OP-741676,2021-08-23,"April 23, 2023",608
grupo méxico,7613552.96,EUR,OP-239965,10-Jun-2020,"July 30, 2024",1511
américa móvil,5726066.83,EUR,OP-377756,2017-03-20,2019-02-16,698
ALSEA,7791990.35,EUR,OP-153759,13-Jul-2023,N/A,N/A
bbva méxico,1977965.23,USD,OP-674362,24-Mar-2020,N/A,N/A
SORIANA,4675479.58,MXN,OP-764461,28/02/2024,15-Jan-2025,322
CEMEX,2755589.53,EUR,OP-337323,2019-08-22,N/A,N/A
grupo carso,3278496.63,EUR,OP-718237,"December 04, 2016",N/A,N/A
grupo carso,2814848.49,USD,OP-655058,2019-08-23,07-Mar-2020,197
AMÉRICA MÓVIL,5642196.15,EUR,OP-581247,10-Jan-2018,2024-10-02,2457
ALSEA,6756060.09,USD,OP-319929,20-May-2020,06-Aug-2022,808
telmex,6711486.91,USD,OP-333043,"November 05, 2018",N/A,N/A
pemex,9159788.08,EUR,OP-547155,03-Oct-2017,N/A,N/A
banorte,3675508.11,MXN,OP-118698,25-Jul-2022,N/A,N/A
telmex,7355956.11,MXN,OP-707535,"April 12, 2022",N/A,N/A
FEMSA,5122854.77,USD,OP-670356,21/09/2021,"November 10, 2022",415
liverpool,3429935.08,MXN,OP-977574,"August 11, 2017",20/05/2023,2108
grupo bimbo,9562819.57,MXN,OP-202388,25-Mar-2020,2022-03-18,723
TELMEX,6454849.74,EUR,OP-496583,"January 22, 2019",N/A,N/A
GRUPO MÉXICO,3143981.4,MXN,OP-395772,16-Aug-2023,N/A,N/A
grupo lala,8634020.87,MXN,OP-585659,2022-01-04,N/A,N/A
TELMEX,3943135.85,USD,OP-383619,23/03/2024,14-Nov-2024,236
banorte,4148586.42,EUR,OP-184390,30/04/2023,N/A,N/A
américa móvil,6457526.29,MXN,OP-272912,13-Dec-2018,17/06/2024,2013
LIVERPOOL,701343.33,EUR,OP-946717,2017-04-26,N/A,N/A
soriana,5744929.27,MXN,OP-892960,"March 01, 2019",2021-02-01,703
WALMART DE MÉXICO,5076339.37,EUR,OP-734460,06-May-2016,"June 09, 2022",2225
grupo lala,918158.75,USD,OP-599319,25/07/2016,13-Jun-2018,688
SORIANA,5552822.13,MXN,OP-872662,09-May-2025,N/A,N/A
LIVERPOOL,4060430.36,EUR,OP-529165,"November 18, 2019",N/A,N/A
TELMEX,4587223.57,USD,OP-486055,"March 09, 2023",05/08/2024,426
cemex,3357255.41,USD,OP-412894,"March 22, 2023",N/A,N/A
walmart de méxico,3502612.94,MXN,OP-687577,24/10/2019,N/A,N/A
femsa,8591169.0,MXN,OP-288138,01/12/2023,N/A,N/A
SORIANA,4046040.37,MXN,OP-680984,19-Nov-2015,2022-02-28,2293
grupo bimbo,6130499.1,USD,OP-524405,23-Jul-2025,N/A,N/A
pemex,8175190.87,USD,OP-204251,28-Aug-2020,N/A,N/A
bbva méxico,8166659.01,USD,OP-610759,14/10/2017,10/03/2021,1450
grupo bimbo,8673364.16,MXN,OP-325063,"January 20, 2019",N/A,N/A
TELMEX,4431672.72,USD,OP-565853,"July 01, 2025",N/A,N/A
TELMEX,3697123.32,EUR,OP-361409,"May 16, 2021","January 08, 2023",602
FEMSA,1359327.1,MXN,OP-629962,16-Dec-2016,05/04/2022,1965
soriana,6890858.27,EUR,OP-316152,"December 24, 2020",N/A,N/A
GRUPO MÉXICO,8264822.85,MXN,OP-939144,"September 21, 2021",N/A,N/A
GRUPO CARSO,3227526.72,USD,OP-708579,"June 10, 2021",N/A,N/A
walmart de méxico,4144287.59,EUR,OP-501112,"November 12, 2017",N/A,N/A
femsa,7726459.68,USD,OP-532274,"June 28, 2023",N/A,N/A
GRUPO CARSO,6679620.48,MXN,OP-780121,02-Jan-2020,28/10/2024,1761
walmart de méxico,363278.3,USD,OP-763247,26-Aug-2024,N/A,N/A
pemex,1848342.88,EUR,OP-611044,13/12/2019,N/A,N/A
GRUPO BIMBO,6137207.68,MXN,OP-125942,11/01/2021,N/A,N/A
banorte,7440891.37,MXN,OP-426633,30/05/2017,17/08/2025,3001
pemex,3203350.06,EUR,OP-982004,12/09/2020,N/A,N/A
BBVA MÉXICO,2457421.1,USD,OP-331735,2023-07-24,N/A,N/A
FEMSA,806420.29,EUR,OP-391779,"July 28, 2022",2025-07-01,1069
ALSEA,1298510.94,USD,OP-834738,2022-07-28,2024-10-27,822
LIVERPOOL,3991522.43,MXN,OP-449207,03/12/2020,N/A,N/A
GRUPO LALA,9709558.33,MXN,OP-206711,05-Mar-2021,24-Jan-2024,1055
LIVERPOOL,4049637.24,MXN,OP-548770,2024-01-12,N/A,N/A
TELMEX,7464273.58,EUR,OP-474237,19-Mar-2024,N/A,N/A
américa móvil,3614366.36,MXN,OP-580041,10/09/2019,29-Mar-2021,537
GRUPO BIMBO,4717570.71,EUR,OP-547188,"June 16, 2016",N/A,N/A
GRUPO BIMBO,2158303.46,MXN,OP-976263,27/09/2015,03/07/2016,162
PEMEX,7350315.31,EUR,OP-852780,"May 19, 2020","November 28, 2022",923
soriana,1245954.57,EUR,OP-537107,10/09/2022,N/A,N/A
pemex,4584341.13,USD,OP-590898,14/05/2018,N/A,N/A
cemex,4630613.05,MXN,OP-295554,23/01/2024,13-Apr-2024,81
WALMART DE MÉXICO,5650048.28,MXN,OP-937356,29-Sep-2018,N/A,N/A
SORIANA,1809105.04,USD,OP-872507,2020-05-20,N/A,N/A
grupo méxico,1475045.79,EUR,OP-431413,"September 30, 2023",N/A,N/A
pemex,4475709.88,USD,OP-447778,30/06/2020,2025-05-08,1773
cemex,5592075.3,USD,OP-594341,18/09/2022,N/A,N/A
femsa,3951756.14,USD,OP-972401,"December 18, 2015",N/A,N/A
grupo bimbo,5515813.74,MXN,OP-128939,"November 22, 2015",N/A,N/A
GRUPO BIMBO,7994795.15,EUR,OP-807895,25/11/2015,14/02/2024,3003
SORIANA,4222642.63,EUR,OP-411951,"February 20, 2016",27-Sep-2019,1315
telmex,5353311.84,MXN,OP-256571,"September 02, 2020",N/A,N/A
grupo bimbo,114082.42,MXN,OP-976907,24/07/2021,N/A,N/A
TELMEX,6532550.32,USD,OP-763723,"September 15, 2022",N/A,N/A
PEMEX,378968.93,USD,OP-484262,08-Mar-2016,2019-11-29,1361
BBVA MÉXICO,9448956.71,EUR,OP-415154,24-Dec-2022,N/A,N/A
grupo carso,4969548.33,MXN,OP-944558,18/04/2023,11-Jun-2023,54
bbva méxico,9717959.69,EUR,OP-508866,21/09/2024,N/A,N/A
ALSEA,941524.48,MXN,OP-614736,20-May-2019,12/09/2019,203
GRUPO MÉXICO,7353616.39,MXN,OP-117694,2022-04-08,N/A,N/A
CEMEX,175595.35,USD,OP-292916,2016-05-14,2016-07-11,58
FEMSA,1193552.72,MXN,OP-119225,14-Aug-2019,N/A,N/A
SORIANA,8697356.63,MXN,OP-556750,01/12/2019,26-Apr-2022,1200
LIVERPOOL,2463857.66,MXN,OP-936760,"February 06, 2017",N/A,N/A
grupo bimbo,4709639.51,USD,OP-396843,01-Dec-2015,"October 18, 2022",2513
WALMART DE MÉXICO,7961971.5,EUR,OP-448636,2016-09-16,14-Feb-2021,1612
telmex,2001441.95,USD,OP-588383,"July 25, 2016",N/A,N/A
GRUPO MÉXICO,3535637.86,USD,OP-814187,11-Sep-2016,N/A,N/A
BANORTE,4807510.74,EUR,OP-946958,"December 11, 2019",N/A,N/A
CEMEX,5677824.05,EUR,OP-945921,05/07/2018,N/A,N/A
GRUPO BIMBO,2615418.77,MXN,OP-323598,"October 31, 2018",2022-11-23,1484
grupo méxico,1311908.49,EUR,OP-419940,2017-03-10,05-Sep-2023,2370
banorte,4371153.99,USD,OP-643725,2015-11-30,26/03/2022,2308
BANORTE,5601576.33,EUR,OP-801392,10-Mar-2020,12-Jul-2022,854
grupo bimbo,5783411.24,USD,OP-497797,17-Sep-2023,N/A,N/A
BANORTE,4662752.58,USD,OP-927521,2018-02-15,N/A,N/A
LIVERPOOL,7903428.99,MXN,OP-398363,"August 17, 2024",N/A,N/A
GRUPO CARSO,5470284.92,EUR,OP-104889,21/02/2018,"July 05, 2023",1960
pemex,1115419.92,MXN,OP-651882,22/08/2019,N/A,N/A
GRUPO BIMBO,6370829.28,EUR,OP-688092,"May 07, 2022",N/A,N/A
femsa,1264695.51,USD,OP-212009,2023-02-10,N/A,N/A
SORIANA,9599907.97,MXN,OP-430943,21/03/2021,N/A,N/A
grupo carso,1887412.35,MXN,OP-615986,2023-11-28,N/A,N/A
soriana,6065522.43,MXN,OP-819243,19-Jul-2024,N/A,N/A
PEMEX,879985.44,EUR,OP-918561,"April 11, 2020",19/09/2022,891
CEMEX,8770607.34,EUR,OP-539023,2024-03-27,N/A,N/A
ALSEA,3169388.54,EUR,OP-969865,21/06/2021,N/A,N/A
grupo carso,1995003.39,EUR,OP-150819,25-Jul-2016,"August 08, 2017",379
AMÉRICA MÓVIL,5882198.35,EUR,OP-113925,08-Sep-2018,N/A,N/A
femsa,4326706.78,MXN,OP-665116,31-May-2019,N/A,N/A
bbva méxico,868844.79,MXN,OP-312754,08-Jan-2018,02-Jul-2023,2001
GRUPO CARSO,1656889.85,USD,OP-779779,24/10/2023,N/A,N/A
bbva méxico,3111935.67,MXN,OP-343932,26-Jul-2022,N/A,N/A
cemex,1814210.98,MXN,OP-728549,"February 05, 2018",N/A,N/A
BBVA MÉXICO,7396996.46,MXN,OP-476849,01-Jun-2023,N/A,N/A
liverpool,210830.1,USD,OP-344663,"February 25, 2023",N/A,N/A
grupo méxico,1840016.56,MXN,OP-746898,2025-01-29,N/A,N/A
LIVERPOOL,7738037.5,USD,OP-112408,02/06/2024,N/A,N/A
pemex,6244106.92,EUR,OP-148860,"April 08, 2016",N/A,N/A
banorte,1609932.99,EUR,OP-708750,"March 23, 2017",28/01/2018,311
walmart de méxico,7845597.87,EUR,OP-761757,"March 30, 2018",N/A,N/A
telmex,5392136.31,MXN,OP-237874,2017-07-21,2025-02-16,2767
TELMEX,6760047.6,EUR,OP-661004,"March 20, 2019",N/A,N/A
CEMEX,1335693.31,USD,OP-153269,23-Feb-2025,N/A,N/A
FEMSA,3113370.49,EUR,OP-556243,23/02/2017,08/12/2024,2727
bbva méxico,2501444.49,MXN,OP-634514,2018-02-15,N/A,N/A
GRUPO CARSO,6997994.47,USD,OP-832386,2015-09-01,26-May-2017,633
grupo carso,7440259.22,USD,OP-805718,"February 10, 2021",N/A,N/A
GRUPO LALA,151592.98,USD,OP-366232,30-Aug-2022,N/A,N/A
CEMEX,633670.6,MXN,OP-666875,06/03/2021,N/A,N/A
LIVERPOOL,993276.58,MXN,OP-369210,04/07/2019,N/A,N/A
banorte,9716943.4,USD,OP-249232,2021-06-18,N/A,N/A
liverpool,4503717.13,EUR,OP-841857,17/03/2021,N/A,N/A
telmex,7871058.35,USD,OP-482162,2019-10-19,N/A,N/A
cemex,5104634.7,MXN,OP-245035,31-Mar-2020,N/A,N/A
banorte,8724785.93,USD,OP-925412,09-Jul-2018,N/A,N/A
CEMEX,3999463.89,USD,OP-470255,2019-06-11,N/A,N/A
cemex,562233.38,USD,OP-289771,2025-06-15,N/A,N/A
TELMEX,9459074.11,EUR,OP-945467,2017-11-18,04/10/2020,874
walmart de méxico,9310725.99,MXN,OP-527907,2019-12-20,N/A,N/A
SORIANA,9793550.32,MXN,OP-194863,09/05/2021,N/A,N/A
GRUPO LALA,7953639.62,MXN,OP-377915,01-Jun-2019,26/04/2020,330
GRUPO BIMBO,8719860.66,USD,OP-987204,2017-06-30,"December 05, 2018",523
WALMART DE MÉXICO,8930957.7,USD,OP-637375,17/11/2018,N/A,N/A
GRUPO BIMBO,9594792.17,MXN,OP-275285,"September 17, 2022",N/A,N/A
soriana,4586053.0,MXN,OP-445638,2020-09-20,N/A,N/A
AMÉRICA MÓVIL,1805847.23,EUR,OP-869914,"April 15, 2024",N/A,N/A
AMÉRICA MÓVIL,2773328.39,MXN,OP-691979,06-Dec-2018,N/A,N/A
SORIANA,1964358.25,EUR,OP-337840,2025-01-21,N/A,N/A
BBVA MÉXICO,2910497.89,MXN,OP-811477,20/06/2024,N/A,N/A
bbva méxico,2129027.35,MXN,OP-931618,05-Mar-2018,"August 04, 2024",2344
GRUPO LALA,2643050.76,EUR,OP-345781,2021-01-22,N/A,N/A
grupo carso,9561170.25,MXN,OP-821667,02-Jan-2023,29-Feb-2024,423
telmex,1500728.08,USD,OP-698753,"January 29, 2017",17/05/2018,473
WALMART DE MÉXICO,1412574.82,USD,OP-278343,2018-10-25,N/A,N/A
walmart de méxico,4225884.47,USD,OP-673536,"March 06, 2019",N/A,N/A
ALSEA,6952306.41,EUR,OP-190908,17/02/2017,22-Aug-2025,3108
liverpool,9549491.07,EUR,OP-889375,2021-02-02,15/06/2022,498
BBVA MÉXICO,1128377.33,MXN,OP-599388,20-Mar-2022,N/A,N/A
walmart de méxico,2251205.95,EUR,OP-181795,"January 24, 2019",N/A,N/A
grupo lala,2542741.58,USD,OP-460278,"May 31, 2020",N/A,N/A
grupo lala,1841551.45,EUR,OP-541609,2016-11-17,2024-01-06,2606
CEMEX,1603951.65,MXN,OP-813027,"October 16, 2015",10/09/2021,2185
ALSEA,6430694.66,EUR,OP-577371,"January 04, 2024",N/A,N/A
BANORTE,530828.29,USD,OP-163284,"November 26, 2019",N/A,N/A
GRUPO MÉXICO,1164570.2,USD,OP-713517,20-Mar-2022,29/09/2022,193
grupo méxico,4119931.41,MXN,OP-336121,2023-08-20,N/A,N/A
SORIANA,3132484.24,USD,OP-415864,2024-10-12,N/A,N/A
soriana,3765391.05,USD,OP-577405,"November 26, 2015","May 20, 2021",2002
FEMSA,2177636.03,MXN,OP-496959,"July 13, 2018",N/A,N/A
femsa,4895236.48,EUR,OP-422903,27-Nov-2024,N/A,N/A
telmex,273401.4,MXN,OP-294198,03-Jan-2017,26-Aug-2018,600
grupo lala,194291.99,MXN,OP-766099,2025-05-09,N/A,N/A
BANORTE,9689148.42,USD,OP-878967,16/03/2017,"June 23, 2022",1925
bbva méxico,9492759.68,EUR,OP-589723,"August 30, 2015",N/A,N/A
grupo méxico,3448639.22,EUR,OP-807141,"January 14, 2022",N/A,N/A
GRUPO MÉXICO,9641015.86,EUR,OP-654522,25/06/2016,22/06/2023,2553
pemex,265704.13,MXN,OP-646118,"August 26, 2023",N/A,N/A
TELMEX,7975359.62,MXN,OP-636054,2018-07-30,N/A,N/A
liverpool,2847292.84,MXN,OP-581281,2024-06-18,N/A,N/A
ALSEA,1036340.4,USD,OP-148906,2016-06-15,N/A,N/A
grupo carso,6783046.85,USD,OP-637378,04/03/2022,N/A,N/A
grupo carso,7224960.99,EUR,OP-540684,18/08/2018,N/A,N/A
grupo lala,2561690.54,EUR,OP-734445,01/10/2016,02/09/2018,761
CEMEX,6124441.87,USD,OP-860213,26-Jul-2020,N/A,N/A
bbva méxico,4677098.77,EUR,OP-414217,27-Jan-2018,2020-10-09,986
BANORTE,8360956.16,USD,OP-646687,31-May-2024,"February 06, 2025",251
SORIANA,9129780.85,MXN,OP-398587,07/11/2020,N/A,N/A
FEMSA,404798.85,USD,OP-954589,"September 09, 2018","April 03, 2019",206
PEMEX,2194606.58,USD,OP-456653,13/11/2022,N/A,N/A
walmart de méxico,5957716.8,MXN,OP-889342,11-Sep-2015,2022-08-21,2536
AMÉRICA MÓVIL,4864760.44,USD,OP-380937,2024-02-28,N/A,N/A
LIVERPOOL,3036548.25,MXN,OP-398926,20-Oct-2020,N/A,N/A
BBVA MÉXICO,6881386.07,EUR,OP-505207,12-Nov-2022,"November 01, 2023",354
grupo bimbo,1040514.79,MXN,OP-191651,26-Sep-2021,N/A,N/A
grupo lala,6601691.46,USD,OP-896002,2019-10-23,21-Jun-2024,1703
femsa,4698353.0,EUR,OP-408380,2019-08-13,24/05/2025,2111
SORIANA,9316257.98,USD,OP-544787,19-Aug-2021,"January 15, 2024",879
FEMSA,8219728.41,EUR,OP-668470,2019-07-11,N/A,N/A
GRUPO CARSO,1989453.36,MXN,OP-391277,"January 01, 2023",N/A,N/A
banorte,8598876.97,EUR,OP-916806,"March 19, 2018",N/A,N/A
telmex,7060447.5,EUR,OP-929076,"November 20, 2024",N/A,N/A
soriana,1567615.91,EUR,OP-504132,"January 16, 2022",2022-09-04,231
soriana,2655544.3,EUR,OP-282937,"September 10, 2016","June 25, 2017",288
GRUPO LALA,480708.58,MXN,OP-129793,23/10/2017,24/12/2024,2619
bbva méxico,8339069.46,EUR,OP-896416,01/11/2016,"April 12, 2018",822
femsa,2793959.48,EUR,OP-514012,"April 24, 2018",N/A,N/A
AMÉRICA MÓVIL,9470802.13,MXN,OP-901694,30-Jul-2020,N/A,N/A
grupo bimbo,1819148.91,MXN,OP-533181,"May 27, 2018",N/A,N/A
cemex,2570564.57,MXN,OP-694900,29-Dec-2018,19/01/2019,21
AMÉRICA MÓVIL,3111790.76,EUR,OP-907520,20/11/2022,22/03/2023,122
GRUPO CARSO,1633390.09,USD,OP-318616,2021-03-19,10/12/2022,572
américa móvil,6571641.95,USD,OP-535744,"November 30, 2022",N/A,N/A
telmex,2112312.64,MXN,OP-154705,17/03/2025,N/A,N/A
walmart de méxico,7426075.32,MXN,OP-675117,2017-10-30,"February 19, 2025",2669
banorte,8296461.76,USD,OP-434168,21/12/2020,N/A,N/A
BBVA MÉXICO,6271957.1,MXN,OP-641212,29/05/2018,07-Jan-2022,1319
BBVA MÉXICO,8304015.97,EUR,OP-557897,22/04/2016,N/A,N/A
grupo lala,8427123.38,EUR,OP-648937,2015-12-24,23/04/2018,851
grupo bimbo,516455.92,EUR,OP-632104,04-Apr-2017,21-Apr-2022,1843
américa móvil,5170307.41,EUR,OP-942800,24-Oct-2021,"January 14, 2023",447
LIVERPOOL,8363497.42,MXN,OP-157759,02-Aug-2025,N/A,N/A
américa móvil,7733891.88,EUR,OP-549224,12-Jun-2024,N/A,N/A
BBVA MÉXICO,8550300.95,USD,OP-227933,"June 22, 2020",N/A,N/A
BANORTE,7616540.43,EUR,OP-688789,04-Nov-2017,2018-11-21,382
ALSEA,3500628.76,MXN,OP-783076,2023-10-10,"June 13, 2025",612
telmex,4054692.0,EUR,OP-786817,11-Oct-2017,21/01/2021,1198
telmex,3882119.02,MXN,OP-361441,2021-04-27,"October 23, 2024",1275
grupo carso,5546695.2,EUR,OP-294535,"January 25, 2025",N/A,N/A
walmart de méxico,2441269.69,MXN,OP-665586,"June 04, 2021",N/A,N/A
ALSEA,1781503.05,MXN,OP-268950,2018-12-18,15-Apr-2020,484
BBVA MÉXICO,3217724.22,MXN,OP-145823,2021-12-17,N/A,N/A
pemex,3061759.62,EUR,OP-905567,12-Dec-2022,N/A,N/A
alsea,1077390.07,EUR,OP-819968,"March 16, 2018",26/12/2022,1746
grupo lala,6701703.58,MXN,OP-266135,"July 18, 2019",2022-11-10,1211
grupo lala,5081380.57,MXN,OP-610707,2020-01-12,"June 25, 2020",165
alsea,8930730.43,USD,OP-822871,2018-06-15,02-Apr-2021,1022
WALMART DE MÉXICO,1298907.66,EUR,OP-526225,20-Jun-2022,N/A,N/A
femsa,5242394.69,EUR,OP-432893,11/10/2015,N/A,N/A
alsea,1967725.11,MXN,OP-113147,30/11/2017,N/A,N/A
cemex,9408520.31,MXN,OP-435578,09-Dec-2020,2024-12-07,1459
grupo lala,7857864.46,USD,OP-794841,"May 27, 2021",N/A,N/A
alsea,6063761.52,USD,OP-751577,28/07/2021,N/A,N/A
cemex,5460637.8,EUR,OP-905201,2019-09-08,N/A,N/A
SORIANA,7712550.36,MXN,OP-933215,26-Jan-2017,10/08/2025,3177
grupo lala,352120.79,USD,OP-949574,04-Apr-2021,N/A,N/A
telmex,5815811.73,USD,OP-357401,"May 20, 2018",2023-07-17,1884
PEMEX,3214052.02,MXN,OP-540022,2021-03-24,2025-02-19,1428
grupo bimbo,990882.22,EUR,OP-654795,21/09/2016,24-Jan-2021,1586
banorte,1375216.72,USD,OP-279086,05-Mar-2023,17-Mar-2023,12
liverpool,4355871.83,USD,OP-910159,03-Jan-2016,09/11/2018,982
WALMART DE MÉXICO,5483846.85,USD,OP-512990,"November 07, 2017",24-Sep-2022,1782
TELMEX,8755339.07,EUR,OP-242485,07/02/2019,N/A,N/A
CEMEX,4489818.42,EUR,OP-560350,01/08/2023,N/A,N/A
bbva méxico,1107664.98,USD,OP-573702,"April 21, 2024",08-Mar-2025,321
cemex,1154323.63,EUR,OP-920634,25/06/2020,N/A,N/A
GRUPO CARSO,8183989.26,MXN,OP-290945,"July 22, 2024",N/A,N/A
PEMEX,6913650.14,MXN,OP-751927,2024-12-31,N/A,N/A
soriana,131821.29,EUR,OP-328838,11/01/2023,N/A,N/A
liverpool,4173155.13,USD,OP-194644,23/01/2018,N/A,N/A
américa móvil,816996.2,EUR,OP-892060,20/02/2016,09/05/2016,198
grupo méxico,5562613.47,USD,OP-380614,2019-05-31,09/05/2019,97
soriana,1497065.08,EUR,OP-538156,2016-12-16,27/01/2018,407
alsea,9403034.74,USD,OP-705103,"May 06, 2019","September 15, 2020",498
AMÉRICA MÓVIL,5915517.05,MXN,OP-963941,"September 29, 2017",2023-10-26,2218
soriana,4339319.06,EUR,OP-462793,"October 30, 2019",N/A,N/A
PEMEX,244809.01,EUR,OP-424785,04-Mar-2023,N/A,N/A
WALMART DE MÉXICO,129231.58,MXN,OP-115604,"September 03, 2024",N/A,N/A
ALSEA,6123134.63,MXN,OP-508639,04/12/2024,N/A,N/A
alsea,205239.83,USD,OP-598819,2024-07-31,10/01/2025,427
BBVA MÉXICO,7359013.62,MXN,OP-862545,"June 04, 2017",N/A,N/A
GRUPO LALA,5984440.69,EUR,OP-768672,12-Nov-2017,N/A,N/A
liverpool,3394098.7,USD,OP-737479,"September 24, 2020",11/05/2024,1503
AMÉRICA MÓVIL,1850650.73,EUR,OP-373419,2020-05-31,N/A,N/A
soriana,4894259.89,USD,OP-761966,2016-10-31,N/A,N/A
pemex,6671232.59,EUR,OP-442045,2023-09-03,N/A,N/A
grupo lala,7112244.75,USD,OP-445551,17-Feb-2025,N/A,N/A
bbva méxico,3781788.27,USD,OP-749717,11/05/2020,27-Oct-2023,1086
ALSEA,2118454.41,MXN,OP-624402,2024-07-10,N/A,N/A
telmex,643938.49,MXN,OP-877325,"March 05, 2016","March 26, 2025",3308
GRUPO CARSO,4634780.55,USD,OP-491738,21-Feb-2023,N/A,N/A
américa móvil,4329934.33,EUR,OP-632588,07-May-2024,N/A,N/A
grupo lala,203990.48,USD,OP-314405,"December 07, 2019",N/A,N/A
GRUPO BIMBO,9460866.52,USD,OP-472476,"January 09, 2022",N/A,N/A
femsa,2489095.44,EUR,OP-157831,21-Mar-2016,2023-02-27,2534
GRUPO LALA,3311414.37,MXN,OP-247983,"November 23, 2020",N/A,N/A
banorte,5923514.34,EUR,OP-963436,08/06/2019,N/A,N/A
grupo méxico,3440976.17,EUR,OP-455388,02/01/2020,N/A,N/A
GRUPO LALA,5941679.08,MXN,OP-338411,2023-02-27,N/A,N/A
GRUPO MÉXICO,9251036.73,MXN,OP-577307,15/01/2022,"September 13, 2023",606
GRUPO MÉXICO,821509.14,EUR,OP-678074,2016-08-11,"March 01, 2025",3124
BANORTE,2872909.59,MXN,OP-826656,2024-09-17,N/A,N/A
BANORTE,1236283.03,USD,OP-178903,"August 07, 2017",N/A,N/A
AMÉRICA MÓVIL,1829677.4,EUR,OP-533913,"June 14, 2018",05-Jan-2023,1666
grupo lala,3586042.19,MXN,OP-424592,2025-01-04,N/A,N/A
walmart de méxico,211774.52,EUR,OP-793015,2016-03-23,2021-12-15,2093
ALSEA,3180165.71,EUR,OP-735578,28/03/2018,N/A,N/A
GRUPO CARSO,3354669.57,USD,OP-914917,12-Aug-2022,N/A,N/A
LIVERPOOL,9949100.09,EUR,OP-546883,2024-07-05,2024-07-17,12
liverpool,8186705.64,EUR,OP-965871,2022-09-23,N/A,N/A
femsa,1448006.12,EUR,OP-692379,"January 02, 2018",N/A,N/A
liverpool,3268122.06,USD,OP-810043,2018-11-25,2023-12-14,1845
pemex,6352151.34,USD,OP-355295,02/03/2017,08-Aug-2021,1647
ALSEA,7334368.13,EUR,OP-492736,2019-01-11,N/A,N/A
AMÉRICA MÓVIL,7884825.99,EUR,OP-368971,"February 22, 2024",N/A,N/A
cemex,4176772.32,MXN,OP-129004,17/06/2021,23/03/2022,279
liverpool,9942972.03,USD,OP-466537,2022-06-07,N/A,N/A
FEMSA,606928.58,MXN,OP-233766,"March 27, 2020",N/A,N/A
soriana,7978217.96,USD,OP-652855,25-Feb-2018,N/A,N/A
pemex,2161780.61,MXN,OP-538947,2022-10-07,N/A,N/A
SORIANA,8648891.78,USD,OP-890848,"August 10, 2024",N/A,N/A
femsa,3367333.42,MXN,OP-838645,09/08/2020,19/12/2022,832
soriana,8161529.91,USD,OP-489042,"March 21, 2016",N/A,N/A
liverpool,9105659.48,USD,OP-204399,2023-06-29,N/A,N/A
alsea,7007674.85,EUR,OP-946998,14-Feb-2023,N/A,N/A
CEMEX,6810747.31,EUR,OP-192147,"May 19, 2023",N/A,N/A
telmex,598397.45,MXN,OP-737241,22/07/2019,"November 29, 2022",1226
cemex,9527688.84,EUR,OP-424683,13-Jun-2023,N/A,N/A
PEMEX,4337593.73,MXN,OP-496317,2019-11-07,07-Jun-2020,213
ALSEA,3965244.47,USD,OP-372169,03-Jun-2018,N/A,N/A
alsea,2044936.04,USD,OP-807560,30-Jun-2024,N/A,N/A
grupo méxico,6182061.23,MXN,OP-491636,2020-09-04,N/A,N/A
femsa,7769876.31,EUR,OP-468041,"February 27, 2018",2025-06-05,2655
WALMART DE MÉXICO,1454475.37,EUR,OP-204324,"July 20, 2018",10-Jan-2024,2000
BBVA MÉXICO,7061676.96,USD,OP-345972,"October 24, 2024",N/A,N/A
grupo méxico,3132596.73,EUR,OP-628353,05-Sep-2019,N/A,N/A
BBVA MÉXICO,593909.57,EUR,OP-758528,21/01/2019,N/A,N/A
grupo carso,3701732.04,USD,OP-111531,"April 25, 2019",N/A,N/A
cemex,3132411.51,USD,OP-287714,2021-04-08,15/09/2024,1256
LIVERPOOL,1924627.26,EUR,OP-356618,06/07/2021,N/A,N/A
soriana,4960432.37,MXN,OP-809193,04-Apr-2023,N/A,N/A
telmex,8672254.83,USD,OP-468719,2017-05-17,04-Jun-2022,1844
LIVERPOOL,6242829.19,EUR,OP-848260,11-Nov-2016,"June 27, 2024",2785
CEMEX,1079289.07,USD,OP-444142,"September 09, 2024",N/A,N/A
PEMEX,6429513.98,USD,OP-491093,"October 06, 2022",N/A,N/A
GRUPO BIMBO,770625.9,MXN,OP-208908,16/11/2022,2024-09-20,674
GRUPO MÉXICO,7061837.23,EUR,OP-499702,2022-08-01,08-Sep-2022,38
PEMEX,8890182.35,USD,OP-576679,15-Jan-2017,N/A,N/A
GRUPO BIMBO,8678826.52,MXN,OP-289093,2024-06-16,N/A,N/A
bbva méxico,5015454.43,MXN,OP-955989,2022-08-01,N/A,N/A
grupo carso,1885825.11,MXN,OP-135189,05-Feb-2024,N/A,N/A
banorte,8825386.16,EUR,OP-219146,"March 29, 2021",21-Jan-2024,1028
BBVA MÉXICO,1686167.79,EUR,OP-397202,19-Feb-2025,N/A,N/A
walmart de méxico,6072940.46,USD,OP-263285,22/12/2015,26-Dec-2018,1100
ALSEA,9697071.25,USD,OP-522503,"June 27, 2016","February 23, 2022",2067
SORIANA,9483338.67,MXN,OP-529320,"September 29, 2020",22/07/2021,296
GRUPO BIMBO,9163732.95,USD,OP-935900,26/09/2022,N/A,N/A
banorte,865236.97,USD,OP-343125,04/04/2018,2024-04-20,2208
BBVA MÉXICO,3403971.43,EUR,OP-888926,"January 24, 2024",N/A,N/A
GRUPO BIMBO,7597799.21,MXN,OP-418711,04-Jan-2023,N/A,N/A
GRUPO LALA,8176133.99,USD,OP-527645,09/07/2024,N/A,N/A
banorte,2038036.06,USD,OP-857389,"March 25, 2018",N/A,N/A
GRUPO MÉXICO,8333042.15,USD,OP-129899,04-May-2024,N/A,N/A
grupo lala,4601773.12,EUR,OP-866573,"September 02, 2018",N/A,N/A
GRUPO BIMBO,7728510.85,USD,OP-878268,06-Dec-2018,N/A,N/A
cemex,1974811.75,USD,OP-932395,"October 28, 2021",N/A,N/A
CEMEX,2916697.23,USD,OP-339601,10/01/2024,N/A,N/A
cemex,3054395.39,USD,OP-732996,31/07/2018,N/A,N/A
femsa,3720906.62,USD,OP-958404,"May 23, 2018",27-Dec-2022,1679
GRUPO BIMBO,6173683.61,EUR,OP-794528,24/10/2015,12/05/2019,1503
alsea,5573808.7,MXN,OP-540154,05/12/2019,N/A,N/A
GRUPO LALA,2039652.91,MXN,OP-747090,01/08/2024,N/A,N/A
cemex,5477683.32,EUR,OP-177907,2015-12-21,10-Jun-2024,3094
grupo carso,5695153.97,EUR,OP-136558,09/10/2019,15-Jan-2024,1588
GRUPO CARSO,4143943.54,USD,OP-552287,16-Aug-2022,N/A,N/A
grupo bimbo,7596348.32,USD,OP-173548,09/07/2025,N/A,N/A
telmex,6331546.43,EUR,OP-522211,03/09/2016,2022-11-29,2456
PEMEX,7768999.04,EUR,OP-894450,12-Nov-2017,2022-11-08,1822
soriana,1731712.0,USD,OP-583606,23/03/2025,N/A,N/A
AMÉRICA MÓVIL,287664.21,USD,OP-309103,14/09/2019,"March 28, 2024",1657
LIVERPOOL,4078470.28,MXN,OP-160866,23-Sep-2023,N/A,N/A
SORIANA,4066855.48,EUR,OP-198941,28-Aug-2017,"March 02, 2019",551
BANORTE,675294.16,USD,OP-893797,09/11/2018,27/03/2025,2389
grupo carso,8769982.57,MXN,OP-268431,"June 16, 2025",N/A,N/A
LIVERPOOL,1858851.41,USD,OP-108021,15-Mar-2025,N/A,N/A
telmex,6148679.58,USD,OP-611348,"November 25, 2021",N/A,N/A
telmex,5420848.65,EUR,OP-549687,2023-04-10,N/A,N/A
FEMSA,4698777.56,MXN,OP-735955,2025-06-05,N/A,N/A
grupo carso,1032102.5,USD,OP-125809,"September 13, 2022",N/A,N/A
SORIANA,145998.14,EUR,OP-271019,"July 16, 2020",N/A,N/A
femsa,8673557.38,EUR,OP-720865,23-May-2022,N/A,N/A
GRUPO CARSO,7069485.61,USD,OP-385941,"April 28, 2024",10-Jun-2025,408
GRUPO BIMBO,7190054.65,MXN,OP-603072,04/08/2025,N/A,N/A
ALSEA,4373601.75,EUR,OP-308247,22-Apr-2024,N/A,N/A
grupo carso,3623586.43,MXN,OP-548520,2023-09-30,N/A,N/A
cemex,2047263.34,EUR,OP-525654,"March 09, 2024",2024-12-12,278
GRUPO BIMBO,132514.5,EUR,OP-256713,03-Aug-2025,N/A,N/A
grupo méxico,3735053.86,MXN,OP-637143,"November 02, 2024",N/A,N/A
grupo lala,2758613.29,EUR,OP-953802,25/11/2015,2020-01-13,1510
pemex,2158221.12,EUR,OP-835941,02/11/2017,23/04/2020,1167
TELMEX,6620629.89,EUR,OP-158011,02-Sep-2021,N/A,N/A
BANORTE,4383929.26,MXN,OP-203380,24-Jul-2019,N/A,N/A
FEMSA,8317374.91,MXN,OP-618473,2015-10-11,N/A,N/A
WALMART DE MÉXICO,5127787.64,USD,OP-957408,01-Apr-2022,N/A,N/A
soriana,2751685.44,USD,OP-334849,"January 05, 2021",N/A,N/A
bbva méxico,4053628.64,MXN,OP-139168,06/07/2022,N/A,N/A
AMÉRICA MÓVIL,913737.25,USD,OP-503732,2016-05-31,31-May-2025,3287
CEMEX,5823592.23,MXN,OP-421120,06-Dec-2018,N/A,N/A
femsa,7364982.79,EUR,OP-981537,"December 19, 2016",N/A,N/A
TELMEX,7904407.63,MXN,OP-737790,"July 07, 2022",N/A,N/A
cemex,8426518.42,USD,OP-622520,2024-07-22,"May 13, 2025",295
grupo bimbo,1932759.01,USD,OP-726737,2017-04-06,24-Sep-2017,171
pemex,6426027.46,MXN,OP-260372,19-Nov-2018,N/A,N/A
GRUPO CARSO,1059340.04,USD,OP-741863,24/12/2020,N/A,N/A
GRUPO BIMBO,5458678.6,MXN,OP-810168,2019-03-27,"July 17, 2019",112
TELMEX,4898142.45,EUR,OP-131860,11-Aug-2018,N/A,N/A
FEMSA,4056400.78,USD,OP-988845,"August 10, 2022",N/A,N/A
CEMEX,1652935.91,USD,OP-229279,2024-09-18,N/A,N/A
telmex,5598428.92,EUR,OP-639727,"July 14, 2018",25-Sep-2022,1534
banorte,3323466.35,EUR,OP-923048,"February 15, 2016",12/11/2021,2126
CEMEX,3093626.82,USD,OP-813738,29-Oct-2015,04-Sep-2019,1406
soriana,2515844.48,USD,OP-771439,2017-05-05,2017-06-29,55
grupo lala,5593656.98,MXN,OP-348884,13-Mar-2025,N/A,N/A
GRUPO CARSO,7365809.48,EUR,OP-412210,2015-09-15,02/02/2023,2697
GRUPO CARSO,4978948.64,MXN,OP-660869,"November 16, 2018",21/04/2021,887
AMÉRICA MÓVIL,4618739.13,USD,OP-387015,25-Mar-2020,"August 08, 2021",501
PEMEX,8907793.04,EUR,OP-369870,08/04/2023,N/A,N/A
bbva méxico,8340670.41,USD,OP-677810,14/03/2017,N/A,N/A
FEMSA,5766082.94,MXN,OP-537959,12-Dec-2015,11-Mar-2017,455
TELMEX,8438861.47,EUR,OP-228409,27/03/2022,N/A,N/A
grupo carso,4221893.11,USD,OP-267213,2024-05-03,N/A,N/A
BANORTE,6744016.94,EUR,OP-915881,03-Apr-2022,04/03/2022,0
grupo méxico,5319349.75,EUR,OP-847788,2023-07-24,N/A,N/A
bbva méxico,5950679.93,USD,OP-836430,23/03/2024,N/A,N/A
cemex,8183085.97,USD,OP-470725,"February 23, 2022",N/A,N/A
alsea,1307792.93,EUR,OP-217562,"April 12, 2024",N/A,N/A
banorte,9421206.55,MXN,OP-317717,2015-12-07,07/03/2023,2765
américa móvil,4669462.15,MXN,OP-655116,"October 23, 2022",N/A,N/A
ALSEA,3135887.6,MXN,OP-666168,2023-05-15,N/A,N/A
liverpool,3118078.5,MXN,OP-183423,25/02/2023,N/A,N/A
CEMEX,1525853.99,USD,OP-810344,14/08/2024,N/A,N/A
SORIANA,630902.83,MXN,OP-961130,09-Oct-2016,N/A,N/A
liverpool,2120709.31,EUR,OP-278084,2020-04-15,2025-01-01,1722
américa móvil,9452240.44,MXN,OP-406297,02-May-2019,30-May-2023,1489
PEMEX,1890833.71,MXN,OP-230699,2016-02-07,16-Jul-2018,890
BBVA MÉXICO,2240809.62,EUR,OP-472510,"January 28, 2016",11/03/2018,1010
GRUPO LALA,2657922.95,MXN,OP-169713,05-Dec-2024,N/A,N/A
LIVERPOOL,8398815.1,MXN,OP-495842,2021-11-06,N/A,N/A
walmart de méxico,7824087.52,EUR,OP-585088,2021-11-23,N/A,N/A
LIVERPOOL,2556030.29,USD,OP-989808,"December 31, 2018",2020-03-13,438
ALSEA,396748.75,MXN,OP-292164,"November 13, 2020",2021-12-06,388
SORIANA,6002637.7,USD,OP-368678,04/06/2019,2024-05-01,1852
ALSEA,3563699.41,USD,OP-890557,18/05/2020,N/A,N/A
GRUPO BIMBO,1490112.42,MXN,OP-675740,2022-02-12,N/A,N/A
GRUPO CARSO,5125895.67,MXN,OP-813287,"November 11, 2022",N/A,N/A
SORIANA,2838874.11,EUR,OP-890930,01-Dec-2015,11-Aug-2025,3541
soriana,1269009.76,USD,OP-282556,10/11/2018,03-Jun-2025,2427
GRUPO BIMBO,9867356.33,EUR,OP-140995,"November 26, 2024",N/A,N/A
alsea,5798319.01,USD,OP-212818,24/09/2022,"November 28, 2024",796
cemex,866685.27,MXN,OP-539415,29/01/2018,2024-02-26,2219
TELMEX,3923150.34,MXN,OP-362172,2017-06-14,"July 03, 2021",1480
ALSEA,761752.62,EUR,OP-715923,2015-12-03,2021-06-11,2017
GRUPO MÉXICO,5404908.13,EUR,OP-788067,29-Nov-2018,N/A,N/A
BANORTE,6313732.91,MXN,OP-810709,20/10/2017,N/A,N/A
TELMEX,918613.28,USD,OP-665390,19/01/2020,2021-12-24,705
grupo méxico,1842461.86,MXN,OP-796809,2016-11-19,2017-11-07,353
GRUPO CARSO,5946023.9,USD,OP-696023,27/07/2018,N/A,N/A
soriana,2261589.88,USD,OP-466658,19/11/2024,N/A,N/A
bbva méxico,7054988.5,MXN,OP-189446,30/10/2021,N/A,N/A
walmart de méxico,7678739.23,MXN,OP-863616,2023-05-07,N/A,N/A
GRUPO BIMBO,4282550.5,MXN,OP-906623,2023-07-14,N/A,N/A
soriana,2180323.14,EUR,OP-957752,"June 27, 2018","October 25, 2024",2312
walmart de méxico,3629079.15,USD,OP-328189,08/08/2018,N/A,N/A
GRUPO LALA,8827180.66,EUR,OP-112138,2023-04-26,N/A,N/A
GRUPO LALA,292245.72,MXN,OP-585154,05/10/2024,N/A,N/A
alsea,1873182.99,USD,OP-672888,2025-03-15,N/A,N/A
AMÉRICA MÓVIL,5113041.39,USD,OP-978139,29/03/2020,N/A,N/A
SORIANA,4425822.35,MXN,OP-761946,2022-06-27,09/08/2025,1169
LIVERPOOL,7891321.28,USD,OP-935140,2020-10-31,N/A,N/A
TELMEX,4443643.55,USD,OP-836470,30-Aug-2021,N/A,N/A
grupo carso,8611595.37,MXN,OP-746149,07-Jun-2017,17-Jun-2023,2201
GRUPO MÉXICO,1751006.83,EUR,OP-801180,11-Jul-2017,N/A,N/A
alsea,1319362.62,USD,OP-440992,2019-10-09,N/A,N/A
soriana,8459455.92,USD,OP-518925,08-Aug-2024,N/A,N/A
liverpool,5246491.58,USD,OP-500990,22-Sep-2015,04-Aug-2023,2873
pemex,4287125.39,MXN,OP-337653,"February 17, 2024",N/A,N/A
grupo lala,3284987.3,EUR,OP-619478,30/12/2024,N/A,N/A
FEMSA,4896753.59,MXN,OP-768456,"February 22, 2018",2024-09-03,2385
alsea,8731134.54,EUR,OP-589831,"May 14, 2018","May 03, 2021",1085
grupo bimbo,4690136.42,EUR,OP-537936,2023-01-21,N/A,N/A
walmart de méxico,3936005.17,MXN,OP-525945,17-Nov-2018,N/A,N/A
GRUPO LALA,6053558.42,MXN,OP-490084,12/04/2021,N/A,N/A
grupo méxico,4383163.68,EUR,OP-802748,07/12/2021,30/04/2024,1023
telmex,429619.19,EUR,OP-193248,11/11/2016,2025-08-18,3202
grupo méxico,4150741.35,USD,OP-658628,"August 22, 2017","April 09, 2023",2056
grupo carso,9767112.83,MXN,OP-440423,2021-05-13,N/A,N/A
banorte,1208773.25,EUR,OP-542158,02-Nov-2019,N/A,N/A
TELMEX,8377137.27,USD,OP-874632,"March 30, 2025",N/A,N/A
SORIANA,373514.78,EUR,OP-724379,2016-09-14,N/A,N/A
grupo lala,3178988.81,EUR,OP-145612,"September 26, 2020",N/A,N/A
FEMSA,8938832.8,USD,OP-562739,14-Sep-2020,08-Dec-2022,815
cemex,4053538.17,MXN,OP-254073,2023-12-30,N/A,N/A
grupo lala,5046098.87,USD,OP-687714,2020-03-20,N/A,N/A
grupo lala,1653303.38,USD,OP-637863,27/01/2022,N/A,N/A
BANORTE,2021157.71,MXN,OP-538505,22/01/2019,N/A,N/A
LIVERPOOL,7098625.54,USD,OP-808367,08-Oct-2015,2017-09-13,706
grupo lala,3279744.22,USD,OP-766715,13/01/2018,N/A,N/A
liverpool,9660905.81,EUR,OP-661044,02-Apr-2018,2021-08-28,1244
BANORTE,3145852.39,MXN,OP-850497,"October 16, 2018",N/A,N/A
GRUPO CARSO,6772347.46,USD,OP-916116,30-Mar-2023,N/A,N/A
LIVERPOOL,2099146.15,EUR,OP-722996,24-Sep-2019,2021-09-02,709
GRUPO MÉXICO,1007153.99,MXN,OP-837464,31/03/2017,2019-12-17,991
banorte,3151176.88,MXN,OP-641852,16/09/2015,15-Jul-2016,303
FEMSA,4425931.66,MXN,OP-586747,14/06/2016,N/A,N/A
grupo bimbo,2139089.04,MXN,OP-898508,18/07/2024,N/A,N/A
grupo méxico,6232514.24,MXN,OP-130917,12/05/2016,N/A,N/A
bbva méxico,3043992.75,EUR,OP-161060,2018-04-23,2020-11-08,930
américa móvil,6009729.57,MXN,OP-188092,2025-03-23,N/A,N/A
alsea,3214629.27,MXN,OP-905648,16/02/2025,N/A,N/A
TELMEX,125650.96,MXN,OP-450728,"November 11, 2021",N/A,N/A
américa móvil,3839731.82,EUR,OP-139192,2016-05-19,26-Oct-2020,1621
banorte,7371306.22,EUR,OP-910595,04/12/2021,N/A,N/A
FEMSA,5503668.79,EUR,OP-444248,13-Mar-2019,2019-12-23,285
alsea,9053679.08,MXN,OP-279157,07-Jun-2022,N/A,N/A
AMÉRICA MÓVIL,3366654.24,USD,OP-376806,06-May-2018,13/11/2024,2383
GRUPO CARSO,5003894.25,USD,OP-393579,2021-08-01,15/03/2025,1322
GRUPO CARSO,525020.62,EUR,OP-606486,09-Jun-2017,N/A,N/A
femsa,5582951.51,USD,OP-330688,"June 27, 2022",N/A,N/A
grupo méxico,1448433.78,USD,OP-475972,08-Jul-2023,N/A,N/A
liverpool,1557775.72,EUR,OP-535664,"November 15, 2021",N/A,N/A
grupo lala,4125335.23,USD,OP-731166,"October 07, 2022",N/A,N/A
CEMEX,6370262.74,EUR,OP-837501,"June 16, 2017","May 13, 2023",2157
BANORTE,9277087.03,MXN,OP-924884,26/09/2019,N/A,N/A
telmex,9669489.98,MXN,OP-778596,18-Mar-2023,N/A,N/A
grupo bimbo,7817846.23,MXN,OP-129788,2021-03-21,"January 17, 2025",1398
SORIANA,5222058.29,MXN,OP-168163,"February 26, 2025",N/A,N/A
cemex,9918449.4,MXN,OP-571438,"December 10, 2022",17/06/2024,555
bbva méxico,3305357.29,USD,OP-661422,14-Sep-2024,N/A,N/A
walmart de méxico,7938260.65,EUR,OP-106420,2021-03-29,N/A,N/A
TELMEX,7862139.74,USD,OP-563205,10-Jan-2018,10/03/2018,266
grupo méxico,4367542.48,USD,OP-464758,13/03/2024,2025-01-02,295
grupo carso,4618337.06,EUR,OP-846729,"January 04, 2024",N/A,N/A
liverpool,8138801.9,EUR,OP-856696,26/06/2020,02-Jun-2025,1802
PEMEX,1932575.92,EUR,OP-348629,"April 08, 2024",18/09/2024,163
SORIANA,2387072.82,MXN,OP-459399,"December 15, 2020",N/A,N/A
AMÉRICA MÓVIL,4544086.63,USD,OP-901382,04-Nov-2019,N/A,N/A
liverpool,3708910.85,EUR,OP-398455,"September 15, 2019",29-Feb-2020,167
FEMSA,3862032.59,EUR,OP-984275,13-Dec-2021,N/A,N/A
grupo bimbo,8084536.9,EUR,OP-567749,29-Nov-2015,08/09/2018,984
soriana,1497530.18,EUR,OP-116798,"January 23, 2020",26/06/2021,520
ALSEA,6860107.63,MXN,OP-857226,09-Dec-2016,N/A,N/A
PEMEX,9892894.12,MXN,OP-323926,"March 09, 2023",N/A,N/A
BBVA MÉXICO,450491.03,USD,OP-553811,2020-09-28,N/A,N/A
américa móvil,7128229.76,EUR,OP-644163,08-Apr-2017,"October 18, 2024",2750
alsea,4765181.59,USD,OP-673532,2024-08-18,N/A,N/A
PEMEX,3100275.64,USD,OP-280758,18-Mar-2021,2024-09-27,1289
pemex,2029581.7,EUR,OP-904896,2024-08-08,N/A,N/A
GRUPO MÉXICO,451839.48,EUR,OP-938988,16/06/2019,"April 12, 2024",1762
GRUPO LALA,6442265.5,USD,OP-292108,"February 25, 2024",N/A,N/A
walmart de méxico,3988710.47,EUR,OP-524071,23-Nov-2020,N/A,N/A
liverpool,3604242.07,USD,OP-885410,"January 25, 2021",2023-08-16,933
GRUPO CARSO,8995472.4,MXN,OP-367060,07/06/2022,N/A,N/A
grupo lala,4564088.52,USD,OP-886504,13-Nov-2018,N/A,N/A
GRUPO BIMBO,2988763.22,USD,OP-186040,"March 18, 2022",N/A,N/A
grupo carso,8110443.82,EUR,OP-479053,2025-01-25,N/A,N/A
liverpool,3473326.09,USD,OP-929256,2016-05-14,N/A,N/A
cemex,2259135.56,USD,OP-106280,17/10/2019,N/A,N/A
cemex,6232264.85,EUR,OP-497290,2018-07-03,N/A,N/A
WALMART DE MÉXICO,7816856.44,EUR,OP-303707,2021-08-19,N/A,N/A
AMÉRICA MÓVIL,7837937.52,EUR,OP-177014,28-Feb-2022,N/A,N/A
femsa,1742467.71,USD,OP-673611,2020-11-06,"July 20, 2022",621
GRUPO CARSO,3541776.93,MXN,OP-506454,"October 02, 2024",N/A,N/A
BANORTE,3216121.32,EUR,OP-561465,14-Apr-2017,N/A,N/A
ALSEA,4563169.07,MXN,OP-539976,07-Mar-2018,N/A,N/A
BANORTE,929974.02,USD,OP-731364,2021-08-24,N/A,N/A
grupo carso,9945680.81,EUR,OP-283012,"March 07, 2019",2019-03-26,19
grupo méxico,4878065.49,MXN,OP-194939,26-Sep-2015,2023-10-27,2953
liverpool,7008220.49,USD,OP-405304,"April 04, 2025",N/A,N/A
américa móvil,4682647.21,USD,OP-411461,19/06/2018,N/A,N/A
PEMEX,7574145.69,MXN,OP-440924,2019-08-14,"April 19, 2020",249
GRUPO MÉXICO,5972088.73,MXN,OP-107989,2016-05-06,15-Sep-2016,132
GRUPO CARSO,1961631.01,EUR,OP-632361,29-Aug-2015,N/A,N/A
BBVA MÉXICO,7327689.48,USD,OP-655051,2020-05-06,N/A,N/A
alsea,7281946.52,USD,OP-988534,2024-07-28,N/A,N/A
américa móvil,8417877.18,EUR,OP-486178,2019-02-05,2020-02-06,366
soriana,5909904.75,MXN,OP-856099,2017-02-07,"January 15, 2018",342
GRUPO MÉXICO,5819142.93,EUR,OP-828849,29/12/2024,"June 10, 2025",163
grupo méxico,8444782.53,EUR,OP-279402,21/09/2019,"December 10, 2019",80
FEMSA,6928749.69,MXN,OP-207086,2019-11-04,N/A,N/A
AMÉRICA MÓVIL,203730.12,USD,OP-947313,28-Oct-2017,2019-12-24,787
SORIANA,1181542.15,EUR,OP-709198,"June 06, 2019",N/A,N/A
GRUPO CARSO,6228084.91,USD,OP-585292,27/07/2025,N/A,N/A
AMÉRICA MÓVIL,9668680.24,USD,OP-730035,"February 17, 2019",01-Oct-2022,1322
grupo lala,1665377.61,USD,OP-222089,2016-03-20,23-Sep-2022,2378
grupo carso,7048400.39,USD,OP-291611,08/03/2025,2025-08-18,15
GRUPO CARSO,3740324.38,USD,OP-744372,"March 01, 2020",N/A,N/A
telmex,1005995.62,MXN,OP-156326,13-Sep-2021,N/A,N/A
CEMEX,829607.15,USD,OP-735862,12-Jan-2017,N/A,N/A
AMÉRICA MÓVIL,1864747.86,MXN,OP-651370,11-Apr-2017,15-May-2018,399
WALMART DE MÉXICO,1433153.73,EUR,OP-287476,10-Jun-2020,06/03/2021,358
GRUPO MÉXICO,3647740.51,MXN,OP-290088,"March 10, 2019",N/A,N/A
GRUPO MÉXICO,2094511.82,MXN,OP-614429,23/07/2018,18/08/2021,1122
grupo lala,9034726.02,MXN,OP-690558,07-Nov-2019,N/A,N/A
grupo lala,5589213.01,EUR,OP-672210,"July 22, 2016",2025-05-06,3210
walmart de méxico,716415.34,USD,OP-375207,"January 10, 2025",N/A,N/A
GRUPO MÉXICO,7125744.24,USD,OP-507155,22-Apr-2022,N/A,N/A
walmart de méxico,1212300.45,MXN,OP-372468,"September 13, 2016","January 11, 2023",2311
CEMEX,9597449.3,USD,OP-792870,"May 02, 2021","February 12, 2025",1382
grupo bimbo,6944396.6,USD,OP-901215,2021-11-21,N/A,N/A
PEMEX,3556544.65,USD,OP-226466,"September 12, 2019",2025-03-19,2015
TELMEX,324289.46,USD,OP-318739,08-Aug-2022,N/A,N/A
grupo bimbo,4613388.76,USD,OP-746517,18-Aug-2016,N/A,N/A
walmart de méxico,972695.07,MXN,OP-989592,18-Aug-2022,28/06/2025,1045
GRUPO BIMBO,3368404.75,EUR,OP-943117,2018-03-20,N/A,N/A
bbva méxico,8914066.95,EUR,OP-434356,"October 08, 2018",N/A,N/A
ALSEA,4402101.4,EUR,OP-202830,"February 06, 2017",N/A,N/A
LIVERPOOL,4498961.03,USD,OP-625178,2016-08-09,N/A,N/A
soriana,9312591.26,MXN,OP-257974,07/08/2018,2022-03-07,1338
grupo bimbo,2028640.25,MXN,OP-209507,2025-06-06,N/A,N/A
PEMEX,3507759.38,EUR,OP-753916,"August 07, 2021",2021-12-24,139
WALMART DE MÉXICO,5143683.36,USD,OP-295334,01-Jul-2016,27-Aug-2024,2979
GRUPO LALA,9678167.16,MXN,OP-272139,2016-06-07,08-Nov-2021,1980
telmex,4581141.73,USD,OP-778313,"April 13, 2023",N/A,N/A
grupo bimbo,5525945.24,MXN,OP-393363,31-Oct-2015,"October 14, 2023",2905
LIVERPOOL,2844903.75,EUR,OP-278154,2023-05-13,N/A,N/A
PEMEX,456958.51,MXN,OP-661298,2017-01-16,N/A,N/A
soriana,302640.78,EUR,OP-583887,2021-08-30,N/A,N/A
grupo lala,1337480.3,MXN,OP-830638,2019-06-25,N/A,N/A
CEMEX,3936413.47,MXN,OP-413763,18-Jul-2022,N/A,N/A
américa móvil,7704834.63,EUR,OP-849720,"April 06, 2019",11-Aug-2024,1954
BANORTE,8867870.78,EUR,OP-176673,2017-06-27,N/A,N/A
soriana,5103167.45,EUR,OP-291627,01/04/2016,N/A,N/A
TELMEX,8875534.13,EUR,OP-836030,19-Mar-2019,N/A,N/A
FEMSA,815141.57,USD,OP-611218,20-May-2022,N/A,N/A
FEMSA,9351961.49,MXN,OP-312635,2025-06-14,N/A,N/A
bbva méxico,1481709.11,EUR,OP-757311,18-Jun-2017,N/A,N/A
AMÉRICA MÓVIL,2772918.98,MXN,OP-683571,29-Jan-2018,N/A,N/A
femsa,8180609.49,EUR,OP-670522,"July 17, 2022",N/A,N/A
GRUPO MÉXICO,5805412.97,EUR,OP-213087,17-Sep-2021,"February 06, 2022",142
alsea,5363287.29,EUR,OP-365089,2017-02-03,"January 24, 2025",2912
ALSEA,6605130.37,MXN,OP-817004,24-Jan-2020,"April 30, 2022",827
GRUPO MÉXICO,3879587.04,EUR,OP-692515,2019-06-12,"August 26, 2020",441
grupo lala,8226419.11,USD,OP-260366,"June 22, 2016",N/A,N/A
bbva méxico,3512009.66,USD,OP-424368,20/06/2017,N/A,N/A
GRUPO BIMBO,5386469.41,MXN,OP-407666,2023-05-06,N/A,N/A
PEMEX,2594511.91,EUR,OP-222527,"July 07, 2023",N/A,N/A
GRUPO MÉXICO,2574878.59,USD,OP-937684,2021-06-04,N/A,N/A
LIVERPOOL,7704065.99,MXN,OP-418876,"January 21, 2025",N/A,N/A
soriana,4223932.1,USD,OP-939758,2018-02-16,N/A,N/A
liverpool,3633643.82,MXN,OP-356891,19-Dec-2015,04/05/2017,473
BBVA MÉXICO,9984714.79,EUR,OP-279687,17/03/2019,29-Jul-2020,500
BANORTE,4339843.47,USD,OP-173546,"January 13, 2018",2023-05-31,1964
GRUPO CARSO,6720654.41,EUR,OP-816751,"September 02, 2019",N/A,N/A
CEMEX,8791502.28,EUR,OP-450575,13/07/2025,N/A,N/A
soriana,4664228.56,EUR,OP-280714,04/09/2024,N/A,N/A
pemex,1068933.04,EUR,OP-976309,02/12/2018,"November 23, 2021",1380
cemex,584020.72,USD,OP-525902,28-Jul-2018,03-May-2025,2471
TELMEX,2660773.1,MXN,OP-970940,21/09/2020,N/A,N/A
BBVA MÉXICO,5519087.31,USD,OP-317369,05-Dec-2018,24/03/2022,1205
alsea,8718383.97,USD,OP-151340,04-Nov-2024,N/A,N/A
pemex,1324337.07,USD,OP-173166,22-Aug-2023,N/A,N/A
grupo carso,9434520.16,EUR,OP-539471,20-Dec-2019,N/A,N/A
soriana,6362069.83,EUR,OP-191257,13/07/2018,30-Apr-2024,2118
grupo méxico,6414871.9,USD,OP-674046,2024-01-23,N/A,N/A
GRUPO CARSO,2815510.97,EUR,OP-783349,"November 25, 2020",2022-03-10,470
telmex,1037013.24,EUR,OP-585061,06-Jun-2023,N/A,N/A
telmex,5395621.79,EUR,OP-757422,2022-07-14,N/A,N/A
walmart de méxico,1726456.16,MXN,OP-482913,2023-02-06,N/A,N/A
pemex,9222293.46,EUR,OP-812136,15/02/2017,20-Apr-2020,1160
liverpool,7666628.09,EUR,OP-617346,2025-04-08,N/A,N/A
GRUPO BIMBO,9674036.71,MXN,OP-157267,2019-09-25,N/A,N/A
grupo lala,2512343.0,EUR,OP-152504,"May 09, 2020",N/A,N/A
grupo lala,2454630.35,EUR,OP-219482,2019-06-15,31/05/2024,1812
alsea,4279033.95,MXN,OP-454703,"March 05, 2016",N/A,N/A
AMÉRICA MÓVIL,2039904.67,EUR,OP-350020,22/03/2019,N/A,N/A
BANORTE,3870300.09,MXN,OP-151216,16-Jul-2019,N/A,N/A
FEMSA,8603090.39,MXN,OP-583782,2025-04-11,N/A,N/A
alsea,1450282.77,MXN,OP-397194,2019-01-10,29/05/2025,2331
AMÉRICA MÓVIL,8510547.19,EUR,OP-518429,2019-10-20,N/A,N/A
bbva méxico,3697405.59,MXN,OP-623143,"October 29, 2024",N/A,N/A
GRUPO MÉXICO,5182872.73,MXN,OP-879642,"September 15, 2023",N/A,N/A
LIVERPOOL,9249970.51,USD,OP-234505,2024-06-29,N/A,N/A
GRUPO BIMBO,8312249.04,MXN,OP-985794,2018-08-24,N/A,N/A
femsa,784800.5,EUR,OP-707602,"April 16, 2025",N/A,N/A
liverpool,7651332.06,MXN,OP-748521,24/12/2022,2025-03-30,827
banorte,269967.53,MXN,OP-124437,2022-08-14,N/A,N/A
liverpool,8225914.29,USD,OP-641790,"March 11, 2019",N/A,N/A
telmex,917624.92,EUR,OP-774796,2022-10-11,2023-07-01,263
grupo bimbo,9296866.25,USD,OP-159967,2020-11-23,N/A,N/A
GRUPO BIMBO,2299135.38,EUR,OP-661442,"July 14, 2016","December 25, 2016",164
PEMEX,6381827.25,USD,OP-344433,2018-12-20,N/A,N/A
BBVA MÉXICO,2458157.83,EUR,OP-685796,2024-03-28,N/A,N/A
liverpool,1115385.42,USD,OP-376701,"October 01, 2019",27/04/2023,1304
grupo lala,3685898.85,USD,OP-769612,25/11/2024,N/A,N/A
liverpool,4091256.98,MXN,OP-326936,"October 01, 2024",N/A,N/A
GRUPO CARSO,1100752.01,USD,OP-872033,10/09/2019,04-Apr-2021,543
GRUPO CARSO,3412336.61,EUR,OP-114459,01/06/2018,N/A,N/A
CEMEX,4325971.28,MXN,OP-201245,2023-09-27,N/A,N/A
soriana,1423303.0,EUR,OP-558872,"November 10, 2019",06-Sep-2021,666
grupo bimbo,2480871.95,USD,OP-851293,25/12/2018,22-Oct-2021,1032
ALSEA,8076791.66,MXN,OP-698204,30/10/2016,N/A,N/A
PEMEX,7812160.46,USD,OP-550526,2016-03-09,"June 02, 2025",3372
AMÉRICA MÓVIL,9250877.38,MXN,OP-412979,2016-11-04,01/05/2017,62
SORIANA,6707185.75,EUR,OP-499781,21/12/2024,N/A,N/A
telmex,2299470.33,EUR,OP-920595,25-Apr-2019,26/05/2020,397
CEMEX,2626105.86,MXN,OP-687825,2021-06-30,N/A,N/A
GRUPO MÉXICO,9234358.07,EUR,OP-890693,21-Oct-2018,N/A,N/A
FEMSA,1614816.36,EUR,OP-275286,2024-10-16,N/A,N/A
PEMEX,1962299.08,MXN,OP-212129,2018-03-13,06/07/2024,2278
FEMSA,748829.12,MXN,OP-294978,2022-02-24,"June 20, 2023",481
soriana,5735469.47,MXN,OP-137633,"July 06, 2019",N/A,N/A
femsa,1326219.96,MXN,OP-312167,2019-10-09,N/A,N/A
walmart de méxico,4697463.84,MXN,OP-740789,2020-04-10,N/A,N/A
grupo lala,3135790.82,MXN,OP-451520,01/08/2017,N/A,N/A
liverpool,800067.93,EUR,OP-851907,02-Jan-2018,N/A,N/A
LIVERPOOL,2989821.62,EUR,OP-764034,30/07/2023,N/A,N/A
CEMEX,5125016.5,MXN,OP-924040,"June 05, 2018",N/A,N/A
grupo bimbo,1637885.63,EUR,OP-670950,04-Apr-2021,27-Feb-2025,1425
alsea,627845.96,USD,OP-282016,13/04/2019,2022-03-14,1066
WALMART DE MÉXICO,3332327.66,MXN,OP-330027,03/08/2020,"April 27, 2025",1876
CEMEX,7128916.1,USD,OP-272809,2022-07-24,07-Jun-2025,1049
walmart de méxico,6157046.22,EUR,OP-732650,16/09/2019,N/A,N/A
CEMEX,8295251.39,EUR,OP-360721,09/08/2022,N/A,N/A
telmex,9628335.5,EUR,OP-340964,06/06/2017,N/A,N/A
grupo bimbo,1005271.91,MXN,OP-582465,29-Aug-2019,06/09/2022,1015
américa móvil,5708960.46,MXN,OP-874702,11/10/2021,N/A,N/A
BBVA MÉXICO,2177326.36,USD,OP-287873,20/05/2019,04-Sep-2023,1568
LIVERPOOL,2608492.47,USD,OP-736955,02/11/2015,"October 26, 2024",3545
soriana,2025462.91,USD,OP-318856,2025-08-22,N/A,N/A
GRUPO MÉXICO,7224715.69,MXN,OP-375374,"February 20, 2024",N/A,N/A
femsa,4367214.59,MXN,OP-314398,21/09/2019,N/A,N/A
telmex,1970054.08,USD,OP-733091,21/06/2021,N/A,N/A
banorte,3754790.96,USD,OP-883356,2024-10-21,N/A,N/A
LIVERPOOL,3388545.73,USD,OP-488350,12/03/2016,19-Apr-2019,867
LIVERPOOL,6889335.19,MXN,OP-289277,21-Oct-2020,"July 07, 2025",1720
LIVERPOOL,8369497.83,USD,OP-762512,26/01/2023,N/A,N/A
walmart de méxico,2803720.91,EUR,OP-389441,2016-07-14,30-Nov-2020,1600
grupo méxico,8554470.62,EUR,OP-661534,16/07/2018,13/06/2019,332
grupo méxico,765135.16,EUR,OP-443431,17-May-2016,2024-06-13,2949
grupo lala,4334071.23,MXN,OP-404524,"October 22, 2023",2024-02-07,108
alsea,6296702.11,USD,OP-577044,2018-10-10,N/A,N/A
GRUPO LALA,6612850.56,EUR,OP-128189,2023-04-06,N/A,N/A
GRUPO BIMBO,9119630.22,EUR,OP-428833,16/07/2022,N/A,N/A
AMÉRICA MÓVIL,8985802.08,EUR,OP-961555,10-Jul-2020,14-Nov-2022,857
AMÉRICA MÓVIL,3346026.8,MXN,OP-594454,"August 05, 2017","September 21, 2022",1873
GRUPO BIMBO,1835442.24,USD,OP-142674,2019-07-01,N/A,N/A
telmex,594622.03,MXN,OP-562239,2022-09-30,N/A,N/A
GRUPO BIMBO,5684388.01,EUR,OP-871153,2022-03-21,N/A,N/A
banorte,2747809.57,MXN,OP-272205,03-Oct-2016,N/A,N/A
walmart de méxico,4973377.2,EUR,OP-976104,"January 12, 2020",N/A,N/A
liverpool,4456152.9,EUR,OP-190761,15/07/2024,N/A,N/A
GRUPO LALA,4852315.81,EUR,OP-964804,08-Oct-2015,2017-03-18,527
grupo carso,7378436.3,USD,OP-611082,13-Aug-2025,N/A,N/A
PEMEX,8541786.46,MXN,OP-231242,2021-01-16,"April 11, 2021",85
telmex,6439062.59,MXN,OP-162174,15-Mar-2024,N/A,N/A
pemex,8125370.76,USD,OP-857399,"January 14, 2022","July 02, 2023",534
LIVERPOOL,6406354.24,USD,OP-350809,30-Jul-2017,"January 02, 2018",156
AMÉRICA MÓVIL,7632520.36,MXN,OP-349394,13-Oct-2022,06/04/2025,965
AMÉRICA MÓVIL,4829500.01,MXN,OP-119069,"July 07, 2023",N/A,N/A
LIVERPOOL,1284411.68,MXN,OP-361488,12/02/2024,N/A,N/A
liverpool,8074199.42,MXN,OP-503348,21/02/2017,N/A,N/A
FEMSA,9281543.3,USD,OP-599697,"October 16, 2022",N/A,N/A
grupo bimbo,2224680.66,USD,OP-549136,"July 05, 2025",N/A,N/A
TELMEX,4023059.41,USD,OP-633399,"January 31, 2021",N/A,N/A
FEMSA,7849086.45,USD,OP-577022,01/01/2024,N/A,N/A
PEMEX,8573530.81,EUR,OP-234299,2020-07-26,N/A,N/A
BANORTE,4397715.87,EUR,OP-134358,"July 13, 2021",N/A,N/A
femsa,689568.11,USD,OP-925146,2018-04-06,N/A,N/A
femsa,6219224.21,EUR,OP-781973,18/05/2023,N/A,N/A
grupo méxico,1705874.07,EUR,OP-278899,2018-04-08,N/A,N/A
liverpool,8910104.52,EUR,OP-677529,19/04/2017,08/10/2022,1939
grupo carso,3502315.59,USD,OP-204219,"December 23, 2021",N/A,N/A
BBVA MÉXICO,3047027.34,EUR,OP-840465,10-Aug-2017,N/A,N/A
GRUPO CARSO,2472142.17,USD,OP-108384,22-Feb-2020,N/A,N/A
pemex,9426273.95,USD,OP-934549,17-Mar-2016,N/A,N/A
PEMEX,8633890.92,USD,OP-283899,"May 10, 2019",03-Jul-2021,785
ALSEA,6337672.61,USD,OP-590317,21-Sep-2021,N/A,N/A
walmart de méxico,4760549.51,USD,OP-162164,"June 28, 2018",N/A,N/A
BBVA MÉXICO,1300682.85,MXN,OP-237347,13-Jun-2021,N/A,N/A
SORIANA,4194908.32,EUR,OP-781987,"October 22, 2015",N/A,N/A
BANORTE,9651544.64,MXN,OP-540950,03-May-2018,13-Sep-2022,1594
cemex,5209943.81,MXN,OP-129695,06-Apr-2022,N/A,N/A
cemex,6605392.35,EUR,OP-650498,04-Dec-2024,N/A,N/A
LIVERPOOL,8702844.34,USD,OP-786900,25-Mar-2018,2022-07-02,1560
PEMEX,465688.4,MXN,OP-374221,29/03/2020,N/A,N/A
WALMART DE MÉXICO,9085369.25,EUR,OP-897918,2024-01-07,N/A,N/A
AMÉRICA MÓVIL,2206977.76,USD,OP-789229,21/07/2017,22-Feb-2023,2042
AMÉRICA MÓVIL,7579166.99,EUR,OP-640926,"April 23, 2016",22/05/2019,1124
AMÉRICA MÓVIL,1101066.0,MXN,OP-846381,"December 15, 2022",N/A,N/A
SORIANA,496833.91,EUR,OP-844303,2025-01-21,N/A,N/A
WALMART DE MÉXICO,3938525.08,USD,OP-633175,08-Feb-2017,N/A,N/A
liverpool,8645479.78,MXN,OP-238325,29-Jan-2022,N/A,N/A
banorte,9245422.96,USD,OP-306044,18/10/2023,N/A,N/A
GRUPO LALA,1818930.91,EUR,OP-554573,13/05/2017,N/A,N/A
GRUPO BIMBO,6700818.35,USD,OP-506281,"April 22, 2018",N/A,N/A
walmart de méxico,4613028.48,EUR,OP-744563,10-Oct-2020,N/A,N/A
WALMART DE MÉXICO,7654537.67,EUR,OP-330253,2022-06-20,N/A,N/A
pemex,1638403.12,EUR,OP-836663,"February 11, 2023",N/A,N/A
GRUPO CARSO,7139878.21,USD,OP-448554,"May 26, 2016","December 16, 2023",2760
soriana,5692929.44,USD,OP-305143,2015-09-06,"August 29, 2016",358
walmart de méxico,3388798.39,EUR,OP-229443,"April 11, 2021",N/A,N/A
GRUPO CARSO,174680.34,EUR,OP-673189,"March 25, 2016","August 12, 2017",505
WALMART DE MÉXICO,4693054.98,USD,OP-414661,2021-04-30,17/02/2025,1389
liverpool,2564815.01,MXN,OP-192788,2017-02-10,2023-04-26,2266
CEMEX,2646898.81,USD,OP-926333,2016-03-10,12-Apr-2022,2224
soriana,3541003.32,EUR,OP-150263,07/08/2024,N/A,N/A
TELMEX,3674874.05,USD,OP-935163,"September 16, 2017","January 01, 2019",472
WALMART DE MÉXICO,6621690.19,EUR,OP-990756,2023-08-09,N/A,N/A
grupo méxico,8302533.8,MXN,OP-941989,19-Apr-2019,N/A,N/A
pemex,6889297.64,EUR,OP-822810,09/10/2018,04-Apr-2021,937
liverpool,9071186.89,USD,OP-980059,13-Nov-2021,2022-01-14,62
walmart de méxico,4292082.43,MXN,OP-971721,30-Aug-2023,N/A,N/A
cemex,2517066.49,MXN,OP-214649,31/07/2020,N/A,N/A
grupo bimbo,4174090.72,EUR,OP-885942,"October 24, 2022",N/A,N/A
soriana,9399261.2,USD,OP-784587,2025-06-01,N/A,N/A
bbva méxico,4136892.38,EUR,OP-148214,08/11/2022,06-Nov-2023,452
BANORTE,1645870.75,EUR,OP-116851,2021-10-24,N/A,N/A
BANORTE,3967543.8,USD,OP-948848,07-Apr-2025,N/A,N/A
FEMSA,9832707.0,USD,OP-298096,2023-06-01,N/A,N/A
cemex,9531108.43,EUR,OP-979069,2018-07-01,N/A,N/A
pemex,8853321.1,EUR,OP-733474,"June 10, 2016",2023-07-29,2605
grupo lala,7179038.98,MXN,OP-991243,26-Jul-2017,11/07/2018,469
telmex,9254634.84,EUR,OP-585398,2021-10-20,2023-07-26,644
liverpool,5256240.14,EUR,OP-855731,2019-01-27,N/A,N/A
BBVA MÉXICO,323807.99,EUR,OP-694767,23-Dec-2017,N/A,N/A
PEMEX,9265630.15,EUR,OP-513072,"October 04, 2020",N/A,N/A
WALMART DE MÉXICO,7607321.41,EUR,OP-647107,10/02/2021,N/A,N/A
grupo lala,8915879.82,EUR,OP-799277,16/01/2025,N/A,N/A
femsa,6255181.57,USD,OP-332314,03-May-2020,N/A,N/A
pemex,8948884.6,EUR,OP-668900,28/09/2016,N/A,N/A
alsea,3802967.54,USD,OP-137169,"January 10, 2019",N/A,N/A
GRUPO BIMBO,2861621.24,USD,OP-160730,10/01/2021,N/A,N/A
bbva méxico,4724901.6,USD,OP-990483,"June 03, 2021",N/A,N/A
GRUPO LALA,6749117.78,MXN,OP-155373,01-Mar-2019,N/A,N/A
pemex,6803584.84,USD,OP-494157,22-Sep-2018,N/A,N/A
soriana,8425436.46,MXN,OP-824131,14-Feb-2019,08-Nov-2023,1728
pemex,8219667.22,MXN,OP-569331,04/09/2018,22-Feb-2019,319
BANORTE,7219231.15,MXN,OP-294341,2023-05-26,2023-11-08,166
femsa,1527930.44,MXN,OP-308232,27/09/2021,N/A,N/A
femsa,7462671.72,EUR,OP-536413,03-Feb-2016,15-Jun-2019,1228
SORIANA,3611154.22,USD,OP-455340,2022-06-10,N/A,N/A
SORIANA,2548734.11,EUR,OP-574137,14/04/2022,N/A,N/A
grupo bimbo,6544248.5,EUR,OP-887357,"February 13, 2021",N/A,N/A
AMÉRICA MÓVIL,9011515.38,EUR,OP-350016,"April 19, 2020",04/08/2022,719
ALSEA,7555038.37,USD,OP-951122,2019-08-26,12-May-2021,625
telmex,7492218.78,MXN,OP-132495,"June 17, 2025",N/A,N/A
LIVERPOOL,6536819.91,USD,OP-412142,"June 30, 2020",N/A,N/A
liverpool,3192845.96,MXN,OP-480082,2015-09-07,2017-08-12,705
femsa,1597133.98,USD,OP-298102,"October 13, 2022",N/A,N/A
grupo méxico,2444727.63,EUR,OP-763100,2023-10-02,30-Dec-2023,89
LIVERPOOL,4337658.05,EUR,OP-647481,"April 15, 2018",27-Jan-2024,2113
grupo méxico,7466328.5,MXN,OP-914451,21-Apr-2017,22/08/2025,3045
GRUPO LALA,3987646.06,USD,OP-411349,"July 12, 2017",N/A,N/A
bbva méxico,6755183.93,MXN,OP-212293,2024-03-14,N/A,N/A
SORIANA,8997331.87,USD,OP-264388,2018-04-24,"May 04, 2019",375
américa móvil,1405965.6,EUR,OP-455354,"August 06, 2016",07-Apr-2022,2070
CEMEX,4959184.89,MXN,OP-907504,02/03/2019,N/A,N/A
grupo méxico,8971124.35,MXN,OP-153336,15/10/2022,2023-03-04,140
grupo bimbo,3530014.07,MXN,OP-932352,03-Oct-2020,N/A,N/A
GRUPO MÉXICO,8063115.11,USD,OP-455977,2022-03-15,N/A,N/A
femsa,8574876.13,USD,OP-476603,06-Dec-2020,N/A,N/A
bbva méxico,6873963.91,USD,OP-119039,25/06/2025,N/A,N/A
AMÉRICA MÓVIL,145188.66,USD,OP-431680,2020-01-06,29-May-2023,1239
FEMSA,1556059.86,EUR,OP-136941,"March 27, 2019",N/A,N/A
BBVA MÉXICO,4213840.39,USD,OP-786330,15/08/2022,N/A,N/A
GRUPO BIMBO,5133570.33,MXN,OP-858219,04-Dec-2020,N/A,N/A
grupo carso,8701371.78,USD,OP-140500,2019-09-24,05-Aug-2021,681
PEMEX,8316569.48,MXN,OP-182755,01-May-2023,23-Aug-2023,114
WALMART DE MÉXICO,7986441.43,MXN,OP-223664,19-Mar-2022,02-Sep-2023,532
ALSEA,7024197.04,MXN,OP-857346,"August 03, 2025",N/A,N/A
LIVERPOOL,6229294.9,MXN,OP-210980,"April 20, 2021",2024-04-03,1079
FEMSA,5295420.02,MXN,OP-963350,2021-12-27,N/A,N/A
alsea,6931309.37,USD,OP-224398,04/02/2017,N/A,N/A
walmart de méxico,9128116.19,EUR,OP-884457,01/12/2018,2021-06-27,1262
GRUPO MÉXICO,8558870.42,USD,OP-319624,2019-10-01,N/A,N/A
SORIANA,5187478.77,EUR,OP-947138,2023-04-30,N/A,N/A
BANORTE,2600347.16,EUR,OP-435770,"January 23, 2023",N/A,N/A
soriana,9771516.01,MXN,OP-563421,"October 13, 2017","September 04, 2020",1057
banorte,5573819.19,MXN,OP-418317,"July 03, 2019",31/12/2024,2008
femsa,7306472.96,USD,OP-483298,2019-08-18,N/A,N/A
grupo méxico,8879538.75,USD,OP-254900,01/11/2018,N/A,N/A
FEMSA,6752865.44,MXN,OP-118111,20-Jan-2020,N/A,N/A
grupo bimbo,5860182.07,USD,OP-634817,"October 29, 2017",N/A,N/A
LIVERPOOL,1221226.12,EUR,OP-374268,"February 06, 2018",N/A,N/A
soriana,4304809.82,MXN,OP-498219,2017-09-27,2024-05-25,2432
telmex,1995802.92,USD,OP-514767,31-Dec-2015,"March 24, 2018",814
GRUPO MÉXICO,1365632.93,USD,OP-259922,03-Jan-2016,"June 29, 2021",2004
BANORTE,1938845.57,EUR,OP-996952,2022-03-10,N/A,N/A
telmex,4994837.95,USD,OP-465355,2024-11-02,N/A,N/A
soriana,8400048.37,MXN,OP-903493,"January 05, 2020",11/12/2023,1407
PEMEX,1018581.83,EUR,OP-825652,"September 10, 2020",N/A,N/A
grupo carso,2994276.04,MXN,OP-659453,29-Oct-2024,N/A,N/A
PEMEX,3320748.15,USD,OP-896567,"April 24, 2024",N/A,N/A
PEMEX,595222.05,USD,OP-490285,29/01/2021,N/A,N/A
liverpool,133298.38,MXN,OP-844157,21/02/2022,"October 11, 2023",597
walmart de méxico,7102710.47,MXN,OP-268544,"November 08, 2015",N/A,N/A
walmart de méxico,491233.95,MXN,OP-149539,15-Mar-2016,N/A,N/A
américa móvil,5200267.65,USD,OP-619607,2017-11-22,N/A,N/A
grupo carso,1634691.33,USD,OP-681473,22/05/2021,2023-04-04,682
PEMEX,2735770.75,EUR,OP-772868,2020-06-24,N/A,N/A
AMÉRICA MÓVIL,3197977.1,MXN,OP-277816,"April 14, 2018",N/A,N/A
SORIANA,2538813.35,EUR,OP-952165,19/03/2024,N/A,N/A
GRUPO LALA,8374853.15,EUR,OP-730507,2022-02-08,2023-03-22,407
GRUPO BIMBO,8883200.81,USD,OP-436411,"June 12, 2023",N/A,N/A
FEMSA,6596625.5,USD,OP-378398,10/10/2023,N/A,N/A
walmart de méxico,3623283.6,USD,OP-625707,2024-10-05,N/A,N/A
CEMEX,2503975.52,USD,OP-270682,02/08/2023,N/A,N/A
walmart de méxico,5858295.29,MXN,OP-734167,25/12/2024,N/A,N/A
pemex,6053649.14,USD,OP-890382,15-Jan-2023,N/A,N/A
GRUPO LALA,1122302.68,EUR,OP-934268,31/07/2021,N/A,N/A
CEMEX,5981608.97,USD,OP-418363,25-Mar-2016,N/A,N/A
GRUPO LALA,7451571.0,MXN,OP-113590,17/05/2017,03/07/2022,1755
telmex,1523852.6,MXN,OP-338485,2016-03-22,27-Jun-2020,1558
TELMEX,2730696.96,USD,OP-909641,2020-12-07,N/A,N/A
américa móvil,2155575.12,USD,OP-573753,"June 21, 2025",N/A,N/A
WALMART DE MÉXICO,3023345.62,USD,OP-296892,"June 07, 2023",N/A,N/A
AMÉRICA MÓVIL,4447911.83,MXN,OP-790072,"November 23, 2020",N/A,N/A
alsea,5918209.15,EUR,OP-132889,2020-01-18,N/A,N/A
bbva méxico,7252287.01,EUR,OP-251114,23/05/2021,2022-06-05,378
GRUPO BIMBO,1728682.19,USD,OP-318343,07-May-2025,N/A,N/A
grupo carso,3886512.0,EUR,OP-484031,06/01/2017,N/A,N/A
WALMART DE MÉXICO,1971169.41,MXN,OP-747319,10-Jul-2023,N/A,N/A
LIVERPOOL,7592530.78,MXN,OP-964035,2016-11-05,"August 11, 2023",2470
GRUPO LALA,7232632.69,USD,OP-258704,2024-09-11,N/A,N/A
alsea,9220708.9,EUR,OP-646249,"July 12, 2023",07-Apr-2024,270
grupo carso,3473842.09,MXN,OP-769709,16-May-2024,N/A,N/A
GRUPO MÉXICO,2911012.92,MXN,OP-407905,2019-06-13,N/A,N/A
soriana,360746.34,MXN,OP-551934,2019-05-28,N/A,N/A
soriana,4669411.33,MXN,OP-493569,2022-07-02,11/09/2024,861
banorte,5956577.97,EUR,OP-165506,06-Jul-2016,N/A,N/A
GRUPO MÉXICO,9551172.09,MXN,OP-300618,31-Jan-2016,"February 23, 2024",2945
GRUPO MÉXICO,4046085.8,MXN,OP-401512,27/09/2017,"July 06, 2023",2108
pemex,4766605.33,USD,OP-235096,27-Dec-2019,N/A,N/A
banorte,5952258.66,MXN,OP-330821,"January 22, 2023",N/A,N/A
américa móvil,1119538.58,USD,OP-333620,09-Sep-2018,N/A,N/A
BBVA MÉXICO,6059838.79,USD,OP-673941,05-May-2025,N/A,N/A
cemex,8973849.86,EUR,OP-595397,"October 27, 2018","January 23, 2024",1914
BBVA MÉXICO,9145583.8,USD,OP-978896,"December 06, 2021",N/A,N/A
grupo méxico,8500828.88,USD,OP-242903,07/10/2021,N/A,N/A
GRUPO BIMBO,7855214.8,MXN,OP-225180,2019-02-24,24-Aug-2024,2008
BANORTE,8525354.44,MXN,OP-463679,11/10/2020,N/A,N/A
GRUPO CARSO,2801063.72,USD,OP-904068,25/06/2021,N/A,N/A
PEMEX,8028825.1,MXN,OP-782153,2023-06-03,N/A,N/A
américa móvil,3406495.05,USD,OP-391000,19/04/2025,N/A,N/A
GRUPO CARSO,3204132.84,EUR,OP-742837,13-Aug-2024,N/A,N/A
PEMEX,8863874.06,MXN,OP-282196,2017-03-19,N/A,N/A
BANORTE,3016409.3,MXN,OP-721265,16-Apr-2022,28-Jul-2022,103
liverpool,2446253.66,MXN,OP-138732,"September 26, 2023",N/A,N/A
alsea,2583631.22,MXN,OP-443829,2017-02-06,"April 24, 2025",2999
GRUPO CARSO,9210995.39,EUR,OP-775791,21-Aug-2021,N/A,N/A
LIVERPOOL,9607052.2,EUR,OP-108887,"April 02, 2022",N/A,N/A
GRUPO MÉXICO,7270651.73,MXN,OP-308252,09/02/2020,N/A,N/A
FEMSA,9072358.53,EUR,OP-752877,25-Jan-2019,N/A,N/A
alsea,1454846.09,USD,OP-246640,2020-07-14,N/A,N/A
FEMSA,6994797.69,USD,OP-728344,25-Jan-2020,28/11/2021,673
SORIANA,4176801.22,USD,OP-820762,31-Jan-2025,N/A,N/A
SORIANA,3502950.42,EUR,OP-743149,"March 28, 2016",2023-09-10,2722
LIVERPOOL,4944685.36,EUR,OP-120377,14-May-2022,N/A,N/A
BANORTE,7998123.74,EUR,OP-634046,16/04/2017,N/A,N/A
femsa,1249153.43,USD,OP-484322,2024-01-06,N/A,N/A
telmex,5019125.71,MXN,OP-929955,13/06/2025,N/A,N/A
telmex,6119087.53,MXN,OP-519568,20-Aug-2016,2022-12-15,2308
grupo bimbo,7773303.8,MXN,OP-918546,2017-09-23,31-Jul-2019,676
walmart de méxico,1831149.42,EUR,OP-123072,22-Oct-2015,N/A,N/A
cemex,565600.51,USD,OP-763576,22-Jun-2021,N/A,N/A
TELMEX,9833912.32,USD,OP-789247,16/10/2020,N/A,N/A
grupo carso,3359108.88,EUR,OP-526082,17/11/2021,N/A,N/A
CEMEX,1056333.4,USD,OP-966311,2024-06-22,N/A,N/A
FEMSA,1841321.17,MXN,OP-797684,14-Dec-2023,N/A,N/A
GRUPO BIMBO,8164976.04,USD,OP-625458,2022-09-24,11/07/2023,409
TELMEX,8238748.23,MXN,OP-716862,2024-06-07,N/A,N/A
banorte,7888999.55,EUR,OP-494871,01-Feb-2024,N/A,N/A
liverpool,8989138.5,USD,OP-616392,"September 13, 2017",2021-01-17,1222
GRUPO CARSO,7906157.78,USD,OP-254212,29/12/2017,24-Nov-2018,330
grupo lala,7329122.38,MXN,OP-706094,"March 24, 2017",08/10/2022,1965
GRUPO MÉXICO,9917179.33,USD,OP-610912,2025-07-28,N/A,N/A
banorte,7315231.96,EUR,OP-384254,24/01/2018,03/12/2020,778
pemex,6481375.97,MXN,OP-891803,"December 18, 2019",13/09/2021,635
pemex,3807667.14,MXN,OP-669474,08/03/2020,N/A,N/A
GRUPO CARSO,7543003.16,MXN,OP-702859,28/03/2020,N/A,N/A
BANORTE,9422055.52,MXN,OP-748524,03/07/2021,24/05/2024,1174
alsea,2790758.41,EUR,OP-997700,2020-11-02,2024-12-01,1490
TELMEX,7860791.5,USD,OP-952918,2015-09-29,N/A,N/A
GRUPO BIMBO,1424225.7,MXN,OP-263481,21/07/2016,27-Mar-2024,2806
bbva méxico,9286263.88,USD,OP-910531,24/03/2016,N/A,N/A
FEMSA,2252443.43,EUR,OP-942951,"January 21, 2024",N/A,N/A
femsa,7513005.5,MXN,OP-351153,2023-06-17,N/A,N/A
GRUPO CARSO,8850383.91,EUR,OP-346099,"August 15, 2025",N/A,N/A
banorte,7713915.4,EUR,OP-911492,13-Mar-2022,N/A,N/A
GRUPO MÉXICO,1176736.22,USD,OP-728374,2022-04-30,N/A,N/A
alsea,6612986.06,EUR,OP-112860,27-Apr-2024,N/A,N/A
banorte,4270816.78,USD,OP-153988,16/03/2022,N/A,N/A
WALMART DE MÉXICO,7831392.83,USD,OP-656152,"July 07, 2023",N/A,N/A
BANORTE,3860708.91,USD,OP-989231,"January 06, 2018",N/A,N/A
GRUPO BIMBO,9933655.33,EUR,OP-756674,11-Nov-2019,N/A,N/A
BANORTE,6441454.5,EUR,OP-765400,"March 22, 2021",N/A,N/A
banorte,2105502.14,USD,OP-208507,2019-07-12,2021-08-30,780
BBVA MÉXICO,8148774.78,MXN,OP-967805,"November 28, 2021",N/A,N/A
GRUPO BIMBO,769892.49,EUR,OP-851501,2023-05-11,N/A,N/A
BBVA MÉXICO,1636552.16,USD,OP-485606,"May 05, 2025",N/A,N/A
grupo méxico,5164902.88,MXN,OP-350541,11/10/2023,N/A,N/A
bbva méxico,3485743.51,USD,OP-107918,"July 02, 2016",2022-06-25,2184
PEMEX,9858723.44,EUR,OP-645296,"February 19, 2016",N/A,N/A
SORIANA,1055099.27,EUR,OP-584471,25/11/2019,18-Apr-2024,1606
grupo carso,4149478.85,MXN,OP-308724,21/06/2025,N/A,N/A
GRUPO MÉXICO,8344005.37,USD,OP-638154,06-Aug-2022,N/A,N/A
ALSEA,9886178.25,MXN,OP-972205,2021-01-29,N/A,N/A
BANORTE,6247968.76,USD,OP-438516,29/06/2025,N/A,N/A
BBVA MÉXICO,2873795.32,USD,OP-890059,"May 15, 2021",2024-10-20,1254
BBVA MÉXICO,3920545.61,EUR,OP-286738,"September 29, 2023",N/A,N/A
banorte,676156.51,USD,OP-344051,"February 07, 2022",N/A,N/A
grupo lala,398777.99,EUR,OP-521456,25/12/2018,22-Jun-2019,179
PEMEX,4031666.81,MXN,OP-999873,2022-03-20,"February 25, 2025",1073
pemex,6596705.1,MXN,OP-954990,08/03/2020,N/A,N/A
CEMEX,7457693.16,MXN,OP-310880,2018-10-01,2023-08-09,1773
walmart de méxico,6779374.82,MXN,OP-590291,"May 04, 2018",10-Feb-2024,2108
BBVA MÉXICO,9974221.79,MXN,OP-748501,31-May-2019,N/A,N/A
grupo méxico,5918071.01,MXN,OP-344729,2019-04-10,N/A,N/A
bbva méxico,6072601.59,USD,OP-269375,20/04/2016,25-Jun-2016,66
grupo lala,818288.12,USD,OP-450969,14-Feb-2023,N/A,N/A
BANORTE,4372114.22,MXN,OP-448417,25/12/2020,N/A,N/A
pemex,7148611.84,USD,OP-277871,"September 20, 2022",N/A,N/A
soriana,2177353.12,USD,OP-989472,26/06/2023,N/A,N/A
grupo bimbo,2420861.19,EUR,OP-367677,16-Dec-2022,N/A,N/A
FEMSA,2755160.75,EUR,OP-610186,27/04/2017,2021-08-24,1580
BANORTE,8066298.2,MXN,OP-860892,"September 01, 2021",01/01/2022,122
WALMART DE MÉXICO,6153631.57,USD,OP-636853,10-Jul-2020,N/A,N/A
grupo méxico,1233916.68,MXN,OP-653475,2024-03-04,N/A,N/A
LIVERPOOL,9724627.71,MXN,OP-818376,"April 14, 2021",N/A,N/A
LIVERPOOL,2583615.98,USD,OP-930957,05-May-2024,N/A,N/A
GRUPO BIMBO,9419427.5,EUR,OP-557059,"June 10, 2018",N/A,N/A
telmex,1856800.8,MXN,OP-955662,26-Mar-2017,2019-10-17,935
GRUPO CARSO,1155403.02,MXN,OP-498904,19-Sep-2019,13/03/2020,176
telmex,6077701.13,USD,OP-673758,13-Nov-2016,22/02/2025,3023
femsa,8967414.13,EUR,OP-707716,2025-07-17,N/A,N/A
CEMEX,3660130.86,MXN,OP-537606,2019-05-11,N/A,N/A
BANORTE,2490282.99,MXN,OP-822613,11-Jan-2017,N/A,N/A
alsea,8795502.0,USD,OP-964493,2018-11-03,N/A,N/A
telmex,9316750.99,EUR,OP-486748,18-Dec-2021,N/A,N/A
GRUPO CARSO,2589045.42,MXN,OP-934040,13-Aug-2020,"February 27, 2022",563
alsea,3844840.82,MXN,OP-690877,24-Jan-2018,24/12/2022,1795
liverpool,5377224.05,MXN,OP-252296,27-Jul-2018,2024-06-09,2144
GRUPO MÉXICO,6354709.13,EUR,OP-171925,20-Mar-2016,2020-10-15,1670
bbva méxico,1362537.48,MXN,OP-427132,14-Jun-2019,"April 05, 2021",661
grupo carso,8933935.56,MXN,OP-611376,27/03/2019,02-Sep-2019,159
GRUPO CARSO,4016330.63,USD,OP-989229,2016-01-08,N/A,N/A
pemex,5867830.37,MXN,OP-514292,26/08/2024,"May 10, 2025",257
ALSEA,5708150.19,USD,OP-155805,18/04/2018,06-Oct-2021,1267
alsea,7856785.73,EUR,OP-567888,07/11/2024,N/A,N/A
GRUPO LALA,7325163.49,MXN,OP-169161,"October 05, 2022",N/A,N/A
bbva méxico,1240319.31,EUR,OP-117539,17-Sep-2020,N/A,N/A
LIVERPOOL,7617732.28,USD,OP-266281,"October 09, 2021",28-Oct-2022,384
PEMEX,145378.79,EUR,OP-125312,19/12/2019,23-Nov-2020,340
WALMART DE MÉXICO,7704910.33,EUR,OP-142196,2015-10-09,2023-11-11,2955
liverpool,8206213.74,MXN,OP-557707,2019-04-19,12-Nov-2019,207
BANORTE,9132957.7,MXN,OP-450674,19-Nov-2019,"November 11, 2020",358
alsea,7189588.79,USD,OP-109220,"June 18, 2022",N/A,N/A
telmex,5492046.93,MXN,OP-516127,23-Nov-2017,13/03/2018,110
BBVA MÉXICO,2090866.38,EUR,OP-706455,05/01/2023,N/A,N/A
américa móvil,9962043.54,MXN,OP-972591,25-Mar-2016,2021-11-20,2066
TELMEX,4300248.05,MXN,OP-483009,13/01/2021,N/A,N/A
walmart de méxico,6970251.82,EUR,OP-583705,2021-06-23,N/A,N/A
GRUPO MÉXICO,7695450.15,MXN,OP-231981,19/01/2017,2020-02-13,1120
SORIANA,8560482.35,MXN,OP-317359,11-Mar-2025,N/A,N/A
AMÉRICA MÓVIL,3519459.75,MXN,OP-227086,"November 14, 2020",N/A,N/A
pemex,4542269.2,EUR,OP-522969,2021-10-21,"November 11, 2023",751
femsa,6537443.19,MXN,OP-240643,2023-02-03,N/A,N/A
femsa,315133.69,USD,OP-926190,2018-06-16,"May 14, 2020",698
BANORTE,4008634.67,USD,OP-961762,25/05/2023,N/A,N/A
pemex,5898653.79,EUR,OP-426412,"January 30, 2021",N/A,N/A
bbva méxico,8912981.74,MXN,OP-628367,2016-04-04,26-Jan-2020,1392
pemex,9283534.78,MXN,OP-563233,12-May-2025,N/A,N/A
GRUPO MÉXICO,6361685.32,EUR,OP-324817,"September 29, 2015",21-Mar-2017,539
GRUPO BIMBO,4420860.56,MXN,OP-547089,2020-03-30,"November 07, 2024",1683
liverpool,7943242.45,MXN,OP-389043,30/01/2024,N/A,N/A
AMÉRICA MÓVIL,6064635.96,EUR,OP-703161,"June 29, 2016",26/09/2023,2645
GRUPO MÉXICO,6750296.76,USD,OP-296707,"September 05, 2019",2020-09-18,379
BANORTE,192419.6,MXN,OP-455158,"September 05, 2023",N/A,N/A
grupo méxico,111841.66,EUR,OP-574952,07/01/2023,N/A,N/A
cemex,6639796.18,EUR,OP-703310,"May 06, 2021",N/A,N/A
telmex,3246611.73,USD,OP-422417,2022-08-31,22-May-2025,995
américa móvil,1847131.14,MXN,OP-651926,2020-03-26,N/A,N/A
américa móvil,7574136.41,USD,OP-600951,"May 29, 2024",N/A,N/A
soriana,6497381.67,EUR,OP-684929,09-Nov-2023,N/A,N/A
GRUPO LALA,9720272.11,USD,OP-983269,2018-06-21,12-Jul-2022,1482
liverpool,8019274.52,EUR,OP-863733,2022-06-17,N/A,N/A
telmex,8495148.39,MXN,OP-915491,20/05/2025,N/A,N/A
grupo lala,829052.33,USD,OP-671358,2020-04-17,"October 07, 2020",173
telmex,7530474.9,USD,OP-244551,23-Jun-2019,31/08/2021,800
grupo lala,5924367.29,EUR,OP-656269,04/12/2023,N/A,N/A
WALMART DE MÉXICO,5841783.05,EUR,OP-119533,11/12/2016,"November 27, 2017",380
alsea,6836459.12,USD,OP-363090,"July 15, 2017",24/09/2017,71
WALMART DE MÉXICO,7411600.07,EUR,OP-299692,06/03/2021,N/A,N/A
cemex,7737155.99,USD,OP-668306,19-May-2019,N/A,N/A
banorte,1758129.5,MXN,OP-625093,30/05/2022,N/A,N/A
TELMEX,2921824.84,MXN,OP-130915,09/12/2015,"August 08, 2018",1061
alsea,4097797.16,USD,OP-924846,"August 18, 2023",N/A,N/A
banorte,6506858.06,MXN,OP-447409,"December 15, 2015",31-Mar-2022,2298
WALMART DE MÉXICO,2178780.86,EUR,OP-539482,2023-11-20,N/A,N/A
GRUPO LALA,1772159.4,EUR,OP-200724,19-Jun-2016,10/12/2017,480
soriana,7963800.2,EUR,OP-190256,18/10/2024,N/A,N/A
cemex,8249528.24,MXN,OP-239372,2021-11-21,N/A,N/A
soriana,9768830.37,EUR,OP-576288,"April 23, 2017",2020-01-01,983
PEMEX,6983176.5,MXN,OP-575959,13-Aug-2025,N/A,N/A
PEMEX,2704680.36,EUR,OP-902936,"August 13, 2018",07/10/2020,697
cemex,566706.49,USD,OP-824779,05/10/2018,24-Sep-2023,1963
GRUPO BIMBO,8767819.65,MXN,OP-660798,"May 08, 2025",N/A,N/A
walmart de méxico,7728218.73,MXN,OP-630056,06-May-2025,N/A,N/A
femsa,3795908.15,USD,OP-443793,23/01/2023,N/A,N/A
alsea,5531756.83,USD,OP-250204,"January 12, 2018",02-Jul-2023,1997
FEMSA,6177608.86,USD,OP-864421,17/02/2023,N/A,N/A
PEMEX,365459.18,USD,OP-332057,17-Jul-2020,N/A,N/A
soriana,7882687.28,MXN,OP-942769,13-Aug-2016,17-Oct-2020,1526
grupo carso,4488932.88,USD,OP-685385,04/02/2025,N/A,N/A
SORIANA,5961367.95,EUR,OP-576414,"May 23, 2021",N/A,N/A
liverpool,4390827.14,USD,OP-917285,"October 04, 2017","October 30, 2019",756
banorte,3384351.48,MXN,OP-830673,"April 23, 2025",N/A,N/A
CEMEX,8621769.8,USD,OP-144375,23-Jan-2022,N/A,N/A
BANORTE,2587011.1,EUR,OP-218708,08-Aug-2021,N/A,N/A
soriana,709969.47,EUR,OP-607075,14/07/2016,2020-04-18,1374
WALMART DE MÉXICO,5758917.99,EUR,OP-442136,30-Apr-2022,N/A,N/A
cemex,4245273.11,MXN,OP-697068,"January 04, 2025",N/A,N/A
ALSEA,687021.78,USD,OP-808460,2021-02-23,N/A,N/A
femsa,3143731.16,USD,OP-140940,17/05/2024,"April 28, 2025",346
ALSEA,1854265.62,MXN,OP-796989,19-Dec-2024,N/A,N/A
cemex,5624707.3,USD,OP-376181,28/07/2017,02-Jan-2022,1619
liverpool,2892462.66,USD,OP-135961,26/05/2019,N/A,N/A
walmart de méxico,2062291.16,EUR,OP-851036,02-Oct-2024,N/A,N/A
SORIANA,9655602.84,EUR,OP-961128,2017-12-24,N/A,N/A
TELMEX,2769907.89,MXN,OP-443133,"December 10, 2015","September 19, 2021",2110
BBVA MÉXICO,596999.02,MXN,OP-722730,23-Feb-2022,08/07/2022,165
TELMEX,8080883.29,MXN,OP-508840,15/03/2021,N/A,N/A
femsa,127842.43,EUR,OP-736554,2017-09-27,20-Jun-2019,631
TELMEX,1471563.95,USD,OP-392376,11-Jul-2025,N/A,N/A
PEMEX,9075366.01,EUR,OP-783645,13-Nov-2016,06-Jan-2025,2976
banorte,2315434.74,MXN,OP-117851,26/02/2019,N/A,N/A
CEMEX,5357175.6,MXN,OP-698422,22/01/2019,N/A,N/A
GRUPO MÉXICO,5966383.69,MXN,OP-827670,26-Mar-2024,N/A,N/A
grupo bimbo,9643839.35,USD,OP-191499,2017-08-03,16-Oct-2019,804
WALMART DE MÉXICO,6987887.02,MXN,OP-271583,30/11/2022,N/A,N/A
BANORTE,2403378.83,EUR,OP-917468,2025-04-12,N/A,N/A
BANORTE,9325724.88,MXN,OP-548470,"May 02, 2022",N/A,N/A
BBVA MÉXICO,7509404.03,MXN,OP-790196,02/03/2023,N/A,N/A
WALMART DE MÉXICO,3238555.74,USD,OP-129804,"December 13, 2019",N/A,N/A
FEMSA,5301404.31,USD,OP-104423,2019-11-05,2023-06-26,1329
AMÉRICA MÓVIL,6230339.34,EUR,OP-983050,27/07/2024,N/A,N/A
PEMEX,669443.91,MXN,OP-559615,2018-10-23,"August 15, 2025",2488
liverpool,4712253.04,MXN,OP-260133,04-Feb-2016,"September 20, 2017",594
bbva méxico,3285940.51,EUR,OP-382257,"March 05, 2018",16/10/2023,2051
femsa,9772127.11,EUR,OP-723032,14/11/2022,N/A,N/A
telmex,9822382.07,EUR,OP-924674,19/02/2020,N/A,N/A
grupo carso,8102376.49,USD,OP-354824,2020-03-06,23/06/2021,474
cemex,3256618.78,USD,OP-899471,2015-11-14,N/A,N/A
soriana,2751304.81,MXN,OP-967898,2016-08-30,27-May-2021,1731
grupo méxico,4957075.33,USD,OP-518164,01-Dec-2018,N/A,N/A
SORIANA,4102267.27,USD,OP-238375,15-Dec-2019,N/A,N/A
GRUPO BIMBO,4081231.67,EUR,OP-202927,"February 06, 2021",2025-01-30,1454
femsa,8833786.94,USD,OP-649281,24-Jan-2019,N/A,N/A
BBVA MÉXICO,671384.74,EUR,OP-651481,"December 17, 2018",N/A,N/A
cemex,312200.02,EUR,OP-809810,30-Nov-2023,N/A,N/A
GRUPO MÉXICO,6646186.66,MXN,OP-505486,2020-07-07,08/02/2024,1487
alsea,8576008.0,EUR,OP-507188,07/02/2016,N/A,N/A
SORIANA,7182248.24,USD,OP-137019,"May 30, 2025",N/A,N/A
BANORTE,8342280.61,MXN,OP-609413,19-Aug-2024,N/A,N/A
grupo lala,5465335.83,USD,OP-455515,2020-01-30,N/A,N/A
américa móvil,6587519.64,USD,OP-620038,2023-05-29,N/A,N/A
BBVA MÉXICO,7304478.27,USD,OP-326066,03-May-2021,2024-12-26,1333
GRUPO LALA,5774603.84,USD,OP-390552,27/11/2016,"June 22, 2018",572
ALSEA,2835601.58,EUR,OP-764247,11/03/2024,N/A,N/A
walmart de méxico,942137.36,EUR,OP-841311,02-May-2020,N/A,N/A
LIVERPOOL,2800323.34,MXN,OP-719453,"April 15, 2023",N/A,N/A
grupo méxico,6455253.09,MXN,OP-967526,18/02/2024,N/A,N/A
CEMEX,7940914.31,EUR,OP-699737,13/07/2019,"August 17, 2022",1131
pemex,6203657.31,MXN,OP-642038,2018-01-16,"June 22, 2025",2714
GRUPO BIMBO,4062355.48,USD,OP-446596,22/11/2021,N/A,N/A
bbva méxico,1090261.96,EUR,OP-962297,14-Feb-2019,N/A,N/A
grupo carso,9480133.32,MXN,OP-590912,"May 04, 2016",2022-09-17,2327
AMÉRICA MÓVIL,2682486.22,USD,OP-463557,17-Apr-2020,10-Aug-2021,480
GRUPO MÉXICO,4708988.31,USD,OP-879978,16/04/2019,N/A,N/A
SORIANA,8418717.86,USD,OP-791724,02/08/2022,N/A,N/A
liverpool,9354548.7,USD,OP-524079,2023-06-24,N/A,N/A
américa móvil,8455403.25,EUR,OP-546317,27/06/2023,N/A,N/A
WALMART DE MÉXICO,9481228.24,MXN,OP-379072,"May 01, 2022",05/03/2022,2
GRUPO CARSO,6782895.53,MXN,OP-804344,27/07/2018,"December 07, 2019",498
femsa,6752976.41,EUR,OP-914074,"October 24, 2024",N/A,N/A
cemex,3614504.97,USD,OP-446312,19/07/2021,N/A,N/A
bbva méxico,5124661.0,EUR,OP-703218,"September 14, 2016",19-Jul-2022,2134
CEMEX,1951046.68,USD,OP-495272,03/04/2025,2025-07-29,147
grupo lala,6024595.24,EUR,OP-371874,2017-04-21,2021-05-12,1482
telmex,2414006.9,USD,OP-674236,"August 14, 2017",23/11/2022,1927
TELMEX,457377.19,USD,OP-984527,08/11/2024,N/A,N/A
liverpool,5471566.92,MXN,OP-526466,2021-03-24,N/A,N/A
soriana,6111946.7,EUR,OP-898803,02/08/2017,"March 06, 2024",2583
ALSEA,2024503.34,MXN,OP-892528,2015-09-30,N/A,N/A
walmart de méxico,584839.94,USD,OP-961981,14/06/2020,N/A,N/A
grupo méxico,9905920.51,EUR,OP-924524,2020-03-23,N/A,N/A
GRUPO CARSO,5874838.32,USD,OP-366925,27/06/2017,N/A,N/A
WALMART DE MÉXICO,1372035.73,EUR,OP-646204,"October 05, 2024",N/A,N/A
bbva méxico,7029288.88,MXN,OP-861145,2018-08-30,N/A,N/A
GRUPO MÉXICO,1733111.88,EUR,OP-871468,21/03/2020,"June 01, 2021",437
liverpool,7417027.17,EUR,OP-533267,16/05/2018,N/A,N/A
GRUPO BIMBO,9654722.64,EUR,OP-138018,18-Jul-2023,N/A,N/A
bbva méxico,4648408.31,EUR,OP-895713,16-Sep-2022,N/A,N/A
BBVA MÉXICO,2647826.11,MXN,OP-307781,2019-04-28,02/11/2022,1020
LIVERPOOL,8306441.55,USD,OP-573314,"February 18, 2023",N/A,N/A
GRUPO CARSO,5207459.48,EUR,OP-823362,21/05/2023,N/A,N/A
femsa,912457.18,MXN,OP-964564,"January 28, 2017",N/A,N/A
bbva méxico,9751899.7,USD,OP-188286,13-Nov-2020,N/A,N/A
WALMART DE MÉXICO,9300507.6,MXN,OP-446238,24-Apr-2019,N/A,N/A
ALSEA,6542369.82,USD,OP-603294,2016-07-15,N/A,N/A
banorte,8200840.18,USD,OP-963233,10-Mar-2024,N/A,N/A
CEMEX,3375327.4,EUR,OP-301418,11/07/2021,N/A,N/A
AMÉRICA MÓVIL,6982204.32,MXN,OP-975677,15/03/2020,"May 09, 2024",1516
telmex,6128362.76,EUR,OP-765404,"November 07, 2022",07/09/2023,244
telmex,2060895.94,USD,OP-651221,29/12/2018,2021-09-05,981
GRUPO BIMBO,5586075.39,USD,OP-567743,"January 08, 2017",N/A,N/A
BANORTE,8065437.1,USD,OP-984954,15-Jul-2018,09/12/2018,59
WALMART DE MÉXICO,3269834.13,EUR,OP-725772,06/04/2023,N/A,N/A
alsea,662244.81,MXN,OP-831015,"December 23, 2020",N/A,N/A
AMÉRICA MÓVIL,2212591.54,EUR,OP-763374,26-Nov-2017,12-Jan-2020,777
AMÉRICA MÓVIL,5836245.51,EUR,OP-515720,06/10/2020,N/A,N/A
liverpool,435120.41,USD,OP-523507,2023-03-23,N/A,N/A
GRUPO LALA,6685336.8,EUR,OP-197239,"November 17, 2018",N/A,N/A
CEMEX,1885169.39,MXN,OP-207104,2016-09-15,N/A,N/A
grupo bimbo,5230473.42,MXN,OP-206841,2016-11-01,"May 30, 2020",1306
telmex,2465409.81,USD,OP-330290,2022-07-03,17-Nov-2022,137
cemex,1906210.61,USD,OP-106794,24/06/2020,N/A,N/A
liverpool,595254.42,EUR,OP-658564,2019-03-19,N/A,N/A
grupo lala,3181499.91,USD,OP-593733,2021-09-03,N/A,N/A
GRUPO LALA,8084182.02,MXN,OP-612808,18/06/2019,N/A,N/A
liverpool,7183079.28,USD,OP-556231,26-Mar-2024,N/A,N/A
GRUPO LALA,1667449.22,MXN,OP-906725,18/12/2023,N/A,N/A
grupo bimbo,527804.44,EUR,OP-461105,2017-07-30,12-Mar-2019,590
cemex,1248454.87,MXN,OP-923553,2024-10-24,N/A,N/A
walmart de méxico,3357506.98,EUR,OP-218262,29/09/2015,31-Mar-2019,1279
alsea,8744608.13,MXN,OP-798508,"January 31, 2017",10/02/2022,2070
américa móvil,452347.13,EUR,OP-276099,"August 05, 2024",N/A,N/A
PEMEX,5958775.87,USD,OP-973493,06/04/2016,05/09/2023,2530
pemex,623629.55,USD,OP-309987,2020-07-02,06-Dec-2020,157
cemex,8686337.95,MXN,OP-109267,01-Jan-2025,N/A,N/A
AMÉRICA MÓVIL,3077335.72,MXN,OP-126290,06/01/2019,N/A,N/A
walmart de méxico,4797949.03,EUR,OP-101519,08/09/2023,N/A,N/A
banorte,5883713.73,EUR,OP-689481,22/01/2020,09-Dec-2023,1417
walmart de méxico,5161897.54,EUR,OP-938920,"March 18, 2022",N/A,N/A
liverpool,9131470.04,USD,OP-462496,2016-10-08,N/A,N/A
grupo bimbo,305648.87,MXN,OP-698085,"February 19, 2018",29-Oct-2018,252
LIVERPOOL,8474711.37,MXN,OP-723496,04/02/2023,N/A,N/A
bbva méxico,2395854.26,MXN,OP-248269,"October 19, 2019",04-Aug-2022,1020
SORIANA,7805548.98,MXN,OP-852510,15-Dec-2016,07/08/2017,205
FEMSA,1043424.7,MXN,OP-195080,"January 05, 2024",N/A,N/A
telmex,3489555.94,EUR,OP-916359,"March 25, 2020",N/A,N/A
américa móvil,6378105.29,MXN,OP-656224,30-Dec-2023,N/A,N/A
grupo carso,1366418.48,USD,OP-394855,13/02/2017,2023-06-18,2316
alsea,4215063.8,EUR,OP-798028,19/07/2025,N/A,N/A
grupo méxico,247875.87,MXN,OP-684583,12/04/2019,"February 04, 2023",1158
cemex,1819543.71,MXN,OP-151280,10/09/2023,N/A,N/A
GRUPO BIMBO,5643663.96,USD,OP-842046,"December 02, 2020",N/A,N/A
liverpool,9935451.59,MXN,OP-865397,2016-02-20,"June 15, 2021",1942
telmex,4872708.63,EUR,OP-295369,"June 19, 2024",N/A,N/A
femsa,4861082.47,EUR,OP-280760,06/12/2024,N/A,N/A
grupo lala,8670110.12,USD,OP-879495,"June 28, 2016",N/A,N/A
liverpool,262267.78,MXN,OP-434411,07-Oct-2015,25/12/2021,2271
walmart de méxico,7203267.02,EUR,OP-921645,06/04/2020,N/A,N/A
LIVERPOOL,9679344.12,USD,OP-920889,"March 04, 2017",27/01/2019,694
FEMSA,1143442.34,USD,OP-734464,2024-09-18,05/08/2025,232
GRUPO LALA,5000721.53,EUR,OP-303838,30-Oct-2020,N/A,N/A
walmart de méxico,5531402.46,MXN,OP-125898,03/08/2021,N/A,N/A
banorte,745307.78,MXN,OP-387739,2024-11-24,N/A,N/A
femsa,9947873.24,USD,OP-566139,06/01/2021,N/A,N/A
GRUPO LALA,6879203.21,MXN,OP-262562,"May 12, 2017",17/10/2018,523
TELMEX,5840403.21,USD,OP-672071,"September 25, 2019",N/A,N/A
SORIANA,8273980.23,EUR,OP-167349,"May 22, 2025",N/A,N/A
FEMSA,1381893.33,MXN,OP-155390,2017-06-29,2018-01-10,195
GRUPO CARSO,3055777.49,USD,OP-429241,2019-12-26,24/11/2020,334
banorte,516653.46,EUR,OP-926966,18-Jan-2024,N/A,N/A
bbva méxico,2099466.54,USD,OP-831353,26/09/2022,N/A,N/A
telmex,7235643.04,EUR,OP-953890,2022-05-03,N/A,N/A
GRUPO MÉXICO,3754671.97,USD,OP-679475,09-Nov-2019,06/08/2025,2038
telmex,2017053.34,USD,OP-183896,2019-10-04,2021-08-27,693
telmex,3441037.24,EUR,OP-118868,13-Sep-2021,N/A,N/A
SORIANA,5380253.23,MXN,OP-884248,07/09/2017,N/A,N/A
grupo bimbo,1364252.3,MXN,OP-266133,"March 09, 2019",10/07/2022,1308
PEMEX,716152.31,USD,OP-850058,2022-04-14,N/A,N/A
PEMEX,9638886.34,EUR,OP-123047,"January 14, 2023",2023-09-14,243
CEMEX,1615429.6,MXN,OP-875378,09-Jul-2023,N/A,N/A
grupo carso,8047748.49,EUR,OP-770533,03-Mar-2018,N/A,N/A
PEMEX,6530833.74,EUR,OP-915531,"December 24, 2022",N/A,N/A
LIVERPOOL,5355377.09,MXN,OP-913291,04/04/2024,N/A,N/A
cemex,7904893.21,MXN,OP-921357,11-Sep-2021,N/A,N/A
GRUPO CARSO,2019714.83,MXN,OP-404643,16/02/2022,N/A,N/A
TELMEX,2614945.83,EUR,OP-146278,"December 16, 2024",N/A,N/A
AMÉRICA MÓVIL,3148370.37,EUR,OP-280213,29-May-2018,2025-01-27,2435
grupo bimbo,5734018.26,EUR,OP-891138,"July 22, 2025",N/A,N/A
AMÉRICA MÓVIL,9868786.47,MXN,OP-573531,2023-12-18,N/A,N/A
GRUPO BIMBO,8696287.53,EUR,OP-234124,12/09/2016,N/A,N/A
BBVA MÉXICO,9382909.52,MXN,OP-446447,"April 15, 2017",N/A,N/A
grupo carso,4471413.81,EUR,OP-284456,"June 16, 2023",N/A,N/A
grupo lala,5788797.37,USD,OP-708817,08-Jan-2017,2022-10-21,2112
GRUPO CARSO,922384.79,USD,OP-530163,19-Oct-2021,2023-07-24,643
pemex,9903402.08,MXN,OP-910728,22/03/2021,06-Nov-2021,229
grupo lala,5704788.24,MXN,OP-758745,2021-06-14,18-Feb-2022,249
femsa,1910070.13,EUR,OP-524427,11/07/2023,N/A,N/A
GRUPO LALA,4717014.46,MXN,OP-791627,14-Nov-2021,N/A,N/A
BBVA MÉXICO,8456808.02,MXN,OP-102495,2016-01-18,2024-07-05,3091
FEMSA,9066536.81,USD,OP-269640,24-Apr-2019,24/12/2019,244
cemex,5125829.3,MXN,OP-187983,2018-07-22,N/A,N/A
LIVERPOOL,1921514.75,EUR,OP-160384,08-Feb-2019,"April 16, 2023",1528
banorte,4527052.02,EUR,OP-465960,2025-03-01,N/A,N/A
grupo lala,9528982.17,MXN,OP-761887,14/02/2020,N/A,N/A
grupo bimbo,4819201.1,MXN,OP-457195,2022-01-13,N/A,N/A
telmex,6306933.08,USD,OP-779896,12/08/2021,N/A,N/A
BANORTE,7584977.42,MXN,OP-512194,05-Apr-2022,"September 28, 2022",176
telmex,9298656.43,MXN,OP-661861,2017-11-19,27-Jan-2025,2626
liverpool,1558019.96,USD,OP-455582,05/06/2020,2023-09-01,1213
grupo bimbo,3058803.83,USD,OP-179473,07-Dec-2019,N/A,N/A
GRUPO BIMBO,8818361.32,EUR,OP-370359,2018-01-04,N/A,N/A
grupo méxico,8301143.27,EUR,OP-777796,03-Mar-2024,N/A,N/A
TELMEX,1958440.92,USD,OP-453412,2025-03-27,N/A,N/A
BANORTE,4529275.44,USD,OP-437715,"August 10, 2023",N/A,N/A
GRUPO MÉXICO,5726505.27,USD,OP-310531,29-Apr-2024,N/A,N/A
GRUPO MÉXICO,1321674.98,USD,OP-710343,12/10/2021,N/A,N/A
américa móvil,3818821.31,MXN,OP-298365,"August 25, 2019",09-Jan-2023,1233
GRUPO LALA,1242048.85,USD,OP-240478,2020-05-21,N/A,N/A
cemex,2111307.63,MXN,OP-414516,30/04/2025,N/A,N/A
soriana,8929484.35,USD,OP-947773,15/07/2019,N/A,N/A
alsea,813922.32,MXN,OP-166921,29/09/2016,"March 26, 2020",1274
grupo lala,2056842.74,USD,OP-441984,"January 01, 2018",19/10/2019,656
ALSEA,5914649.69,MXN,OP-309005,22/09/2022,N/A,N/A
GRUPO LALA,5076929.93,MXN,OP-197633,18-Jan-2016,02-Aug-2020,1658
PEMEX,3487191.86,USD,OP-144454,23/06/2019,N/A,N/A
grupo lala,5625911.53,MXN,OP-902781,2018-03-24,20-Sep-2019,545
banorte,1906384.05,EUR,OP-942173,2017-09-08,2022-05-26,1721
pemex,2536788.52,MXN,OP-792332,09/07/2024,N/A,N/A
pemex,8756041.7,USD,OP-380806,30/12/2016,2021-09-29,1734
grupo méxico,3512635.43,USD,OP-399027,18/04/2022,2023-04-23,370
grupo bimbo,2474960.5,EUR,OP-567990,01-Jan-2016,"June 05, 2024",3078
walmart de méxico,7385170.0,MXN,OP-143940,23/11/2023,N/A,N/A
grupo carso,793692.39,USD,OP-730224,22-Mar-2017,2018-01-22,306
walmart de méxico,2898275.72,MXN,OP-320869,30/11/2021,29-Jun-2024,942
soriana,8051006.23,EUR,OP-146185,"October 22, 2020",22-May-2021,212
pemex,9412808.2,EUR,OP-823536,"August 04, 2019",2020-06-16,317
walmart de méxico,7524547.05,EUR,OP-973148,18/04/2025,N/A,N/A
TELMEX,4907197.74,EUR,OP-872325,25/01/2016,2018-10-08,987
GRUPO CARSO,4295525.76,USD,OP-936775,"January 24, 2020",N/A,N/A
ALSEA,4170598.42,EUR,OP-873375,05-Jun-2024,N/A,N/A
GRUPO BIMBO,5056044.57,MXN,OP-419298,2022-05-25,N/A,N/A
GRUPO LALA,4661877.99,MXN,OP-278193,04-Feb-2025,N/A,N/A
GRUPO CARSO,8196259.96,MXN,OP-468986,"October 16, 2016",N/A,N/A
GRUPO MÉXICO,4720055.77,USD,OP-109468,16-Apr-2022,N/A,N/A
cemex,1272896.43,MXN,OP-920344,05-Jun-2025,N/A,N/A
BBVA MÉXICO,4593551.5,MXN,OP-645285,08/11/2022,N/A,N/A
alsea,6349053.46,MXN,OP-128922,2023-09-09,N/A,N/A
grupo bimbo,9049465.7,USD,OP-101637,2025-04-14,N/A,N/A
bbva méxico,1839398.8,MXN,OP-157733,2021-11-24,N/A,N/A
ALSEA,4757034.24,USD,OP-330947,2018-09-08,31/12/2019,479
BANORTE,855462.7,MXN,OP-600900,24-Jul-2019,N/A,N/A
WALMART DE MÉXICO,9448685.35,USD,OP-563332,2020-03-07,N/A,N/A
soriana,396250.28,EUR,OP-735634,12-May-2025,N/A,N/A
GRUPO BIMBO,9211377.34,MXN,OP-947517,"October 09, 2021",2024-04-16,920
soriana,4382284.9,USD,OP-342557,19/11/2018,07/10/2022,1329
BBVA MÉXICO,6337748.87,EUR,OP-374679,"March 29, 2025",N/A,N/A
pemex,268211.92,USD,OP-298167,03/05/2021,04-Nov-2021,244
américa móvil,7097240.85,USD,OP-741121,19-Jan-2020,N/A,N/A
walmart de méxico,2366870.74,MXN,OP-762670,2019-07-02,N/A,N/A
TELMEX,3159655.1,USD,OP-987520,"October 14, 2021",N/A,N/A
grupo carso,3106152.37,USD,OP-229791,16-Dec-2019,26/05/2024,1623
grupo bimbo,6678958.64,MXN,OP-175519,2025-01-07,N/A,N/A
AMÉRICA MÓVIL,2455138.52,MXN,OP-159728,2020-10-18,N/A,N/A
grupo carso,3566560.29,EUR,OP-907232,19-Dec-2021,N/A,N/A
WALMART DE MÉXICO,4686230.69,USD,OP-513422,"January 18, 2025",N/A,N/A
telmex,1415208.48,USD,OP-998660,2023-08-31,N/A,N/A
BBVA MÉXICO,9867857.03,EUR,OP-594116,2020-01-24,2023-12-25,1431
soriana,4714177.8,EUR,OP-729495,18/05/2017,18/10/2024,2710
GRUPO CARSO,3135639.08,MXN,OP-193711,31-Jul-2024,N/A,N/A
GRUPO LALA,9472236.48,EUR,OP-895984,22/04/2017,2025-04-14,2914
SORIANA,5673045.67,USD,OP-246336,31-Jul-2016,01/01/2018,519
FEMSA,7134725.61,EUR,OP-893146,"February 27, 2021",2024-10-04,1315
telmex,4713555.53,EUR,OP-945539,"May 07, 2019",N/A,N/A
soriana,4176366.04,USD,OP-805614,"December 05, 2015",N/A,N/A
liverpool,4540320.45,EUR,OP-706673,13/09/2019,N/A,N/A
soriana,1850574.26,USD,OP-691205,11-May-2020,N/A,N/A
femsa,5566039.87,EUR,OP-220146,21-Dec-2020,N/A,N/A
grupo méxico,479596.31,EUR,OP-631890,"December 20, 2018",2024-03-06,1903
pemex,3688773.63,EUR,OP-371990,2017-07-04,"January 27, 2023",2033
GRUPO LALA,3090342.23,EUR,OP-506719,"March 14, 2021","February 23, 2025",1442
telmex,2218866.19,USD,OP-467285,06/04/2018,16/01/2021,957
femsa,7526719.12,EUR,OP-702651,14/04/2018,N/A,N/A
américa móvil,5986255.2,MXN,OP-980940,2018-04-12,30/07/2020,840
BBVA MÉXICO,2467403.27,EUR,OP-398901,13-Aug-2020,N/A,N/A
CEMEX,2945773.68,EUR,OP-106715,2017-04-04,N/A,N/A
américa móvil,5845725.92,EUR,OP-366967,2018-05-04,N/A,N/A
soriana,4801195.56,USD,OP-350708,"October 27, 2017",2023-05-16,2027
cemex,4083179.87,EUR,OP-327555,04/05/2016,2017-07-30,481
américa móvil,8645440.66,USD,OP-368233,15/06/2017,N/A,N/A
ALSEA,8355847.57,MXN,OP-811413,2024-06-10,N/A,N/A
grupo carso,6637675.92,USD,OP-996736,2021-11-21,N/A,N/A
liverpool,8216433.04,EUR,OP-465608,25-Oct-2022,N/A,N/A
LIVERPOOL,6093044.11,USD,OP-683225,30/04/2016,N/A,N/A
grupo bimbo,8501091.09,USD,OP-683594,13-Aug-2017,27-Jun-2020,1049
grupo lala,4423840.52,EUR,OP-938551,16-Feb-2023,N/A,N/A
ALSEA,429159.9,MXN,OP-293588,28/07/2020,2022-12-01,856
GRUPO BIMBO,7496758.21,EUR,OP-784055,31/10/2017,N/A,N/A
femsa,6641964.79,USD,OP-786409,2016-07-30,N/A,N/A
soriana,1772784.27,MXN,OP-908747,"July 07, 2020",2023-12-09,1250
WALMART DE MÉXICO,7108472.27,EUR,OP-317972,10-Nov-2020,N/A,N/A
FEMSA,4139346.41,EUR,OP-681578,18-Nov-2016,23-Jul-2022,2073
GRUPO MÉXICO,3366584.32,USD,OP-967034,"November 20, 2019",N/A,N/A
GRUPO MÉXICO,8064633.93,EUR,OP-212379,04-Jan-2022,N/A,N/A
CEMEX,5109298.0,USD,OP-988928,05/04/2025,N/A,N/A
PEMEX,1026884.77,MXN,OP-164543,17-Jan-2025,N/A,N/A
walmart de méxico,1447004.96,MXN,OP-279308,"January 30, 2023",N/A,N/A
grupo méxico,6653150.77,MXN,OP-376752,"May 29, 2021",N/A,N/A
GRUPO BIMBO,3800420.94,MXN,OP-267984,"June 12, 2025",N/A,N/A
BANORTE,1341608.13,USD,OP-282187,06/11/2018,11/09/2019,516
telmex,7690090.41,USD,OP-619926,2022-01-24,N/A,N/A
banorte,3440047.08,USD,OP-770977,"November 09, 2022",N/A,N/A
pemex,6683197.51,USD,OP-974267,12/11/2015,03/07/2025,3374
FEMSA,901953.48,EUR,OP-422577,15-Oct-2018,N/A,N/A
GRUPO BIMBO,5793300.73,EUR,OP-805879,"July 23, 2021","October 06, 2023",805
TELMEX,5661065.24,EUR,OP-892352,"February 22, 2019",N/A,N/A
CEMEX,8717963.84,EUR,OP-306609,14/05/2022,N/A,N/A
femsa,1412548.85,EUR,OP-228447,05/01/2022,N/A,N/A
cemex,389055.14,EUR,OP-630110,2020-12-17,N/A,N/A
BBVA MÉXICO,9982086.9,EUR,OP-346373,22-Feb-2016,29-Jun-2021,1954
SORIANA,7298446.69,USD,OP-684733,18/11/2017,N/A,N/A
BBVA MÉXICO,8316118.03,MXN,OP-343283,2025-03-17,N/A,N/A
pemex,4628511.01,USD,OP-629868,"November 11, 2020",N/A,N/A
soriana,217764.2,MXN,OP-498234,2021-10-13,N/A,N/A
LIVERPOOL,951149.89,MXN,OP-795776,02-Aug-2016,2020-06-19,1417
liverpool,526496.3,MXN,OP-387991,06/04/2017,23-Jul-2020,1145
BBVA MÉXICO,5810234.67,EUR,OP-605256,16/05/2025,N/A,N/A
WALMART DE MÉXICO,4176112.31,MXN,OP-386178,2020-03-03,N/A,N/A
TELMEX,7058767.12,MXN,OP-654874,17/01/2025,N/A,N/A
GRUPO CARSO,8300642.99,MXN,OP-554087,22-Mar-2024,N/A,N/A
femsa,9062536.41,EUR,OP-878141,06/09/2017,"November 12, 2021",1617
GRUPO CARSO,3211583.75,EUR,OP-464172,2019-11-18,N/A,N/A
banorte,6390871.56,MXN,OP-270229,"November 06, 2019","June 01, 2020",208
banorte,9088234.13,EUR,OP-334836,24/04/2025,N/A,N/A
cemex,5757717.88,MXN,OP-231604,"June 09, 2021",N/A,N/A
pemex,6787219.25,MXN,OP-719169,23-Mar-2017,N/A,N/A
alsea,8321898.12,MXN,OP-155938,2025-07-21,N/A,N/A
américa móvil,6329816.57,MXN,OP-288806,"March 10, 2020",N/A,N/A
grupo bimbo,1098335.21,USD,OP-369540,04-Nov-2020,N/A,N/A
LIVERPOOL,3286136.79,MXN,OP-947120,"November 07, 2024",N/A,N/A
GRUPO BIMBO,3468484.81,MXN,OP-432056,04-Feb-2021,N/A,N/A
femsa,3722678.69,USD,OP-850665,"January 15, 2016","November 15, 2022",2496
GRUPO LALA,8821291.96,EUR,OP-859983,2024-11-05,N/A,N/A
américa móvil,9967888.64,USD,OP-703681,15/10/2020,12-Nov-2023,1123
AMÉRICA MÓVIL,4205437.66,USD,OP-888297,22-May-2021,N/A,N/A
GRUPO MÉXICO,3883062.91,USD,OP-686614,10-Jun-2020,N/A,N/A
BBVA MÉXICO,990386.11,MXN,OP-868026,"June 06, 2016",N/A,N/A
alsea,6117459.82,EUR,OP-264753,11/02/2016,2021-01-27,1547
walmart de méxico,3192502.6,MXN,OP-979936,2021-04-03,N/A,N/A
GRUPO MÉXICO,8537637.53,MXN,OP-727593,2019-10-09,N/A,N/A
grupo carso,804170.11,MXN,OP-198863,20/09/2017,2021-07-06,1385
GRUPO MÉXICO,7763173.22,USD,OP-792993,18-May-2025,N/A,N/A
grupo bimbo,4911667.04,MXN,OP-529805,06/03/2024,N/A,N/A
banorte,2201550.02,MXN,OP-398373,"October 03, 2017",N/A,N/A
liverpool,7163725.02,EUR,OP-603669,16/08/2025,N/A,N/A
GRUPO LALA,176867.48,EUR,OP-844164,11-Feb-2016,03/08/2021,1852
bbva méxico,9546717.61,EUR,OP-704989,29-Nov-2023,N/A,N/A
GRUPO BIMBO,4013673.84,MXN,OP-802562,"January 18, 2020",12-Jul-2021,541
pemex,9536149.62,MXN,OP-819619,"February 01, 2024",N/A,N/A
TELMEX,9487296.88,EUR,OP-971591,2016-05-03,06-Jul-2024,2986
cemex,5589227.69,EUR,OP-359459,01/04/2018,05/08/2024,2316
BBVA MÉXICO,2377741.22,MXN,OP-666758,"February 17, 2025",N/A,N/A
telmex,1523884.4,MXN,OP-153464,"May 09, 2022",N/A,N/A
cemex,5620503.94,MXN,OP-255712,"May 05, 2023",N/A,N/A
alsea,645200.94,EUR,OP-127202,27/11/2019,"October 08, 2023",1411
FEMSA,4687828.64,USD,OP-612885,"January 20, 2024",N/A,N/A
grupo carso,4219496.08,EUR,OP-161044,"June 07, 2018","May 01, 2022",1424
BANORTE,294708.53,USD,OP-702754,04-Mar-2020,N/A,N/A
grupo lala,5150869.08,MXN,OP-501429,03-Oct-2018,16/08/2024,2144
pemex,6414505.85,USD,OP-354615,30-Jun-2021,N/A,N/A
grupo lala,2748052.65,MXN,OP-618214,"October 21, 2024",2024-11-15,25
grupo lala,1331955.34,USD,OP-596584,29-Jan-2020,26-Jan-2021,363
WALMART DE MÉXICO,2041688.57,USD,OP-589674,2016-07-18,N/A,N/A
AMÉRICA MÓVIL,2586461.49,MXN,OP-957693,"September 23, 2022",18/10/2024,756
BBVA MÉXICO,2218446.03,MXN,OP-666723,"March 04, 2025",N/A,N/A
LIVERPOOL,7849106.7,USD,OP-296075,04-Apr-2025,N/A,N/A
pemex,2467429.83,MXN,OP-100003,23/09/2024,N/A,N/A
GRUPO CARSO,8265240.29,MXN,OP-283941,2017-02-13,25-Jun-2018,497
grupo méxico,9665155.87,EUR,OP-558512,05/10/2018,2020-05-07,728
SORIANA,2312752.62,USD,OP-915335,04/11/2022,N/A,N/A
grupo carso,4087595.02,EUR,OP-979156,25/03/2018,N/A,N/A
LIVERPOOL,9146842.38,EUR,OP-638748,"September 07, 2017",N/A,N/A
TELMEX,1026013.99,MXN,OP-788210,10-Jan-2023,08/06/2024,574
ALSEA,7257287.47,EUR,OP-618594,23/06/2017,"November 28, 2018",523
BANORTE,6880331.73,EUR,OP-532753,"June 16, 2021",02-Nov-2024,1235
liverpool,3813522.83,USD,OP-827788,08/10/2021,N/A,N/A
alsea,2735442.96,EUR,OP-626301,"June 02, 2018",N/A,N/A
grupo bimbo,4891448.05,USD,OP-828536,"March 01, 2016",22-Aug-2021,2000
bbva méxico,7695533.87,USD,OP-965915,"June 06, 2016",N/A,N/A
ALSEA,7082178.51,MXN,OP-764783,"November 10, 2021","April 06, 2025",1243
SORIANA,9984711.08,EUR,OP-597567,25-Sep-2018,N/A,N/A
walmart de méxico,1064817.89,EUR,OP-208373,11/05/2022,N/A,N/A
LIVERPOOL,5983570.04,EUR,OP-162073,2019-07-06,25-Aug-2021,781
walmart de méxico,9609449.67,USD,OP-288443,11/01/2024,N/A,N/A
alsea,6330617.83,EUR,OP-684869,10/09/2023,N/A,N/A
pemex,797121.59,USD,OP-770686,19/06/2018,07/09/2022,1481
liverpool,1116972.44,EUR,OP-439378,05/07/2025,N/A,N/A
GRUPO BIMBO,4002163.58,USD,OP-849835,14/08/2023,N/A,N/A
WALMART DE MÉXICO,7180071.6,USD,OP-255437,28/07/2025,N/A,N/A
GRUPO CARSO,8913934.61,USD,OP-724573,07/08/2017,19/08/2024,2599
LIVERPOOL,419983.63,USD,OP-190193,13-Jul-2017,"December 24, 2024",2721
BBVA MÉXICO,2968672.81,MXN,OP-718111,07/05/2020,2021-03-20,258
walmart de méxico,2375494.18,EUR,OP-925234,03-Nov-2023,N/A,N/A
telmex,2471040.94,EUR,OP-602389,28-Dec-2019,N/A,N/A
AMÉRICA MÓVIL,5227563.39,MXN,OP-879664,2018-04-18,"July 16, 2025",2646
pemex,7215075.06,EUR,OP-436506,22/12/2023,N/A,N/A
WALMART DE MÉXICO,2731411.56,MXN,OP-798891,03/08/2024,N/A,N/A
américa móvil,9266745.69,MXN,OP-317184,24-Nov-2020,N/A,N/A
GRUPO MÉXICO,3986278.05,EUR,OP-521245,10-Feb-2016,2018-08-02,904
grupo carso,4778955.22,MXN,OP-806639,"March 25, 2019",19/07/2022,1212
femsa,6689013.51,EUR,OP-437216,25-Jul-2019,2024-02-15,1666
BANORTE,2348710.85,MXN,OP-779765,2020-04-23,02/09/2021,292
PEMEX,1998138.39,EUR,OP-305651,2019-07-02,N/A,N/A
GRUPO CARSO,321867.51,USD,OP-744623,2024-07-05,N/A,N/A
grupo lala,2778365.27,USD,OP-419822,"April 15, 2025",N/A,N/A
telmex,7905334.45,EUR,OP-148379,02-Dec-2015,05-Dec-2024,3291
soriana,4863750.68,EUR,OP-586439,2019-08-23,17/02/2020,178
BBVA MÉXICO,4980282.46,USD,OP-711514,03-Apr-2019,N/A,N/A
LIVERPOOL,4099513.61,MXN,OP-341750,"April 17, 2019",N/A,N/A
AMÉRICA MÓVIL,1468441.76,EUR,OP-616253,2025-04-05,N/A,N/A
WALMART DE MÉXICO,1571339.73,MXN,OP-825694,10-Apr-2018,N/A,N/A
cemex,5533056.95,USD,OP-447267,"December 12, 2015",2016-02-06,56
PEMEX,7099592.46,USD,OP-569367,18/08/2019,30/04/2025,2082
GRUPO BIMBO,3254284.02,MXN,OP-489195,2022-10-22,N/A,N/A
grupo méxico,4448864.2,EUR,OP-124584,22-Apr-2023,N/A,N/A
femsa,2758181.27,USD,OP-397476,"July 24, 2017",22-Jun-2023,2159
femsa,688819.35,EUR,OP-164975,"March 19, 2024",N/A,N/A
grupo lala,8006086.28,USD,OP-337800,2015-12-16,"August 09, 2024",3159
grupo carso,4945310.94,EUR,OP-531588,"April 25, 2018",2022-05-25,1491
banorte,3388345.56,EUR,OP-783374,28/01/2022,N/A,N/A
TELMEX,9561002.24,USD,OP-883157,2017-12-30,27/07/2021,1305
grupo bimbo,6459699.54,MXN,OP-663335,18/10/2019,N/A,N/A
grupo méxico,2035563.66,MXN,OP-304795,2023-06-19,N/A,N/A
BANORTE,6124350.91,USD,OP-519042,17-Feb-2023,N/A,N/A
liverpool,3234758.98,EUR,OP-980624,2022-04-11,N/A,N/A
cemex,4699302.22,EUR,OP-498758,"February 14, 2020",N/A,N/A
alsea,7509256.21,USD,OP-958754,"October 05, 2024",N/A,N/A
femsa,567786.49,EUR,OP-679995,2019-06-09,2023-01-09,1310
alsea,9162805.94,EUR,OP-117049,05/04/2020,N/A,N/A
BANORTE,8033105.42,MXN,OP-851506,17/12/2015,"June 14, 2022",2371
WALMART DE MÉXICO,6008278.18,MXN,OP-241756,01-Jun-2017,09/10/2021,1562
femsa,4530896.94,MXN,OP-132696,03-Feb-2022,N/A,N/A
femsa,286096.01,USD,OP-603200,"October 31, 2022",N/A,N/A
GRUPO CARSO,1223441.35,EUR,OP-267534,13/02/2022,N/A,N/A
WALMART DE MÉXICO,8528771.27,USD,OP-506958,18-Jul-2017,2018-11-29,499
TELMEX,481697.74,MXN,OP-907289,31-Oct-2018,07-Nov-2018,7
soriana,3397721.62,MXN,OP-777441,2017-07-22,N/A,N/A
bbva méxico,3532621.84,USD,OP-523180,02/08/2023,N/A,N/A
bbva méxico,9242668.71,MXN,OP-469991,"August 23, 2021",2022-10-22,425
liverpool,3706124.61,EUR,OP-649872,"November 22, 2023",N/A,N/A
CEMEX,9641442.95,EUR,OP-764383,04-Mar-2021,N/A,N/A
grupo lala,3010713.29,USD,OP-530193,27-Dec-2015,N/A,N/A
grupo méxico,4456037.53,MXN,OP-828371,10-Jul-2022,"October 26, 2023",473
BANORTE,4235743.32,USD,OP-556876,2024-06-04,N/A,N/A
FEMSA,8480369.87,USD,OP-271098,2022-02-21,"March 07, 2025",1110
FEMSA,4651667.7,MXN,OP-524911,2025-01-27,2025-05-22,115
AMÉRICA MÓVIL,2088585.8,EUR,OP-104907,02-Mar-2024,20/07/2025,505
walmart de méxico,2264267.0,EUR,OP-394877,25-Jul-2023,N/A,N/A
GRUPO MÉXICO,9614357.99,EUR,OP-509196,"May 02, 2025",N/A,N/A
BBVA MÉXICO,3332939.04,EUR,OP-935718,"January 02, 2019",14/06/2021,894
BANORTE,9243408.58,USD,OP-460927,"June 11, 2021",N/A,N/A
pemex,7523984.8,EUR,OP-476668,2022-03-15,N/A,N/A
GRUPO LALA,3552063.22,EUR,OP-207375,16/08/2019,N/A,N/A
FEMSA,1639142.84,USD,OP-896596,"November 19, 2015",2021-06-06,2026
liverpool,5488591.05,MXN,OP-158157,"October 08, 2021",N/A,N/A
BBVA MÉXICO,4749393.44,USD,OP-581854,29/03/2024,N/A,N/A
bbva méxico,1664022.4,USD,OP-876103,08/10/2015,2018-08-25,1111
alsea,5056460.97,USD,OP-129793,2018-08-31,"October 31, 2021",1157
liverpool,1510160.04,EUR,OP-794395,21-Sep-2019,"September 24, 2022",1099
GRUPO BIMBO,2981335.1,MXN,OP-730414,2019-01-15,N/A,N/A
liverpool,4723684.84,MXN,OP-750220,20/11/2023,N/A,N/A
alsea,7081758.24,USD,OP-932920,"March 05, 2020",N/A,N/A
liverpool,8775869.49,USD,OP-844551,"February 13, 2025",N/A,N/A
pemex,1736196.81,EUR,OP-683536,"October 11, 2019",N/A,N/A
bbva méxico,7214603.58,MXN,OP-513322,"June 21, 2017",N/A,N/A
LIVERPOOL,7853983.19,MXN,OP-100308,"November 06, 2016",N/A,N/A
alsea,210950.95,EUR,OP-730546,"August 31, 2015",N/A,N/A
bbva méxico,6810281.09,EUR,OP-388993,2016-04-04,04/01/2020,1458
PEMEX,7322098.79,EUR,OP-158551,2019-06-04,12-Feb-2024,1714
AMÉRICA MÓVIL,5520912.62,EUR,OP-784977,08/04/2022,N/A,N/A
femsa,1929632.48,MXN,OP-642769,28/07/2022,N/A,N/A
pemex,5638172.81,USD,OP-305200,"July 14, 2017","April 23, 2021",1379
BANORTE,3449970.1,EUR,OP-876970,13-Sep-2019,2020-12-15,459
grupo méxico,227829.44,EUR,OP-423127,"May 25, 2019",N/A,N/A
grupo bimbo,1036242.25,EUR,OP-180073,2024-08-11,"July 28, 2025",351
liverpool,7334090.92,EUR,OP-474736,30-Jun-2022,N/A,N/A
grupo lala,9715862.72,USD,OP-882039,13/01/2017,27/05/2024,2691
walmart de méxico,9881178.58,MXN,OP-594911,11/03/2019,N/A,N/A
ALSEA,4976632.72,MXN,OP-518277,"January 28, 2023",25/08/2024,575
cemex,1535724.58,USD,OP-617865,26/09/2022,2025-06-10,988
pemex,9383353.48,USD,OP-218909,28-Jun-2017,N/A,N/A
AMÉRICA MÓVIL,7962753.28,EUR,OP-714230,30/01/2017,21/09/2018,599
grupo carso,7832871.34,USD,OP-652652,"July 06, 2025",N/A,N/A
BANORTE,8307280.71,MXN,OP-340052,06/02/2024,N/A,N/A
CEMEX,7696791.48,EUR,OP-560787,09-Jun-2017,N/A,N/A
GRUPO CARSO,2647977.23,EUR,OP-621111,"July 25, 2019",N/A,N/A
ALSEA,4328707.21,USD,OP-806624,20/09/2015,"July 07, 2018",1021
walmart de méxico,5677695.76,EUR,OP-645457,2017-03-30,"December 14, 2024",2816
GRUPO CARSO,4510590.78,MXN,OP-832871,09/02/2019,2021-06-30,667
walmart de méxico,8506702.43,USD,OP-719320,2021-09-14,2023-11-03,780
AMÉRICA MÓVIL,4295307.72,USD,OP-765293,"January 29, 2023",N/A,N/A
GRUPO CARSO,5157641.88,EUR,OP-558169,12/08/2022,N/A,N/A
AMÉRICA MÓVIL,7641041.6,MXN,OP-916368,10-Feb-2021,09-Apr-2021,58
américa móvil,8190200.3,MXN,OP-643811,20/11/2018,N/A,N/A
GRUPO BIMBO,1841476.04,USD,OP-225065,2015-11-22,15-May-2019,1270
ALSEA,6663110.57,MXN,OP-186592,"August 06, 2025",N/A,N/A
telmex,8549990.78,USD,OP-692158,2019-08-24,17-Sep-2023,1485
FEMSA,4142755.47,MXN,OP-607394,"June 05, 2025",N/A,N/A
GRUPO LALA,4893656.4,USD,OP-365431,18-May-2020,22/08/2023,1191
liverpool,8939441.2,USD,OP-292369,12-Jul-2020,N/A,N/A
soriana,8241980.55,EUR,OP-677264,09/04/2019,N/A,N/A
PEMEX,8243605.92,EUR,OP-831650,31-Aug-2016,2024-08-25,2916
PEMEX,5065199.45,EUR,OP-992831,2018-06-02,23-Nov-2019,539
grupo méxico,4773045.17,MXN,OP-595441,24-May-2023,N/A,N/A
liverpool,8802278.89,USD,OP-453254,"December 31, 2022",N/A,N/A
grupo lala,1648723.43,EUR,OP-789104,2019-04-01,N/A,N/A
alsea,5865811.22,MXN,OP-111196,14-Dec-2016,N/A,N/A
AMÉRICA MÓVIL,6146559.73,MXN,OP-667930,"July 05, 2025",N/A,N/A
ALSEA,7204089.58,MXN,OP-620061,16-Nov-2017,2021-11-07,1452
femsa,999582.79,MXN,OP-618611,"September 25, 2019",23-Nov-2024,1886
ALSEA,2962611.94,MXN,OP-609247,2019-05-24,N/A,N/A
walmart de méxico,8224043.94,EUR,OP-821254,2020-04-04,24/12/2023,1359
pemex,6864159.47,MXN,OP-738993,2018-01-02,21-Aug-2021,1327
telmex,8213356.85,MXN,OP-291535,04/01/2017,04-Nov-2018,582
liverpool,2592553.78,MXN,OP-668493,11-Jul-2019,2024-03-03,1697
grupo carso,8051954.58,EUR,OP-194685,2016-04-28,2018-12-17,963
FEMSA,1536221.95,MXN,OP-224225,"February 12, 2024",N/A,N/A
GRUPO LALA,2812608.21,USD,OP-381063,09/07/2023,N/A,N/A
walmart de méxico,2934727.53,USD,OP-695732,30-Mar-2019,N/A,N/A
CEMEX,5388235.56,EUR,OP-928684,2020-03-08,N/A,N/A
LIVERPOOL,1297807.87,USD,OP-861662,2018-10-09,N/A,N/A
grupo bimbo,4104031.2,EUR,OP-987860,08-Oct-2019,N/A,N/A
CEMEX,1924164.47,USD,OP-315857,2019-10-25,N/A,N/A
liverpool,1404492.38,USD,OP-939652,20-Jun-2017,06-Jan-2023,2026
LIVERPOOL,4039345.09,EUR,OP-177815,30-Jan-2023,"August 21, 2025",934
grupo carso,7848042.81,MXN,OP-770837,"March 03, 2024",N/A,N/A
walmart de méxico,8972603.4,MXN,OP-778494,17-Jan-2019,N/A,N/A
liverpool,2910141.43,USD,OP-149182,15/11/2020,N/A,N/A
GRUPO MÉXICO,5203187.29,USD,OP-906377,2019-09-28,"July 15, 2023",1386
alsea,8774707.95,USD,OP-415986,2024-11-09,N/A,N/A
bbva méxico,1337980.9,USD,OP-384416,"May 02, 2021","January 02, 2025",1341
grupo carso,9160825.15,USD,OP-618567,03/08/2018,N/A,N/A
banorte,4196272.1,USD,OP-365216,23-Sep-2018,12-Jul-2025,2484
GRUPO MÉXICO,3190559.0,MXN,OP-202545,2020-02-25,"March 17, 2020",21
GRUPO MÉXICO,5978445.05,MXN,OP-961873,2022-02-21,N/A,N/A
ALSEA,6628282.72,EUR,OP-563625,"February 18, 2023",N/A,N/A
PEMEX,6337153.31,USD,OP-308521,07/01/2025,N/A,N/A
PEMEX,1705213.11,EUR,OP-853105,2016-05-28,21-May-2022,2184
GRUPO CARSO,1362747.78,USD,OP-931525,10/08/2018,N/A,N/A
FEMSA,5883292.5,EUR,OP-386028,20/08/2018,25-Feb-2021,920
soriana,3306564.98,MXN,OP-102369,17/07/2023,N/A,N/A
grupo bimbo,1865014.95,USD,OP-946124,22-Jun-2016,28/08/2018,797
FEMSA,724192.63,MXN,OP-482398,"February 20, 2019",20/07/2020,516
telmex,2822027.92,EUR,OP-335704,04/07/2025,N/A,N/A
GRUPO MÉXICO,8583809.62,EUR,OP-973093,28-Jan-2021,09-Nov-2024,1381
américa móvil,9628666.02,MXN,OP-191231,2019-02-06,2020-04-15,434
grupo méxico,979457.04,MXN,OP-591572,"November 03, 2015",16/03/2020,1595
alsea,1672482.75,EUR,OP-408443,2018-08-08,01-Mar-2022,1301
soriana,781880.0,EUR,OP-608628,29-Sep-2017,01/05/2022,1559
cemex,5900185.75,USD,OP-539190,"February 07, 2024",N/A,N/A
AMÉRICA MÓVIL,2707072.37,EUR,OP-156484,09-Jun-2017,N/A,N/A
FEMSA,2956856.1,EUR,OP-745297,"February 21, 2023",N/A,N/A
FEMSA,3896077.33,MXN,OP-205684,"April 05, 2022",N/A,N/A
femsa,5437524.92,USD,OP-603749,2020-03-29,N/A,N/A
femsa,6936623.28,EUR,OP-915080,26-Feb-2017,N/A,N/A
GRUPO LALA,735470.67,USD,OP-582209,13/08/2023,15-Sep-2024,399
GRUPO BIMBO,3750951.1,EUR,OP-741391,2019-07-27,19/04/2020,267
bbva méxico,8151326.96,USD,OP-187701,2016-11-02,N/A,N/A
walmart de méxico,1821724.48,MXN,OP-253895,12-Dec-2018,N/A,N/A
alsea,4741522.04,EUR,OP-541382,"December 17, 2020",N/A,N/A
GRUPO BIMBO,7451574.69,MXN,OP-257887,"August 08, 2020",N/A,N/A
AMÉRICA MÓVIL,4534676.74,EUR,OP-360419,10-Jan-2020,N/A,N/A
pemex,3399381.23,USD,OP-516747,"September 01, 2016",23/02/2019,905
bbva méxico,8937826.69,EUR,OP-727272,"January 28, 2023",N/A,N/A
PEMEX,1953372.9,USD,OP-861014,20-Jan-2025,N/A,N/A
LIVERPOOL,7270855.62,MXN,OP-977967,27/02/2017,2017-06-05,98
AMÉRICA MÓVIL,8420626.7,MXN,OP-862203,23-May-2016,2018-02-18,636
grupo lala,1942179.89,EUR,OP-175880,"August 29, 2016","June 12, 2020",1383
TELMEX,3088249.7,MXN,OP-633902,02-Apr-2022,N/A,N/A
grupo carso,3316381.29,EUR,OP-773665,21-Oct-2018,N/A,N/A
grupo bimbo,7284465.27,MXN,OP-136571,29-Jun-2021,2024-05-05,1041
BANORTE,1872003.66,USD,OP-965293,09/04/2023,N/A,N/A
américa móvil,7415027.29,MXN,OP-629114,"February 07, 2016",2024-07-02,3068
PEMEX,3684678.22,USD,OP-981100,04-Jun-2020,N/A,N/A
telmex,8970872.86,USD,OP-179819,"January 30, 2025",N/A,N/A
pemex,8965796.24,MXN,OP-165296,2016-07-15,23/04/2024,2839
bbva méxico,7746664.93,USD,OP-168541,16-Feb-2025,21/06/2025,125
pemex,3675319.5,EUR,OP-812801,2019-05-13,N/A,N/A
grupo méxico,6798417.04,EUR,OP-405869,29-Mar-2018,2024-09-15,2362
BBVA MÉXICO,3975260.27,MXN,OP-559667,13-Oct-2021,N/A,N/A
bbva méxico,9175924.8,MXN,OP-802929,"July 01, 2022",2024-05-26,695
BANORTE,524538.27,EUR,OP-973117,19-Aug-2017,14/02/2019,544
TELMEX,764406.18,USD,OP-358001,11/08/2022,N/A,N/A
BBVA MÉXICO,6274638.58,USD,OP-708301,23-Sep-2024,N/A,N/A
CEMEX,8034639.85,EUR,OP-383776,31/01/2022,N/A,N/A
grupo méxico,1271934.52,MXN,OP-129722,22/07/2016,N/A,N/A
femsa,6360373.61,MXN,OP-630757,01/03/2019,"April 29, 2021",847
bbva méxico,1895342.7,USD,OP-745577,2025-07-20,N/A,N/A
soriana,9282356.01,USD,OP-310846,"February 19, 2022",N/A,N/A
femsa,3079093.35,USD,OP-894820,12/06/2024,N/A,N/A
GRUPO BIMBO,8749823.81,USD,OP-333827,2017-06-30,17-May-2023,2147
banorte,5297095.59,USD,OP-460852,25/09/2023,N/A,N/A
bbva méxico,2677968.14,MXN,OP-560035,2024-10-21,N/A,N/A
GRUPO BIMBO,984564.07,USD,OP-611925,12-Sep-2021,N/A,N/A
FEMSA,474047.49,MXN,OP-426634,31/12/2024,N/A,N/A
soriana,8352600.93,MXN,OP-814509,"June 03, 2023",N/A,N/A
GRUPO MÉXICO,6144270.12,EUR,OP-618702,15-Jul-2023,N/A,N/A
grupo lala,1539804.85,EUR,OP-158122,07-Aug-2019,N/A,N/A
SORIANA,474234.64,MXN,OP-688608,12/04/2023,N/A,N/A
américa móvil,3240329.66,USD,OP-927742,27-Nov-2015,2019-08-29,1371
telmex,4098532.39,EUR,OP-915014,03-May-2021,N/A,N/A
américa móvil,6519695.28,EUR,OP-293743,2024-06-18,N/A,N/A
GRUPO LALA,5268246.49,EUR,OP-306285,"November 03, 2016","March 24, 2020",1237
CEMEX,2437942.07,EUR,OP-366154,19-Nov-2023,N/A,N/A
soriana,7817845.66,MXN,OP-610856,17-Aug-2020,N/A,N/A
WALMART DE MÉXICO,4970147.84,MXN,OP-589659,"July 24, 2024",N/A,N/A
soriana,4473583.8,EUR,OP-142721,02/02/2021,N/A,N/A
liverpool,2676410.74,MXN,OP-985224,"May 25, 2021",13/05/2025,1449
soriana,9568401.61,USD,OP-485257,08/09/2024,N/A,N/A
bbva méxico,2098837.53,MXN,OP-769598,2016-03-13,14/04/2019,1127
BBVA MÉXICO,7154401.36,EUR,OP-624328,02/12/2016,"March 02, 2021",1845
walmart de méxico,435800.03,MXN,OP-719100,"August 14, 2023",N/A,N/A
pemex,9580751.38,EUR,OP-496158,2016-05-29,2025-04-21,3249
SORIANA,6349851.29,USD,OP-259526,21/10/2023,N/A,N/A
GRUPO MÉXICO,6753862.85,USD,OP-383545,06-Jan-2022,N/A,N/A
telmex,3611596.74,EUR,OP-813041,02-Nov-2021,"December 03, 2022",396
ALSEA,2792046.29,MXN,OP-976668,"August 09, 2023",2025-02-09,550
LIVERPOOL,1982174.22,USD,OP-371088,"February 28, 2023",05-May-2025,797
GRUPO BIMBO,5003006.36,USD,OP-395887,14-May-2025,N/A,N/A
femsa,6427616.45,MXN,OP-805778,"October 06, 2016",2024-05-27,2790
GRUPO BIMBO,5368710.64,USD,OP-644604,"November 05, 2018",N/A,N/A
BANORTE,4512369.64,MXN,OP-313715,24-Dec-2023,N/A,N/A
TELMEX,9908418.43,USD,OP-982225,"September 19, 2023",N/A,N/A
LIVERPOOL,237965.81,USD,OP-497930,09/05/2025,N/A,N/A
GRUPO LALA,3915364.38,EUR,OP-376081,13-Feb-2018,11/11/2021,1367
grupo carso,1645165.78,EUR,OP-382755,16/07/2021,N/A,N/A
américa móvil,1744091.87,EUR,OP-994214,27/07/2022,N/A,N/A
BANORTE,8548510.23,MXN,OP-966542,"May 17, 2022",26-Apr-2023,344
GRUPO LALA,7163358.1,USD,OP-243826,"October 14, 2023",N/A,N/A
WALMART DE MÉXICO,5454511.51,USD,OP-639786,19-Aug-2023,N/A,N/A
américa móvil,2315528.46,MXN,OP-855478,2024-01-05,N/A,N/A
GRUPO LALA,2193457.2,USD,OP-691243,08/08/2023,N/A,N/A
WALMART DE MÉXICO,3182416.04,MXN,OP-874639,19-Nov-2015,N/A,N/A
grupo carso,2679793.68,MXN,OP-852275,14-Jun-2019,N/A,N/A
liverpool,2297358.43,MXN,OP-983652,"February 14, 2023",N/A,N/A
walmart de méxico,5564771.05,USD,OP-803262,"April 05, 2017",09-Dec-2017,248
PEMEX,6058201.41,USD,OP-994822,"November 09, 2018","October 29, 2022",1450
femsa,1591393.4,MXN,OP-938849,"March 25, 2020",N/A,N/A
pemex,1086685.13,EUR,OP-664293,07/09/2017,N/A,N/A
ALSEA,1947660.03,EUR,OP-208223,22/07/2023,N/A,N/A
américa móvil,1670949.9,EUR,OP-910443,22/09/2020,31/01/2025,1592
AMÉRICA MÓVIL,1643119.24,MXN,OP-605317,2024-12-25,N/A,N/A
AMÉRICA MÓVIL,5541491.3,EUR,OP-676247,02/12/2021,N/A,N/A
telmex,8990483.49,EUR,OP-989811,2018-03-16,"May 02, 2024",2239
banorte,324060.7,EUR,OP-676700,09/09/2023,N/A,N/A
grupo lala,3587268.97,EUR,OP-744133,17-Nov-2017,N/A,N/A
banorte,7688024.0,USD,OP-331080,"July 16, 2023",N/A,N/A
femsa,503593.52,MXN,OP-743348,2019-11-02,06-Aug-2022,1008
ALSEA,7373251.61,USD,OP-249398,2023-01-21,2025-02-13,754
BBVA MÉXICO,2651121.3,USD,OP-598899,21-Jan-2025,N/A,N/A
soriana,8884233.77,USD,OP-648091,02/10/2017,02/01/2022,1817
grupo lala,246693.38,EUR,OP-110930,28/02/2023,N/A,N/A
WALMART DE MÉXICO,9978519.58,USD,OP-155843,"May 26, 2022",29/02/2024,644
GRUPO MÉXICO,4243427.98,USD,OP-323713,2025-02-20,N/A,N/A
soriana,5779559.43,MXN,OP-130956,25-Mar-2022,N/A,N/A
américa móvil,746078.23,MXN,OP-189460,22-May-2018,2023-07-30,1895
bbva méxico,9721224.6,EUR,OP-415620,2024-08-14,2025-01-18,157
américa móvil,8317739.27,EUR,OP-293592,2017-03-08,06-Feb-2019,700
ALSEA,6681743.38,MXN,OP-886791,26-Jul-2022,N/A,N/A
alsea,7037615.32,EUR,OP-507073,29/01/2016,"January 04, 2019",1071
bbva méxico,1057819.45,EUR,OP-476312,"May 14, 2020",N/A,N/A
telmex,3264250.5,USD,OP-443014,2019-10-02,N/A,N/A
CEMEX,7961920.28,EUR,OP-303469,2018-05-21,N/A,N/A
bbva méxico,3493915.74,EUR,OP-308378,"July 08, 2017",2024-03-23,2450
ALSEA,2657752.76,MXN,OP-818516,26/07/2023,N/A,N/A
SORIANA,7959750.87,EUR,OP-145287,"May 20, 2023",N/A,N/A
SORIANA,4228555.05,EUR,OP-719947,2015-10-26,05/02/2019,1284
AMÉRICA MÓVIL,3226328.65,EUR,OP-974472,24-Feb-2025,N/A,N/A
grupo lala,4962523.88,MXN,OP-420237,18-May-2024,N/A,N/A
BANORTE,1668452.79,EUR,OP-440656,30-Jul-2022,N/A,N/A
SORIANA,2364960.8,MXN,OP-245671,27-Mar-2024,N/A,N/A
BANORTE,6977287.19,EUR,OP-522049,2015-09-15,N/A,N/A
walmart de méxico,3601737.49,EUR,OP-723518,29-Aug-2022,N/A,N/A
banorte,2817227.13,USD,OP-594152,2020-04-28,N/A,N/A
pemex,7935781.17,MXN,OP-460010,12/11/2020,"March 18, 2025",1558
GRUPO MÉXICO,399731.09,USD,OP-851270,2020-03-16,N/A,N/A
TELMEX,5794238.56,MXN,OP-282996,"November 30, 2023",2024-10-29,334
bbva méxico,4932579.57,EUR,OP-701292,14/05/2020,07-Jun-2021,389
grupo méxico,3861664.38,USD,OP-224731,2020-11-09,22/03/2024,1229
FEMSA,6809925.98,MXN,OP-499287,2017-03-12,31/03/2022,1845
femsa,7272922.13,USD,OP-991335,27/04/2019,N/A,N/A
walmart de méxico,2557318.95,USD,OP-427610,"November 14, 2017",N/A,N/A
grupo lala,8262556.5,EUR,OP-956154,2015-08-28,08-Aug-2023,2902
américa móvil,3009152.32,USD,OP-338845,"August 31, 2019",N/A,N/A
grupo lala,3047642.48,MXN,OP-988729,2016-10-09,N/A,N/A
GRUPO MÉXICO,4344687.22,EUR,OP-831005,13/08/2021,N/A,N/A
grupo bimbo,7205816.3,MXN,OP-446309,"February 12, 2017",N/A,N/A
telmex,8285980.08,EUR,OP-309340,2018-11-13,15-Sep-2019,306
grupo méxico,373079.69,MXN,OP-759087,"February 09, 2024",N/A,N/A
GRUPO LALA,9160320.09,MXN,OP-483513,2020-08-18,"February 28, 2021",194
alsea,6480830.28,MXN,OP-237399,"September 18, 2020",N/A,N/A
SORIANA,8277637.88,MXN,OP-443637,03/06/2017,N/A,N/A
BBVA MÉXICO,3510941.69,MXN,OP-910158,2024-01-25,N/A,N/A
soriana,8356664.62,EUR,OP-203329,28-May-2018,12-Jan-2022,1325
ALSEA,7530043.86,MXN,OP-700226,"June 05, 2025",N/A,N/A
femsa,4552582.08,USD,OP-372418,"September 07, 2020","August 01, 2023",1058
liverpool,2992873.28,MXN,OP-952710,2020-05-17,N/A,N/A
grupo méxico,8309293.82,USD,OP-127691,2019-12-16,"January 20, 2020",35
LIVERPOOL,3389210.58,USD,OP-413825,2015-12-11,"January 03, 2021",1850
GRUPO BIMBO,7641446.47,EUR,OP-782746,20/10/2021,N/A,N/A
WALMART DE MÉXICO,9395640.7,EUR,OP-210152,20-May-2017,16-May-2022,1822
BANORTE,1348212.92,USD,OP-543185,2025-07-25,N/A,N/A
grupo méxico,7207706.46,USD,OP-343150,11/04/2021,N/A,N/A
BBVA MÉXICO,3044501.71,MXN,OP-347616,23/02/2021,N/A,N/A
banorte,8240985.29,MXN,OP-998798,29/04/2023,N/A,N/A
ALSEA,3747435.92,MXN,OP-928306,2016-07-08,2016-11-07,122
PEMEX,748123.97,USD,OP-298011,2023-01-22,N/A,N/A
TELMEX,2796793.58,EUR,OP-128928,2020-01-15,N/A,N/A
femsa,8670422.07,EUR,OP-475531,"August 26, 2021",N/A,N/A
BBVA MÉXICO,2635688.88,MXN,OP-439028,"June 03, 2017",2020-10-04,1219
GRUPO BIMBO,8133236.95,EUR,OP-641777,2021-12-22,N/A,N/A
GRUPO BIMBO,7521322.94,USD,OP-483945,27-Apr-2022,N/A,N/A
SORIANA,2210828.19,USD,OP-591300,2021-06-20,N/A,N/A
GRUPO CARSO,7347318.84,USD,OP-740417,2020-10-01,N/A,N/A
FEMSA,2298792.27,MXN,OP-511129,22/09/2023,N/A,N/A
walmart de méxico,2299501.2,USD,OP-681413,"November 09, 2022",N/A,N/A
pemex,3704452.9,USD,OP-702892,25-Jan-2017,2020-10-14,1358
pemex,9767683.46,MXN,OP-431425,2016-10-30,N/A,N/A
cemex,287298.49,MXN,OP-634719,12/09/2021,02/08/2023,426
GRUPO MÉXICO,7658900.08,USD,OP-309217,"June 20, 2018",24/06/2019,369
telmex,7396113.4,EUR,OP-588229,2017-07-28,N/A,N/A
GRUPO MÉXICO,2142716.38,EUR,OP-198281,24/04/2019,N/A,N/A
PEMEX,5758360.41,EUR,OP-301604,11/06/2025,N/A,N/A
AMÉRICA MÓVIL,8913086.93,EUR,OP-978737,13-Oct-2022,N/A,N/A
banorte,8718639.84,USD,OP-295796,13/08/2025,N/A,N/A
BBVA MÉXICO,6860090.56,USD,OP-144770,"November 26, 2024",N/A,N/A
WALMART DE MÉXICO,9787439.79,MXN,OP-309168,27/03/2019,N/A,N/A
banorte,8313962.74,EUR,OP-770105,09-Dec-2020,2023-10-22,1047
grupo méxico,6679068.27,USD,OP-701202,"February 08, 2019",2024-05-04,1912
walmart de méxico,4801729.89,USD,OP-555437,2016-01-09,2019-01-23,1110
GRUPO CARSO,2270563.39,EUR,OP-682936,22/06/2018,N/A,N/A
TELMEX,3388960.07,MXN,OP-355179,2021-12-01,28-Jun-2023,574
grupo bimbo,8798103.08,USD,OP-505068,"October 14, 2016",N/A,N/A
GRUPO LALA,658007.72,MXN,OP-349745,30/05/2016,N/A,N/A
grupo méxico,8525655.01,EUR,OP-147363,"April 17, 2017",N/A,N/A
LIVERPOOL,884412.39,EUR,OP-878454,13/07/2016,N/A,N/A
WALMART DE MÉXICO,2757242.89,MXN,OP-414604,"May 08, 2020",2022-10-05,880
CEMEX,5718915.24,USD,OP-315954,22/06/2022,N/A,N/A
banorte,7442574.25,USD,OP-269966,"May 17, 2023",2023-05-29,12
cemex,9316829.57,USD,OP-233400,16/06/2024,07/12/2024,26
walmart de méxico,7722326.51,MXN,OP-775022,2018-03-27,N/A,N/A
BANORTE,5334216.97,USD,OP-451424,"February 02, 2023",N/A,N/A
liverpool,8953665.3,MXN,OP-150484,"January 04, 2019",N/A,N/A
SORIANA,6456459.4,EUR,OP-921261,"May 23, 2020",N/A,N/A
walmart de méxico,8055130.85,MXN,OP-796119,23/08/2016,20/01/2024,2706
GRUPO BIMBO,9426829.05,USD,OP-111592,"June 14, 2018",2024-08-25,2264
grupo bimbo,7703179.8,MXN,OP-281497,07-Oct-2016,N/A,N/A
banorte,8447918.48,MXN,OP-745590,22/07/2016,"December 29, 2023",2716
walmart de méxico,1571146.72,USD,OP-235948,23-Oct-2016,N/A,N/A
grupo carso,1148469.25,MXN,OP-880848,2017-03-23,N/A,N/A
banorte,8772070.62,MXN,OP-788620,24-Aug-2020,N/A,N/A
GRUPO MÉXICO,8208568.78,MXN,OP-827190,14-Feb-2023,N/A,N/A
GRUPO MÉXICO,918953.05,MXN,OP-248389,22-Nov-2020,N/A,N/A
PEMEX,3042464.68,USD,OP-430004,06-Nov-2023,N/A,N/A
ALSEA,4115796.39,EUR,OP-254374,08-Nov-2021,15/03/2025,1223
LIVERPOOL,5102374.55,MXN,OP-180670,2019-12-18,N/A,N/A
FEMSA,5022015.73,MXN,OP-486712,17-Aug-2021,N/A,N/A
SORIANA,5257596.49,MXN,OP-781810,18-Jan-2023,14/10/2023,269
cemex,3625188.68,MXN,OP-521946,"September 24, 2021",N/A,N/A
CEMEX,9464064.63,USD,OP-109897,"June 19, 2016",16/09/2024,3011
bbva méxico,2095816.06,MXN,OP-971214,06/04/2020,08/04/2025,1887
GRUPO LALA,3684836.87,EUR,OP-679003,26/06/2020,N/A,N/A
liverpool,1187068.56,USD,OP-302834,2021-05-13,N/A,N/A
femsa,7999517.3,EUR,OP-827094,08-Jul-2018,2019-04-21,287
femsa,4606004.4,MXN,OP-487263,2017-12-21,03-Mar-2018,72
alsea,3267704.57,MXN,OP-412466,2019-12-28,N/A,N/A
américa móvil,4387569.13,USD,OP-168224,2021-12-17,26/02/2024,801
grupo lala,6073774.88,EUR,OP-264847,2022-07-09,N/A,N/A
bbva méxico,6447989.93,USD,OP-129370,18-Mar-2019,N/A,N/A
LIVERPOOL,2166063.27,EUR,OP-835560,14/07/2017,N/A,N/A
LIVERPOOL,8130470.67,MXN,OP-464946,2019-08-14,N/A,N/A
SORIANA,2400163.17,EUR,OP-246773,2020-10-08,N/A,N/A
alsea,5492148.12,EUR,OP-686138,"June 05, 2021",N/A,N/A
grupo bimbo,7209070.34,USD,OP-362871,04/06/2016,29/08/2020,1606
banorte,9468556.98,USD,OP-615345,"February 23, 2018",N/A,N/A
GRUPO BIMBO,6875754.35,USD,OP-534250,02/07/2025,N/A,N/A
soriana,8413163.23,USD,OP-236161,14/01/2025,N/A,N/A
GRUPO MÉXICO,7924379.67,MXN,OP-949792,18-Jul-2020,19/11/2024,1585
banorte,2179063.12,MXN,OP-381684,"August 06, 2022",N/A,N/A
grupo bimbo,8883857.4,EUR,OP-933123,22/06/2025,N/A,N/A
LIVERPOOL,8055831.88,EUR,OP-788773,"August 29, 2021",N/A,N/A
grupo carso,1364110.46,EUR,OP-840328,2016-11-13,N/A,N/A
GRUPO MÉXICO,4481098.05,EUR,OP-372374,10/11/2020,N/A,N/A
telmex,3652222.41,EUR,OP-165000,2024-12-31,N/A,N/A
ALSEA,566670.98,MXN,OP-948319,28/02/2021,N/A,N/A
banorte,5803455.32,USD,OP-618463,"October 12, 2024",2025-07-02,263
banorte,4016137.96,MXN,OP-425670,2017-01-14,06-Aug-2023,2395
banorte,5743394.53,EUR,OP-726964,"September 29, 2022",N/A,N/A
BBVA MÉXICO,5248780.55,USD,OP-780831,19-Feb-2016,"June 07, 2020",1570
AMÉRICA MÓVIL,4953242.75,USD,OP-766967,2023-06-21,N/A,N/A
WALMART DE MÉXICO,2864467.47,EUR,OP-291993,"May 03, 2023",N/A,N/A
CEMEX,6844355.8,MXN,OP-519923,2021-01-27,N/A,N/A
FEMSA,6213856.65,EUR,OP-142756,29/05/2024,N/A,N/A
soriana,9914700.41,MXN,OP-640280,"January 19, 2021",N/A,N/A
femsa,5558919.2,MXN,OP-596388,25/12/2021,N/A,N/A
femsa,6323778.5,EUR,OP-730494,"February 17, 2019","April 11, 2019",53
BBVA MÉXICO,8854780.11,MXN,OP-705712,07/02/2020,N/A,N/A
grupo bimbo,783630.36,MXN,OP-367530,08-Dec-2017,N/A,N/A
ALSEA,8442997.33,USD,OP-638518,20/11/2018,N/A,N/A
soriana,1264057.9,EUR,OP-974782,28-May-2023,N/A,N/A
BBVA MÉXICO,9688813.64,USD,OP-957782,21-Aug-2024,N/A,N/A
femsa,3502546.42,USD,OP-581029,"April 07, 2024",N/A,N/A
walmart de méxico,7328252.26,MXN,OP-952832,29-Jul-2025,N/A,N/A
bbva méxico,1082215.13,MXN,OP-341260,"August 07, 2017",13/12/2018,493
bbva méxico,1039397.68,USD,OP-169435,24/11/2021,N/A,N/A
liverpool,7624305.97,USD,OP-737278,"January 09, 2025",N/A,N/A
CEMEX,395938.67,USD,OP-394997,2019-06-03,N/A,N/A
FEMSA,5645646.73,USD,OP-149485,2017-09-02,05/07/2025,2804
grupo lala,9508745.76,USD,OP-150447,30-Dec-2023,N/A,N/A
CEMEX,3314524.51,MXN,OP-867563,"April 30, 2022",N/A,N/A
BANORTE,6838256.92,USD,OP-937240,2020-12-04,06-Jun-2021,184
WALMART DE MÉXICO,2202302.99,MXN,OP-192235,26-Dec-2024,N/A,N/A
FEMSA,1656007.29,EUR,OP-339525,"July 11, 2017",2022-07-19,1834
grupo méxico,9868494.8,EUR,OP-990984,"June 03, 2016",11/04/2021,1980
BBVA MÉXICO,8365946.71,MXN,OP-305021,03-Jul-2018,09/07/2021,1162
walmart de méxico,5282411.64,MXN,OP-141309,"July 28, 2016",18/05/2023,2485
grupo méxico,5702004.02,EUR,OP-305348,"August 13, 2020",N/A,N/A
BBVA MÉXICO,9283131.76,USD,OP-708764,21/07/2021,N/A,N/A
telmex,8424501.68,EUR,OP-995611,21-Apr-2019,07-Jun-2025,2239
GRUPO MÉXICO,7092143.4,MXN,OP-767005,20-Jun-2019,N/A,N/A
telmex,5920439.63,EUR,OP-479136,2016-12-27,04/08/2021,1563
grupo bimbo,5812856.73,MXN,OP-671598,01/07/2024,N/A,N/A
BANORTE,7683010.93,USD,OP-284600,2019-02-11,04-Aug-2024,2001
alsea,5848400.24,EUR,OP-376169,15-Nov-2019,2021-03-16,487
bbva méxico,9116796.58,EUR,OP-126473,2025-03-07,N/A,N/A
grupo bimbo,9038889.83,USD,OP-757828,04-Aug-2023,N/A,N/A
AMÉRICA MÓVIL,2560116.14,EUR,OP-504749,2025-01-28,N/A,N/A
grupo carso,2534431.33,USD,OP-641088,2017-12-04,2022-02-11,1530
LIVERPOOL,5507883.4,MXN,OP-982973,"October 04, 2017",N/A,N/A
alsea,3206615.06,EUR,OP-325004,01-Jul-2022,N/A,N/A
FEMSA,2411191.13,USD,OP-270282,16-Jan-2021,N/A,N/A
AMÉRICA MÓVIL,3550435.67,EUR,OP-203200,"October 05, 2015",N/A,N/A
TELMEX,9205608.01,MXN,OP-549185,22-Aug-2025,N/A,N/A
femsa,8162452.82,MXN,OP-306292,"September 18, 2015","January 26, 2022",2322
AMÉRICA MÓVIL,2524662.62,MXN,OP-498064,"December 21, 2023",N/A,N/A
FEMSA,7674612.39,MXN,OP-300181,11/04/2023,N/A,N/A
pemex,1545618.33,USD,OP-978723,"September 18, 2019",N/A,N/A
GRUPO BIMBO,1146255.45,EUR,OP-461696,"July 02, 2021",21-Mar-2024,993
telmex,6944703.32,EUR,OP-626484,30-May-2016,11-May-2020,1442
cemex,406745.78,EUR,OP-753264,2022-07-10,25/06/2024,716
CEMEX,3335997.76,USD,OP-783202,2018-06-13,2024-04-12,2130
WALMART DE MÉXICO,5609828.03,USD,OP-156583,01/01/2024,04/02/2025,457
WALMART DE MÉXICO,6042160.28,USD,OP-943731,2025-08-21,N/A,N/A
grupo bimbo,9260502.15,MXN,OP-196877,"May 25, 2023",N/A,N/A
WALMART DE MÉXICO,6379414.35,USD,OP-184561,2016-02-12,N/A,N/A
grupo méxico,6365954.34,USD,OP-217434,2016-09-05,N/A,N/A
américa móvil,5436420.85,EUR,OP-611676,14-May-2018,18/03/2021,1039
grupo bimbo,624386.82,EUR,OP-428650,2023-09-23,N/A,N/A
WALMART DE MÉXICO,9868269.6,MXN,OP-120858,"September 10, 2023",N/A,N/A
ALSEA,9637118.4,EUR,OP-677172,03/12/2016,"October 05, 2017",572
walmart de méxico,8361667.27,EUR,OP-909852,"June 30, 2019",N/A,N/A
femsa,6253281.98,EUR,OP-858020,2016-06-06,21/01/2019,959
cemex,4209094.71,MXN,OP-260767,"May 05, 2021",11-Nov-2023,920
BANORTE,1506972.36,EUR,OP-519797,19/09/2019,12-Apr-2020,206
BBVA MÉXICO,5506741.62,MXN,OP-231502,2017-04-15,N/A,N/A
BANORTE,5547035.15,EUR,OP-330279,2023-01-22,N/A,N/A
alsea,567199.17,MXN,OP-470450,31/10/2021,N/A,N/A
PEMEX,6307045.55,MXN,OP-111414,24/02/2019,N/A,N/A
GRUPO BIMBO,8471747.16,EUR,OP-516159,2017-05-02,N/A,N/A
pemex,7454637.1,USD,OP-365458,14/02/2025,N/A,N/A
BANORTE,9388423.72,EUR,OP-183169,25-Apr-2024,N/A,N/A
GRUPO CARSO,3781713.49,USD,OP-169213,17/03/2025,N/A,N/A
banorte,7037490.68,EUR,OP-960999,2022-10-23,N/A,N/A
GRUPO BIMBO,9175851.84,MXN,OP-203273,21/08/2017,N/A,N/A
GRUPO LALA,4610271.09,EUR,OP-217267,26-May-2019,"January 21, 2023",1336
BBVA MÉXICO,987476.69,USD,OP-422985,"November 14, 2023",N/A,N/A
cemex,3451010.5,EUR,OP-862779,25-Jul-2017,22/08/2018,393
telmex,2402944.97,MXN,OP-741790,"November 05, 2022",N/A,N/A
soriana,3982249.98,MXN,OP-860035,23/10/2021,N/A,N/A
TELMEX,4033998.05,MXN,OP-458164,10/02/2018,2025-01-24,2306
FEMSA,5171141.7,USD,OP-392080,2024-07-21,N/A,N/A
grupo bimbo,7942014.19,EUR,OP-788648,2020-01-27,10-Dec-2021,683
banorte,5661095.27,EUR,OP-663191,"October 08, 2023",N/A,N/A
grupo méxico,4857891.17,MXN,OP-765604,21-Jan-2018,N/A,N/A
GRUPO BIMBO,6235413.5,USD,OP-911523,17/06/2024,N/A,N/A
banorte,2632020.51,EUR,OP-880367,19/11/2017,19-Nov-2018,365
BANORTE,6327262.05,USD,OP-958791,"May 18, 2023",29/09/2023,134
telmex,6818491.62,USD,OP-878316,2017-10-27,N/A,N/A
WALMART DE MÉXICO,5421388.83,MXN,OP-349129,05/11/2023,N/A,N/A
liverpool,4601551.98,USD,OP-390953,2020-03-09,"November 10, 2021",611
GRUPO BIMBO,2575716.76,MXN,OP-637469,2022-10-18,N/A,N/A
PEMEX,3842838.32,USD,OP-844381,10-Apr-2021,19-Jan-2022,284
ALSEA,2084356.89,EUR,OP-601157,"February 28, 2017",N/A,N/A
ALSEA,4024108.1,USD,OP-574653,2020-01-04,15-Jan-2022,742
grupo bimbo,4869653.59,EUR,OP-573252,2021-03-22,04/03/2022,377
PEMEX,9899037.46,MXN,OP-255303,2021-12-05,N/A,N/A
grupo méxico,5681238.64,EUR,OP-645387,2017-04-30,"September 16, 2022",1965
CEMEX,7714517.83,MXN,OP-661575,"December 18, 2023",N/A,N/A
GRUPO LALA,6030484.77,USD,OP-474935,"October 15, 2016","September 19, 2024",2896
walmart de méxico,562797.76,EUR,OP-727865,14/04/2020,09-Jul-2025,1912
GRUPO LALA,2980528.71,EUR,OP-673823,2024-06-10,N/A,N/A
soriana,3738893.15,EUR,OP-494471,23/04/2025,N/A,N/A
TELMEX,5186321.09,EUR,OP-141556,07-May-2023,03-Apr-2024,332
cemex,9464597.63,EUR,OP-932639,"March 04, 2025",N/A,N/A
grupo méxico,8579096.73,USD,OP-706444,2024-07-15,N/A,N/A
LIVERPOOL,2158088.28,EUR,OP-201709,2021-12-21,N/A,N/A
alsea,1868730.07,MXN,OP-114979,03-Feb-2019,N/A,N/A
GRUPO MÉXICO,7980120.21,USD,OP-455535,31/12/2019,N/A,N/A
CEMEX,7621790.32,MXN,OP-302151,2019-09-22,N/A,N/A
AMÉRICA MÓVIL,7200152.66,EUR,OP-487514,2017-07-19,N/A,N/A
GRUPO MÉXICO,3750632.88,USD,OP-231336,19-Mar-2016,N/A,N/A
CEMEX,5378413.91,EUR,OP-410151,19-Apr-2023,30/04/2024,377
BBVA MÉXICO,9117442.79,MXN,OP-763621,12-May-2019,N/A,N/A
américa móvil,5881277.61,MXN,OP-521154,09-Nov-2016,N/A,N/A
grupo carso,4978959.23,USD,OP-585723,26-Sep-2018,"November 13, 2020",779
GRUPO MÉXICO,9638638.33,USD,OP-120899,05/05/2025,N/A,N/A
grupo bimbo,3570837.15,USD,OP-230395,2019-04-03,N/A,N/A
grupo carso,4767862.49,USD,OP-926296,16-Jan-2021,21-Dec-2023,1069
SORIANA,2646930.39,MXN,OP-658453,"January 21, 2016","June 22, 2023",2709
CEMEX,4026708.32,USD,OP-442281,2017-10-12,10-Jan-2025,2647
BANORTE,3633274.59,EUR,OP-889239,14/03/2023,N/A,N/A
CEMEX,1771398.81,USD,OP-793601,09-Jan-2021,N/A,N/A
alsea,3225570.38,MXN,OP-412625,2019-02-09,"July 11, 2025",2344
bbva méxico,1176527.65,USD,OP-318548,2023-08-09,N/A,N/A
GRUPO MÉXICO,6705510.22,MXN,OP-865888,"May 03, 2016",2019-02-24,1027
banorte,7339606.3,EUR,OP-280310,"November 14, 2019",N/A,N/A
liverpool,4689184.43,EUR,OP-857349,"July 15, 2023",N/A,N/A
PEMEX,7654020.48,EUR,OP-110083,"November 18, 2020",N/A,N/A
liverpool,6942469.59,EUR,OP-647338,2019-02-22,"May 03, 2021",801
pemex,5411860.23,EUR,OP-478969,2020-08-20,06/06/2023,1020
BBVA MÉXICO,4679188.08,MXN,OP-765867,"April 24, 2018","October 11, 2022",1631
BANORTE,3390699.33,USD,OP-972673,2017-08-25,N/A,N/A
grupo lala,7959586.77,USD,OP-711702,18-Apr-2020,N/A,N/A
américa móvil,1349410.0,USD,OP-992592,19/07/2023,N/A,N/A
GRUPO BIMBO,7304704.81,USD,OP-212057,2017-11-27,N/A,N/A
walmart de méxico,6244844.64,USD,OP-463926,"November 14, 2015",N/A,N/A
soriana,197587.61,MXN,OP-699193,"June 09, 2025",N/A,N/A
walmart de méxico,781696.71,MXN,OP-678339,24-Jan-2025,N/A,N/A
femsa,3709280.36,USD,OP-326630,22-Nov-2022,N/A,N/A
soriana,3032402.94,EUR,OP-546276,2024-03-25,N/A,N/A
bbva méxico,6759657.88,EUR,OP-752379,18-Dec-2023,N/A,N/A
telmex,565934.83,EUR,OP-214066,2023-09-03,"April 26, 2024",236
soriana,7550514.82,EUR,OP-437773,23/07/2022,N/A,N/A
GRUPO BIMBO,6068383.91,USD,OP-263224,"October 05, 2017",N/A,N/A
grupo lala,1432112.76,EUR,OP-338733,20-Aug-2025,N/A,N/A
banorte,4974027.44,EUR,OP-496502,30-Oct-2019,09-Nov-2024,1837
femsa,6282714.37,USD,OP-286115,18-Jul-2016,08/01/2023,2570
femsa,8429777.4,EUR,OP-817477,06/07/2022,N/A,N/A
GRUPO MÉXICO,2083349.98,EUR,OP-530370,10/03/2020,N/A,N/A
BBVA MÉXICO,9270121.69,MXN,OP-171020,19-Aug-2024,N/A,N/A
pemex,5664962.78,MXN,OP-671042,21-Sep-2016,"May 11, 2018",597
TELMEX,4711260.83,EUR,OP-341367,2016-02-17,13-Sep-2020,1670
FEMSA,520947.95,EUR,OP-763100,2018-04-11,N/A,N/A
alsea,1538990.37,USD,OP-573916,21-Nov-2016,N/A,N/A
ALSEA,6461837.24,EUR,OP-380934,"June 03, 2022",05-Apr-2023,306
PEMEX,5402168.96,USD,OP-621966,22/09/2024,N/A,N/A
GRUPO BIMBO,2777394.79,EUR,OP-623831,"March 03, 2017",N/A,N/A
PEMEX,4274050.32,MXN,OP-739338,08/04/2018,N/A,N/A
FEMSA,2193310.18,USD,OP-590724,2023-12-31,N/A,N/A
LIVERPOOL,5714737.29,EUR,OP-147220,15/06/2022,N/A,N/A
WALMART DE MÉXICO,3024878.8,EUR,OP-369814,2024-03-15,N/A,N/A
pemex,6074883.26,MXN,OP-733099,09-Sep-2017,N/A,N/A
femsa,9862744.19,EUR,OP-846165,"December 08, 2020",N/A,N/A
pemex,4678813.42,USD,OP-521554,13-Nov-2024,N/A,N/A
FEMSA,8302091.85,EUR,OP-574537,21-Dec-2024,N/A,N/A
grupo méxico,9106679.35,USD,OP-679308,"June 21, 2024",N/A,N/A
WALMART DE MÉXICO,9799862.08,EUR,OP-913694,2017-12-01,N/A,N/A
liverpool,3632236.47,USD,OP-650229,12-May-2021,N/A,N/A
bbva méxico,4328809.16,MXN,OP-574119,"September 03, 2020",N/A,N/A
cemex,3038944.79,USD,OP-439976,25/12/2017,N/A,N/A
cemex,205218.7,USD,OP-744721,13/07/2022,N/A,N/A
grupo lala,7879005.21,EUR,OP-506257,2021-10-25,N/A,N/A
WALMART DE MÉXICO,4063151.3,USD,OP-355702,05-Sep-2019,2019-12-24,110
CEMEX,3362568.06,USD,OP-753312,07-Jan-2019,13-Mar-2022,1161
BBVA MÉXICO,2866362.47,MXN,OP-665217,29-Nov-2015,31-May-2020,1645
grupo lala,5098152.15,EUR,OP-849205,"March 20, 2018",28/07/2023,1956
PEMEX,5981284.12,EUR,OP-522854,2021-08-20,"December 01, 2021",103
GRUPO CARSO,9549986.57,MXN,OP-577450,04/06/2018,N/A,N/A
GRUPO MÉXICO,2891642.33,MXN,OP-828581,03-Dec-2021,N/A,N/A
grupo lala,7494515.59,MXN,OP-281009,16-Nov-2017,N/A,N/A
grupo méxico,979882.53,USD,OP-518281,18/08/2018,2022-11-28,1563
CEMEX,8221700.87,MXN,OP-608181,17-Feb-2022,N/A,N/A
banorte,3481168.28,USD,OP-937605,28/02/2016,"June 03, 2022",2287
PEMEX,9781195.14,USD,OP-964262,29/05/2019,N/A,N/A
grupo bimbo,590022.94,MXN,OP-247527,11/06/2017,2019-06-16,587
américa móvil,3209416.83,USD,OP-292168,"November 21, 2021",N/A,N/A
liverpool,4347892.87,USD,OP-117665,26-Feb-2022,N/A,N/A
FEMSA,6810420.51,USD,OP-732926,2025-02-19,N/A,N/A
GRUPO LALA,4614461.45,EUR,OP-693605,2024-12-16,N/A,N/A
soriana,1460740.31,MXN,OP-916755,07-Nov-2019,2020-12-24,413
grupo bimbo,9807623.58,EUR,OP-946521,12-Apr-2019,N/A,N/A
américa móvil,6748643.26,USD,OP-747937,2025-06-27,N/A,N/A
walmart de méxico,5430867.65,USD,OP-595582,"February 24, 2018",12-Jun-2024,2300
GRUPO LALA,8303999.36,USD,OP-605546,20/03/2023,N/A,N/A
CEMEX,7964199.27,USD,OP-492216,10-Jun-2023,N/A,N/A
alsea,4032271.57,EUR,OP-646907,"May 15, 2020",2023-06-18,1129
grupo carso,4431724.91,USD,OP-377936,05-Dec-2019,N/A,N/A
cemex,2343876.82,EUR,OP-161541,09/08/2016,11/11/2020,1525
femsa,3464645.55,MXN,OP-355191,18/11/2023,27/01/2024,70
cemex,6552573.39,USD,OP-649986,"July 26, 2021",22/08/2022,392
telmex,7148825.14,USD,OP-206332,2025-07-02,N/A,N/A
pemex,568991.58,MXN,OP-280133,12-Dec-2017,"February 16, 2020",796
américa móvil,9311579.72,MXN,OP-571104,18/07/2017,08/07/2023,2211
walmart de méxico,8261379.25,MXN,OP-603646,"August 06, 2018",18-Sep-2023,1869
pemex,6758188.37,MXN,OP-730802,"August 12, 2025",N/A,N/A
AMÉRICA MÓVIL,3971913.07,EUR,OP-776463,"September 18, 2019",N/A,N/A
AMÉRICA MÓVIL,2418854.95,USD,OP-256107,18-Dec-2019,"March 18, 2024",1552
banorte,8325699.16,EUR,OP-656595,07/05/2020,N/A,N/A
pemex,2966521.04,MXN,OP-155851,2020-04-18,2024-03-01,1413
alsea,5229835.37,EUR,OP-711301,"July 15, 2017",N/A,N/A
américa móvil,7136340.29,MXN,OP-280971,2015-09-08,17/04/2016,222
grupo méxico,2911711.48,EUR,OP-575945,09-Sep-2020,07-Sep-2024,1459
grupo carso,9898497.67,EUR,OP-445338,2017-08-13,"December 25, 2017",134
GRUPO LALA,9407292.12,USD,OP-817855,10-Jul-2017,N/A,N/A
américa móvil,7798041.68,EUR,OP-381774,23/04/2024,N/A,N/A
américa móvil,5711940.55,EUR,OP-476162,01-Jun-2023,25/03/2024,298
grupo méxico,4219647.11,MXN,OP-460369,2016-08-02,04/04/2020,1341
telmex,1902959.71,MXN,OP-259363,"May 17, 2022",N/A,N/A
LIVERPOOL,1704021.92,EUR,OP-224389,18-Aug-2023,N/A,N/A
grupo carso,9244723.6,EUR,OP-414031,08/04/2016,16-Sep-2018,773
AMÉRICA MÓVIL,4373990.67,MXN,OP-956741,01-Dec-2022,N/A,N/A
grupo bimbo,894470.32,USD,OP-679002,2023-12-29,N/A,N/A
femsa,1430192.9,USD,OP-616486,"September 13, 2020",N/A,N/A
GRUPO BIMBO,5963622.45,MXN,OP-301979,11-Jan-2017,07/11/2023,2372
ALSEA,7908249.94,EUR,OP-366143,2022-09-29,N/A,N/A
walmart de méxico,8493259.05,USD,OP-741153,2019-09-17,24-Nov-2024,1895
banorte,3349628.78,USD,OP-300742,"March 21, 2022",N/A,N/A
LIVERPOOL,164560.39,EUR,OP-557287,06/02/2019,08-Aug-2019,67
alsea,3486385.26,EUR,OP-352465,28/12/2018,N/A,N/A
ALSEA,6261009.74,EUR,OP-451203,2016-06-12,N/A,N/A
walmart de méxico,2880933.29,USD,OP-792004,16-Nov-2021,N/A,N/A
BANORTE,4125417.7,EUR,OP-323473,25/01/2017,"May 04, 2022",1925
PEMEX,7717100.44,MXN,OP-946646,"May 28, 2018",2020-01-03,585
GRUPO BIMBO,8083979.82,MXN,OP-130125,"June 12, 2018",N/A,N/A
CEMEX,2452639.98,USD,OP-269717,18-Jul-2018,17/08/2020,761
grupo lala,4609477.12,USD,OP-839849,27-Mar-2024,N/A,N/A
femsa,7934699.38,EUR,OP-433446,"February 01, 2020",N/A,N/A
banorte,1678417.81,USD,OP-922521,28/10/2019,03/06/2025,1956
telmex,3041440.57,USD,OP-388899,20/08/2021,N/A,N/A
soriana,7346931.03,USD,OP-566113,19/08/2018,2020-06-26,677
BANORTE,9064708.21,MXN,OP-665871,"December 27, 2022",N/A,N/A
soriana,4905039.59,EUR,OP-999334,03/05/2016,09-Apr-2020,1496
banorte,4396173.03,EUR,OP-614474,18/08/2025,N/A,N/A
GRUPO CARSO,1470331.57,EUR,OP-658233,01-Apr-2023,29-Jun-2023,89
BBVA MÉXICO,4653324.76,EUR,OP-527897,"December 06, 2016","January 20, 2018",410
FEMSA,2024903.55,EUR,OP-514917,2015-09-23,2019-03-24,1278
pemex,8553981.29,USD,OP-634063,"October 17, 2023",N/A,N/A
SORIANA,2381981.45,USD,OP-658117,"February 21, 2018",N/A,N/A
liverpool,5652881.98,MXN,OP-142634,28/08/2016,N/A,N/A
PEMEX,8902631.68,USD,OP-164746,02-Jan-2019,N/A,N/A
GRUPO MÉXICO,187838.9,EUR,OP-741838,"September 27, 2017","August 25, 2024",2524
GRUPO CARSO,2605440.32,MXN,OP-443741,"May 23, 2016",26-Dec-2022,2408
TELMEX,8244614.25,USD,OP-872271,28-Jul-2020,11-Jul-2025,1809
FEMSA,1723393.65,EUR,OP-895075,2023-11-22,N/A,N/A
alsea,8346774.01,MXN,OP-416224,19-Feb-2025,N/A,N/A
GRUPO CARSO,3842566.5,USD,OP-519696,27-Aug-2017,22-Jul-2019,694
GRUPO CARSO,8271317.45,MXN,OP-154343,2017-04-13,N/A,N/A
AMÉRICA MÓVIL,4243597.88,EUR,OP-455774,27/11/2015,2016-02-10,75
GRUPO BIMBO,9876927.73,EUR,OP-656308,"May 26, 2025",N/A,N/A
ALSEA,7498180.74,MXN,OP-492183,11-May-2017,N/A,N/A
bbva méxico,1849037.84,EUR,OP-571191,23-Sep-2016,22/05/2020,1337
grupo bimbo,5108781.88,USD,OP-119372,2021-05-03,2022-11-28,574
TELMEX,3683373.8,MXN,OP-762722,2023-08-29,N/A,N/A
banorte,6212188.72,EUR,OP-471097,06/03/2020,N/A,N/A
grupo méxico,9706001.04,USD,OP-723779,26-Feb-2016,19/04/2024,2975
américa móvil,2407408.82,EUR,OP-939160,09/03/2017,N/A,N/A
FEMSA,5845773.1,MXN,OP-222594,29-Sep-2018,N/A,N/A
grupo bimbo,3447673.28,MXN,OP-828842,"January 24, 2021",2024-07-11,1264
GRUPO LALA,4572718.9,USD,OP-690413,11-Oct-2020,N/A,N/A
liverpool,3128384.11,MXN,OP-703195,02-Jun-2019,26/11/2019,177
bbva méxico,6803389.25,EUR,OP-865990,10/12/2024,N/A,N/A
AMÉRICA MÓVIL,1779864.04,MXN,OP-792062,2020-02-01,N/A,N/A
AMÉRICA MÓVIL,8371469.49,EUR,OP-423680,"September 15, 2017","December 18, 2023",2285
FEMSA,7811989.1,EUR,OP-488118,20-Jan-2020,03/08/2022,778
banorte,4245461.64,USD,OP-134636,2020-11-25,16/09/2021,295
américa móvil,7362119.76,MXN,OP-394959,"January 26, 2018",N/A,N/A
ALSEA,640672.02,EUR,OP-630309,2020-10-20,N/A,N/A
ALSEA,4148589.94,MXN,OP-740309,2020-09-17,N/A,N/A
liverpool,2059043.98,USD,OP-793288,27-Oct-2019,N/A,N/A
SORIANA,9050508.29,USD,OP-190724,"October 06, 2017",N/A,N/A
CEMEX,9974754.34,MXN,OP-543388,28/01/2018,N/A,N/A
pemex,8817708.9,EUR,OP-400084,10-Feb-2017,N/A,N/A
CEMEX,8649552.19,MXN,OP-512463,18/05/2020,N/A,N/A
AMÉRICA MÓVIL,5409627.91,EUR,OP-232450,2024-12-15,N/A,N/A
grupo carso,4704605.3,USD,OP-293484,"March 26, 2017",21/03/2019,725
FEMSA,2268902.41,USD,OP-675862,2016-02-07,"May 17, 2023",2656
grupo carso,8600169.24,EUR,OP-738816,2021-04-18,N/A,N/A
PEMEX,1322184.95,EUR,OP-583209,02-Feb-2022,N/A,N/A
BANORTE,8514724.06,EUR,OP-666748,03/06/2017,N/A,N/A
WALMART DE MÉXICO,6891161.55,MXN,OP-284729,21/07/2020,N/A,N/A
liverpool,2439165.8,MXN,OP-670015,2025-03-03,N/A,N/A
PEMEX,4612074.3,USD,OP-544466,03/07/2017,16/07/2024,2688
banorte,6208786.31,EUR,OP-135606,2022-06-30,N/A,N/A
grupo bimbo,5566195.31,USD,OP-714795,"August 14, 2022",N/A,N/A
liverpool,8000923.74,MXN,OP-899025,02/06/2025,N/A,N/A
TELMEX,6133951.19,EUR,OP-123172,2018-10-03,2023-08-31,1793
banorte,5743796.72,EUR,OP-737297,17-May-2025,N/A,N/A
BANORTE,7392812.36,EUR,OP-727908,14-Nov-2021,N/A,N/A
BBVA MÉXICO,9809508.37,USD,OP-181148,23-Feb-2023,N/A,N/A
FEMSA,8253748.05,USD,OP-779696,30/08/2020,"March 23, 2025",1666
PEMEX,2655110.87,MXN,OP-900255,01-Dec-2020,2024-02-11,1167
FEMSA,1717514.2,EUR,OP-876559,"September 23, 2024",N/A,N/A
ALSEA,5543084.7,EUR,OP-821689,2023-09-18,N/A,N/A
américa móvil,7887062.35,EUR,OP-583537,25-Sep-2021,N/A,N/A
FEMSA,9781068.81,MXN,OP-137930,2024-03-27,N/A,N/A
grupo carso,1449835.59,MXN,OP-652413,"April 23, 2025",N/A,N/A
GRUPO CARSO,154517.77,USD,OP-397913,2020-07-22,"September 02, 2021",407
GRUPO CARSO,4726726.31,MXN,OP-395946,"December 16, 2019",16/03/2022,821
GRUPO MÉXICO,4382441.54,USD,OP-728417,10-Jul-2024,N/A,N/A
FEMSA,4813351.25,EUR,OP-338274,2020-01-02,"November 27, 2023",1425
FEMSA,4215976.56,EUR,OP-457563,31/07/2022,N/A,N/A
grupo méxico,3237051.75,USD,OP-397194,2018-09-05,2021-04-02,940
AMÉRICA MÓVIL,6660931.22,USD,OP-570449,10/02/2019,08-Oct-2022,1102
ALSEA,5824942.22,MXN,OP-799821,27-Dec-2015,N/A,N/A
CEMEX,7402154.85,MXN,OP-891974,12-Oct-2016,2021-10-12,1826
pemex,3119845.07,EUR,OP-745940,2021-10-01,14-Nov-2021,44
telmex,986059.37,EUR,OP-950905,"July 02, 2021",06-Dec-2022,522
PEMEX,2553438.53,EUR,OP-106725,29-Aug-2016,2023-07-05,2501
grupo lala,5442756.61,USD,OP-115224,2023-03-20,N/A,N/A
GRUPO LALA,8935825.67,MXN,OP-792208,06-Jul-2019,N/A,N/A
liverpool,7522694.08,MXN,OP-849814,"December 19, 2024",N/A,N/A
PEMEX,1819420.83,USD,OP-708116,"May 21, 2024",N/A,N/A
banorte,5420817.03,MXN,OP-702175,2022-07-08,N/A,N/A
PEMEX,5459119.41,MXN,OP-268789,14-Apr-2017,N/A,N/A
CEMEX,5299914.31,EUR,OP-147338,2016-12-15,N/A,N/A
SORIANA,5538860.66,EUR,OP-724596,"September 09, 2018",N/A,N/A
walmart de méxico,8624662.9,MXN,OP-995419,"February 06, 2017",N/A,N/A
pemex,3900840.51,MXN,OP-185818,"July 04, 2019",05/10/2020,311
liverpool,8341367.79,EUR,OP-520119,2017-03-30,05-Aug-2022,1954
grupo carso,9227095.26,MXN,OP-268249,18-Aug-2022,N/A,N/A
GRUPO CARSO,3637128.08,EUR,OP-761852,2025-04-26,N/A,N/A
BBVA MÉXICO,4593856.45,USD,OP-591824,2021-10-02,06/04/2025,1341
WALMART DE MÉXICO,5541291.8,EUR,OP-135441,"February 10, 2021",2024-10-30,1358
telmex,3665825.97,MXN,OP-862816,01/03/2016,23-Apr-2024,3033
américa móvil,3234144.82,MXN,OP-875414,26-May-2024,N/A,N/A
grupo méxico,3873999.46,MXN,OP-182011,"June 21, 2024",N/A,N/A
GRUPO CARSO,8046585.3,EUR,OP-961915,02/07/2016,29-Aug-2018,934
bbva méxico,9857105.61,MXN,OP-649191,2023-09-22,N/A,N/A
WALMART DE MÉXICO,7089834.01,EUR,OP-428679,2019-05-11,N/A,N/A
cemex,4424846.55,EUR,OP-594554,17-Oct-2016,10-Apr-2021,1636
WALMART DE MÉXICO,3094519.0,EUR,OP-911842,2017-08-27,"December 08, 2021",1564
liverpool,8094221.16,MXN,OP-956303,"February 28, 2016",N/A,N/A
banorte,813339.75,MXN,OP-977949,19/09/2022,N/A,N/A
CEMEX,7102873.78,EUR,OP-351993,03/07/2019,2023-02-13,1439
SORIANA,5416983.18,EUR,OP-488979,"May 19, 2022",N/A,N/A
soriana,2786159.21,MXN,OP-320823,20-Jun-2022,N/A,N/A
femsa,7789917.35,MXN,OP-996675,12-Mar-2025,N/A,N/A
grupo carso,3352687.12,MXN,OP-288139,2025-03-02,N/A,N/A
cemex,9223988.68,MXN,OP-791179,15-Apr-2025,N/A,N/A
TELMEX,7711747.72,MXN,OP-149083,16-Mar-2017,10-Aug-2019,877
CEMEX,1903420.24,MXN,OP-828207,29-Aug-2015,N/A,N/A
cemex,7688120.28,USD,OP-489158,"August 03, 2022",N/A,N/A
GRUPO CARSO,9699210.35,MXN,OP-840379,03/07/2018,N/A,N/A
soriana,6759120.62,EUR,OP-131526,"July 22, 2019",N/A,N/A
CEMEX,3606135.54,MXN,OP-457330,"May 31, 2022","April 07, 2025",1042
femsa,5228821.37,USD,OP-252089,20/06/2018,N/A,N/A
banorte,2275671.44,MXN,OP-226863,"April 16, 2018",N/A,N/A
CEMEX,6727926.77,EUR,OP-808163,15/06/2023,N/A,N/A
WALMART DE MÉXICO,7430202.8,EUR,OP-109252,2017-03-08,2022-09-24,2026
walmart de méxico,1636290.32,USD,OP-891555,31-May-2018,N/A,N/A
pemex,5719199.5,USD,OP-402845,"July 19, 2023","November 30, 2023",134
AMÉRICA MÓVIL,1883362.44,MXN,OP-433121,04-Apr-2023,N/A,N/A
CEMEX,2878326.13,USD,OP-305888,"November 12, 2024",N/A,N/A
GRUPO MÉXICO,6610231.1,USD,OP-817644,01-Oct-2023,N/A,N/A
banorte,2833386.49,EUR,OP-990501,23-Feb-2019,18-Aug-2020,542
PEMEX,9376541.17,USD,OP-171484,2018-08-20,N/A,N/A
CEMEX,9326011.83,USD,OP-518690,2020-03-23,26/09/2024,1648
cemex,7052997.22,EUR,OP-692650,14-May-2022,25/03/2025,1046
WALMART DE MÉXICO,5986926.93,MXN,OP-391586,16-Mar-2022,N/A,N/A
GRUPO MÉXICO,4406546.01,USD,OP-172705,30-Mar-2020,12/06/2020,251
AMÉRICA MÓVIL,4235671.32,USD,OP-986518,"March 26, 2025",N/A,N/A
CEMEX,8265697.02,MXN,OP-278121,"June 08, 2017",2024-01-11,2408
cemex,3097634.04,MXN,OP-399526,"July 30, 2019",N/A,N/A
américa móvil,2214725.97,USD,OP-899192,24-Dec-2022,N/A,N/A
bbva méxico,9881674.46,MXN,OP-946367,2023-05-28,N/A,N/A
GRUPO LALA,1611004.8,EUR,OP-316571,07/09/2017,26-Nov-2019,870
grupo lala,2838088.89,MXN,OP-752400,24-Jul-2016,02-Jan-2024,2718
walmart de méxico,5323763.87,USD,OP-790770,2021-04-11,N/A,N/A
BANORTE,2859097.26,MXN,OP-180741,2022-03-13,2023-01-26,319
grupo carso,1692817.06,USD,OP-748848,26/02/2016,N/A,N/A
pemex,9871570.54,USD,OP-903572,"September 25, 2021",N/A,N/A
GRUPO MÉXICO,5185067.14,USD,OP-729122,06-May-2020,26/01/2022,630
walmart de méxico,2660775.29,USD,OP-735927,2022-12-07,N/A,N/A
grupo méxico,4764239.01,USD,OP-465286,2018-04-03,N/A,N/A
TELMEX,8768576.74,MXN,OP-430831,07/02/2025,N/A,N/A
grupo carso,7874885.98,USD,OP-231963,17-May-2023,"February 28, 2024",287
bbva méxico,5645922.85,USD,OP-877362,03/10/2017,"March 19, 2020",1105
SORIANA,3010399.57,MXN,OP-407091,17-Nov-2018,N/A,N/A
grupo lala,8479818.52,EUR,OP-437153,19-Dec-2021,N/A,N/A
FEMSA,4643117.63,USD,OP-664329,2020-04-15,N/A,N/A
femsa,2598988.74,EUR,OP-941815,2024-06-04,N/A,N/A
pemex,4800353.63,EUR,OP-425222,29-Jun-2020,N/A,N/A
TELMEX,6018217.35,MXN,OP-476347,"May 06, 2020",N/A,N/A
alsea,1774452.06,MXN,OP-234571,22/07/2020,2021-05-02,284
PEMEX,6715738.86,USD,OP-459770,01/12/2018,N/A,N/A
soriana,7190493.64,EUR,OP-881374,2016-10-28,04-Aug-2022,2106
GRUPO BIMBO,4440683.84,MXN,OP-690021,"February 13, 2023","March 05, 2023",20
cemex,8730679.79,USD,OP-914857,2017-01-04,N/A,N/A
WALMART DE MÉXICO,5245255.41,USD,OP-353852,06/08/2018,N/A,N/A
femsa,9189612.53,MXN,OP-564135,28/06/2016,N/A,N/A
grupo bimbo,3410066.66,EUR,OP-981498,16/09/2019,N/A,N/A
femsa,5092677.95,MXN,OP-272820,28-Jun-2024,N/A,N/A
BBVA MÉXICO,4464448.85,MXN,OP-281756,22-Oct-2023,N/A,N/A
banorte,4079409.33,MXN,OP-210665,21/06/2016,N/A,N/A
WALMART DE MÉXICO,9376432.32,MXN,OP-219311,"September 22, 2024",N/A,N/A
GRUPO MÉXICO,9033236.32,MXN,OP-423988,"November 09, 2021",N/A,N/A
grupo bimbo,7407759.91,USD,OP-846480,22-Feb-2018,N/A,N/A
GRUPO MÉXICO,2537584.99,EUR,OP-548796,"March 05, 2018",04-Apr-2019,395
BANORTE,9614001.05,USD,OP-376435,19-Mar-2022,N/A,N/A
BANORTE,233984.35,MXN,OP-205813,31-Aug-2022,N/A,N/A
grupo lala,6582416.81,MXN,OP-194201,08/03/2025,N/A,N/A
bbva méxico,3852607.6,MXN,OP-963831,16/10/2018,09-May-2022,1301
grupo bimbo,3981428.87,USD,OP-439076,11-Nov-2015,N/A,N/A
femsa,3849955.72,EUR,OP-647364,28/08/2018,N/A,N/A
CEMEX,7151033.93,EUR,OP-898359,"September 06, 2021",16/09/2022,375
bbva méxico,2477881.54,EUR,OP-222797,2023-12-06,N/A,N/A
grupo méxico,1131367.75,USD,OP-320360,28-Feb-2021,N/A,N/A
SORIANA,5382836.73,USD,OP-861518,"October 09, 2015","May 22, 2024",3148
CEMEX,441645.34,MXN,OP-561481,12/10/2021,N/A,N/A
CEMEX,1445273.77,MXN,OP-102176,"May 06, 2023",N/A,N/A
femsa,1525407.99,USD,OP-492723,"November 06, 2020",N/A,N/A
liverpool,5409374.05,EUR,OP-623062,21/05/2017,17/01/2019,606
pemex,1133041.08,MXN,OP-437417,2023-12-25,N/A,N/A
grupo méxico,9545131.58,USD,OP-703997,2018-12-18,N/A,N/A
grupo lala,5875731.79,MXN,OP-461903,2017-09-19,N/A,N/A
grupo lala,4342773.65,MXN,OP-713096,03/11/2017,05/01/2021,1512
femsa,4532101.8,EUR,OP-440912,25/09/2024,N/A,N/A
grupo lala,8631136.86,EUR,OP-101194,2017-03-30,N/A,N/A
WALMART DE MÉXICO,1463124.63,EUR,OP-929904,21-Jul-2025,N/A,N/A
bbva méxico,8574152.85,EUR,OP-653894,"March 24, 2022",N/A,N/A
FEMSA,2871070.88,USD,OP-556244,"June 29, 2020",N/A,N/A
SORIANA,9209082.51,USD,OP-964528,"December 17, 2015",14-Sep-2022,2463
WALMART DE MÉXICO,3233262.4,MXN,OP-489135,11/06/2024,N/A,N/A
banorte,4862120.16,MXN,OP-194553,"January 21, 2025",N/A,N/A
FEMSA,3638249.37,MXN,OP-511987,28-Nov-2020,N/A,N/A
GRUPO CARSO,6195141.97,USD,OP-932252,"July 10, 2025",N/A,N/A
walmart de méxico,5403770.93,EUR,OP-976711,2023-02-19,N/A,N/A
soriana,9099245.93,USD,OP-147116,2024-09-11,N/A,N/A
bbva méxico,3732613.22,USD,OP-650576,16/03/2022,N/A,N/A
grupo méxico,4901057.02,MXN,OP-819757,30/07/2018,"September 12, 2018",44
FEMSA,854425.98,EUR,OP-197251,12/02/2019,N/A,N/A
TELMEX,6876094.21,MXN,OP-721585,22/01/2016,20-Apr-2024,3011
GRUPO LALA,1641766.07,USD,OP-609872,2025-04-20,N/A,N/A
soriana,8615312.27,EUR,OP-193725,29/03/2024,N/A,N/A
grupo carso,7987858.61,EUR,OP-917865,31-May-2025,N/A,N/A
grupo lala,1127452.39,USD,OP-380378,2018-05-07,N/A,N/A
américa móvil,3109409.32,USD,OP-738420,2015-12-13,2023-10-07,2855
CEMEX,5119475.97,MXN,OP-864385,25-Jan-2023,N/A,N/A
GRUPO LALA,6183584.72,EUR,OP-147504,2015-10-10,N/A,N/A
PEMEX,5523512.66,USD,OP-584262,2016-08-03,N/A,N/A
liverpool,9346913.88,MXN,OP-967430,11-May-2022,N/A,N/A
GRUPO CARSO,6277751.37,EUR,OP-699344,"August 26, 2022",N/A,N/A
GRUPO BIMBO,2285680.61,MXN,OP-182680,"January 17, 2023",N/A,N/A
grupo lala,2102107.65,EUR,OP-765014,2023-03-09,N/A,N/A
GRUPO CARSO,1443697.31,EUR,OP-806671,2024-07-17,N/A,N/A
soriana,2054524.32,USD,OP-325599,"October 16, 2016",N/A,N/A
femsa,3955394.68,USD,OP-709543,13/11/2021,"April 10, 2025",1244
FEMSA,3898246.38,MXN,OP-286632,"July 17, 2020",N/A,N/A
AMÉRICA MÓVIL,571020.71,USD,OP-997178,13-May-2019,N/A,N/A
FEMSA,7250427.85,MXN,OP-798071,2020-03-01,N/A,N/A
ALSEA,8470463.66,USD,OP-786894,01/03/2025,N/A,N/A
BBVA MÉXICO,3525863.39,MXN,OP-432392,22-Sep-2022,N/A,N/A
ALSEA,3227523.82,USD,OP-955181,2016-06-10,N/A,N/A
FEMSA,9790275.06,USD,OP-437995,2016-12-20,N/A,N/A
grupo carso,3647682.01,EUR,OP-838182,11-Mar-2021,26/06/2023,837
telmex,2855545.58,EUR,OP-306456,"March 07, 2022",N/A,N/A
BANORTE,1235078.51,USD,OP-527650,19-Nov-2020,N/A,N/A
grupo carso,2242016.07,EUR,OP-131363,2018-03-09,N/A,N/A
GRUPO MÉXICO,7215046.66,USD,OP-962941,2021-03-27,14/11/2021,232
cemex,9925841.97,EUR,OP-191784,04-Apr-2016,2018-09-30,909
telmex,3670907.17,MXN,OP-175049,09-Jan-2023,"February 14, 2025",767
SORIANA,6492235.03,MXN,OP-347227,"August 20, 2020","August 08, 2021",353
bbva méxico,2957418.56,EUR,OP-351284,2024-01-28,11/05/2025,647
alsea,8455641.66,EUR,OP-715400,02/10/2016,N/A,N/A
GRUPO BIMBO,1731907.08,MXN,OP-972397,19-Feb-2022,2024-06-25,857
PEMEX,6357202.4,MXN,OP-639892,09-Mar-2018,05-May-2019,422
WALMART DE MÉXICO,8890583.27,EUR,OP-638029,2019-12-02,N/A,N/A
WALMART DE MÉXICO,343562.48,USD,OP-944200,06-Apr-2016,2024-09-30,3099
alsea,3332620.9,MXN,OP-253316,"March 17, 2025",N/A,N/A
pemex,4878563.69,MXN,OP-313216,12-Sep-2023,N/A,N/A
BBVA MÉXICO,2140879.97,MXN,OP-810012,02/09/2016,2023-02-07,2555
cemex,274937.31,USD,OP-573852,07-Jan-2025,"July 23, 2025",197
grupo lala,6826465.0,MXN,OP-862083,"April 09, 2016",04-Jun-2017,421
américa móvil,9517056.59,MXN,OP-912527,28/06/2021,"August 15, 2022",413
AMÉRICA MÓVIL,4556576.28,MXN,OP-432160,02/12/2024,N/A,N/A
WALMART DE MÉXICO,6414586.65,USD,OP-826358,09-Sep-2020,2025-05-23,1717
grupo carso,860515.26,EUR,OP-828900,01-Aug-2025,N/A,N/A
CEMEX,4550035.36,MXN,OP-854318,02-Nov-2020,N/A,N/A
banorte,2418061.78,EUR,OP-179503,17-Jan-2025,N/A,N/A
femsa,3666368.41,EUR,OP-278341,18/09/2024,N/A,N/A
pemex,3209783.92,EUR,OP-752784,2023-02-16,23/03/2023,35
alsea,8435837.79,USD,OP-189539,2024-05-17,N/A,N/A
BBVA MÉXICO,7209032.6,EUR,OP-898904,2021-09-10,N/A,N/A
walmart de méxico,5128646.0,USD,OP-850413,"October 26, 2020",N/A,N/A
LIVERPOOL,3210766.88,MXN,OP-995738,"May 16, 2016",22-Sep-2016,129
GRUPO CARSO,2302200.87,MXN,OP-297583,2025-06-25,N/A,N/A
PEMEX,8161177.29,USD,OP-506276,28-Dec-2017,N/A,N/A
walmart de méxico,3285350.94,EUR,OP-323288,"April 19, 2021",19-Mar-2022,334
LIVERPOOL,3326092.74,USD,OP-441890,04/12/2016,"June 19, 2017",433
grupo carso,8918677.9,MXN,OP-770709,20-Sep-2015,13-Jan-2019,1211
GRUPO LALA,8324100.38,EUR,OP-734526,"December 08, 2022",01-May-2025,875
GRUPO CARSO,3033796.36,EUR,OP-346013,2022-07-22,N/A,N/A
femsa,5562058.96,USD,OP-704837,2017-12-01,N/A,N/A
pemex,444048.51,EUR,OP-679612,2024-09-05,N/A,N/A
AMÉRICA MÓVIL,6419212.97,MXN,OP-604977,2024-10-20,N/A,N/A
GRUPO CARSO,9728297.11,EUR,OP-792783,2021-01-01,N/A,N/A
AMÉRICA MÓVIL,9750745.9,USD,OP-794697,"February 15, 2024",N/A,N/A
LIVERPOOL,7386536.12,MXN,OP-372132,11-Oct-2024,N/A,N/A
SORIANA,7078869.91,USD,OP-718086,13/05/2016,06-Sep-2022,2307
soriana,4209464.0,USD,OP-437269,"September 15, 2022",N/A,N/A
grupo méxico,4474699.04,USD,OP-999196,09-Aug-2017,N/A,N/A
grupo lala,8314312.98,USD,OP-556477,"April 05, 2021",12-May-2021,37
BBVA MÉXICO,1946015.8,USD,OP-606721,18/03/2017,16/06/2019,820
SORIANA,9162742.96,USD,OP-240347,"September 14, 2018",N/A,N/A
GRUPO MÉXICO,9991595.53,USD,OP-500101,25-Oct-2015,N/A,N/A
AMÉRICA MÓVIL,1796894.21,EUR,OP-777324,05/03/2024,N/A,N/A
WALMART DE MÉXICO,5228675.24,USD,OP-301133,2015-09-25,14/03/2024,3093
grupo méxico,8819764.38,USD,OP-881866,2020-01-26,23/05/2020,118
banorte,3068060.18,MXN,OP-533037,13/06/2017,01/04/2021,1301
SORIANA,8350232.12,USD,OP-156294,2017-11-13,28/05/2021,1292
GRUPO LALA,527747.81,USD,OP-966425,24/01/2020,06/03/2025,1957
SORIANA,8360745.06,USD,OP-330724,"June 09, 2017",16-Jan-2021,1317
WALMART DE MÉXICO,1160160.83,USD,OP-115688,06/09/2024,N/A,N/A
GRUPO LALA,4472670.54,EUR,OP-748694,06-Nov-2024,N/A,N/A
PEMEX,5323630.24,MXN,OP-821375,22/07/2016,2024-10-16,3008
telmex,461648.67,EUR,OP-575293,2015-10-22,12/01/2016,406
grupo carso,6134392.51,USD,OP-592588,30/03/2023,N/A,N/A
SORIANA,7909707.25,EUR,OP-297635,06/07/2025,N/A,N/A
liverpool,9789511.88,EUR,OP-891244,"December 09, 2019",N/A,N/A
GRUPO BIMBO,5533298.44,EUR,OP-255789,02/09/2016,05-May-2019,1181
liverpool,6281711.91,USD,OP-255532,"August 24, 2019",03/09/2020,198
cemex,1036150.44,USD,OP-578876,2023-05-29,N/A,N/A
BANORTE,4834453.05,MXN,OP-882796,03-Jul-2021,"December 05, 2024",1251
femsa,1306765.22,EUR,OP-150029,"November 15, 2016",22/01/2022,1894
soriana,1942192.85,MXN,OP-939381,04-Jun-2025,N/A,N/A
GRUPO LALA,4698272.62,EUR,OP-491763,22-Apr-2017,N/A,N/A
alsea,528864.67,MXN,OP-402604,2017-08-05,10/11/2024,2624
BANORTE,1927180.27,EUR,OP-893898,"December 17, 2015",31-Oct-2019,1414
ALSEA,3885047.17,USD,OP-116161,06/08/2020,N/A,N/A
femsa,4792889.61,EUR,OP-795546,2020-03-21,N/A,N/A
américa móvil,2132713.58,USD,OP-336543,29-Sep-2018,05/10/2021,954
BBVA MÉXICO,4019535.04,USD,OP-401879,10/04/2025,N/A,N/A
cemex,9712006.59,EUR,OP-416665,2023-12-13,N/A,N/A
grupo méxico,5051463.79,USD,OP-973821,24-Jan-2017,"October 03, 2024",2809
soriana,1314571.16,USD,OP-296666,2019-10-03,08/03/2025,2131
grupo bimbo,7080904.09,EUR,OP-693250,07/11/2016,07/08/2017,362
cemex,5580109.58,EUR,OP-452531,13/10/2018,2021-07-05,996
FEMSA,9049080.79,USD,OP-389868,2023-12-15,N/A,N/A
LIVERPOOL,603594.19,MXN,OP-354832,29-Oct-2017,23/10/2024,2551
AMÉRICA MÓVIL,9550097.16,EUR,OP-679136,2019-03-30,N/A,N/A
WALMART DE MÉXICO,3102269.85,EUR,OP-258814,10/07/2024,N/A,N/A
GRUPO CARSO,9594736.41,MXN,OP-457772,"July 05, 2025",N/A,N/A
LIVERPOOL,3821876.24,MXN,OP-343681,20/08/2017,20-Mar-2018,212
cemex,5072816.66,EUR,OP-612481,2023-03-30,N/A,N/A
alsea,6150667.68,USD,OP-513595,"October 11, 2017",04-Nov-2018,389
cemex,4202250.4,MXN,OP-501056,05/03/2022,N/A,N/A
liverpool,582956.72,EUR,OP-957401,16/06/2024,N/A,N/A
AMÉRICA MÓVIL,9949969.7,EUR,OP-933614,19-Jun-2023,N/A,N/A
walmart de méxico,7883843.14,EUR,OP-331340,"March 26, 2020",N/A,N/A
ALSEA,630904.75,USD,OP-924065,31-Jul-2020,N/A,N/A
grupo méxico,8367982.86,EUR,OP-290844,20-Nov-2019,N/A,N/A
GRUPO BIMBO,6491354.42,MXN,OP-595617,07-Mar-2021,N/A,N/A
bbva méxico,9592998.42,EUR,OP-330773,04/06/2024,N/A,N/A
cemex,6463709.04,EUR,OP-664941,19/12/2020,N/A,N/A
pemex,2662664.19,EUR,OP-612035,01/02/2020,N/A,N/A
CEMEX,3118618.7,USD,OP-900133,30/11/2015,25-Aug-2024,3191
bbva méxico,6774908.33,EUR,OP-373586,26-Jun-2022,N/A,N/A
walmart de méxico,8074014.47,MXN,OP-776251,2022-02-17,N/A,N/A
GRUPO LALA,4748060.0,USD,OP-486001,2021-06-09,N/A,N/A
PEMEX,1196230.77,USD,OP-221667,2016-10-31,2017-08-19,292
WALMART DE MÉXICO,9153182.5,MXN,OP-764075,"July 20, 2016",18-Aug-2020,1490
GRUPO BIMBO,7959712.44,USD,OP-577241,25/09/2023,N/A,N/A
LIVERPOOL,8917574.28,USD,OP-522198,2025-01-05,N/A,N/A
bbva méxico,1146270.21,MXN,OP-491210,2021-05-18,2024-03-15,1032
WALMART DE MÉXICO,7629081.65,MXN,OP-773607,01/06/2021,N/A,N/A
grupo bimbo,3809331.37,EUR,OP-176712,22/06/2019,"June 12, 2025",2182
GRUPO CARSO,2377102.44,EUR,OP-633912,03-Apr-2023,N/A,N/A
CEMEX,3297441.67,EUR,OP-783307,02-May-2025,N/A,N/A
américa móvil,9140030.55,USD,OP-491124,2024-09-22,N/A,N/A
BANORTE,2974032.54,MXN,OP-524896,12/04/2023,N/A,N/A
GRUPO MÉXICO,7278210.17,USD,OP-784122,27/11/2023,23/03/2024,117
LIVERPOOL,2413929.25,EUR,OP-254764,11/01/2023,N/A,N/A
BBVA MÉXICO,4056186.38,EUR,OP-225317,23-Oct-2021,N/A,N/A
grupo lala,5619477.4,USD,OP-395310,2022-10-09,N/A,N/A
CEMEX,2997075.95,USD,OP-691927,01/09/2023,N/A,N/A
SORIANA,1971077.15,USD,OP-164211,"January 05, 2017",2020-05-17,1228
BANORTE,4389455.36,MXN,OP-647176,23/03/2021,N/A,N/A
grupo carso,9942997.72,EUR,OP-492383,2020-02-17,2024-09-24,1681
soriana,1641516.38,EUR,OP-104570,"November 23, 2016",2020-01-21,1154
AMÉRICA MÓVIL,3685314.87,USD,OP-451117,20-Mar-2022,N/A,N/A
soriana,9036822.92,MXN,OP-386853,"December 10, 2024",N/A,N/A
PEMEX,2013852.28,USD,OP-787475,07-Dec-2017,N/A,N/A
walmart de méxico,8462141.98,USD,OP-861797,11/08/2020,N/A,N/A
cemex,3596947.13,MXN,OP-193344,21/08/2020,N/A,N/A
soriana,1139247.34,EUR,OP-786819,"September 11, 2023",N/A,N/A
GRUPO CARSO,3602371.16,USD,OP-617046,23/03/2017,02/01/2023,2141
grupo lala,127067.63,MXN,OP-556479,"May 13, 2023",N/A,N/A
alsea,1734873.08,USD,OP-898860,"December 02, 2018",26-Nov-2023,1820
PEMEX,7519444.08,USD,OP-279149,01-Apr-2023,N/A,N/A
GRUPO BIMBO,837482.14,EUR,OP-766911,01-Feb-2018,N/A,N/A
bbva méxico,883360.92,MXN,OP-494118,2025-08-25,N/A,N/A
BANORTE,3850482.66,EUR,OP-152809,05-Jul-2024,N/A,N/A
CEMEX,8151329.41,EUR,OP-970599,2020-10-18,N/A,N/A
pemex,3014736.43,MXN,OP-252827,"August 24, 2017","November 29, 2020",1193
walmart de méxico,1760323.41,EUR,OP-472867,"April 02, 2025",N/A,N/A
GRUPO BIMBO,3661324.97,EUR,OP-985647,20-Feb-2025,N/A,N/A
grupo carso,9382609.9,EUR,OP-194107,14/05/2016,N/A,N/A
grupo bimbo,7012681.29,EUR,OP-390244,"December 08, 2017",13/01/2023,1862
grupo bimbo,4269683.21,EUR,OP-363839,12-Jul-2021,N/A,N/A
PEMEX,5438017.27,USD,OP-393881,2016-11-26,"January 06, 2022",1867
telmex,8437127.68,USD,OP-965904,2024-08-19,N/A,N/A
GRUPO MÉXICO,8461315.77,USD,OP-440430,17/09/2019,N/A,N/A
PEMEX,8000112.03,MXN,OP-318704,"November 25, 2017",21/12/2017,26
WALMART DE MÉXICO,4365617.6,EUR,OP-638639,18-Aug-2019,N/A,N/A
américa móvil,3675221.22,MXN,OP-742480,"June 20, 2021",N/A,N/A
femsa,5104265.37,EUR,OP-480195,2021-07-26,N/A,N/A
grupo méxico,962367.56,USD,OP-865305,04-Sep-2020,N/A,N/A
CEMEX,8408679.23,EUR,OP-666164,11/12/2017,N/A,N/A
TELMEX,2655252.67,MXN,OP-349885,01/02/2020,N/A,N/A
FEMSA,1799416.36,EUR,OP-275023,22/01/2021,N/A,N/A
grupo méxico,3127717.4,MXN,OP-167268,"August 25, 2018",28-Nov-2019,460
alsea,6510047.56,EUR,OP-122037,02/07/2023,22/08/2024,562
cemex,4605398.96,MXN,OP-549695,14/08/2016,25/01/2024,2720
GRUPO LALA,4009544.19,USD,OP-157097,25/02/2020,"May 06, 2025",1897
liverpool,2301167.57,MXN,OP-398634,2018-01-21,N/A,N/A
WALMART DE MÉXICO,6810288.98,USD,OP-455963,"March 30, 2021",N/A,N/A
alsea,9406807.81,USD,OP-873542,22-Jan-2021,"June 09, 2023",868
GRUPO BIMBO,8455981.9,USD,OP-923037,2016-08-08,"February 07, 2022",2009
AMÉRICA MÓVIL,7405684.52,EUR,OP-168193,"April 21, 2019",05-Aug-2025,2298
grupo méxico,9261920.04,USD,OP-599670,11-Nov-2018,11-Jan-2021,792
banorte,632726.9,USD,OP-400771,2023-03-07,N/A,N/A
SORIANA,1319076.51,USD,OP-439058,2019-12-17,"June 01, 2024",1628
grupo lala,8865989.63,MXN,OP-810075,26/03/2025,N/A,N/A
LIVERPOOL,2329419.07,USD,OP-410121,2016-05-06,N/A,N/A
banorte,4116780.74,EUR,OP-215376,17/06/2021,N/A,N/A
grupo carso,1475789.17,MXN,OP-717982,07-Feb-2024,N/A,N/A
banorte,3122674.68,USD,OP-640142,10/05/2017,23-Nov-2023,2240
GRUPO BIMBO,5836450.03,MXN,OP-334776,30-Oct-2015,16/06/2019,1325
américa móvil,4919027.91,MXN,OP-253036,23/09/2024,N/A,N/A
GRUPO BIMBO,6811417.45,USD,OP-138090,27-May-2016,24-Nov-2021,2007
américa móvil,9312618.13,MXN,OP-857407,30-Jan-2022,27-Jun-2025,1244
walmart de méxico,4302873.64,EUR,OP-929969,26-May-2020,N/A,N/A
FEMSA,5163554.68,MXN,OP-384680,2025-05-18,N/A,N/A
banorte,5948027.1,EUR,OP-729387,19-Apr-2020,"October 03, 2022",897
GRUPO CARSO,1780577.23,EUR,OP-477783,06/02/2025,N/A,N/A
WALMART DE MÉXICO,3101423.36,MXN,OP-263845,03/04/2025,N/A,N/A
grupo méxico,9156345.3,USD,OP-611724,10/06/2019,N/A,N/A
FEMSA,1849464.96,EUR,OP-667518,27/01/2018,"July 09, 2024",2355
banorte,9305970.83,MXN,OP-374770,21/02/2018,2021-10-20,1337
WALMART DE MÉXICO,9887505.92,USD,OP-219383,18/11/2022,N/A,N/A
PEMEX,2078417.74,USD,OP-578252,"June 03, 2025",N/A,N/A
bbva méxico,1171658.69,USD,OP-582426,13-Aug-2019,29/06/2021,686
CEMEX,424994.35,USD,OP-912588,"April 08, 2017","May 10, 2018",397
FEMSA,2997816.14,USD,OP-183130,25-Sep-2015,14-Feb-2018,873
soriana,831482.41,MXN,OP-371830,11/01/2025,N/A,N/A
américa móvil,3744410.72,USD,OP-316807,29/09/2022,2025-01-24,848
BANORTE,2021288.89,USD,OP-201116,16-Oct-2018,N/A,N/A
grupo méxico,6031726.4,EUR,OP-834860,03-Feb-2017,17-Jun-2023,2325
BANORTE,7846666.6,EUR,OP-452734,13-Mar-2022,N/A,N/A
CEMEX,7832502.72,MXN,OP-791939,2016-08-31,26/05/2017,268
soriana,2660649.17,USD,OP-798615,17-Oct-2021,"January 16, 2022",91
grupo carso,3846727.46,USD,OP-191723,"August 19, 2024",N/A,N/A
CEMEX,7900113.24,USD,OP-196263,"May 05, 2016",02/04/2022,2101
ALSEA,3674127.12,USD,OP-690776,"August 10, 2021",N/A,N/A
FEMSA,7588661.23,MXN,OP-508258,25/05/2020,N/A,N/A
cemex,3361890.47,USD,OP-564431,"January 21, 2021",N/A,N/A
alsea,3047208.56,EUR,OP-795000,2015-09-13,"July 26, 2023",2873
GRUPO CARSO,749570.39,MXN,OP-803715,12-Oct-2018,N/A,N/A
pemex,1609160.46,EUR,OP-370210,01/01/2018,09-Dec-2022,1803
ALSEA,3939138.11,MXN,OP-436390,2020-07-20,27/10/2024,1560
banorte,7790535.07,MXN,OP-170038,11/01/2020,N/A,N/A
grupo carso,7775322.22,USD,OP-288116,01/11/2020,N/A,N/A
alsea,3107464.17,MXN,OP-174437,"January 09, 2020",2025-06-28,1997
bbva méxico,3258209.19,MXN,OP-122613,"August 07, 2019",N/A,N/A
AMÉRICA MÓVIL,1890008.11,MXN,OP-783660,"November 19, 2024",N/A,N/A
BANORTE,8956120.24,EUR,OP-841617,"January 10, 2024",N/A,N/A
cemex,4271147.76,EUR,OP-650974,15-Jun-2024,N/A,N/A
alsea,9353735.44,MXN,OP-913723,08/12/2016,21-Apr-2017,252
américa móvil,680678.68,MXN,OP-631712,20-Feb-2022,N/A,N/A
grupo méxico,5275358.45,USD,OP-901624,16/03/2023,N/A,N/A
FEMSA,6299316.43,EUR,OP-536442,17/01/2018,2024-01-23,2197
GRUPO BIMBO,4364121.25,MXN,OP-315501,"October 19, 2017",N/A,N/A
BANORTE,2732533.43,USD,OP-489482,"February 18, 2021",2021-02-19,1
BANORTE,4013148.79,MXN,OP-699757,31/08/2024,N/A,N/A
CEMEX,4921856.31,USD,OP-726762,21/11/2024,N/A,N/A
grupo carso,9833745.3,MXN,OP-877608,2016-01-19,09-Oct-2019,1359
LIVERPOOL,6653290.4,USD,OP-810285,"May 11, 2018",N/A,N/A
SORIANA,3641505.77,USD,OP-594402,"July 14, 2017",10/10/2020,1184
AMÉRICA MÓVIL,3055971.6,USD,OP-478522,31-May-2018,N/A,N/A
BBVA MÉXICO,6629300.21,USD,OP-339866,06-Jun-2025,N/A,N/A
grupo lala,1032834.56,EUR,OP-105990,2019-08-29,22/09/2024,1851
grupo carso,1797824.31,USD,OP-778794,10-Nov-2020,16/07/2025,1709
soriana,5885415.74,MXN,OP-890801,"May 27, 2022",N/A,N/A
cemex,2329839.02,USD,OP-244327,"January 28, 2019",N/A,N/A
américa móvil,2149534.96,MXN,OP-927797,"May 04, 2023",N/A,N/A
pemex,2974731.51,MXN,OP-449758,02/06/2019,"June 09, 2025",2315
BBVA MÉXICO,4896888.99,EUR,OP-466223,"July 20, 2024",N/A,N/A
GRUPO BIMBO,9132891.79,MXN,OP-716554,"July 11, 2019","August 01, 2024",1848
grupo bimbo,795193.72,USD,OP-692394,"May 11, 2018","September 19, 2020",862
GRUPO BIMBO,2585001.35,EUR,OP-542316,14/09/2016,2024-04-08,2763
GRUPO BIMBO,9275713.58,MXN,OP-971654,"February 25, 2021",N/A,N/A
WALMART DE MÉXICO,8286434.69,EUR,OP-463777,07/07/2022,N/A,N/A
soriana,369373.34,MXN,OP-262125,12/11/2020,N/A,N/A
GRUPO CARSO,2244993.91,USD,OP-857435,2024-02-27,N/A,N/A
femsa,2036268.0,EUR,OP-322392,"May 15, 2025",N/A,N/A
pemex,480534.15,EUR,OP-307809,18-Oct-2016,2022-08-05,2117
liverpool,5307506.92,USD,OP-226132,2017-06-07,N/A,N/A
BBVA MÉXICO,8173880.65,MXN,OP-243680,2020-10-15,15-Mar-2023,881
CEMEX,4144671.48,USD,OP-428712,22/01/2020,10/07/2023,1354
banorte,8131907.19,EUR,OP-690118,2022-11-13,N/A,N/A
GRUPO BIMBO,2835124.66,USD,OP-285553,16/02/2019,04-Apr-2020,413
GRUPO BIMBO,1910535.37,USD,OP-654114,24/06/2023,N/A,N/A
pemex,7787483.88,EUR,OP-595002,17/03/2022,N/A,N/A
BANORTE,8223333.27,MXN,OP-741024,15-Aug-2022,N/A,N/A
grupo méxico,7694349.95,EUR,OP-233968,11-Jul-2025,N/A,N/A
ALSEA,1589916.72,EUR,OP-615972,21-Jul-2021,N/A,N/A
femsa,8080692.5,USD,OP-917398,29/02/2016,"October 07, 2016",221
WALMART DE MÉXICO,7846398.56,MXN,OP-318104,2019-06-07,14/08/2022,1164
grupo méxico,8811414.83,MXN,OP-452756,"September 20, 2020",N/A,N/A
ALSEA,9230714.76,EUR,OP-781225,07-Jan-2019,10/03/2020,635
soriana,591873.48,USD,OP-303640,08/05/2020,N/A,N/A
GRUPO LALA,8897603.92,MXN,OP-701280,26-Sep-2018,30/06/2025,2469
GRUPO LALA,3416230.51,USD,OP-380086,2018-01-08,14/11/2018,310
GRUPO MÉXICO,9724874.24,EUR,OP-840060,11-Mar-2022,N/A,N/A
BANORTE,3343905.59,EUR,OP-494335,2024-04-01,N/A,N/A
GRUPO LALA,3803008.01,MXN,OP-294390,2024-12-29,N/A,N/A
cemex,8548687.24,USD,OP-912981,01/12/2024,N/A,N/A
banorte,5064603.15,EUR,OP-106081,2025-03-14,N/A,N/A
grupo carso,4374491.64,MXN,OP-753002,"February 16, 2025",N/A,N/A
cemex,3194912.77,USD,OP-751520,"February 23, 2021",2024-07-30,1253
GRUPO CARSO,3987827.46,EUR,OP-891204,"September 19, 2021",N/A,N/A
GRUPO CARSO,8721188.45,EUR,OP-314008,"November 24, 2019",N/A,N/A
telmex,1479486.38,EUR,OP-939576,02-Aug-2023,2024-11-20,476
TELMEX,3101063.86,EUR,OP-108974,"May 15, 2024",N/A,N/A
grupo carso,9358529.6,USD,OP-373834,04/11/2015,N/A,N/A
PEMEX,1402076.33,USD,OP-839552,12-Oct-2021,N/A,N/A
TELMEX,7361142.92,MXN,OP-805711,10-Sep-2023,N/A,N/A
GRUPO CARSO,2034991.81,EUR,OP-778210,15-Dec-2019,05-Jan-2020,21
TELMEX,4246951.13,EUR,OP-867405,"March 03, 2025",N/A,N/A
PEMEX,4815171.24,USD,OP-574516,15-Jun-2025,N/A,N/A
femsa,8876421.28,EUR,OP-300908,12/01/2017,05/02/2024,2344
GRUPO MÉXICO,7426521.22,USD,OP-703973,"March 30, 2021","August 31, 2024",1250
banorte,9968034.68,EUR,OP-723790,20/04/2016,10-Apr-2023,2546
CEMEX,1597065.52,USD,OP-288889,04/07/2024,N/A,N/A
soriana,8441191.13,MXN,OP-728276,23/07/2025,N/A,N/A
femsa,5616774.81,EUR,OP-865429,"November 11, 2018",N/A,N/A
grupo bimbo,8112802.99,USD,OP-133073,2024-12-09,N/A,N/A
soriana,242392.99,EUR,OP-645115,"August 10, 2025",N/A,N/A
grupo bimbo,4198137.99,EUR,OP-484452,21-Jan-2019,09/06/2025,2420
cemex,6839434.18,EUR,OP-314657,"February 08, 2023",N/A,N/A
CEMEX,1060215.83,MXN,OP-915933,2015-09-30,"January 17, 2024",3031
femsa,1143102.99,MXN,OP-757961,24-Jun-2025,N/A,N/A
GRUPO LALA,1322666.38,EUR,OP-397002,18-Apr-2022,12-Apr-2024,725
pemex,5801610.74,USD,OP-676247,"October 31, 2019",N/A,N/A
bbva méxico,8096360.8,USD,OP-419698,"November 08, 2021",N/A,N/A
walmart de méxico,6338785.52,USD,OP-486062,"July 30, 2016",N/A,N/A
banorte,2712643.96,MXN,OP-875203,"April 19, 2017",N/A,N/A
grupo méxico,5918811.44,MXN,OP-961060,21-Nov-2024,N/A,N/A
grupo bimbo,8833193.6,MXN,OP-515475,2016-08-04,N/A,N/A
grupo lala,7243717.89,EUR,OP-301651,11/11/2022,N/A,N/A
walmart de méxico,2648589.19,MXN,OP-594984,19-Mar-2017,04/03/2017,15
LIVERPOOL,182071.89,EUR,OP-688688,"January 18, 2020","March 11, 2024",1514
banorte,6768007.29,USD,OP-109969,12/05/2020,N/A,N/A
GRUPO BIMBO,7702642.58,MXN,OP-196562,01-Aug-2024,N/A,N/A
liverpool,4608357.8,MXN,OP-787140,11/06/2025,N/A,N/A
walmart de méxico,1501464.55,USD,OP-461082,"March 13, 2019",N/A,N/A
grupo lala,8017018.58,MXN,OP-641949,31/12/2024,N/A,N/A
CEMEX,5461704.35,EUR,OP-157755,15/06/2025,N/A,N/A
BBVA MÉXICO,618134.3,MXN,OP-423528,24-Jul-2017,02/11/2018,202
CEMEX,7316727.9,MXN,OP-652587,24-Jul-2016,2019-03-17,966
WALMART DE MÉXICO,7254702.23,USD,OP-535792,2019-10-29,N/A,N/A
GRUPO LALA,5660617.96,EUR,OP-447658,"August 27, 2017","July 14, 2025",2878
grupo carso,802217.32,MXN,OP-258212,2023-10-10,N/A,N/A
liverpool,8568982.38,USD,OP-308681,"July 13, 2017",2024-11-03,2670
WALMART DE MÉXICO,8766770.27,MXN,OP-439770,"October 18, 2016","September 13, 2023",2521
pemex,7150093.07,MXN,OP-392254,2023-03-08,N/A,N/A
pemex,4316564.7,USD,OP-600235,07/09/2020,N/A,N/A
BANORTE,3563934.78,EUR,OP-321561,29-Jun-2024,N/A,N/A
telmex,2225467.43,USD,OP-253018,"June 19, 2022",N/A,N/A
GRUPO BIMBO,2071641.58,USD,OP-536774,08-Aug-2019,N/A,N/A
AMÉRICA MÓVIL,4512307.3,MXN,OP-717031,2024-04-13,N/A,N/A
femsa,605748.9,USD,OP-286063,"May 21, 2025",N/A,N/A
telmex,8146735.73,EUR,OP-959779,05/07/2017,2020-12-14,1317
BBVA MÉXICO,5379232.79,EUR,OP-947093,"September 19, 2017",2024-02-02,2327
grupo lala,5713042.33,USD,OP-758901,"December 19, 2019",N/A,N/A
BBVA MÉXICO,9582833.43,EUR,OP-140378,2019-09-16,20-Dec-2021,826
banorte,6412948.45,EUR,OP-780209,"June 13, 2025",N/A,N/A
AMÉRICA MÓVIL,8526527.53,USD,OP-429269,"June 04, 2018",06/09/2020,736
PEMEX,1683322.45,MXN,OP-410850,30-Jan-2016,"May 02, 2017",458
walmart de méxico,2716445.1,USD,OP-934324,2024-11-11,N/A,N/A
liverpool,5276057.79,MXN,OP-348714,13/06/2020,N/A,N/A
liverpool,8412511.73,USD,OP-531129,"July 10, 2018",22/04/2025,2478
PEMEX,8673159.5,EUR,OP-733900,"November 26, 2023",N/A,N/A
CEMEX,1568715.6,EUR,OP-895948,20/01/2025,N/A,N/A
banorte,6975696.1,EUR,OP-244819,03/11/2016,N/A,N/A
bbva méxico,6501793.33,USD,OP-535225,"November 03, 2023",N/A,N/A
CEMEX,8609941.04,EUR,OP-272533,21/03/2022,N/A,N/A
BBVA MÉXICO,3261898.53,USD,OP-548357,15/03/2022,N/A,N/A
GRUPO MÉXICO,5868927.99,EUR,OP-253097,22-Mar-2025,N/A,N/A
bbva méxico,2634397.05,EUR,OP-867115,"October 20, 2020",N/A,N/A
BANORTE,9981023.05,USD,OP-809919,05/06/2025,2025-06-26,51
pemex,4203648.51,USD,OP-949755,16/04/2020,N/A,N/A
grupo méxico,8784111.4,EUR,OP-366799,07-Sep-2023,N/A,N/A
GRUPO MÉXICO,5820820.99,USD,OP-729012,2019-03-27,29-Jan-2021,674
grupo méxico,2038810.3,MXN,OP-905609,13-Jun-2022,N/A,N/A
bbva méxico,5614905.45,MXN,OP-487551,"November 06, 2018",2022-12-10,1495
bbva méxico,7444001.25,EUR,OP-687157,2020-12-13,N/A,N/A
PEMEX,8772851.23,USD,OP-435414,19-Jan-2016,N/A,N/A
SORIANA,7455299.01,USD,OP-600158,2017-09-07,19/08/2020,1077
GRUPO CARSO,4751963.4,EUR,OP-512721,05-Jan-2019,"July 22, 2024",2025
LIVERPOOL,9820250.73,MXN,OP-116475,"May 05, 2025",N/A,N/A
telmex,2672483.09,MXN,OP-568414,2022-03-14,N/A,N/A
AMÉRICA MÓVIL,5087227.63,MXN,OP-605660,23-Sep-2018,2023-01-04,1564
AMÉRICA MÓVIL,1819103.55,EUR,OP-751406,"May 02, 2022",N/A,N/A
banorte,2500527.36,MXN,OP-672374,"February 18, 2022",N/A,N/A
GRUPO BIMBO,1252229.8,MXN,OP-866072,30-Mar-2025,N/A,N/A
femsa,4935223.46,EUR,OP-758887,23-Mar-2016,N/A,N/A
BANORTE,2190454.68,USD,OP-387481,2024-02-02,N/A,N/A
FEMSA,7921236.12,MXN,OP-358157,23/06/2022,N/A,N/A
pemex,2000640.05,EUR,OP-375880,19-Sep-2017,N/A,N/A
grupo lala,2802666.9,EUR,OP-342320,2023-11-25,"August 05, 2025",619
ALSEA,1343797.24,USD,OP-967333,"June 22, 2021",17/05/2023,694
banorte,9791193.86,MXN,OP-795958,2025-03-12,N/A,N/A
grupo bimbo,5555105.17,EUR,OP-654467,02-May-2021,N/A,N/A
banorte,6525779.98,EUR,OP-276268,2022-04-14,N/A,N/A
FEMSA,7171328.25,USD,OP-920899,2021-04-06,N/A,N/A
soriana,2229666.81,MXN,OP-794785,"June 24, 2024",N/A,N/A
alsea,696832.41,EUR,OP-752305,2025-07-24,N/A,N/A
ALSEA,6835491.53,MXN,OP-917099,30-Apr-2022,"April 20, 2023",355
GRUPO MÉXICO,3526889.62,MXN,OP-345069,"June 02, 2019","January 02, 2023",1310
GRUPO LALA,8657628.46,USD,OP-282485,20-Nov-2023,N/A,N/A
AMÉRICA MÓVIL,1496936.15,USD,OP-783194,08/06/2016,2022-09-24,2240
soriana,7933478.2,USD,OP-920692,"February 10, 2022",N/A,N/A
telmex,1949636.4,MXN,OP-639027,2016-01-12,"October 15, 2019",1372
GRUPO LALA,3778100.26,USD,OP-270874,"November 21, 2023",N/A,N/A
grupo lala,203223.55,MXN,OP-866826,27-Oct-2019,N/A,N/A
liverpool,6799921.54,USD,OP-616246,01-Aug-2017,"February 03, 2025",2743
WALMART DE MÉXICO,2669480.6,USD,OP-102619,07/01/2018,N/A,N/A
walmart de méxico,705414.89,USD,OP-919699,2018-09-10,"July 22, 2022",1411
grupo lala,5801880.12,USD,OP-812542,26-Apr-2024,N/A,N/A
GRUPO BIMBO,5837626.46,MXN,OP-845845,"August 20, 2024",N/A,N/A
WALMART DE MÉXICO,142784.88,EUR,OP-497859,2018-06-23,N/A,N/A
CEMEX,9627964.33,MXN,OP-144083,2025-06-27,N/A,N/A
soriana,9749979.66,MXN,OP-536356,2024-05-17,"June 21, 2025",400
AMÉRICA MÓVIL,3852611.08,EUR,OP-215572,14/05/2021,N/A,N/A
TELMEX,9724362.5,USD,OP-704940,04-May-2024,N/A,N/A
banorte,3958795.26,EUR,OP-906221,29-Aug-2024,N/A,N/A
grupo carso,4969988.85,USD,OP-382578,07/06/2021,N/A,N/A
grupo méxico,7617652.16,USD,OP-174678,14/07/2018,2025-02-04,2397
alsea,8449850.04,USD,OP-679452,2021-04-17,N/A,N/A
alsea,6261365.75,USD,OP-958719,"November 27, 2018",03/01/2020,460
GRUPO MÉXICO,9029003.85,MXN,OP-358212,2018-06-21,16/12/2021,1274
pemex,9972315.14,USD,OP-655068,2020-01-09,02/08/2020,30
LIVERPOOL,2015836.59,MXN,OP-968820,"May 22, 2022",N/A,N/A
PEMEX,8633641.86,USD,OP-479838,25/04/2025,N/A,N/A
GRUPO LALA,8149049.98,MXN,OP-372466,22/07/2019,04-May-2022,1017
pemex,5565619.55,MXN,OP-878213,2021-12-23,2025-03-10,1173
TELMEX,9295138.74,MXN,OP-162658,"October 06, 2016","June 23, 2021",1721
BBVA MÉXICO,2760290.89,USD,OP-413174,2019-02-06,"May 26, 2023",1570
BANORTE,7115220.39,EUR,OP-645173,"March 16, 2024",N/A,N/A
BBVA MÉXICO,9948941.54,EUR,OP-657118,"April 13, 2025",N/A,N/A
telmex,5741036.47,MXN,OP-801418,"May 21, 2019",N/A,N/A
femsa,8089611.17,MXN,OP-676761,21-Aug-2024,"December 19, 2024",120
banorte,4563683.65,USD,OP-749379,2019-12-26,N/A,N/A
GRUPO MÉXICO,1130075.11,MXN,OP-757291,2024-07-21,N/A,N/A
femsa,9048816.9,EUR,OP-805476,02/09/2020,N/A,N/A
grupo carso,8260905.97,USD,OP-319213,"December 07, 2021",N/A,N/A
cemex,9799039.38,EUR,OP-681841,"August 01, 2022",N/A,N/A
alsea,927940.71,USD,OP-213944,29-Jun-2024,N/A,N/A
femsa,190375.4,USD,OP-337921,06-Dec-2019,N/A,N/A
FEMSA,741777.69,USD,OP-533053,27/09/2015,30/06/2017,642
TELMEX,4061527.11,EUR,OP-805961,2024-04-01,N/A,N/A
bbva méxico,4510803.25,EUR,OP-636132,18-Apr-2018,06-Dec-2018,232
walmart de méxico,5246737.83,MXN,OP-965837,05/02/2025,N/A,N/A
WALMART DE MÉXICO,1479849.81,USD,OP-885927,2016-09-10,N/A,N/A
telmex,8018942.33,EUR,OP-241920,18-Aug-2025,N/A,N/A
BBVA MÉXICO,8214739.23,EUR,OP-208993,"March 28, 2016",22-Aug-2023,2703
WALMART DE MÉXICO,7278931.63,USD,OP-535215,"September 17, 2023",N/A,N/A
américa móvil,9444780.05,EUR,OP-865174,24/02/2024,N/A,N/A
TELMEX,8989780.97,EUR,OP-917857,"March 20, 2024",N/A,N/A
grupo carso,426539.93,USD,OP-499674,"March 21, 2024",N/A,N/A
FEMSA,6377053.7,USD,OP-425935,16-Aug-2024,N/A,N/A
femsa,5465949.0,EUR,OP-176716,30/01/2019,N/A,N/A
BANORTE,4710892.18,MXN,OP-829626,11/11/2021,20-Nov-2022,374
américa móvil,2467750.69,MXN,OP-349085,2022-12-29,N/A,N/A
ALSEA,5427667.06,USD,OP-286664,2017-10-25,N/A,N/A
SORIANA,7324563.14,EUR,OP-503626,2019-10-10,2023-07-07,1366
GRUPO LALA,6849322.68,MXN,OP-267846,2022-11-03,N/A,N/A
AMÉRICA MÓVIL,903968.29,MXN,OP-403663,23/01/2021,27/01/2025,1465
banorte,5518041.64,USD,OP-374181,12-Dec-2023,N/A,N/A
TELMEX,7838440.39,USD,OP-963330,"December 15, 2019",N/A,N/A
GRUPO MÉXICO,7081508.05,USD,OP-594517,2020-04-09,N/A,N/A
ALSEA,685121.61,EUR,OP-130269,2021-03-22,N/A,N/A
pemex,2103655.52,EUR,OP-270149,2023-03-17,N/A,N/A
GRUPO CARSO,9156559.44,USD,OP-946308,03-May-2019,12/06/2024,2044
alsea,4140798.39,USD,OP-433625,06-Sep-2018,N/A,N/A
TELMEX,1421559.76,USD,OP-323187,"September 03, 2021",N/A,N/A
LIVERPOOL,4676911.18,MXN,OP-526566,01-Mar-2017,N/A,N/A
SORIANA,4388499.06,MXN,OP-575620,"July 12, 2016",N/A,N/A
grupo lala,9038810.33,USD,OP-999958,20-Oct-2018,N/A,N/A
grupo méxico,9438294.22,USD,OP-663505,"July 27, 2022",N/A,N/A
CEMEX,3741767.59,EUR,OP-771415,"August 09, 2024",N/A,N/A
GRUPO MÉXICO,9901103.45,MXN,OP-520755,2016-02-26,2022-10-05,2413
BANORTE,6394168.62,MXN,OP-150449,"January 24, 2023",18-Feb-2025,756
femsa,6050567.58,MXN,OP-351511,2023-12-01,23-Jul-2024,235
américa móvil,5145905.05,EUR,OP-244440,07-Nov-2021,N/A,N/A
bbva méxico,4767616.31,USD,OP-743805,"November 07, 2022",N/A,N/A
pemex,8944445.9,USD,OP-941682,"May 19, 2024",N/A,N/A
GRUPO LALA,3714231.99,MXN,OP-965247,26/05/2024,N/A,N/A
soriana,449196.63,EUR,OP-450900,"November 15, 2017","November 14, 2023",2190
LIVERPOOL,4172098.24,MXN,OP-823973,07-Sep-2016,N/A,N/A
GRUPO LALA,3299253.06,EUR,OP-584456,28-Jan-2018,12/10/2020,1047
GRUPO BIMBO,8549759.08,MXN,OP-915383,"December 14, 2017",29/09/2021,1385
ALSEA,8404912.15,MXN,OP-199311,19/07/2018,N/A,N/A
GRUPO MÉXICO,4218424.19,USD,OP-942107,"September 21, 2017",26-Jan-2021,1223
grupo carso,3569199.86,USD,OP-135911,"February 15, 2023",N/A,N/A
pemex,8549635.08,USD,OP-858962,2019-10-16,"March 09, 2020",145
BANORTE,469265.64,EUR,OP-661493,21/01/2019,N/A,N/A
SORIANA,3086978.36,MXN,OP-654221,"January 29, 2017",04-May-2021,1556
cemex,6319275.11,MXN,OP-651127,2020-06-19,N/A,N/A
ALSEA,7683054.18,USD,OP-414925,24-Feb-2024,"January 11, 2025",322
GRUPO CARSO,8442109.71,MXN,OP-469770,11-Feb-2024,N/A,N/A
walmart de méxico,8560629.33,EUR,OP-148403,"December 14, 2022",N/A,N/A
TELMEX,3104986.26,MXN,OP-500409,2021-11-10,20-Feb-2024,832
SORIANA,3874735.1,MXN,OP-969977,06-Feb-2018,N/A,N/A
BBVA MÉXICO,3318090.91,USD,OP-845866,"February 20, 2018",24-Feb-2025,2561
BANORTE,6753700.23,MXN,OP-265922,24/06/2023,21/06/2025,728
GRUPO BIMBO,2443769.19,MXN,OP-878932,"January 26, 2023","August 19, 2025",936
grupo méxico,2479007.86,MXN,OP-307028,31/03/2022,N/A,N/A
grupo carso,2890005.88,MXN,OP-650026,07/03/2023,07-Feb-2024,219
grupo méxico,4100775.25,USD,OP-393679,23-May-2016,"October 31, 2017",526
grupo bimbo,4613497.2,USD,OP-498138,2025-04-20,N/A,N/A
cemex,7272728.8,USD,OP-544270,20/07/2022,30/10/2024,833
FEMSA,8616820.46,EUR,OP-571728,2017-11-30,06-Jul-2024,2410
ALSEA,8496714.84,USD,OP-490196,"July 08, 2017",2019-12-27,902
cemex,6329993.44,EUR,OP-944266,2016-04-22,N/A,N/A
LIVERPOOL,2341168.88,MXN,OP-590134,"April 30, 2025",N/A,N/A
TELMEX,5125063.35,EUR,OP-707019,2025-08-18,N/A,N/A
GRUPO LALA,7698226.75,EUR,OP-417905,04/05/2023,N/A,N/A
PEMEX,7301164.08,EUR,OP-107290,2021-07-12,N/A,N/A
WALMART DE MÉXICO,6518088.33,EUR,OP-752964,2025-03-20,N/A,N/A
grupo bimbo,8311795.79,EUR,OP-183367,"December 07, 2023",N/A,N/A
CEMEX,3306004.82,EUR,OP-883845,"March 20, 2024",N/A,N/A
grupo méxico,8082941.15,USD,OP-820609,"June 27, 2016",20/07/2018,753
liverpool,5116873.26,USD,OP-104299,"June 05, 2022",N/A,N/A
walmart de méxico,1194807.66,MXN,OP-291005,"August 06, 2021",N/A,N/A
grupo carso,331242.07,USD,OP-438266,22-Apr-2017,2022-06-03,1868
SORIANA,8274627.58,USD,OP-807560,14/01/2023,N/A,N/A
femsa,5168820.82,MXN,OP-605975,08/07/2023,N/A,N/A
CEMEX,3524448.07,EUR,OP-244539,05-Feb-2016,21-Oct-2021,2085
GRUPO MÉXICO,2527105.12,USD,OP-470854,09/04/2019,13/06/2022,1013
TELMEX,4892637.73,USD,OP-598940,"July 15, 2025",N/A,N/A
grupo bimbo,1428068.29,MXN,OP-526918,17/05/2016,N/A,N/A
BANORTE,8573579.47,EUR,OP-686686,2021-05-23,N/A,N/A
LIVERPOOL,3524858.63,EUR,OP-275623,08-Jun-2023,2024-07-01,389
CEMEX,6359099.1,USD,OP-200992,17-Oct-2015,12/04/2020,1875
BBVA MÉXICO,4298848.9,EUR,OP-153598,16/02/2025,N/A,N/A
bbva méxico,3631548.97,MXN,OP-416889,"May 29, 2025",N/A,N/A
AMÉRICA MÓVIL,2635375.92,USD,OP-142217,19-Oct-2019,"April 16, 2022",910
bbva méxico,8637657.15,MXN,OP-669283,2017-10-03,N/A,N/A
SORIANA,8267573.45,MXN,OP-773911,01/05/2022,N/A,N/A
GRUPO BIMBO,7954290.35,USD,OP-344624,28/07/2018,05-Jun-2025,2504
liverpool,6081856.17,MXN,OP-621852,"September 01, 2018",2022-09-13,1473
cemex,7925510.99,USD,OP-296721,29-Aug-2023,09-Nov-2024,438
GRUPO CARSO,1643096.79,MXN,OP-979315,10-Jun-2018,N/A,N/A
ALSEA,3120709.21,MXN,OP-653136,12-Aug-2023,N/A,N/A
CEMEX,5991816.5,USD,OP-539259,15/04/2023,N/A,N/A
GRUPO MÉXICO,9627678.01,MXN,OP-102380,02/08/2025,N/A,N/A
grupo méxico,1818245.99,MXN,OP-869558,"June 22, 2020",N/A,N/A
GRUPO CARSO,9357117.95,MXN,OP-489899,25-Oct-2020,"October 30, 2023",1100
soriana,9596317.72,USD,OP-620802,2017-07-15,N/A,N/A
AMÉRICA MÓVIL,9601780.03,EUR,OP-808114,22/03/2018,2024-02-12,2153
walmart de méxico,8510252.98,EUR,OP-429849,25-Mar-2021,N/A,N/A
banorte,1480596.56,USD,OP-684208,2024-08-07,06-Dec-2024,121
WALMART DE MÉXICO,6135999.45,EUR,OP-691791,10/02/2025,N/A,N/A
CEMEX,9864300.62,MXN,OP-104930,30/11/2021,28/01/2022,59
grupo bimbo,7204007.72,EUR,OP-962398,"July 29, 2019",N/A,N/A
GRUPO CARSO,732653.1,USD,OP-272790,19-May-2024,N/A,N/A
liverpool,7151528.92,USD,OP-429926,2021-02-17,05-Feb-2023,718
BANORTE,9833253.45,EUR,OP-309719,22/10/2015,06/04/2023,2782
telmex,5580660.45,EUR,OP-160163,20-Nov-2023,N/A,N/A
CEMEX,7514705.33,USD,OP-198060,"August 26, 2023",N/A,N/A
grupo lala,7354714.72,USD,OP-726368,2017-05-06,N/A,N/A
walmart de méxico,5162114.75,USD,OP-511065,2016-11-28,"October 30, 2020",1432
grupo bimbo,5669508.8,MXN,OP-587372,2025-02-22,N/A,N/A
grupo bimbo,7494262.2,USD,OP-952642,2023-08-26,2025-07-17,691
grupo carso,6550670.09,EUR,OP-859381,28-Aug-2018,2025-01-07,2324
bbva méxico,1134618.29,EUR,OP-262172,24/09/2024,N/A,N/A
LIVERPOOL,3890674.22,EUR,OP-302234,"December 25, 2018",N/A,N/A
WALMART DE MÉXICO,5023080.13,MXN,OP-575760,14/07/2024,N/A,N/A
grupo lala,2341434.64,EUR,OP-744981,"May 10, 2020",10/10/2020,153
soriana,8910235.21,MXN,OP-559807,"November 17, 2016",N/A,N/A
BBVA MÉXICO,8501472.5,USD,OP-409614,2017-06-29,N/A,N/A
GRUPO LALA,2875926.27,USD,OP-260513,"October 05, 2015",30-Jun-2022,2460
AMÉRICA MÓVIL,679769.87,USD,OP-346654,15-Apr-2021,2023-12-13,972
alsea,9322928.55,MXN,OP-246775,19-Oct-2017,N/A,N/A
AMÉRICA MÓVIL,2701286.98,USD,OP-319695,"May 30, 2021","June 03, 2022",369
grupo méxico,4570045.1,MXN,OP-280326,"August 03, 2023",N/A,N/A
cemex,8928994.22,USD,OP-272990,2020-10-30,N/A,N/A
WALMART DE MÉXICO,4138096.45,EUR,OP-581301,12-May-2023,N/A,N/A
BBVA MÉXICO,216653.42,USD,OP-864747,2021-08-30,06/07/2023,646
PEMEX,6576381.92,EUR,OP-420416,"December 03, 2022",N/A,N/A
américa móvil,2745113.97,EUR,OP-754137,15/03/2025,N/A,N/A
walmart de méxico,746508.8,MXN,OP-185547,09-May-2023,N/A,N/A
GRUPO CARSO,2376301.96,USD,OP-324651,"August 09, 2018",N/A,N/A
femsa,3307288.23,EUR,OP-999064,07/11/2023,N/A,N/A
telmex,272690.97,USD,OP-975439,"August 30, 2023",N/A,N/A
pemex,5928745.53,USD,OP-975292,2017-04-12,N/A,N/A
banorte,7102251.58,MXN,OP-409395,12/11/2016,N/A,N/A
grupo lala,3670700.36,EUR,OP-455868,"March 21, 2020",N/A,N/A
GRUPO CARSO,8329942.64,USD,OP-148081,"May 17, 2025",N/A,N/A
WALMART DE MÉXICO,7420255.44,EUR,OP-240118,2023-06-05,N/A,N/A
liverpool,8324618.47,EUR,OP-919234,25-Mar-2017,15-Oct-2018,569
banorte,4651486.04,MXN,OP-475164,2022-10-31,N/A,N/A
grupo bimbo,4456444.02,EUR,OP-182358,03/01/2018,N/A,N/A
soriana,3518193.54,EUR,OP-796538,30/03/2020,N/A,N/A
LIVERPOOL,5188066.35,USD,OP-443401,2016-03-03,N/A,N/A
GRUPO BIMBO,4519785.62,MXN,OP-780551,2021-05-14,N/A,N/A
BANORTE,7807632.98,EUR,OP-189702,15-Jul-2020,07-Nov-2021,480
GRUPO MÉXICO,3408283.81,MXN,OP-821447,"January 14, 2016","July 28, 2019",1291
grupo lala,6073867.13,USD,OP-371427,2022-02-26,13-Mar-2023,380
AMÉRICA MÓVIL,4674163.69,EUR,OP-575644,2022-08-02,"June 16, 2025",1049
femsa,4112513.87,USD,OP-808297,14/01/2021,N/A,N/A
GRUPO CARSO,5506859.11,USD,OP-960968,2022-09-30,N/A,N/A
GRUPO LALA,8906968.42,MXN,OP-443012,2016-06-13,"January 25, 2019",956
femsa,2142411.02,MXN,OP-373548,2017-03-29,17-Jul-2020,1206
FEMSA,2932291.06,MXN,OP-143187,23/03/2024,N/A,N/A
walmart de méxico,1684073.33,MXN,OP-416079,2016-03-12,2017-07-15,490
grupo méxico,1745261.77,USD,OP-462551,18/05/2024,N/A,N/A
BBVA MÉXICO,1078279.43,USD,OP-368777,"October 31, 2023",N/A,N/A
BBVA MÉXICO,2560708.64,EUR,OP-453144,"October 07, 2023",N/A,N/A
AMÉRICA MÓVIL,2052825.17,USD,OP-693313,"November 07, 2021",N/A,N/A
WALMART DE MÉXICO,342347.57,EUR,OP-301972,"February 10, 2021",11-Aug-2022,547
GRUPO BIMBO,3843378.56,EUR,OP-756100,"October 16, 2022",17/10/2022,1
telmex,4615459.63,MXN,OP-614256,25-Oct-2017,2020-09-18,1059
bbva méxico,9682961.51,USD,OP-280045,26/06/2025,N/A,N/A
américa móvil,1457445.13,EUR,OP-977815,2021-04-19,N/A,N/A
CEMEX,2483400.36,EUR,OP-871274,17-May-2023,05-Jul-2025,780
CEMEX,3892645.0,EUR,OP-773808,20/11/2021,N/A,N/A
ALSEA,8181415.76,USD,OP-674813,2023-10-24,N/A,N/A
grupo méxico,8322101.7,EUR,OP-256762,2018-10-09,N/A,N/A
GRUPO MÉXICO,6511856.19,MXN,OP-178780,"November 04, 2024",N/A,N/A
telmex,996259.71,EUR,OP-329634,2020-04-30,14-Feb-2025,1751
BBVA MÉXICO,9520378.85,MXN,OP-226822,21-May-2019,10/03/2021,866
GRUPO LALA,8384102.68,EUR,OP-407126,01/10/2024,N/A,N/A
américa móvil,1728036.35,EUR,OP-986109,"June 29, 2016",2021-02-09,1686
grupo méxico,4543777.02,EUR,OP-752150,12/01/2022,N/A,N/A
cemex,6875978.02,EUR,OP-915191,20-Feb-2024,2025-08-06,533
WALMART DE MÉXICO,764668.29,MXN,OP-571720,2020-01-20,27-Mar-2024,1528
telmex,5285970.13,EUR,OP-519614,16-May-2017,11-Sep-2022,1944
BANORTE,7979828.4,USD,OP-206762,19/11/2018,2019-01-18,60
SORIANA,3522299.59,USD,OP-386521,25/09/2020,N/A,N/A
TELMEX,4606143.01,EUR,OP-962114,30/09/2016,2018-07-07,645
SORIANA,4379041.5,MXN,OP-112095,28/01/2023,N/A,N/A
cemex,1272268.53,MXN,OP-527427,18/02/2024,N/A,N/A
grupo bimbo,1113840.02,MXN,OP-586372,"November 27, 2020",07/02/2025,1678
CEMEX,708815.89,USD,OP-218646,2017-07-21,N/A,N/A
LIVERPOOL,355701.66,EUR,OP-638201,"April 04, 2019",19/11/2021,960
AMÉRICA MÓVIL,7138107.17,EUR,OP-285884,08-Apr-2021,N/A,N/A
soriana,9410675.1,USD,OP-486489,02/06/2024,N/A,N/A
walmart de méxico,1022831.79,USD,OP-842165,10-Mar-2017,N/A,N/A
soriana,9376665.52,EUR,OP-237333,2022-11-11,N/A,N/A
telmex,101392.71,USD,OP-354830,12-Jun-2021,N/A,N/A
liverpool,4192931.5,MXN,OP-790038,27-Jun-2020,05-Aug-2023,1134
BANORTE,7875697.57,EUR,OP-206105,03-Jun-2023,N/A,N/A
soriana,6439926.71,MXN,OP-351478,"June 20, 2021",N/A,N/A
pemex,4177218.54,MXN,OP-293450,"January 23, 2016","July 05, 2025",3451
grupo carso,5522374.46,EUR,OP-918564,2023-11-06,N/A,N/A
banorte,7115076.08,USD,OP-135766,30/06/2025,N/A,N/A
CEMEX,303904.71,USD,OP-379556,"October 31, 2021","July 03, 2025",1341
banorte,9306006.74,MXN,OP-469761,20-Oct-2016,26/07/2023,2470
alsea,1141467.91,MXN,OP-382696,13/02/2023,N/A,N/A
GRUPO BIMBO,7321319.41,EUR,OP-526325,"June 28, 2022",N/A,N/A
alsea,1888618.14,EUR,OP-181808,13/01/2023,N/A,N/A
grupo méxico,831074.99,MXN,OP-324758,28/05/2022,16-Apr-2025,1054
GRUPO MÉXICO,3276771.39,MXN,OP-573966,16/07/2020,N/A,N/A
bbva méxico,3288879.06,MXN,OP-242925,"May 14, 2020",N/A,N/A
GRUPO LALA,398303.39,USD,OP-266521,16/06/2018,19-Jun-2022,1464
FEMSA,8302661.94,MXN,OP-674117,11-Jan-2021,2022-04-12,456
grupo lala,6934755.14,EUR,OP-263271,06/04/2017,2019-05-22,717
grupo lala,6536805.77,EUR,OP-737372,"May 04, 2016",18-Jan-2020,1354
PEMEX,4275780.79,USD,OP-525169,2019-04-29,2023-09-07,1592
alsea,8129617.09,EUR,OP-982713,19-Sep-2018,N/A,N/A
GRUPO LALA,5345118.44,EUR,OP-460715,"June 23, 2019",N/A,N/A
bbva méxico,8294281.17,USD,OP-161381,"August 14, 2018",2020-08-09,726
CEMEX,492393.6,USD,OP-243516,"April 02, 2016",N/A,N/A
bbva méxico,6242625.38,MXN,OP-534610,2018-10-01,N/A,N/A
pemex,3985914.65,MXN,OP-195837,07-Dec-2020,N/A,N/A
liverpool,8499641.68,USD,OP-942855,"July 16, 2018",2024-03-12,2066
GRUPO CARSO,471736.12,MXN,OP-311267,2023-11-06,N/A,N/A
banorte,1549416.74,USD,OP-335856,24/10/2021,2022-01-31,99
TELMEX,3014630.06,USD,OP-878614,2016-05-25,01/04/2017,224
bbva méxico,6927888.16,USD,OP-235357,2023-04-02,24/03/2024,357
GRUPO BIMBO,9715830.87,EUR,OP-770752,30/06/2022,22/08/2023,418
BBVA MÉXICO,9803477.83,EUR,OP-596464,29-Jan-2022,N/A,N/A
GRUPO CARSO,8597116.59,EUR,OP-117248,14-Jun-2025,N/A,N/A
pemex,4584775.2,USD,OP-334563,2019-03-25,25-Feb-2020,337
grupo carso,4260256.76,EUR,OP-509600,"December 29, 2019",2023-10-22,1393
FEMSA,3475924.49,EUR,OP-219235,2023-03-26,N/A,N/A
CEMEX,3686144.77,EUR,OP-974052,2024-12-19,N/A,N/A
liverpool,2139797.46,USD,OP-307983,"March 30, 2025",N/A,N/A
ALSEA,6985160.43,USD,OP-451971,04/06/2023,N/A,N/A
LIVERPOOL,1640606.88,MXN,OP-493838,"June 10, 2022",N/A,N/A
grupo bimbo,7073131.92,USD,OP-883731,13/03/2025,N/A,N/A
pemex,3106602.85,MXN,OP-675250,30/05/2016,16-Sep-2024,3031
liverpool,4198200.91,USD,OP-956538,"January 23, 2021",2021-05-12,109
grupo carso,4691297.3,EUR,OP-978413,02/12/2017,N/A,N/A
walmart de méxico,969814.11,USD,OP-881807,16/03/2017,"December 31, 2019",1020
banorte,4642901.17,EUR,OP-664402,"December 16, 2021",04/01/2025,1202
ALSEA,8103256.2,MXN,OP-954093,"May 04, 2016",N/A,N/A
banorte,1331469.22,USD,OP-315024,2019-10-18,18-Dec-2020,427
walmart de méxico,9360604.61,USD,OP-628585,29/10/2017,16-Mar-2023,1964
grupo carso,6913418.33,USD,OP-982564,23/05/2019,N/A,N/A
BANORTE,3016047.73,MXN,OP-551089,"October 24, 2024",N/A,N/A
grupo méxico,7223329.94,USD,OP-545784,"November 15, 2016",N/A,N/A
bbva méxico,7766494.9,MXN,OP-457635,08-Feb-2024,23-Apr-2025,440
grupo carso,8993383.41,MXN,OP-554275,04/05/2024,N/A,N/A
femsa,5857175.86,EUR,OP-645090,"March 05, 2018",2019-07-18,500
LIVERPOOL,9032350.17,USD,OP-600471,16/11/2015,29-Oct-2022,2539
femsa,2608173.22,EUR,OP-212151,05/03/2019,2021-06-08,767
grupo carso,1872930.66,USD,OP-339661,2017-09-28,"July 13, 2024",2480
bbva méxico,4533499.91,MXN,OP-269557,06-May-2019,"April 11, 2021",706
telmex,1787766.55,MXN,OP-776851,2020-06-20,N/A,N/A
GRUPO LALA,9817992.7,USD,OP-270571,2017-05-25,30/03/2020,1040
ALSEA,3048773.39,EUR,OP-341856,"February 28, 2017",22-Aug-2022,2001
bbva méxico,4518733.5,MXN,OP-998215,"October 26, 2022",N/A,N/A
TELMEX,4489683.43,EUR,OP-982133,07-Oct-2024,N/A,N/A
grupo carso,6635868.61,EUR,OP-633186,22/03/2020,07-Aug-2022,868
AMÉRICA MÓVIL,1109039.61,EUR,OP-734476,"December 26, 2019",N/A,N/A
alsea,8455646.68,USD,OP-921465,06-Jul-2021,N/A,N/A
grupo carso,5783339.83,USD,OP-956817,21/08/2021,N/A,N/A
grupo lala,258114.12,USD,OP-789055,12-Nov-2022,N/A,N/A
ALSEA,2303051.24,USD,OP-461955,"October 28, 2018",N/A,N/A
grupo méxico,9240063.65,EUR,OP-856194,06/11/2023,N/A,N/A
BANORTE,6792501.43,USD,OP-772450,03/03/2024,N/A,N/A
FEMSA,4656886.59,EUR,OP-239467,25/12/2016,24/07/2025,3133
grupo lala,7127190.08,EUR,OP-531721,"March 03, 2018",03-May-2020,792
grupo lala,807455.45,MXN,OP-280874,25-Nov-2019,26/06/2025,2040
SORIANA,5449939.64,USD,OP-208684,2018-02-27,N/A,N/A
CEMEX,8602519.47,MXN,OP-725267,"October 30, 2020",2022-03-18,504
grupo carso,7599455.76,MXN,OP-598517,13-Aug-2016,N/A,N/A
femsa,9388678.64,USD,OP-419970,27-Mar-2019,"August 16, 2024",1969
bbva méxico,4322099.27,EUR,OP-898989,17-Nov-2022,N/A,N/A
bbva méxico,8309048.85,EUR,OP-762939,"February 22, 2016",2021-07-25,1980
BANORTE,8863533.19,EUR,OP-333091,"August 26, 2020",N/A,N/A
ALSEA,5988742.09,EUR,OP-228689,16/10/2017,N/A,N/A
grupo lala,5066984.66,MXN,OP-958343,30/10/2021,N/A,N/A
telmex,3968280.45,MXN,OP-628766,2023-12-21,N/A,N/A
ALSEA,5267295.44,USD,OP-618205,"May 29, 2017","November 27, 2023",2373
telmex,6959462.5,MXN,OP-367959,2020-03-11,N/A,N/A
TELMEX,1490237.32,MXN,OP-291848,05/11/2022,N/A,N/A
GRUPO CARSO,9581648.34,MXN,OP-534225,23/01/2025,N/A,N/A
walmart de méxico,6179921.48,USD,OP-680866,2016-07-07,N/A,N/A
walmart de méxico,2974925.34,EUR,OP-653970,18/03/2025,N/A,N/A
BBVA MÉXICO,5245288.57,EUR,OP-127715,08-Sep-2021,N/A,N/A
américa móvil,3869679.54,EUR,OP-656487,2022-10-12,16-Jun-2024,613
PEMEX,9863174.99,EUR,OP-776037,2024-02-03,N/A,N/A
SORIANA,9977448.38,MXN,OP-659729,"April 29, 2024",N/A,N/A
TELMEX,4466202.2,MXN,OP-803605,2019-03-14,N/A,N/A
BANORTE,8401060.35,MXN,OP-792757,24-Jul-2022,N/A,N/A
alsea,1682479.11,EUR,OP-225045,10-Nov-2022,N/A,N/A
bbva méxico,4431937.67,USD,OP-798144,2024-03-14,N/A,N/A
GRUPO LALA,1479851.76,USD,OP-814556,27/10/2018,N/A,N/A
liverpool,3412943.16,USD,OP-456937,22/08/2023,N/A,N/A
liverpool,662896.54,EUR,OP-682194,2017-11-10,01-Mar-2025,2668
grupo bimbo,6598017.54,EUR,OP-966769,2016-11-25,2025-04-24,3072
CEMEX,9019171.63,MXN,OP-319259,2021-06-24,"December 19, 2021",178
PEMEX,5928983.41,EUR,OP-975511,2025-05-03,N/A,N/A
liverpool,7366297.07,MXN,OP-241367,"October 27, 2022",N/A,N/A
alsea,1111004.15,MXN,OP-242724,"September 28, 2016",2023-11-01,2590
grupo bimbo,268091.87,EUR,OP-969173,"December 04, 2024",N/A,N/A
walmart de méxico,3149519.08,MXN,OP-356016,26/12/2021,N/A,N/A
GRUPO LALA,8997681.2,MXN,OP-441940,"May 28, 2022",N/A,N/A
liverpool,7173609.97,EUR,OP-426261,28-Dec-2017,N/A,N/A
femsa,5360761.12,MXN,OP-556421,17/06/2022,"November 12, 2023",513
TELMEX,745919.89,USD,OP-235112,16/05/2025,N/A,N/A
grupo lala,4583617.22,EUR,OP-616963,26-Sep-2023,N/A,N/A
ALSEA,9874013.77,USD,OP-908441,"December 05, 2024",N/A,N/A
banorte,5399874.61,EUR,OP-907508,"September 30, 2019",N/A,N/A
soriana,2704710.18,EUR,OP-956452,2018-04-04,13-Jan-2023,1745
femsa,3657370.05,EUR,OP-510976,01/01/2017,N/A,N/A
GRUPO MÉXICO,7870512.89,EUR,OP-897064,2016-09-27,19-Oct-2023,2578
WALMART DE MÉXICO,5586130.14,EUR,OP-909999,2018-07-01,2020-05-22,691
GRUPO MÉXICO,1576245.04,MXN,OP-843061,22/07/2018,2021-03-10,962
GRUPO MÉXICO,2070449.64,EUR,OP-417525,2020-01-19,N/A,N/A
GRUPO BIMBO,3326293.61,EUR,OP-558233,2020-11-16,N/A,N/A
femsa,1865794.1,MXN,OP-536414,24/09/2015,2019-08-09,1415
BANORTE,1240815.25,USD,OP-460319,"September 28, 2021",N/A,N/A
femsa,9500430.5,EUR,OP-795905,25/12/2019,"June 17, 2025",2001
bbva méxico,2965134.81,USD,OP-936133,"June 05, 2018",23/05/2021,1083
femsa,9803831.81,MXN,OP-880877,04/12/2019,01-Dec-2019,233
PEMEX,1371068.54,MXN,OP-501558,02/10/2023,N/A,N/A
liverpool,3908217.63,EUR,OP-269729,2023-12-17,N/A,N/A
alsea,9145694.19,MXN,OP-139270,2015-09-29,N/A,N/A
américa móvil,3192818.71,EUR,OP-688125,2020-07-29,N/A,N/A
GRUPO MÉXICO,9675264.65,MXN,OP-723407,22/02/2019,15-Feb-2023,1454
grupo méxico,4437895.24,EUR,OP-538464,2019-05-08,N/A,N/A
GRUPO CARSO,7806820.1,MXN,OP-574565,"August 27, 2022",N/A,N/A
bbva méxico,5260337.27,EUR,OP-206963,09/01/2025,N/A,N/A
alsea,7874392.39,MXN,OP-649979,2021-06-18,23/10/2022,492
FEMSA,3736504.5,MXN,OP-714866,"February 17, 2017",08-Dec-2019,1024
femsa,2549768.03,EUR,OP-464442,23/10/2019,N/A,N/A
WALMART DE MÉXICO,3057455.15,MXN,OP-208549,07-Aug-2019,2024-06-16,1775
grupo méxico,7672610.21,USD,OP-349240,08/04/2017,N/A,N/A
GRUPO CARSO,6723162.23,EUR,OP-911825,2015-09-28,2022-10-25,2584
TELMEX,5687720.63,MXN,OP-330081,10-Jul-2021,2023-05-08,667
walmart de méxico,5005354.42,MXN,OP-143856,"October 08, 2022",N/A,N/A
pemex,5095778.85,MXN,OP-733787,2024-09-24,N/A,N/A
grupo méxico,1723616.16,USD,OP-185753,2020-11-17,N/A,N/A
telmex,9885551.38,EUR,OP-135143,2016-10-28,09/02/2019,1039
cemex,5290646.41,EUR,OP-375943,2018-02-27,N/A,N/A
AMÉRICA MÓVIL,1025839.05,EUR,OP-705317,2019-01-30,N/A,N/A
grupo lala,5718309.26,MXN,OP-577474,04-Oct-2019,19-Jun-2022,989
américa móvil,7650466.42,EUR,OP-499501,2016-09-15,"May 30, 2017",257
GRUPO LALA,9146974.81,EUR,OP-666231,26-Jul-2022,2023-11-18,480
GRUPO CARSO,6998166.88,MXN,OP-806863,2017-01-09,N/A,N/A
banorte,6756449.51,EUR,OP-387283,"September 23, 2016",N/A,N/A
femsa,3231306.64,USD,OP-590111,17-Dec-2021,N/A,N/A
grupo carso,6056534.1,USD,OP-585328,08-Dec-2023,N/A,N/A
LIVERPOOL,9511538.67,MXN,OP-246034,"June 22, 2023",13/05/2025,691
CEMEX,9858505.04,USD,OP-712090,2020-01-10,11-Mar-2020,61
FEMSA,3662579.01,USD,OP-783126,"January 31, 2020",N/A,N/A
PEMEX,3364814.29,MXN,OP-951356,05-Jul-2019,N/A,N/A
GRUPO LALA,1333582.01,MXN,OP-122737,2020-12-30,N/A,N/A
FEMSA,6860181.9,USD,OP-333074,21-Nov-2016,11/07/2018,716
GRUPO BIMBO,9128225.28,EUR,OP-472650,18/10/2017,N/A,N/A
femsa,2124646.72,EUR,OP-113522,12/04/2022,19/07/2023,227
cemex,4537433.38,USD,OP-308448,10-Mar-2019,2022-04-03,1120
GRUPO LALA,8139456.42,USD,OP-426564,2024-06-18,N/A,N/A
GRUPO LALA,2497253.9,EUR,OP-913848,24-Oct-2024,N/A,N/A
TELMEX,810464.75,MXN,OP-954339,"February 22, 2023","September 21, 2024",577
ALSEA,9249877.93,EUR,OP-276448,"September 26, 2021",N/A,N/A
WALMART DE MÉXICO,6883326.94,MXN,OP-546740,16-Jun-2020,N/A,N/A
grupo bimbo,7864596.27,USD,OP-717844,"October 06, 2017",N/A,N/A
pemex,5058914.58,USD,OP-349446,"March 23, 2019","November 24, 2020",612
GRUPO CARSO,1759474.02,EUR,OP-250565,21/12/2016,11-Nov-2018,690
grupo bimbo,3184676.87,MXN,OP-977722,04-Apr-2024,N/A,N/A
américa móvil,8647078.56,EUR,OP-588158,14-Aug-2016,22/12/2023,2686
femsa,5346054.93,USD,OP-507268,2025-04-17,N/A,N/A
GRUPO LALA,7743362.12,USD,OP-138018,18/03/2017,N/A,N/A
ALSEA,6935354.91,USD,OP-338075,13/04/2024,N/A,N/A
SORIANA,8897203.92,USD,OP-993617,"July 29, 2022",N/A,N/A
BBVA MÉXICO,1932530.33,MXN,OP-806923,24/08/2020,N/A,N/A
LIVERPOOL,5869179.37,EUR,OP-750190,22-May-2025,N/A,N/A
BANORTE,6784931.49,MXN,OP-412757,27-Oct-2015,"January 18, 2024",3005
BANORTE,2707067.22,MXN,OP-445888,"February 25, 2025",N/A,N/A
grupo lala,4747684.44,EUR,OP-254245,2025-04-09,N/A,N/A
CEMEX,9599573.1,MXN,OP-866789,"April 04, 2024",N/A,N/A
soriana,6791648.86,MXN,OP-633715,2022-12-20,"November 25, 2023",340
PEMEX,6792319.44,USD,OP-656926,22-Mar-2022,N/A,N/A
GRUPO CARSO,3624900.34,EUR,OP-769092,05-Jul-2018,05/05/2022,1400
américa móvil,8407173.6,MXN,OP-834767,2023-05-19,N/A,N/A
GRUPO CARSO,5774795.33,EUR,OP-389781,2016-02-16,2019-11-02,1355
SORIANA,3941083.04,USD,OP-467566,2024-03-07,N/A,N/A
AMÉRICA MÓVIL,5221917.93,EUR,OP-754042,15-May-2017,"May 09, 2021",1455
GRUPO BIMBO,1717805.37,EUR,OP-764055,22-Dec-2015,2016-05-24,154
AMÉRICA MÓVIL,8450184.34,EUR,OP-180836,05-Feb-2022,2022-10-27,264
cemex,5349907.0,USD,OP-842604,23-Jul-2018,N/A,N/A
walmart de méxico,459717.81,USD,OP-349268,23-Jan-2017,25-May-2017,122
grupo carso,5783220.96,EUR,OP-764751,25-Jul-2018,N/A,N/A
BBVA MÉXICO,4374639.08,EUR,OP-667124,19-Nov-2017,2020-01-21,793
FEMSA,8880013.11,MXN,OP-957385,18-Feb-2017,2021-02-07,1450
WALMART DE MÉXICO,4333707.68,MXN,OP-690051,16-Mar-2019,N/A,N/A
banorte,6527425.73,MXN,OP-118899,2021-06-21,N/A,N/A
bbva méxico,2382499.57,MXN,OP-811286,"September 01, 2021","August 28, 2024",1092
soriana,6723752.2,MXN,OP-769480,20-Oct-2020,N/A,N/A
walmart de méxico,6556341.09,MXN,OP-509812,30-Jul-2021,2024-12-03,1222
ALSEA,1805811.42,USD,OP-391543,03-Jun-2025,N/A,N/A
WALMART DE MÉXICO,2057045.17,USD,OP-956243,01-Feb-2023,N/A,N/A
grupo méxico,5467851.9,EUR,OP-361735,"January 16, 2021",N/A,N/A
soriana,3749982.65,USD,OP-905572,23/04/2023,N/A,N/A
liverpool,2947241.78,EUR,OP-735397,10/11/2015,N/A,N/A
GRUPO CARSO,1294876.33,EUR,OP-198946,2017-04-19,21-Nov-2019,946
grupo méxico,3949634.66,EUR,OP-815133,"April 06, 2023",N/A,N/A
TELMEX,4004825.33,USD,OP-556273,"February 24, 2018",N/A,N/A
ALSEA,4263149.14,MXN,OP-462095,2016-01-07,2022-12-18,2537
grupo lala,4961075.68,USD,OP-405999,29-May-2020,06/06/2021,373
GRUPO CARSO,9909469.28,USD,OP-293262,2018-11-23,N/A,N/A
grupo bimbo,5975628.41,USD,OP-689036,"April 28, 2021",N/A,N/A
GRUPO CARSO,687196.59,USD,OP-845468,29-Jan-2022,N/A,N/A
GRUPO CARSO,3533865.45,MXN,OP-753258,04-Oct-2017,N/A,N/A
grupo méxico,6180533.16,EUR,OP-292562,12/06/2021,N/A,N/A
grupo carso,1945278.9,EUR,OP-674710,"December 16, 2024",N/A,N/A
telmex,6189561.23,MXN,OP-542949,"September 14, 2016",10/08/2019,1119
BBVA MÉXICO,3242018.31,MXN,OP-718142,"December 20, 2022",N/A,N/A
grupo carso,6641928.88,USD,OP-349734,15-Jul-2016,N/A,N/A
américa móvil,1507179.23,EUR,OP-911775,"March 23, 2018",N/A,N/A
WALMART DE MÉXICO,8457802.85,MXN,OP-846131,13-Dec-2019,N/A,N/A
GRUPO BIMBO,9126977.36,EUR,OP-431711,06-May-2023,N/A,N/A
grupo carso,4522072.24,MXN,OP-140520,"December 29, 2019",11/06/2024,1774
BBVA MÉXICO,8537551.28,USD,OP-251822,2024-08-27,N/A,N/A
femsa,7636524.79,MXN,OP-288955,"September 05, 2021",N/A,N/A
GRUPO MÉXICO,6119428.26,MXN,OP-406569,04/01/2021,N/A,N/A
AMÉRICA MÓVIL,5629681.22,MXN,OP-776100,27/07/2024,N/A,N/A
bbva méxico,6018172.79,MXN,OP-453936,17-Sep-2020,N/A,N/A
walmart de méxico,719493.94,MXN,OP-556891,14/04/2021,N/A,N/A
soriana,5639500.74,EUR,OP-833792,2021-04-02,N/A,N/A
LIVERPOOL,9477680.31,EUR,OP-629513,"November 15, 2023",N/A,N/A
femsa,5265174.57,EUR,OP-726631,11/12/2018,"April 18, 2025",2349
grupo lala,5003815.32,EUR,OP-942245,25/02/2017,N/A,N/A
SORIANA,6305837.28,MXN,OP-113186,06-Oct-2016,2017-05-01,207
liverpool,7126390.71,MXN,OP-135008,16/09/2015,15-Dec-2016,456
grupo carso,7586577.31,MXN,OP-405081,13-Nov-2015,N/A,N/A
grupo lala,1337875.04,EUR,OP-544830,03/03/2017,N/A,N/A
grupo lala,9073114.12,EUR,OP-901050,24-Jun-2018,"June 18, 2022",1455
grupo méxico,2371154.72,USD,OP-504820,2020-11-20,2025-08-18,1732
femsa,228191.65,MXN,OP-396718,20-Jun-2016,N/A,N/A
SORIANA,599265.98,EUR,OP-108007,"August 02, 2023",N/A,N/A
grupo lala,873929.23,MXN,OP-683201,01-Oct-2021,N/A,N/A
grupo carso,6299265.07,EUR,OP-763159,11/11/2022,N/A,N/A
bbva méxico,9870283.83,MXN,OP-949946,23/05/2016,2018-07-02,770
GRUPO CARSO,7317956.44,EUR,OP-394442,"June 23, 2025",N/A,N/A
grupo lala,548213.57,USD,OP-552115,2022-04-01,N/A,N/A
GRUPO CARSO,1506847.59,MXN,OP-525257,26/12/2024,N/A,N/A
bbva méxico,2930900.45,EUR,OP-339417,18/01/2022,N/A,N/A
ALSEA,215454.41,USD,OP-803959,2022-10-17,N/A,N/A
liverpool,586095.84,EUR,OP-184859,"January 18, 2019",N/A,N/A
GRUPO LALA,2791574.91,MXN,OP-518394,06/08/2019,N/A,N/A
grupo méxico,3040246.29,MXN,OP-998426,17/06/2023,N/A,N/A
SORIANA,424765.59,MXN,OP-156852,29/11/2019,N/A,N/A
pemex,8762897.72,EUR,OP-397585,23/02/2023,04-Sep-2024,559
walmart de méxico,2897511.79,MXN,OP-958540,12/06/2025,N/A,N/A
SORIANA,7992653.57,MXN,OP-467017,"October 13, 2016",N/A,N/A
alsea,1919966.35,MXN,OP-558480,2023-01-22,N/A,N/A
banorte,3258398.92,EUR,OP-715403,28/04/2018,N/A,N/A
BANORTE,1941173.32,USD,OP-505609,"June 30, 2024",N/A,N/A
bbva méxico,6379546.64,USD,OP-490556,2020-10-02,12/05/2023,1159
TELMEX,4871258.08,USD,OP-870471,2021-09-06,N/A,N/A
grupo bimbo,3242427.8,EUR,OP-695940,30/04/2024,N/A,N/A
grupo bimbo,966666.8,EUR,OP-352313,2016-03-13,13-Jan-2018,671
grupo bimbo,8891026.17,USD,OP-921318,2025-03-19,N/A,N/A
grupo carso,7612678.93,EUR,OP-195028,08-Oct-2017,01-Sep-2018,328
PEMEX,1200919.06,USD,OP-534346,2022-11-30,N/A,N/A
BANORTE,8122466.96,MXN,OP-464969,19-Jul-2024,N/A,N/A
bbva méxico,4311184.65,MXN,OP-464973,19/06/2019,N/A,N/A
américa móvil,489321.6,MXN,OP-429086,"January 03, 2016",09-Aug-2019,1314
AMÉRICA MÓVIL,3231565.86,USD,OP-315159,"May 28, 2018",N/A,N/A
BBVA MÉXICO,3015357.85,MXN,OP-713105,"October 27, 2023",N/A,N/A
GRUPO BIMBO,2604830.49,USD,OP-281769,"July 07, 2017","September 25, 2022",1906
telmex,5704879.08,USD,OP-146923,13-Sep-2023,"August 10, 2025",697
alsea,3614528.04,MXN,OP-153314,12-Apr-2017,N/A,N/A
américa móvil,3125636.3,USD,OP-727746,"October 31, 2016","May 11, 2024",2749
ALSEA,9685250.23,MXN,OP-723065,12/04/2016,"April 02, 2022",1945
GRUPO MÉXICO,1017874.79,MXN,OP-855299,"September 25, 2022",N/A,N/A
cemex,8733901.12,MXN,OP-932001,04-Aug-2017,N/A,N/A
liverpool,9017489.07,MXN,OP-522089,23-Feb-2020,10/07/2023,1322
GRUPO MÉXICO,2426272.82,USD,OP-904873,"December 01, 2023",N/A,N/A
AMÉRICA MÓVIL,860490.6,MXN,OP-877493,19-Sep-2020,"March 15, 2022",542
pemex,2283586.94,USD,OP-945771,02-Aug-2017,2021-04-14,1351
grupo méxico,3953397.33,EUR,OP-148333,13/04/2019,N/A,N/A
cemex,4138536.84,USD,OP-946653,02/07/2018,N/A,N/A
grupo bimbo,9791338.29,EUR,OP-803372,2021-11-22,N/A,N/A
BBVA MÉXICO,9080888.39,MXN,OP-937949,"August 29, 2017",02-Apr-2022,1677
BBVA MÉXICO,6580057.32,MXN,OP-697731,2018-09-17,06/03/2019,259
BBVA MÉXICO,8930523.45,EUR,OP-294421,2016-03-10,2017-03-09,364
soriana,4127447.15,USD,OP-702418,2022-09-03,N/A,N/A
GRUPO CARSO,5414992.88,USD,OP-157606,"November 05, 2024",N/A,N/A
BBVA MÉXICO,4466998.67,EUR,OP-921105,"January 26, 2017",23-Oct-2021,1731
bbva méxico,6411846.65,USD,OP-413595,2017-03-17,02-Jun-2018,442
soriana,6649941.21,EUR,OP-901874,29/05/2019,2020-11-30,551
liverpool,7859038.2,EUR,OP-523029,"December 18, 2015","December 29, 2023",2933
cemex,5571981.52,MXN,OP-585792,08/02/2019,N/A,N/A
GRUPO BIMBO,7600879.37,EUR,OP-877438,21/03/2024,N/A,N/A
grupo bimbo,5373238.32,USD,OP-752221,2023-04-26,N/A,N/A
GRUPO MÉXICO,2455570.88,USD,OP-277440,11-May-2021,N/A,N/A
bbva méxico,9129041.41,USD,OP-718566,23/04/2016,N/A,N/A
liverpool,9720612.52,USD,OP-649707,"November 07, 2020",N/A,N/A
SORIANA,533409.33,EUR,OP-302553,14/07/2020,N/A,N/A
AMÉRICA MÓVIL,6049066.31,MXN,OP-387420,25/03/2017,08/12/2020,1236
walmart de méxico,7733835.47,USD,OP-263640,"April 19, 2017",2023-12-06,2422
femsa,6389156.83,MXN,OP-502286,2025-05-13,N/A,N/A
grupo méxico,529429.8,MXN,OP-695096,23-Aug-2017,2023-04-15,2061
grupo lala,7192578.35,USD,OP-660123,24-Dec-2015,"August 13, 2017",598
banorte,8232182.37,USD,OP-449745,2017-04-29,N/A,N/A
SORIANA,4496396.7,MXN,OP-815448,"April 23, 2017",15-Jan-2025,2824
alsea,3216664.4,EUR,OP-264551,"September 07, 2016",18/08/2020,1441
alsea,4054689.32,EUR,OP-930235,11/08/2016,02/07/2024,2647
banorte,3886899.45,USD,OP-337955,23/10/2022,N/A,N/A
ALSEA,9353153.12,EUR,OP-561911,02-Nov-2016,14/02/2021,1565
grupo bimbo,3838540.96,MXN,OP-286676,01-Feb-2017,N/A,N/A
grupo carso,817794.55,USD,OP-737012,2024-04-03,N/A,N/A
GRUPO CARSO,5279866.92,MXN,OP-947557,19/11/2021,N/A,N/A
TELMEX,9336737.46,MXN,OP-769282,01-Mar-2020,N/A,N/A
GRUPO CARSO,1825699.52,USD,OP-971702,31/03/2019,18/03/2024,1814
américa móvil,2162127.54,USD,OP-600153,02-Oct-2016,"October 20, 2016",18
LIVERPOOL,8646889.8,EUR,OP-605517,24/03/2021,N/A,N/A
TELMEX,776236.98,USD,OP-959809,21/02/2025,N/A,N/A
LIVERPOOL,5444427.18,EUR,OP-514259,"January 15, 2017","February 24, 2025",2962
bbva méxico,5347877.09,USD,OP-574498,2024-09-10,N/A,N/A
WALMART DE MÉXICO,5478308.64,MXN,OP-504879,25-Aug-2019,2024-01-20,1609
AMÉRICA MÓVIL,8735129.9,USD,OP-618868,"June 26, 2020",2024-01-12,1295
WALMART DE MÉXICO,4021755.75,USD,OP-350254,"March 12, 2024",N/A,N/A
ALSEA,7496920.48,EUR,OP-347206,"April 09, 2022",N/A,N/A
grupo bimbo,6028734.73,EUR,OP-722312,07/12/2016,N/A,N/A
soriana,8198817.06,EUR,OP-103154,2022-09-20,N/A,N/A
grupo lala,896058.89,EUR,OP-903655,14/04/2024,N/A,N/A
ALSEA,5488774.25,USD,OP-617236,2020-06-25,N/A,N/A
soriana,5667217.39,MXN,OP-832489,2023-09-25,N/A,N/A
soriana,7381994.74,EUR,OP-633807,07/06/2022,N/A,N/A
pemex,298173.16,USD,OP-674562,"June 09, 2024",N/A,N/A
femsa,8206437.24,USD,OP-334424,22-Jul-2019,18/03/2021,605
LIVERPOOL,1485199.51,USD,OP-971442,2017-01-05,10-Sep-2018,613
LIVERPOOL,4025264.83,EUR,OP-564465,30-Oct-2022,N/A,N/A
walmart de méxico,4851363.37,EUR,OP-635553,11/02/2016,20/01/2020,1174
femsa,1300451.78,MXN,OP-614939,2025-06-21,N/A,N/A
américa móvil,5013827.51,USD,OP-711831,17/05/2016,09-Dec-2020,1667
alsea,2681663.63,EUR,OP-183569,10-Aug-2018,N/A,N/A
grupo carso,9165504.38,EUR,OP-658976,26/01/2019,2023-12-23,1792
BBVA MÉXICO,6382775.28,MXN,OP-430990,15-Aug-2019,N/A,N/A
FEMSA,4598759.88,EUR,OP-409763,2024-12-25,N/A,N/A
grupo bimbo,3122955.6,MXN,OP-608809,24-Mar-2018,22/11/2023,2069
liverpool,3912451.42,MXN,OP-556554,22-Jun-2024,N/A,N/A
PEMEX,807511.21,USD,OP-534922,23-Apr-2023,N/A,N/A
cemex,5821016.63,MXN,OP-505191,"July 03, 2017",24-Oct-2019,843
grupo bimbo,9351381.33,MXN,OP-437777,26-Jul-2019,21-Jul-2023,1456
bbva méxico,9077492.31,EUR,OP-863289,"November 29, 2015",05/04/2024,3079
PEMEX,9211942.24,EUR,OP-382795,2024-04-01,N/A,N/A
GRUPO BIMBO,4039836.15,USD,OP-616520,"July 23, 2017",N/A,N/A
WALMART DE MÉXICO,8699226.65,USD,OP-639887,08/04/2021,N/A,N/A
américa móvil,6156311.4,EUR,OP-203675,2017-03-16,N/A,N/A
alsea,9592207.7,USD,OP-526468,10-Apr-2022,2024-08-19,862
GRUPO BIMBO,5383274.73,USD,OP-399202,03/08/2020,2020-09-01,177
CEMEX,659556.78,MXN,OP-253907,13/01/2019,02/12/2024,1856
grupo méxico,7713536.04,EUR,OP-190793,29-Nov-2021,N/A,N/A
GRUPO LALA,7717120.51,EUR,OP-692873,08/02/2025,N/A,N/A
bbva méxico,7109196.54,MXN,OP-220319,"November 02, 2021",26/06/2025,1332
GRUPO CARSO,6427916.5,MXN,OP-725205,2023-06-10,N/A,N/A
LIVERPOOL,821734.28,USD,OP-777503,"June 21, 2022",30/09/2024,832
GRUPO CARSO,1104914.32,MXN,OP-908414,2020-04-28,N/A,N/A
pemex,2213833.55,USD,OP-593599,"February 18, 2017",N/A,N/A
LIVERPOOL,6548331.91,EUR,OP-229787,10-Aug-2021,N/A,N/A
LIVERPOOL,5659705.16,MXN,OP-341170,26-Feb-2018,"November 23, 2022",1731
PEMEX,482197.79,MXN,OP-205654,2017-11-10,"May 24, 2020",926
femsa,8946382.67,EUR,OP-510839,21-Aug-2022,N/A,N/A
liverpool,514478.13,MXN,OP-255738,"February 25, 2021",N/A,N/A
GRUPO BIMBO,1174756.32,EUR,OP-117857,03/11/2018,2024-10-20,2415
BBVA MÉXICO,5652590.95,MXN,OP-957031,"October 20, 2022",N/A,N/A
PEMEX,4049769.33,USD,OP-755695,03/12/2018,N/A,N/A
BBVA MÉXICO,826369.67,MXN,OP-126859,06/02/2021,23/02/2022,266
BBVA MÉXICO,4764949.08,EUR,OP-780666,13-Feb-2024,N/A,N/A
cemex,1113826.74,USD,OP-549529,06-Jun-2023,N/A,N/A
grupo lala,8107348.94,USD,OP-146658,26/08/2021,N/A,N/A
CEMEX,8522404.07,USD,OP-227206,20/04/2022,21-Sep-2024,885
soriana,4073900.49,MXN,OP-100703,11-Apr-2018,2021-11-02,1301
banorte,7197298.22,USD,OP-218433,30-Jun-2019,N/A,N/A
grupo bimbo,1110781.79,MXN,OP-704152,11/04/2024,N/A,N/A
AMÉRICA MÓVIL,6735766.79,USD,OP-321887,2024-09-22,N/A,N/A
grupo bimbo,9498430.7,USD,OP-522293,10/06/2018,N/A,N/A
GRUPO LALA,9169944.19,MXN,OP-955452,05/07/2023,N/A,N/A
WALMART DE MÉXICO,8394912.3,EUR,OP-826534,"May 01, 2016",N/A,N/A
alsea,6144988.63,EUR,OP-750789,"December 28, 2017",N/A,N/A
telmex,3764760.98,USD,OP-689056,07/01/2021,N/A,N/A
WALMART DE MÉXICO,9305120.54,MXN,OP-633827,09/08/2025,N/A,N/A
alsea,5763069.16,EUR,OP-553430,2021-09-02,N/A,N/A
soriana,2501193.75,USD,OP-173921,"July 17, 2025",N/A,N/A
AMÉRICA MÓVIL,3516681.11,MXN,OP-851531,23/11/2021,N/A,N/A
BBVA MÉXICO,7413035.25,EUR,OP-373184,2022-08-16,N/A,N/A
PEMEX,5053692.24,USD,OP-501552,2024-10-29,N/A,N/A
grupo méxico,577225.07,MXN,OP-958464,23-Nov-2016,05-May-2025,3085
cemex,3407055.08,EUR,OP-301797,2021-01-17,"March 19, 2025",1522
GRUPO CARSO,2112749.32,MXN,OP-467451,2021-03-27,N/A,N/A
LIVERPOOL,1548250.07,USD,OP-601061,2018-05-08,N/A,N/A
grupo bimbo,5753112.11,MXN,OP-498198,"November 09, 2023",N/A,N/A
GRUPO BIMBO,5081584.54,EUR,OP-659364,2021-04-20,25/06/2025,1527
cemex,3848043.65,MXN,OP-119747,2019-05-29,2023-04-07,1409
SORIANA,5140402.39,EUR,OP-589462,10-Jan-2024,N/A,N/A
telmex,4675788.28,MXN,OP-368899,"August 04, 2023",02-Aug-2024,364
cemex,8534536.96,EUR,OP-777709,05-Jun-2021,04/07/2024,1037
grupo méxico,9445152.73,EUR,OP-269267,2019-07-07,"July 31, 2025",2216
GRUPO CARSO,731818.5,MXN,OP-664270,01-Jul-2021,2024-03-31,1004
SORIANA,8751786.8,MXN,OP-913521,01/11/2018,"July 26, 2019",561
BANORTE,8498099.1,MXN,OP-945644,"May 03, 2019",N/A,N/A
FEMSA,6658584.99,EUR,OP-266217,"October 06, 2020",N/A,N/A
AMÉRICA MÓVIL,6042942.41,USD,OP-740669,2023-05-22,N/A,N/A
liverpool,7053471.1,USD,OP-484990,"July 19, 2025",N/A,N/A
bbva méxico,7815163.4,EUR,OP-129859,"August 23, 2021",17/07/2022,328
banorte,8519778.2,MXN,OP-765896,14/02/2021,N/A,N/A
CEMEX,5400859.5,EUR,OP-607367,2021-11-25,09/01/2022,280
cemex,5320061.14,EUR,OP-846278,2022-06-19,N/A,N/A
femsa,8347085.84,EUR,OP-486539,2024-05-22,N/A,N/A
telmex,9666569.0,EUR,OP-722520,17-Dec-2022,N/A,N/A
grupo méxico,7764447.93,EUR,OP-822611,26/11/2023,2025-05-07,528
AMÉRICA MÓVIL,4137555.28,MXN,OP-940280,09/09/2016,N/A,N/A
AMÉRICA MÓVIL,389196.96,USD,OP-498396,14-Jul-2017,N/A,N/A
alsea,8671552.82,EUR,OP-579481,2015-11-23,N/A,N/A
WALMART DE MÉXICO,4062024.19,USD,OP-694685,"July 24, 2020",N/A,N/A
LIVERPOOL,1578362.53,MXN,OP-414633,"May 14, 2018",N/A,N/A
BANORTE,7381815.46,MXN,OP-572593,08/08/2024,2025-03-19,223
femsa,4774310.43,EUR,OP-900919,12/03/2021,N/A,N/A
SORIANA,3008909.37,EUR,OP-795240,2022-10-07,"December 01, 2022",55
LIVERPOOL,675904.73,MXN,OP-276239,15/07/2022,N/A,N/A
FEMSA,8019720.92,EUR,OP-142848,2017-02-22,"February 25, 2025",2925
WALMART DE MÉXICO,4011168.08,USD,OP-270047,"May 08, 2020",N/A,N/A
walmart de méxico,6027392.36,USD,OP-784308,09-Dec-2022,N/A,N/A
alsea,236270.51,USD,OP-392329,2015-08-31,N/A,N/A
PEMEX,4344501.51,EUR,OP-642798,03/12/2016,2023-04-10,2585
TELMEX,5670416.92,USD,OP-657484,02/08/2020,N/A,N/A
grupo bimbo,5474255.16,EUR,OP-885175,03-May-2025,N/A,N/A
BBVA MÉXICO,5829095.51,MXN,OP-647499,2020-06-02,N/A,N/A
TELMEX,6772998.98,MXN,OP-774304,2021-02-03,"December 14, 2024",1410
WALMART DE MÉXICO,309932.86,USD,OP-807050,23-Apr-2023,N/A,N/A
cemex,4371868.25,MXN,OP-341873,01/07/2020,2022-04-21,835
alsea,8549903.36,MXN,OP-505004,2021-07-12,N/A,N/A
CEMEX,2465088.13,EUR,OP-457153,04/02/2023,N/A,N/A
FEMSA,8628610.43,EUR,OP-473395,29-Aug-2022,N/A,N/A
pemex,7361633.64,USD,OP-383585,2017-05-18,N/A,N/A
GRUPO MÉXICO,557432.01,MXN,OP-644334,25-Jul-2016,13-Mar-2022,2057
GRUPO BIMBO,3732681.48,MXN,OP-724448,"June 28, 2018",N/A,N/A
GRUPO CARSO,2154594.74,MXN,OP-543998,"December 05, 2019","September 13, 2021",648
WALMART DE MÉXICO,1206234.42,MXN,OP-427877,2022-11-23,N/A,N/A
banorte,2691719.96,EUR,OP-559292,20-Feb-2024,N/A,N/A
bbva méxico,9071434.89,USD,OP-485432,28-Oct-2019,2022-12-27,1156
BANORTE,640371.26,MXN,OP-984385,2021-12-17,N/A,N/A
TELMEX,1401834.06,USD,OP-375903,07/06/2024,N/A,N/A
cemex,987737.83,EUR,OP-967475,27-Mar-2023,N/A,N/A
LIVERPOOL,5693247.14,USD,OP-888912,"April 21, 2024",N/A,N/A
CEMEX,4294302.45,EUR,OP-296583,26-Sep-2015,04-Jul-2016,282
walmart de méxico,7268086.15,USD,OP-206728,2024-03-09,N/A,N/A
BBVA MÉXICO,6289157.17,EUR,OP-169883,"November 05, 2021",07-Sep-2022,306
femsa,5745956.75,USD,OP-323712,2020-05-23,15-May-2022,722
alsea,4577445.64,EUR,OP-616327,30-Sep-2015,03-Aug-2019,1403
américa móvil,7782051.85,EUR,OP-756257,2018-07-28,11/07/2019,467
AMÉRICA MÓVIL,399533.79,EUR,OP-345027,21-Dec-2016,19-Jun-2018,545
femsa,2065087.59,MXN,OP-255259,2018-04-20,"July 21, 2024",2284
LIVERPOOL,1976299.98,EUR,OP-299521,"June 14, 2017",2024-10-15,2680
GRUPO BIMBO,6843539.27,EUR,OP-231514,2021-07-23,N/A,N/A
grupo carso,1513241.3,USD,OP-716558,"October 20, 2018",24/03/2024,1982
GRUPO LALA,2868354.66,EUR,OP-517096,18-Feb-2017,N/A,N/A
SORIANA,9024266.85,USD,OP-905787,2022-01-09,N/A,N/A
GRUPO MÉXICO,9958162.76,USD,OP-530292,20/04/2022,"June 04, 2025",1141
GRUPO LALA,7689334.63,USD,OP-809165,22-Oct-2016,28-Oct-2021,1832
WALMART DE MÉXICO,8629643.77,EUR,OP-304736,05-Dec-2022,N/A,N/A
bbva méxico,8341804.73,USD,OP-176871,07/09/2024,N/A,N/A
ALSEA,7215938.78,MXN,OP-124696,"July 06, 2023",N/A,N/A
GRUPO CARSO,5261569.41,USD,OP-572554,"August 24, 2024",N/A,N/A
grupo lala,3362569.28,MXN,OP-447754,"September 28, 2017",N/A,N/A
soriana,2853043.6,MXN,OP-316922,"November 16, 2015",09-Nov-2016,359
grupo carso,8424794.43,EUR,OP-933205,03/02/2016,2019-04-10,1134
GRUPO CARSO,8393933.38,EUR,OP-203400,2019-02-08,18-Feb-2022,1106
GRUPO LALA,3938079.75,EUR,OP-877771,03/06/2016,28-Feb-2023,2550
liverpool,6715472.32,MXN,OP-382993,2023-08-15,N/A,N/A
liverpool,1146637.02,MXN,OP-716444,05/06/2024,N/A,N/A
TELMEX,3308578.98,USD,OP-805474,08/09/2020,25/09/2022,777
GRUPO BIMBO,6946259.98,USD,OP-995590,21-Oct-2022,N/A,N/A
grupo lala,2471022.07,EUR,OP-729407,21/11/2018,N/A,N/A
GRUPO MÉXICO,1785771.91,EUR,OP-818419,09-Jul-2017,28/11/2024,2699
WALMART DE MÉXICO,3523045.71,EUR,OP-574053,07/05/2023,N/A,N/A
grupo bimbo,4463741.23,USD,OP-244050,"November 10, 2017",N/A,N/A
liverpool,9655164.68,MXN,OP-144243,"February 24, 2018",N/A,N/A
SORIANA,8577021.63,MXN,OP-242932,29-Dec-2023,N/A,N/A
soriana,6867355.9,USD,OP-850478,27/04/2023,N/A,N/A
grupo bimbo,2072775.0,USD,OP-301456,20-Feb-2023,N/A,N/A
grupo méxico,6500929.47,EUR,OP-368307,28/01/2022,N/A,N/A
LIVERPOOL,5832477.89,MXN,OP-458816,2017-12-12,N/A,N/A
PEMEX,2862528.56,USD,OP-125266,2017-02-12,25-Sep-2017,225
GRUPO LALA,5565623.92,EUR,OP-217190,2024-04-02,N/A,N/A
FEMSA,8410036.5,USD,OP-693310,14/09/2017,N/A,N/A
GRUPO MÉXICO,3591607.48,EUR,OP-354333,"November 03, 2016","October 11, 2017",342
PEMEX,8208060.27,MXN,OP-293219,2024-07-06,N/A,N/A
banorte,8181324.1,MXN,OP-310460,"October 09, 2015","January 25, 2023",2665
ALSEA,2154544.24,EUR,OP-171270,18/07/2023,N/A,N/A
telmex,8224390.65,EUR,OP-121152,"November 06, 2019",2020-03-09,124
liverpool,4802682.95,MXN,OP-551019,07-Nov-2023,N/A,N/A
SORIANA,687694.77,USD,OP-378406,"June 22, 2018",2025-06-27,2562
alsea,4267635.8,USD,OP-390874,30-Aug-2017,"August 06, 2018",341
pemex,1278445.11,USD,OP-965321,25/08/2023,N/A,N/A
TELMEX,6897352.73,USD,OP-294563,03/03/2022,N/A,N/A
GRUPO CARSO,2660883.68,USD,OP-175883,09/08/2017,2017-12-17,100
TELMEX,208116.03,MXN,OP-836153,14/05/2022,N/A,N/A
femsa,8735193.55,MXN,OP-753857,29/12/2015,10-Aug-2024,3147
walmart de méxico,4789575.86,MXN,OP-881791,25-Sep-2017,03-Mar-2019,524
AMÉRICA MÓVIL,2626313.44,USD,OP-603880,06-Sep-2015,N/A,N/A
grupo lala,127166.44,USD,OP-448358,02-Sep-2016,12/04/2017,458
GRUPO LALA,2298869.22,MXN,OP-185667,20-Jan-2017,N/A,N/A
banorte,1291692.64,USD,OP-918922,03/06/2025,04/03/2025,28
GRUPO CARSO,4432579.39,EUR,OP-762180,19-Nov-2015,N/A,N/A
SORIANA,7739035.77,EUR,OP-620117,23/01/2021,06-Aug-2025,1656
LIVERPOOL,4382261.62,MXN,OP-394067,23/12/2021,N/A,N/A
BBVA MÉXICO,5328839.88,USD,OP-200891,2022-11-03,N/A,N/A
grupo carso,1170819.66,MXN,OP-302192,30-Jan-2025,N/A,N/A
BBVA MÉXICO,9472029.73,MXN,OP-133605,"February 28, 2025",27-Jun-2025,119
GRUPO BIMBO,8425370.52,USD,OP-867125,24/01/2019,N/A,N/A
BANORTE,4951154.99,EUR,OP-273460,2017-04-16,N/A,N/A
PEMEX,3907387.46,MXN,OP-138557,2019-10-15,N/A,N/A
walmart de méxico,6646897.82,USD,OP-605840,2017-03-06,"January 05, 2023",2131
GRUPO BIMBO,1884796.42,USD,OP-513356,2024-05-21,N/A,N/A
femsa,6678591.65,EUR,OP-967172,"June 11, 2019",2022-07-26,1141
cemex,6348668.91,MXN,OP-700594,2025-01-13,N/A,N/A
américa móvil,5332884.04,MXN,OP-502339,2019-07-04,N/A,N/A
BANORTE,3164014.31,MXN,OP-730270,"July 16, 2022",N/A,N/A
FEMSA,2785993.93,EUR,OP-437906,02/09/2024,N/A,N/A
telmex,3916546.4,USD,OP-247494,15-Jun-2020,2024-11-12,1611
alsea,9243024.95,USD,OP-993174,20/04/2025,N/A,N/A
SORIANA,3576067.94,USD,OP-700745,20-Jul-2019,2023-01-17,1277
banorte,5017268.96,USD,OP-815113,2016-04-19,N/A,N/A
américa móvil,3064333.42,USD,OP-458773,09/10/2024,N/A,N/A
AMÉRICA MÓVIL,2568021.58,USD,OP-522615,"October 29, 2016",N/A,N/A
LIVERPOOL,5533097.31,MXN,OP-590501,2023-07-15,N/A,N/A
CEMEX,5902875.29,USD,OP-261083,2024-12-30,N/A,N/A
alsea,3499287.74,MXN,OP-280301,28-May-2018,26-Sep-2024,2313
LIVERPOOL,4762491.15,EUR,OP-642939,01/05/2020,N/A,N/A
grupo lala,2155761.29,EUR,OP-822985,16/05/2022,2024-09-16,854
GRUPO CARSO,9855055.55,MXN,OP-171394,04/09/2023,N/A,N/A
CEMEX,7948022.25,USD,OP-451271,03/03/2020,N/A,N/A
grupo bimbo,9170373.51,EUR,OP-902197,08-Jan-2022,"May 07, 2025",1215
SORIANA,8638524.48,EUR,OP-989530,"December 14, 2015",03-Jul-2024,3124
FEMSA,5570442.15,USD,OP-766839,2022-05-22,N/A,N/A
AMÉRICA MÓVIL,7488348.67,MXN,OP-848185,06/09/2016,24-Nov-2017,533
WALMART DE MÉXICO,4054907.49,USD,OP-473715,23-Jul-2024,N/A,N/A
GRUPO MÉXICO,1688403.18,EUR,OP-515186,"July 07, 2017",2018-10-21,471
grupo lala,6801175.09,MXN,OP-297582,11-Oct-2016,"February 07, 2025",3041
grupo carso,9998811.09,MXN,OP-672238,18-Oct-2015,18/06/2022,2435
américa móvil,6149000.26,USD,OP-832339,13/11/2022,N/A,N/A
FEMSA,4904995.45,EUR,OP-532951,"October 21, 2017",N/A,N/A
grupo lala,7988239.47,USD,OP-313676,2025-05-24,N/A,N/A
BBVA MÉXICO,7355024.59,MXN,OP-429591,22/05/2022,N/A,N/A
TELMEX,6978139.94,EUR,OP-355515,"November 21, 2022",N/A,N/A
cemex,5502008.8,EUR,OP-146175,2016-02-07,2017-12-14,676
BANORTE,6022333.88,USD,OP-493127,11/09/2022,10-Oct-2024,701
GRUPO MÉXICO,6525025.66,EUR,OP-265686,2024-08-22,N/A,N/A
TELMEX,6836037.43,EUR,OP-404289,20/05/2024,"July 05, 2024",46
BBVA MÉXICO,9823905.04,MXN,OP-293566,01-Jun-2024,N/A,N/A
pemex,3471615.46,EUR,OP-136622,"April 03, 2017","June 12, 2017",70
FEMSA,2764564.27,EUR,OP-698636,23/05/2024,N/A,N/A
WALMART DE MÉXICO,459800.95,USD,OP-325281,2019-08-21,2024-09-28,1865
grupo bimbo,6394301.19,USD,OP-866922,21-Sep-2023,"May 08, 2024",230
GRUPO BIMBO,4154387.08,USD,OP-187217,"February 08, 2025",N/A,N/A
cemex,8892651.05,MXN,OP-492381,2018-10-06,23-Jan-2022,1205
GRUPO BIMBO,6782923.93,MXN,OP-347483,25-Nov-2017,21/11/2019,726
GRUPO CARSO,1625827.39,USD,OP-820983,06/01/2021,N/A,N/A
GRUPO MÉXICO,1423061.15,USD,OP-831782,25-Mar-2016,"April 09, 2019",1110
pemex,127351.75,USD,OP-247873,28-Nov-2022,2025-03-05,828
grupo bimbo,2812682.17,USD,OP-304839,06/01/2025,N/A,N/A
GRUPO MÉXICO,4354553.18,EUR,OP-880728,13/10/2015,01/02/2017,447
GRUPO LALA,3005351.84,USD,OP-198160,26-Aug-2018,N/A,N/A
alsea,5977980.42,EUR,OP-704155,17/01/2023,N/A,N/A
FEMSA,8522343.35,USD,OP-925789,11/07/2024,21/07/2025,256
telmex,6460018.75,USD,OP-643777,18-Jun-2019,26/02/2022,984
AMÉRICA MÓVIL,2138018.99,MXN,OP-514359,2017-01-22,05-Mar-2023,2233
BANORTE,5411772.89,MXN,OP-961699,04-Feb-2025,N/A,N/A
pemex,9707401.97,EUR,OP-586040,"November 08, 2021",N/A,N/A
pemex,2326180.19,USD,OP-624184,"March 13, 2023",N/A,N/A
BBVA MÉXICO,1964571.14,MXN,OP-346174,2019-06-18,"August 03, 2019",46
LIVERPOOL,1534077.1,MXN,OP-970859,2021-11-22,N/A,N/A
grupo méxico,4670644.31,MXN,OP-892783,2022-08-23,N/A,N/A
AMÉRICA MÓVIL,4653199.25,USD,OP-423877,2015-11-15,"January 08, 2022",2246
grupo méxico,869995.89,MXN,OP-285749,"April 02, 2022",N/A,N/A
liverpool,8588323.6,MXN,OP-763400,"November 13, 2022",N/A,N/A
TELMEX,9031357.58,MXN,OP-316558,"June 25, 2021",12/04/2022,527
américa móvil,5397459.31,EUR,OP-753819,2016-07-14,19/08/2022,2227
grupo méxico,2085591.94,USD,OP-146247,29/08/2020,13/07/2021,318
grupo méxico,603955.36,USD,OP-166754,2018-07-14,15-Jun-2024,2163
grupo carso,7222401.79,USD,OP-364441,08-Jul-2017,25-Nov-2020,1236
cemex,5038368.25,MXN,OP-809978,"February 25, 2024",N/A,N/A
FEMSA,1062205.26,USD,OP-584964,19-Apr-2025,N/A,N/A
grupo lala,9658799.74,EUR,OP-744631,2024-10-07,N/A,N/A
CEMEX,9017661.73,USD,OP-678514,"October 26, 2017",N/A,N/A
GRUPO MÉXICO,5072126.52,MXN,OP-253137,2020-08-10,N/A,N/A
cemex,9111862.38,MXN,OP-845539,28/11/2015,2024-01-21,2976
WALMART DE MÉXICO,3643309.09,USD,OP-744140,"March 20, 2025",N/A,N/A
liverpool,8440247.72,EUR,OP-968402,13/02/2025,N/A,N/A
SORIANA,1127601.94,EUR,OP-368380,"December 17, 2019",N/A,N/A
GRUPO MÉXICO,7888995.35,EUR,OP-533550,2017-11-14,N/A,N/A
alsea,5093124.89,EUR,OP-719056,2020-01-31,N/A,N/A
telmex,9286737.61,MXN,OP-480393,2019-07-20,N/A,N/A
WALMART DE MÉXICO,8764704.05,MXN,OP-170543,2016-01-30,N/A,N/A
GRUPO BIMBO,8145642.75,USD,OP-172105,2018-07-03,2021-05-18,1050
grupo carso,2883048.17,MXN,OP-688277,2024-01-20,N/A,N/A
femsa,1424367.08,MXN,OP-685660,"January 29, 2017",N/A,N/A
banorte,8203734.94,MXN,OP-689941,19-Jul-2023,N/A,N/A
WALMART DE MÉXICO,9499933.48,MXN,OP-708160,20-Aug-2021,N/A,N/A
GRUPO LALA,3883126.27,EUR,OP-935404,"July 29, 2025",N/A,N/A
grupo lala,1844675.33,EUR,OP-713897,12/06/2017,"September 16, 2021",1380
bbva méxico,4796235.08,MXN,OP-743729,01-Oct-2021,N/A,N/A
ALSEA,2780451.23,EUR,OP-525027,"July 10, 2020",N/A,N/A
femsa,6887849.49,EUR,OP-139180,28-Aug-2018,"March 28, 2020",578
GRUPO LALA,8062381.73,USD,OP-601781,2018-01-09,N/A,N/A
grupo bimbo,7425695.03,USD,OP-979859,"June 28, 2018",2019-06-05,342
WALMART DE MÉXICO,3755212.75,EUR,OP-911575,19/07/2019,10-Sep-2023,1514
CEMEX,1973775.93,MXN,OP-319584,2019-04-02,08-Jan-2023,1377
GRUPO BIMBO,2066444.8,EUR,OP-804602,"September 28, 2023",N/A,N/A
pemex,3929041.04,USD,OP-607166,2017-10-20,09-Jun-2018,232
PEMEX,4902895.98,EUR,OP-175373,2015-10-07,N/A,N/A
bbva méxico,4541053.21,MXN,OP-610106,2021-04-01,N/A,N/A
PEMEX,4536275.1,MXN,OP-803321,29-Dec-2020,N/A,N/A
grupo carso,3987910.03,EUR,OP-537426,04-Aug-2021,N/A,N/A
pemex,162010.81,USD,OP-712135,"September 24, 2017",N/A,N/A
GRUPO MÉXICO,1856234.43,MXN,OP-209669,2017-08-14,2024-05-07,2458
AMÉRICA MÓVIL,3695394.26,EUR,OP-594243,10-Aug-2016,08-Apr-2021,1702
GRUPO MÉXICO,7405421.11,USD,OP-432031,20/06/2023,N/A,N/A
telmex,7597619.7,USD,OP-931324,23/10/2015,N/A,N/A
PEMEX,641627.02,MXN,OP-467583,2022-12-24,N/A,N/A
PEMEX,2585275.76,EUR,OP-367276,2023-09-23,N/A,N/A
cemex,6248856.51,USD,OP-191950,2023-06-16,N/A,N/A
AMÉRICA MÓVIL,1259962.64,EUR,OP-388848,"October 01, 2023",N/A,N/A
WALMART DE MÉXICO,9353095.22,MXN,OP-858279,16/11/2023,N/A,N/A
BBVA MÉXICO,3756393.56,MXN,OP-886287,04-Jan-2016,N/A,N/A
CEMEX,4369153.04,EUR,OP-419641,27/08/2023,22/10/2023,56
grupo bimbo,9743083.48,EUR,OP-422223,21/06/2024,N/A,N/A
SORIANA,4450055.97,MXN,OP-693253,30/12/2017,N/A,N/A
CEMEX,7162705.32,USD,OP-518625,02/07/2025,N/A,N/A
GRUPO LALA,6476856.07,MXN,OP-340131,"March 12, 2017","December 19, 2024",2839
GRUPO MÉXICO,109680.49,EUR,OP-929630,"May 10, 2023",N/A,N/A
LIVERPOOL,3020895.09,MXN,OP-101684,14-Apr-2021,22-Apr-2025,1469
AMÉRICA MÓVIL,4382259.98,USD,OP-168993,"June 03, 2024",30/07/2025,422
PEMEX,1534775.19,EUR,OP-787291,"August 09, 2025",N/A,N/A
GRUPO BIMBO,7892471.88,EUR,OP-834630,2016-01-18,N/A,N/A
pemex,160028.6,EUR,OP-218180,04/08/2023,N/A,N/A
alsea,5066497.13,MXN,OP-528072,"March 14, 2022",N/A,N/A
liverpool,8645818.91,MXN,OP-623031,"October 10, 2021",N/A,N/A
FEMSA,3905752.54,USD,OP-699999,"November 12, 2023",12/12/2023,30
alsea,1509927.5,USD,OP-458489,"May 15, 2016",N/A,N/A
cemex,1341006.88,EUR,OP-310375,08-Feb-2019,N/A,N/A
PEMEX,1212661.77,USD,OP-264580,31/03/2021,2025-05-10,1501
TELMEX,9400032.92,USD,OP-644064,2024-01-27,N/A,N/A
américa móvil,1355350.23,MXN,OP-814183,21-Aug-2020,N/A,N/A
telmex,1402841.21,EUR,OP-164668,24/02/2021,N/A,N/A
SORIANA,4178351.55,MXN,OP-888797,"August 11, 2020","January 05, 2022",512
grupo bimbo,2043770.57,MXN,OP-888878,2022-05-14,2023-02-11,273
WALMART DE MÉXICO,9289747.24,EUR,OP-900637,05/09/2020,N/A,N/A
GRUPO CARSO,8786555.78,MXN,OP-210828,24/03/2023,2023-08-02,131
LIVERPOOL,9391402.74,EUR,OP-539008,27/07/2021,N/A,N/A
walmart de méxico,1998505.48,EUR,OP-680875,"July 06, 2016",N/A,N/A
grupo lala,2870584.84,USD,OP-893724,22/12/2015,2018-11-18,1062
ALSEA,296565.58,EUR,OP-794814,30/11/2018,01/11/2022,1138
PEMEX,3154091.74,EUR,OP-282515,2019-12-13,N/A,N/A
LIVERPOOL,5253410.87,MXN,OP-225453,2023-04-27,N/A,N/A
grupo méxico,3790569.63,MXN,OP-343433,03/03/2018,N/A,N/A
GRUPO BIMBO,5468724.51,USD,OP-176148,"March 28, 2016",06/03/2021,1893
grupo carso,5220544.72,USD,OP-634782,28/10/2015,N/A,N/A
bbva méxico,9811876.71,EUR,OP-903758,03/05/2017,N/A,N/A
grupo lala,7528044.0,EUR,OP-564880,"August 09, 2019",N/A,N/A
ALSEA,7924923.89,MXN,OP-671069,20/04/2017,N/A,N/A
AMÉRICA MÓVIL,4144631.95,EUR,OP-648733,23/05/2019,N/A,N/A
GRUPO CARSO,3169921.96,EUR,OP-252051,2017-03-29,2023-12-11,2448
BANORTE,8794008.92,USD,OP-714053,03/07/2023,N/A,N/A
GRUPO MÉXICO,7463248.03,USD,OP-508891,07-Jun-2023,2024-12-25,567
FEMSA,2874433.58,EUR,OP-685784,"January 21, 2020","March 12, 2024",1512
femsa,8297804.65,MXN,OP-989457,"February 07, 2024",2024-09-13,219
walmart de méxico,9854139.84,USD,OP-105906,2021-08-11,2023-10-29,809
femsa,6422394.25,USD,OP-939642,"December 09, 2019",N/A,N/A
PEMEX,908742.39,MXN,OP-207788,02-Apr-2020,2024-03-08,1436
banorte,9485297.58,MXN,OP-191456,"June 16, 2018",08/02/2020,778
TELMEX,1803057.04,MXN,OP-195221,30-Apr-2025,N/A,N/A
TELMEX,3635200.11,USD,OP-554734,23/03/2025,N/A,N/A
GRUPO CARSO,6888291.11,USD,OP-132095,29-Mar-2021,N/A,N/A
BBVA MÉXICO,5839409.63,EUR,OP-507594,20/12/2024,N/A,N/A
GRUPO BIMBO,3365385.98,USD,OP-155285,"January 21, 2016",N/A,N/A
grupo méxico,722464.65,MXN,OP-900534,19/10/2024,03/03/2025,135
alsea,5529257.5,USD,OP-412766,11-Nov-2024,N/A,N/A
grupo carso,7620720.17,MXN,OP-661266,"October 30, 2024",N/A,N/A
TELMEX,1366105.05,MXN,OP-250307,24/10/2023,"August 27, 2024",308
FEMSA,921215.54,USD,OP-109043,07/12/2015,26/09/2017,807
WALMART DE MÉXICO,1608842.53,USD,OP-850823,2019-08-11,N/A,N/A
BBVA MÉXICO,7785027.69,MXN,OP-150532,2020-03-19,2024-08-01,1596
AMÉRICA MÓVIL,3220908.29,EUR,OP-689874,2022-08-24,N/A,N/A
TELMEX,4019424.68,MXN,OP-370900,2023-11-22,N/A,N/A
CEMEX,5472762.14,USD,OP-732084,2025-07-06,N/A,N/A
WALMART DE MÉXICO,5919881.85,EUR,OP-504622,2017-06-18,"August 09, 2021",1513
telmex,131437.21,EUR,OP-189310,12-Aug-2016,"December 27, 2024",3059
WALMART DE MÉXICO,8406726.55,USD,OP-629822,"January 08, 2016",2020-07-10,1645
grupo carso,9634935.25,USD,OP-714545,21/10/2016,N/A,N/A
telmex,539519.48,EUR,OP-558603,"August 04, 2023",N/A,N/A
pemex,7315446.28,USD,OP-162309,2016-03-16,"March 24, 2016",8
liverpool,2823060.65,EUR,OP-426829,19/11/2016,"December 05, 2022",2207
BANORTE,3839161.91,MXN,OP-281977,23-Jul-2019,N/A,N/A
walmart de méxico,2774637.96,MXN,OP-391950,06/03/2018,04/01/2025,2494
telmex,8522883.75,EUR,OP-685752,"August 29, 2020",11/12/2021,440
BBVA MÉXICO,6463602.48,EUR,OP-649934,2023-11-14,N/A,N/A
grupo carso,5763476.46,EUR,OP-669120,"October 19, 2019",27-Jun-2024,1713
GRUPO CARSO,4847099.19,USD,OP-816987,10-Dec-2015,2020-03-04,1546
BANORTE,4470506.33,MXN,OP-259415,"August 05, 2017","July 19, 2019",713
CEMEX,924128.79,EUR,OP-925385,"September 12, 2016",29-Jul-2023,2511
GRUPO BIMBO,445752.8,MXN,OP-609193,"March 19, 2017","September 21, 2019",916
BBVA MÉXICO,2793861.12,MXN,OP-368381,21-Apr-2023,2024-01-21,275
BBVA MÉXICO,6080871.66,EUR,OP-754839,"April 05, 2020",01/12/2021,282
GRUPO CARSO,3529686.63,EUR,OP-528780,21/07/2022,N/A,N/A
GRUPO LALA,3964139.61,MXN,OP-674845,16/01/2024,N/A,N/A
banorte,5359494.51,USD,OP-312211,"May 02, 2021",2021-07-22,81
soriana,3627615.36,USD,OP-583170,2019-07-16,N/A,N/A
PEMEX,8603621.3,USD,OP-908012,16-Jun-2019,"January 17, 2020",215
GRUPO MÉXICO,5438210.5,USD,OP-773405,"November 08, 2020",N/A,N/A
ALSEA,9055547.17,MXN,OP-738430,10-Feb-2016,"April 26, 2016",76
grupo carso,4467504.28,USD,OP-410740,12/03/2024,N/A,N/A
cemex,8415123.19,USD,OP-747606,27/05/2025,N/A,N/A
grupo méxico,5517262.98,EUR,OP-954485,20/01/2025,N/A,N/A
BBVA MÉXICO,1354748.73,MXN,OP-172210,"August 19, 2016",29-Dec-2022,2323
grupo carso,8578266.46,MXN,OP-425077,"March 13, 2025",N/A,N/A
FEMSA,9422182.28,EUR,OP-442570,"February 01, 2021",N/A,N/A
grupo méxico,2940637.86,USD,OP-126702,2016-09-30,2019-02-27,880
BBVA MÉXICO,3440014.58,MXN,OP-706040,13-Jul-2023,N/A,N/A
pemex,1358336.17,USD,OP-740195,"January 16, 2016",21/03/2020,1526
liverpool,9581092.79,USD,OP-603587,2021-12-22,2025-06-10,1266
américa móvil,7107510.32,MXN,OP-289630,29/11/2019,N/A,N/A
GRUPO BIMBO,4257510.38,EUR,OP-359353,03/03/2016,03/04/2025,3288
femsa,1612961.46,EUR,OP-471355,08/06/2023,N/A,N/A
ALSEA,3317765.25,USD,OP-537512,03/01/2019,2024-01-31,1797
BBVA MÉXICO,632806.89,USD,OP-915081,"May 13, 2016",N/A,N/A
pemex,8620469.86,USD,OP-664863,01/09/2022,N/A,N/A
FEMSA,7803785.05,EUR,OP-480349,2019-05-02,08/02/2024,1919
AMÉRICA MÓVIL,3216635.89,USD,OP-181444,2018-02-01,2022-09-22,1694
GRUPO CARSO,7836239.7,USD,OP-701113,22/08/2023,11-Nov-2024,447
WALMART DE MÉXICO,783739.05,MXN,OP-908101,"May 17, 2023",12/09/2024,572
walmart de méxico,2525592.47,EUR,OP-891694,"September 12, 2022",N/A,N/A
GRUPO LALA,1282808.2,EUR,OP-837019,"July 10, 2021",N/A,N/A
soriana,8436218.38,MXN,OP-664995,01/08/2020,2022-09-27,993
walmart de méxico,2323438.6,EUR,OP-335830,"August 29, 2016",13-Aug-2023,2540
bbva méxico,2924467.92,MXN,OP-312526,2017-04-08,2021-05-06,1489
SORIANA,2256912.4,EUR,OP-109745,2020-05-20,N/A,N/A
grupo bimbo,9562574.93,EUR,OP-665748,06/08/2016,2022-01-03,2035
pemex,9681011.85,MXN,OP-154924,27-May-2025,N/A,N/A
alsea,7838933.2,USD,OP-772500,16/11/2022,2025-05-26,922
américa móvil,8885072.84,MXN,OP-453047,2015-11-21,N/A,N/A
GRUPO CARSO,4426829.9,EUR,OP-883291,17-Feb-2017,N/A,N/A
cemex,9901346.03,USD,OP-853000,18-Jun-2020,2024-07-09,1482
FEMSA,236432.14,USD,OP-890794,"May 16, 2016",N/A,N/A
ALSEA,630269.07,EUR,OP-622457,2021-03-24,"July 02, 2025",1561
telmex,7607750.01,MXN,OP-430529,"October 30, 2020",N/A,N/A
TELMEX,5390421.73,MXN,OP-850648,"September 25, 2020",N/A,N/A
GRUPO MÉXICO,7011710.05,MXN,OP-804500,"July 22, 2023",N/A,N/A
soriana,7327140.23,EUR,OP-306324,06/10/2024,N/A,N/A
bbva méxico,3687345.21,MXN,OP-844633,"March 15, 2019",25-Jul-2024,1959
liverpool,9176668.04,MXN,OP-964425,2025-01-08,"July 15, 2025",188
GRUPO LALA,436196.92,USD,OP-711063,2022-11-19,N/A,N/A
américa móvil,3377780.64,USD,OP-674995,"November 10, 2023",N/A,N/A
bbva méxico,1134986.77,USD,OP-776622,"November 25, 2022",26-Dec-2022,31
TELMEX,9334554.94,USD,OP-886632,"September 12, 2018",N/A,N/A
GRUPO LALA,7114153.7,MXN,OP-334100,2019-03-28,2025-02-08,2144
américa móvil,3603987.02,EUR,OP-563460,14/02/2025,N/A,N/A
GRUPO BIMBO,6352502.55,MXN,OP-579399,03/08/2019,16/07/2020,496
soriana,3381580.87,USD,OP-807677,"October 21, 2015",2020-12-03,1870
soriana,7991939.16,USD,OP-106349,05-Apr-2016,12/09/2018,978
bbva méxico,1777581.48,USD,OP-813701,13-Jan-2019,N/A,N/A
CEMEX,7569406.35,MXN,OP-497299,23/10/2020,08/02/2021,283
SORIANA,8962581.48,MXN,OP-340801,2020-11-10,"September 12, 2023",1036
telmex,8648006.64,USD,OP-287669,2024-02-13,N/A,N/A
grupo méxico,9071812.31,EUR,OP-315293,03/04/2024,N/A,N/A
WALMART DE MÉXICO,4965754.29,MXN,OP-671698,"December 12, 2018",05/05/2023,1605
GRUPO CARSO,6940148.39,MXN,OP-338132,2022-07-20,25-Oct-2023,462
BBVA MÉXICO,4830412.54,EUR,OP-714676,"December 07, 2020",N/A,N/A
GRUPO LALA,6987858.56,EUR,OP-651792,28-Feb-2022,N/A,N/A
SORIANA,9855992.8,EUR,OP-784523,2017-06-30,N/A,N/A
cemex,7692430.12,MXN,OP-118646,2018-11-17,22/07/2023,1708
CEMEX,8221751.09,USD,OP-471444,02/01/2025,N/A,N/A
grupo carso,7325401.31,USD,OP-351519,2021-02-20,N/A,N/A
soriana,7466937.41,MXN,OP-832299,09-Feb-2019,N/A,N/A
ALSEA,7890394.85,USD,OP-940085,26-Apr-2019,N/A,N/A
walmart de méxico,7029584.06,MXN,OP-666465,"June 10, 2018",09/05/2025,2644
BBVA MÉXICO,2520527.03,MXN,OP-203576,2022-02-19,25-Sep-2024,949
soriana,4170009.36,USD,OP-473973,"June 06, 2016",N/A,N/A
FEMSA,886483.95,EUR,OP-506984,14/01/2020,N/A,N/A
soriana,2913338.98,USD,OP-746757,19/06/2024,N/A,N/A
américa móvil,6193137.3,EUR,OP-841990,"September 23, 2019",N/A,N/A
grupo méxico,7966348.5,USD,OP-819638,2019-02-02,N/A,N/A
WALMART DE MÉXICO,3447072.07,MXN,OP-345793,18-Aug-2020,"February 12, 2021",178
pemex,2070273.04,EUR,OP-833101,28/05/2021,N/A,N/A
ALSEA,898627.82,EUR,OP-371629,"October 27, 2018",30-Jun-2023,1707
BBVA MÉXICO,9317757.17,MXN,OP-236675,11-Dec-2020,31/12/2022,750
telmex,751151.74,EUR,OP-789322,31-Jan-2025,N/A,N/A
WALMART DE MÉXICO,7344353.13,USD,OP-782331,04/08/2022,2024-08-13,858
grupo carso,5867153.74,MXN,OP-933585,2019-06-05,2024-09-12,1926
walmart de méxico,6382484.94,MXN,OP-980791,"July 17, 2025",N/A,N/A
WALMART DE MÉXICO,6517797.49,MXN,OP-643753,17-Jan-2018,N/A,N/A
pemex,1361232.73,EUR,OP-103845,"May 16, 2025",N/A,N/A
liverpool,4722552.84,EUR,OP-993614,2016-11-11,N/A,N/A
soriana,4375222.75,USD,OP-595064,2021-04-04,17-Nov-2021,227
soriana,5509000.48,USD,OP-501705,"December 10, 2015",11-Feb-2022,2255
bbva méxico,6214413.72,EUR,OP-387787,01/04/2020,2021-05-07,489
ALSEA,6558118.48,EUR,OP-467315,20-Oct-2015,01/11/2022,2275
GRUPO BIMBO,6881502.05,USD,OP-483880,18-Oct-2021,N/A,N/A
walmart de méxico,6014168.21,MXN,OP-502012,2024-03-07,N/A,N/A
walmart de méxico,9192817.3,MXN,OP-848509,02/09/2018,13/06/2024,2316
BBVA MÉXICO,9127515.3,MXN,OP-850878,15/09/2020,2025-01-09,1577
banorte,1380589.1,USD,OP-526116,"February 06, 2016",01/09/2023,2529
grupo bimbo,4536269.38,USD,OP-304250,13/06/2020,N/A,N/A
liverpool,9748034.25,USD,OP-695328,2022-11-21,N/A,N/A
walmart de méxico,3312464.35,EUR,OP-192892,15/03/2016,"October 29, 2016",228
pemex,9175529.72,USD,OP-288903,28-Dec-2016,30-Aug-2024,2802
pemex,202909.22,EUR,OP-156288,"October 09, 2023",N/A,N/A
TELMEX,9666270.17,USD,OP-605470,01-Oct-2019,N/A,N/A
grupo méxico,1906292.98,USD,OP-644782,10-Jul-2018,23-Feb-2022,1324
américa móvil,5244584.54,EUR,OP-313822,02/08/2025,N/A,N/A
CEMEX,2320353.95,MXN,OP-362368,25-Feb-2025,N/A,N/A
grupo lala,6845687.8,MXN,OP-140919,2023-05-10,N/A,N/A
BBVA MÉXICO,3659224.08,MXN,OP-236241,2015-10-12,N/A,N/A
pemex,6532249.51,USD,OP-839750,29-Dec-2024,N/A,N/A
GRUPO MÉXICO,6212624.15,EUR,OP-183454,02-Oct-2024,N/A,N/A
soriana,6068126.62,EUR,OP-994878,23-May-2023,N/A,N/A
PEMEX,3664718.2,MXN,OP-439895,2019-07-28,N/A,N/A
grupo méxico,4794866.69,EUR,OP-342988,"March 30, 2022",N/A,N/A
GRUPO LALA,9839838.18,EUR,OP-690796,09-Apr-2018,14/08/2020,858
FEMSA,4837112.06,MXN,OP-394484,31/12/2016,03/04/2023,2254
BANORTE,1541742.39,EUR,OP-116430,20-Mar-2020,N/A,N/A
AMÉRICA MÓVIL,6608355.89,EUR,OP-445668,21/12/2022,N/A,N/A
liverpool,2650309.11,MXN,OP-648366,22-Jun-2017,N/A,N/A
GRUPO BIMBO,4186007.25,MXN,OP-301098,"April 09, 2024",N/A,N/A
grupo bimbo,9697288.85,MXN,OP-729886,"December 22, 2024",N/A,N/A
femsa,1399183.43,EUR,OP-882499,"April 20, 2023",N/A,N/A
GRUPO LALA,2274602.82,EUR,OP-116581,2024-11-11,N/A,N/A
LIVERPOOL,3700132.22,MXN,OP-323321,05/04/2018,05/01/2023,1823
TELMEX,5025159.92,MXN,OP-761985,"April 26, 2020",17-Aug-2021,478
LIVERPOOL,2261857.36,MXN,OP-670503,2022-08-02,N/A,N/A
grupo méxico,8741653.84,USD,OP-105676,"June 08, 2024",N/A,N/A
TELMEX,4237201.35,EUR,OP-357977,02/12/2023,N/A,N/A
bbva méxico,7589334.2,USD,OP-576956,2019-05-02,N/A,N/A
telmex,9898142.95,MXN,OP-525129,2022-07-16,N/A,N/A
grupo lala,3433705.54,MXN,OP-241381,2015-11-06,N/A,N/A
liverpool,4175926.72,MXN,OP-317626,28/05/2020,"December 18, 2024",1665
GRUPO CARSO,4077796.61,MXN,OP-998237,"March 31, 2022",N/A,N/A
PEMEX,2130188.45,MXN,OP-343840,2019-03-30,31/01/2021,673
bbva méxico,3861990.3,USD,OP-451257,05-Mar-2024,N/A,N/A
grupo carso,4837778.0,EUR,OP-447933,"March 03, 2023",N/A,N/A
grupo méxico,7386952.08,MXN,OP-785756,"November 13, 2017","December 09, 2021",1487
GRUPO LALA,6348106.86,MXN,OP-514339,21-Sep-2023,N/A,N/A
BANORTE,9062749.55,USD,OP-114624,"June 02, 2020",N/A,N/A
liverpool,4348215.29,EUR,OP-960767,"December 16, 2022",N/A,N/A
LIVERPOOL,9754538.52,USD,OP-258902,"February 13, 2023",N/A,N/A
GRUPO BIMBO,4256113.53,USD,OP-477234,22-Jun-2020,03-Apr-2022,650
femsa,3590209.43,USD,OP-728653,2021-12-13,N/A,N/A
ALSEA,166302.9,EUR,OP-265234,2017-07-18,N/A,N/A
GRUPO MÉXICO,4965220.83,EUR,OP-126080,"May 16, 2022",N/A,N/A
cemex,7627656.59,USD,OP-688439,02/06/2024,N/A,N/A
soriana,9756445.61,EUR,OP-836765,16/06/2022,N/A,N/A
LIVERPOOL,6933600.3,USD,OP-175417,24-Aug-2024,N/A,N/A
grupo méxico,9952638.31,MXN,OP-759793,2024-06-08,N/A,N/A
WALMART DE MÉXICO,5207873.71,MXN,OP-772134,2016-03-17,22-Jun-2025,3384
AMÉRICA MÓVIL,5328968.03,MXN,OP-194340,05/08/2023,N/A,N/A
SORIANA,1690607.6,USD,OP-412096,"August 02, 2020","July 11, 2021",343
AMÉRICA MÓVIL,766993.81,MXN,OP-638123,2018-12-24,N/A,N/A
grupo carso,3209749.6,EUR,OP-499251,"June 30, 2025",N/A,N/A
grupo méxico,6557931.65,EUR,OP-668742,07/05/2020,N/A,N/A
PEMEX,8488277.99,USD,OP-447812,"June 21, 2023",N/A,N/A
PEMEX,2044326.67,MXN,OP-801384,08-Oct-2024,N/A,N/A
GRUPO MÉXICO,8627524.17,EUR,OP-420396,18/05/2022,N/A,N/A
GRUPO LALA,7191345.13,MXN,OP-174136,31/05/2017,"July 01, 2025",2953
soriana,5387442.73,MXN,OP-352494,20/05/2019,2024-03-20,1766
banorte,4843790.35,MXN,OP-782133,"October 01, 2017",16-May-2025,2784
PEMEX,4225693.92,USD,OP-769357,15-May-2025,N/A,N/A
pemex,8531433.28,EUR,OP-873474,"October 24, 2024",N/A,N/A
GRUPO LALA,3972014.18,USD,OP-357232,2020-05-22,N/A,N/A
américa móvil,9069490.19,EUR,OP-859450,23-Jun-2021,N/A,N/A
walmart de méxico,7727174.31,MXN,OP-168267,"July 25, 2023",17/07/2024,358
FEMSA,9307459.16,EUR,OP-151604,2018-02-09,N/A,N/A
AMÉRICA MÓVIL,790174.87,EUR,OP-761522,03-Aug-2025,N/A,N/A
alsea,3390163.62,EUR,OP-380866,28/04/2023,N/A,N/A
CEMEX,901277.97,MXN,OP-806495,16-Jan-2025,N/A,N/A
TELMEX,6929249.56,EUR,OP-155656,03/06/2024,N/A,N/A
telmex,5128615.71,MXN,OP-227487,2021-12-03,N/A,N/A
CEMEX,2535192.92,EUR,OP-127197,02/11/2022,N/A,N/A
GRUPO BIMBO,9625279.87,USD,OP-985162,13-May-2025,N/A,N/A
américa móvil,5810902.21,MXN,OP-834762,"May 16, 2020",N/A,N/A
BANORTE,3552939.34,USD,OP-748149,"June 23, 2016","April 25, 2020",1402
GRUPO MÉXICO,6775110.66,USD,OP-435790,2017-05-15,"July 18, 2018",429
telmex,8692513.2,USD,OP-146597,2017-08-08,"June 01, 2024",2489
GRUPO LALA,4756505.96,USD,OP-373024,"December 10, 2015",14-Feb-2017,432
SORIANA,1974333.0,MXN,OP-162456,"April 19, 2021",04-Nov-2021,199
BBVA MÉXICO,2001452.2,USD,OP-779926,2021-03-28,N/A,N/A
BBVA MÉXICO,5994690.77,MXN,OP-399088,19/09/2015,27/09/2021,2200
CEMEX,4392439.37,EUR,OP-788727,03-May-2024,N/A,N/A
telmex,9649298.94,EUR,OP-938115,"March 17, 2020",N/A,N/A
liverpool,4301411.74,USD,OP-907265,"April 09, 2016",N/A,N/A
pemex,1512237.14,MXN,OP-115304,"June 17, 2023",N/A,N/A
cemex,8504835.63,MXN,OP-994395,18/05/2025,N/A,N/A
cemex,6698399.34,EUR,OP-310663,2018-09-25,N/A,N/A
BANORTE,1539758.72,EUR,OP-477997,27-Jul-2022,N/A,N/A
TELMEX,9137759.92,EUR,OP-908595,2021-04-17,N/A,N/A
liverpool,4989733.01,MXN,OP-327212,"December 17, 2022",N/A,N/A
grupo carso,8695845.72,EUR,OP-936073,22/07/2018,30-May-2021,1043
grupo bimbo,9064724.27,USD,OP-114956,2018-02-06,"February 02, 2025",2553
LIVERPOOL,9770260.33,MXN,OP-308386,02/11/2017,2022-06-25,1960
grupo bimbo,1950978.44,USD,OP-477967,20-Sep-2019,27-Aug-2020,342
GRUPO LALA,3517214.26,USD,OP-693612,29/05/2024,06-Oct-2024,130
cemex,6892803.75,EUR,OP-540163,02-May-2025,N/A,N/A
grupo lala,6175064.96,USD,OP-936837,08/12/2021,N/A,N/A
BANORTE,1518493.52,MXN,OP-154923,"June 28, 2024",N/A,N/A
WALMART DE MÉXICO,1488315.79,EUR,OP-970736,05/08/2023,N/A,N/A
soriana,959267.44,MXN,OP-547338,2022-02-27,27/03/2022,28
GRUPO BIMBO,8474820.15,EUR,OP-215371,"June 26, 2024",N/A,N/A
SORIANA,6592693.93,USD,OP-601529,"May 07, 2016","April 16, 2019",1074
ALSEA,411111.23,MXN,OP-878296,"February 28, 2019",N/A,N/A
GRUPO CARSO,6118596.52,USD,OP-795316,24-May-2023,N/A,N/A
américa móvil,5499453.66,EUR,OP-925630,"January 21, 2020",N/A,N/A
pemex,1335993.53,MXN,OP-978936,11/02/2023,N/A,N/A
PEMEX,6943874.88,EUR,OP-975510,"January 16, 2017","February 20, 2020",1130
WALMART DE MÉXICO,458218.96,EUR,OP-453850,2022-12-03,N/A,N/A
LIVERPOOL,1343257.52,MXN,OP-579570,26-Mar-2021,18/02/2025,1425
BANORTE,9475333.08,MXN,OP-491090,"May 11, 2021",N/A,N/A
alsea,8332034.55,USD,OP-915389,"November 24, 2022",N/A,N/A
grupo bimbo,9296812.84,EUR,OP-646947,"March 04, 2016",03-May-2018,790
GRUPO LALA,5483123.06,MXN,OP-515375,2021-12-03,18-Dec-2024,1111
GRUPO MÉXICO,8407586.11,EUR,OP-751554,2024-12-13,N/A,N/A
LIVERPOOL,6614972.06,USD,OP-411920,2023-11-03,25/07/2024,265
GRUPO LALA,2227165.86,MXN,OP-213177,2025-01-28,N/A,N/A
GRUPO BIMBO,5323557.24,EUR,OP-371890,2018-04-08,"April 08, 2019",365
cemex,9529860.18,MXN,OP-784124,01-Oct-2018,N/A,N/A
SORIANA,863727.13,EUR,OP-193478,25-Jun-2020,05-Oct-2020,102
grupo lala,2795249.16,USD,OP-919538,2019-10-10,12-May-2020,215
grupo bimbo,4468448.73,MXN,OP-352160,"February 27, 2017",11-Dec-2022,2113
GRUPO CARSO,3900758.63,USD,OP-376164,"April 03, 2018","March 14, 2019",345
grupo lala,7957814.67,USD,OP-352038,13/05/2017,N/A,N/A
grupo bimbo,6172131.65,EUR,OP-797661,06-Mar-2025,N/A,N/A
bbva méxico,4360485.46,MXN,OP-984594,"November 25, 2016",2019-06-13,930
LIVERPOOL,768247.8,USD,OP-293121,2020-06-17,2020-11-30,166
GRUPO LALA,8087696.06,USD,OP-452962,02-Nov-2024,N/A,N/A
AMÉRICA MÓVIL,7755696.13,MXN,OP-683442,07/11/2021,N/A,N/A
BBVA MÉXICO,3641172.33,USD,OP-408678,2024-03-07,N/A,N/A
BANORTE,3340576.35,MXN,OP-525473,09-Oct-2015,"March 26, 2016",169
cemex,8028765.84,USD,OP-207849,07-Feb-2020,N/A,N/A
GRUPO MÉXICO,6244382.38,USD,OP-850940,2022-09-17,N/A,N/A
GRUPO CARSO,1800678.07,EUR,OP-280373,25/02/2025,N/A,N/A
LIVERPOOL,2785484.91,EUR,OP-439636,2020-04-03,N/A,N/A
CEMEX,4784562.93,USD,OP-367136,2017-02-11,2020-11-18,1376
ALSEA,4923150.04,EUR,OP-725895,21-Jun-2018,"February 03, 2024",2053
cemex,1514583.69,USD,OP-614985,05/11/2018,N/A,N/A
pemex,9515010.42,EUR,OP-832594,2017-11-10,2021-11-03,1454
GRUPO CARSO,7818755.22,EUR,OP-402135,28/11/2024,N/A,N/A
walmart de méxico,8895412.73,MXN,OP-783557,20-Jul-2019,N/A,N/A
grupo carso,1087092.46,EUR,OP-819073,24-Feb-2020,N/A,N/A
grupo bimbo,1053183.35,EUR,OP-249785,2023-03-05,2024-12-04,640
GRUPO LALA,1105934.36,EUR,OP-643851,01/05/2019,N/A,N/A
TELMEX,4289484.8,EUR,OP-293946,06-Nov-2019,2025-06-13,2046
BBVA MÉXICO,4177778.81,MXN,OP-511165,"August 24, 2022","August 03, 2025",1075
GRUPO MÉXICO,5042672.21,EUR,OP-282202,28/10/2021,10/07/2022,344
grupo carso,6017974.07,MXN,OP-585059,30-Jun-2024,N/A,N/A
grupo méxico,4244668.99,MXN,OP-265436,29/10/2015,N/A,N/A
américa móvil,5442083.76,USD,OP-722089,24/11/2020,N/A,N/A
GRUPO CARSO,2745930.34,USD,OP-373755,2020-08-03,"October 31, 2023",1184
américa móvil,7881959.97,EUR,OP-482261,11/05/2022,N/A,N/A
GRUPO BIMBO,3879962.34,MXN,OP-659123,12/02/2017,N/A,N/A
FEMSA,285300.77,MXN,OP-179295,25/06/2017,08-Mar-2021,1352
TELMEX,6522572.65,EUR,OP-593801,2017-06-21,N/A,N/A
grupo lala,875291.68,USD,OP-203513,01-May-2025,N/A,N/A
BBVA MÉXICO,8989655.61,USD,OP-568242,14-Aug-2016,"June 27, 2023",2508
grupo lala,7190632.79,MXN,OP-117197,"January 14, 2021",N/A,N/A
GRUPO CARSO,8084401.02,EUR,OP-799676,15/06/2022,N/A,N/A
walmart de méxico,5959252.6,EUR,OP-270467,26/09/2020,24/11/2022,789
bbva méxico,3251498.93,MXN,OP-606423,18/01/2018,02-Oct-2023,2083
grupo lala,9265364.6,EUR,OP-582816,02/03/2024,N/A,N/A
WALMART DE MÉXICO,8876828.26,USD,OP-128451,19/04/2025,N/A,N/A
pemex,5834613.3,USD,OP-785278,03/04/2022,04-Aug-2023,518
GRUPO MÉXICO,4503113.43,MXN,OP-274999,2017-03-18,N/A,N/A
liverpool,8426494.7,MXN,OP-522132,2020-03-28,14/02/2024,1418
banorte,6049107.23,MXN,OP-677175,11-Jan-2018,"January 08, 2024",2188
GRUPO CARSO,2884437.56,USD,OP-688062,"June 29, 2021",13-Mar-2022,257
GRUPO BIMBO,5001982.96,MXN,OP-264837,2022-12-23,N/A,N/A
BANORTE,7505994.74,EUR,OP-686203,01-Mar-2025,N/A,N/A
CEMEX,5067809.64,USD,OP-776513,19/10/2024,N/A,N/A
BANORTE,6804368.67,MXN,OP-508460,22/11/2020,N/A,N/A
pemex,1500685.85,MXN,OP-273867,"June 18, 2019","August 25, 2019",68
PEMEX,1665706.92,USD,OP-885038,2017-04-13,03-Jul-2024,2638
soriana,6493047.29,MXN,OP-704355,"March 14, 2022",2024-09-30,931
SORIANA,6526029.27,EUR,OP-599705,25-May-2016,13-Jun-2020,1480
CEMEX,9603829.1,MXN,OP-406814,26/01/2024,N/A,N/A
grupo bimbo,2376113.12,EUR,OP-466817,02/01/2016,2020-07-01,1612
grupo bimbo,8595688.28,USD,OP-915238,22-Jun-2020,N/A,N/A
GRUPO LALA,6772792.93,MXN,OP-368775,"July 15, 2023",N/A,N/A
LIVERPOOL,3768853.08,MXN,OP-594937,01/06/2016,"September 30, 2017",633
GRUPO BIMBO,3253994.02,USD,OP-520320,"July 01, 2024",N/A,N/A
telmex,4039327.71,MXN,OP-731290,29/05/2018,2018-12-21,206
FEMSA,8145426.98,EUR,OP-791242,16/07/2019,N/A,N/A
grupo bimbo,6579921.5,USD,OP-809078,10-Apr-2018,22/05/2022,1503
CEMEX,9595374.64,USD,OP-187065,17-Jan-2024,N/A,N/A
BBVA MÉXICO,4386045.53,USD,OP-461693,"April 15, 2023",N/A,N/A
grupo carso,4742766.49,EUR,OP-537953,2016-09-05,"March 19, 2019",925
BBVA MÉXICO,9831964.48,USD,OP-235304,2020-11-23,N/A,N/A
GRUPO MÉXICO,889950.19,MXN,OP-683309,14-Aug-2017,"June 05, 2023",2121
grupo bimbo,4399504.77,MXN,OP-395178,12-Mar-2020,N/A,N/A
pemex,5268801.8,USD,OP-882854,28/12/2023,N/A,N/A
WALMART DE MÉXICO,5702801.22,EUR,OP-671068,"June 03, 2023",N/A,N/A
ALSEA,1460419.77,USD,OP-405966,2021-11-11,2023-03-06,480
pemex,630989.51,MXN,OP-466413,10/07/2020,2022-07-23,654
soriana,1023901.62,MXN,OP-749252,21-Sep-2020,"September 05, 2021",349
BBVA MÉXICO,8373252.89,USD,OP-336765,01-Sep-2018,2024-12-12,2294
GRUPO MÉXICO,1405826.95,EUR,OP-259480,"April 12, 2021",N/A,N/A
grupo bimbo,2151341.75,MXN,OP-661177,04-Aug-2017,N/A,N/A
grupo carso,8989955.84,USD,OP-894815,2016-01-04,24/10/2019,1389
walmart de méxico,1324710.9,MXN,OP-322974,2017-04-19,N/A,N/A
cemex,5332256.46,MXN,OP-870012,11/02/2023,N/A,N/A
CEMEX,8959213.92,MXN,OP-224428,2020-04-04,N/A,N/A
liverpool,5655086.95,USD,OP-434880,2022-07-06,"February 01, 2023",210
LIVERPOOL,3447671.66,USD,OP-423580,24/01/2018,N/A,N/A
GRUPO LALA,6386998.55,MXN,OP-972650,25-Aug-2024,N/A,N/A
walmart de méxico,215748.33,EUR,OP-433223,21-Mar-2021,23/11/2021,247
SORIANA,9945741.68,MXN,OP-940970,2015-09-06,15/05/2016,252
BBVA MÉXICO,4855462.51,EUR,OP-104600,"April 19, 2025",N/A,N/A
LIVERPOOL,2534470.97,USD,OP-132138,2020-10-13,04-Sep-2023,1056
LIVERPOOL,2988688.42,MXN,OP-487951,19/06/2020,N/A,N/A
alsea,9056224.77,USD,OP-653794,2016-05-27,15-Jun-2022,2210
SORIANA,1633008.61,MXN,OP-343832,2024-02-01,N/A,N/A
GRUPO LALA,1550252.85,EUR,OP-890057,26/08/2019,20-Dec-2024,1943
PEMEX,1280105.0,MXN,OP-877750,2017-03-30,2022-07-03,1921
ALSEA,5304861.75,USD,OP-935702,28/08/2016,04-Oct-2018,767
soriana,3569469.15,USD,OP-455255,10-May-2018,12-Oct-2024,2347
grupo bimbo,2518155.27,EUR,OP-647813,"March 30, 2016",N/A,N/A
femsa,7940731.94,MXN,OP-362213,10-Mar-2016,"May 24, 2025",3362
WALMART DE MÉXICO,5474901.92,MXN,OP-442397,2021-05-23,N/A,N/A
grupo lala,6639697.54,MXN,OP-197564,2019-06-14,N/A,N/A
CEMEX,9843191.01,USD,OP-743430,2024-11-02,N/A,N/A
ALSEA,5736317.94,MXN,OP-746068,"January 26, 2022",N/A,N/A
GRUPO LALA,9207919.48,MXN,OP-972322,"November 04, 2019",N/A,N/A
alsea,7214019.54,EUR,OP-955213,19/04/2025,N/A,N/A
GRUPO LALA,8273469.49,USD,OP-830261,05-Mar-2019,08-Sep-2020,553
américa móvil,8271748.05,USD,OP-252762,20-Jun-2025,N/A,N/A
bbva méxico,1387729.71,EUR,OP-626056,19/06/2025,N/A,N/A
WALMART DE MÉXICO,9284914.63,EUR,OP-105110,2016-06-03,N/A,N/A
liverpool,398834.84,EUR,OP-467821,09/05/2024,N/A,N/A
liverpool,2703654.73,MXN,OP-906133,"March 25, 2018",N/A,N/A
BANORTE,1791406.17,MXN,OP-681596,05-May-2020,N/A,N/A
banorte,4143629.36,EUR,OP-347352,25-Jan-2021,N/A,N/A
BBVA MÉXICO,2343878.8,MXN,OP-730535,14/09/2019,2022-04-16,945
GRUPO MÉXICO,451082.17,EUR,OP-147242,12-Feb-2021,"August 03, 2022",537
CEMEX,3958492.12,EUR,OP-745068,11-Apr-2024,N/A,N/A
LIVERPOOL,9733377.5,USD,OP-536792,31-Jul-2019,N/A,N/A
bbva méxico,1292446.69,MXN,OP-250383,"July 30, 2021",2024-12-12,1231
grupo carso,6844839.65,MXN,OP-144713,2016-09-23,"August 24, 2022",2161
FEMSA,3422097.8,USD,OP-260557,2023-03-28,N/A,N/A
BANORTE,1808666.98,MXN,OP-382316,04/06/2022,N/A,N/A
GRUPO LALA,7992536.59,EUR,OP-936795,2018-12-05,N/A,N/A
BANORTE,7552560.07,USD,OP-616560,05-Mar-2016,2021-05-16,1898
grupo méxico,252542.33,EUR,OP-853131,"December 08, 2023",N/A,N/A
bbva méxico,5253841.45,USD,OP-232231,13-Mar-2024,N/A,N/A
alsea,8400932.06,EUR,OP-369306,20/10/2016,N/A,N/A
banorte,9041356.15,MXN,OP-504712,10-Dec-2016,29-Dec-2020,1480
GRUPO LALA,4240697.44,MXN,OP-992460,2016-08-30,30/10/2024,2983
telmex,1523438.47,EUR,OP-324635,05/04/2020,2021-01-05,246
soriana,7032320.86,MXN,OP-184256,27/04/2025,N/A,N/A
pemex,7277953.18,USD,OP-284419,"March 25, 2019",10/06/2023,1656
soriana,8565017.17,EUR,OP-986289,"May 25, 2018",N/A,N/A
FEMSA,9653920.39,EUR,OP-889139,23/03/2023,N/A,N/A
BBVA MÉXICO,6341200.82,MXN,OP-379088,04-Jul-2023,N/A,N/A
pemex,9429141.61,EUR,OP-742100,"September 16, 2023",N/A,N/A
TELMEX,6943058.43,USD,OP-466480,"November 14, 2023",N/A,N/A
pemex,3740675.16,USD,OP-749350,05-Jul-2017,13-May-2019,677
CEMEX,917996.63,MXN,OP-296727,22/11/2020,N/A,N/A
CEMEX,2154849.73,USD,OP-310998,2017-09-23,2019-09-07,714
femsa,8394859.24,MXN,OP-569251,"November 22, 2018",08/03/2023,1715
walmart de méxico,2439478.87,MXN,OP-567343,2022-05-22,N/A,N/A
grupo lala,9075719.31,EUR,OP-769289,"October 30, 2017",N/A,N/A
CEMEX,9483305.61,USD,OP-106196,30/11/2017,N/A,N/A
banorte,160424.67,USD,OP-180465,2020-12-01,N/A,N/A
PEMEX,2403635.56,MXN,OP-250855,2017-09-12,N/A,N/A
grupo méxico,2863576.97,MXN,OP-123287,24-Apr-2025,N/A,N/A
SORIANA,8561257.71,USD,OP-286459,"November 14, 2024",N/A,N/A
TELMEX,5618150.81,USD,OP-770615,"June 25, 2023",N/A,N/A
BBVA MÉXICO,7891619.58,EUR,OP-834735,15-Aug-2018,"May 02, 2022",1356
telmex,5757207.77,USD,OP-576285,23-Oct-2016,N/A,N/A
GRUPO MÉXICO,1898992.94,MXN,OP-695488,"October 01, 2016",26/02/2017,148
ALSEA,5564120.74,USD,OP-199837,28-Dec-2024,N/A,N/A
américa móvil,746347.48,USD,OP-699788,23-Jul-2020,N/A,N/A
CEMEX,4575651.52,MXN,OP-339933,17/02/2019,N/A,N/A
américa móvil,8394068.72,EUR,OP-992035,08-Mar-2023,N/A,N/A
TELMEX,9947957.08,MXN,OP-161240,17-Oct-2016,2021-01-29,1565
walmart de méxico,7752720.27,USD,OP-505163,2019-02-17,"September 25, 2019",220
américa móvil,2881284.72,USD,OP-194970,17-Sep-2018,15-Sep-2020,729
bbva méxico,5643737.36,MXN,OP-198612,25-May-2025,N/A,N/A
SORIANA,2262101.2,USD,OP-392523,22/12/2023,N/A,N/A
BANORTE,2505815.15,MXN,OP-883874,15-Jun-2018,15-Jun-2023,1826
SORIANA,4925181.88,MXN,OP-215963,2016-07-30,27-Sep-2022,2250
grupo bimbo,7269549.26,EUR,OP-365422,"August 09, 2019",N/A,N/A
femsa,2496054.98,EUR,OP-762651,2015-11-26,"October 11, 2019",1415
GRUPO LALA,9922874.39,MXN,OP-934974,"January 08, 2016",26-Mar-2024,3000
grupo carso,4056606.8,EUR,OP-247835,"September 06, 2018","January 12, 2023",1589
alsea,5436441.28,MXN,OP-387963,2018-07-12,01/06/2021,909
PEMEX,7012468.26,USD,OP-297492,23/09/2023,N/A,N/A
CEMEX,7023303.51,EUR,OP-247354,03/11/2021,N/A,N/A
bbva méxico,3672703.29,EUR,OP-384303,"December 11, 2020",N/A,N/A
GRUPO CARSO,8243709.37,EUR,OP-227746,2024-10-22,N/A,N/A
telmex,7891772.84,MXN,OP-668423,"May 21, 2023",N/A,N/A
américa móvil,1724966.65,MXN,OP-387683,19/10/2016,N/A,N/A
BANORTE,7029973.49,MXN,OP-131355,2023-02-16,N/A,N/A
PEMEX,1718838.08,MXN,OP-194288,09-Apr-2022,N/A,N/A
alsea,2763929.67,USD,OP-226432,08/09/2021,N/A,N/A
SORIANA,3299782.18,MXN,OP-263122,2019-08-31,N/A,N/A
GRUPO CARSO,1462783.18,EUR,OP-340385,02/03/2021,N/A,N/A
CEMEX,3786493.1,USD,OP-503936,22-Feb-2021,N/A,N/A
grupo bimbo,1189702.42,EUR,OP-862323,22-Nov-2017,N/A,N/A
BANORTE,3610187.92,USD,OP-957273,2021-02-23,N/A,N/A
PEMEX,9717340.62,USD,OP-718259,01/11/2019,N/A,N/A
grupo lala,7957180.42,MXN,OP-325742,"March 15, 2019",N/A,N/A
GRUPO LALA,6053199.02,MXN,OP-485430,"July 21, 2024",N/A,N/A
walmart de méxico,644864.97,USD,OP-410366,09-Apr-2018,N/A,N/A
FEMSA,1130760.96,EUR,OP-252139,2019-08-28,N/A,N/A
GRUPO MÉXICO,3337667.07,USD,OP-625578,"July 24, 2016",2018-08-26,763
femsa,5917763.72,USD,OP-755109,25-Oct-2015,2024-02-09,3029
TELMEX,611415.15,MXN,OP-667861,"July 06, 2016",N/A,N/A
grupo lala,301265.98,MXN,OP-502961,"April 11, 2020",N/A,N/A
GRUPO MÉXICO,8675563.46,USD,OP-735396,02-Jul-2021,N/A,N/A
GRUPO CARSO,5207303.23,USD,OP-853203,2020-11-01,N/A,N/A
cemex,1043649.34,EUR,OP-236537,24-Feb-2024,N/A,N/A
BANORTE,185530.0,EUR,OP-225062,04/03/2024,N/A,N/A
TELMEX,6566016.78,EUR,OP-141452,09-Aug-2024,N/A,N/A
SORIANA,7253777.7,MXN,OP-350358,"December 05, 2021",2024-06-06,914
bbva méxico,7233151.54,EUR,OP-268267,2020-08-05,14-Jun-2024,1409
PEMEX,6200915.24,EUR,OP-114345,2021-10-24,N/A,N/A
grupo carso,9905528.92,MXN,OP-697456,03-Oct-2019,"October 12, 2023",1470
grupo lala,951035.3,MXN,OP-813492,24/01/2019,N/A,N/A
GRUPO BIMBO,8211958.7,MXN,OP-718508,24/10/2019,27/06/2022,977
CEMEX,6101390.28,EUR,OP-834017,"December 28, 2021",12/12/2024,1080
SORIANA,4414901.15,EUR,OP-919997,10/03/2023,"March 14, 2025",528
grupo méxico,7825500.3,EUR,OP-420311,2024-04-12,N/A,N/A
BANORTE,8566225.61,EUR,OP-300678,24-Sep-2018,N/A,N/A
liverpool,5705644.61,MXN,OP-691877,01/02/2024,N/A,N/A
américa móvil,2925883.73,MXN,OP-918775,09-Jan-2018,N/A,N/A
grupo lala,4713597.1,MXN,OP-946734,2023-08-17,N/A,N/A
banorte,9601263.54,EUR,OP-747838,"May 16, 2019",N/A,N/A
walmart de méxico,9845275.57,MXN,OP-667222,2021-09-09,N/A,N/A
GRUPO LALA,8415447.59,USD,OP-955484,23-Aug-2018,"August 24, 2024",2193
walmart de méxico,5512581.41,MXN,OP-819741,2024-03-05,N/A,N/A
bbva méxico,7362503.91,EUR,OP-547519,08/01/2019,14-May-2023,1382
pemex,5123474.4,EUR,OP-249975,"October 22, 2018",N/A,N/A
WALMART DE MÉXICO,2186606.06,EUR,OP-890698,2024-06-14,N/A,N/A
femsa,5361353.63,MXN,OP-588603,23/05/2021,N/A,N/A
BBVA MÉXICO,6058341.36,MXN,OP-879606,2017-10-18,"June 27, 2023",2078
banorte,2005685.36,EUR,OP-120764,26-May-2021,2024-11-18,1272
femsa,5905906.75,EUR,OP-790546,2023-11-07,N/A,N/A
GRUPO LALA,4994551.07,USD,OP-269299,09-Feb-2023,N/A,N/A
PEMEX,8737398.88,USD,OP-150232,26/09/2020,N/A,N/A
américa móvil,9671895.28,EUR,OP-846933,07/03/2025,N/A,N/A
walmart de méxico,3613865.59,MXN,OP-484299,02/08/2022,N/A,N/A
bbva méxico,2240678.5,USD,OP-725861,2023-04-22,N/A,N/A
soriana,3745823.8,EUR,OP-663700,10/12/2021,N/A,N/A
liverpool,5908631.5,MXN,OP-691019,"July 25, 2022",N/A,N/A
FEMSA,6976053.98,USD,OP-446962,"August 15, 2021",25-Jan-2024,893
AMÉRICA MÓVIL,3332398.13,USD,OP-412345,"April 14, 2020",N/A,N/A
grupo lala,2009188.43,EUR,OP-758707,07/04/2021,N/A,N/A
PEMEX,3331320.56,USD,OP-691610,27/09/2017,N/A,N/A
alsea,7479213.05,MXN,OP-590700,"October 22, 2021",N/A,N/A
FEMSA,795117.0,USD,OP-651221,03-Sep-2015,"August 25, 2021",2183
bbva méxico,4226328.68,EUR,OP-528496,2021-05-28,N/A,N/A
liverpool,7945886.65,USD,OP-534719,20/12/2020,N/A,N/A
liverpool,3213692.87,MXN,OP-573936,"October 02, 2019",19-Aug-2023,1417
banorte,103690.58,EUR,OP-606093,11/10/2020,N/A,N/A
WALMART DE MÉXICO,7369987.14,MXN,OP-901427,23/04/2018,2022-11-03,1655
GRUPO CARSO,246720.06,MXN,OP-214335,2019-07-10,N/A,N/A
BBVA MÉXICO,3124552.33,MXN,OP-862008,"August 25, 2025",N/A,N/A
FEMSA,3152525.62,MXN,OP-961294,2017-11-13,N/A,N/A
GRUPO LALA,7458474.45,MXN,OP-684869,26-Mar-2023,25/05/2025,791
FEMSA,6026305.53,EUR,OP-450294,14-Dec-2016,10/02/2020,1388
CEMEX,3004729.26,MXN,OP-796603,2024-11-19,N/A,N/A
BBVA MÉXICO,6687082.41,EUR,OP-899020,23/09/2021,N/A,N/A
pemex,6738697.96,EUR,OP-876179,24/05/2021,25/10/2022,519
pemex,7349936.46,MXN,OP-947860,2025-07-27,N/A,N/A
pemex,3540862.48,MXN,OP-202574,"July 31, 2021",N/A,N/A
pemex,9510178.17,MXN,OP-233154,10/12/2019,13-Feb-2021,490
GRUPO CARSO,9705087.2,MXN,OP-160384,2017-07-11,05/12/2018,305
grupo méxico,9137286.41,EUR,OP-616596,14/12/2022,31/08/2024,626
FEMSA,1718224.78,MXN,OP-630582,03/05/2018,"September 26, 2019",570
soriana,7059866.11,USD,OP-666921,27/01/2017,2019-05-01,824
grupo méxico,7348671.0,MXN,OP-944412,2022-12-08,N/A,N/A
PEMEX,1247863.45,MXN,OP-608112,"February 23, 2024",N/A,N/A
AMÉRICA MÓVIL,5132740.42,MXN,OP-609421,2023-04-20,N/A,N/A
alsea,9258845.4,USD,OP-644680,"August 12, 2024",N/A,N/A
BANORTE,8120736.79,EUR,OP-233307,24-Nov-2022,N/A,N/A
GRUPO LALA,1900664.3,EUR,OP-883396,12/01/2018,N/A,N/A
soriana,8990439.05,MXN,OP-402651,02-Oct-2016,2017-04-01,181
soriana,6113275.46,EUR,OP-652020,"August 29, 2021",N/A,N/A
femsa,3090809.57,EUR,OP-175442,2023-10-23,2025-06-27,613
BANORTE,2995767.64,USD,OP-758119,"October 25, 2022",N/A,N/A
SORIANA,8490974.75,USD,OP-273115,2015-12-17,21/07/2016,217
WALMART DE MÉXICO,831206.94,USD,OP-451424,01-Jun-2018,N/A,N/A
américa móvil,391614.62,USD,OP-953725,03/10/2015,2016-06-25,473
CEMEX,6399833.97,USD,OP-640568,2018-03-21,"August 20, 2020",883
GRUPO CARSO,1799947.86,EUR,OP-934355,"January 29, 2023",N/A,N/A
GRUPO CARSO,4919127.57,EUR,OP-380773,12-Jul-2022,N/A,N/A
américa móvil,3787840.72,USD,OP-214408,"January 26, 2024",N/A,N/A
GRUPO BIMBO,9672772.61,MXN,OP-539958,2023-02-17,N/A,N/A
bbva méxico,2885987.59,USD,OP-494061,26-Jan-2020,"May 24, 2020",119
soriana,7895410.27,MXN,OP-698281,21/12/2023,N/A,N/A
BBVA MÉXICO,2308593.28,EUR,OP-862897,01-Jan-2022,N/A,N/A
FEMSA,359312.58,USD,OP-739690,2022-08-11,N/A,N/A
BBVA MÉXICO,6744028.02,EUR,OP-388596,05/11/2024,N/A,N/A
walmart de méxico,6769628.58,MXN,OP-210667,"May 26, 2016",2022-04-07,2142
grupo carso,5314959.6,USD,OP-536130,11/04/2022,N/A,N/A
GRUPO LALA,2644378.7,MXN,OP-295494,10-Feb-2018,N/A,N/A
GRUPO BIMBO,7249998.52,EUR,OP-628857,03-Jan-2018,N/A,N/A
pemex,8298806.38,EUR,OP-749528,"August 12, 2017",03/03/2021,1299
liverpool,7043457.23,USD,OP-903332,09-Apr-2020,N/A,N/A
TELMEX,506699.6,MXN,OP-709136,31-Jul-2022,2023-03-15,227
grupo lala,3213485.03,USD,OP-798533,"January 07, 2022",N/A,N/A
bbva méxico,1423533.83,MXN,OP-869317,"October 04, 2022",2023-12-30,452
FEMSA,2564776.26,MXN,OP-664839,25/09/2022,12-Jun-2024,626
GRUPO BIMBO,1669478.74,EUR,OP-322928,22-May-2024,N/A,N/A
ALSEA,9872188.54,USD,OP-843492,2019-04-30,30/01/2021,641
femsa,3361597.05,USD,OP-255916,"January 11, 2022",N/A,N/A
grupo lala,2050171.6,MXN,OP-702227,03/10/2016,2023-03-02,2548
CEMEX,1129409.89,MXN,OP-916827,"September 06, 2016",11-Aug-2023,2530
GRUPO BIMBO,4608097.42,MXN,OP-105072,"November 01, 2023",N/A,N/A
GRUPO BIMBO,4322863.83,USD,OP-100167,2017-11-09,N/A,N/A
SORIANA,6920610.04,EUR,OP-861281,2018-11-16,N/A,N/A
GRUPO LALA,8359761.68,EUR,OP-206051,26/06/2018,N/A,N/A
cemex,4873088.54,USD,OP-164771,22-Sep-2023,"April 12, 2024",203
LIVERPOOL,6258686.33,EUR,OP-259728,2023-08-06,N/A,N/A
alsea,956662.09,MXN,OP-386700,17/07/2025,N/A,N/A
FEMSA,2374626.71,EUR,OP-907811,16-May-2018,16/08/2019,457
SORIANA,8839372.56,MXN,OP-280206,"August 07, 2017","September 16, 2023",2231
PEMEX,728678.53,MXN,OP-553257,11/05/2021,N/A,N/A
FEMSA,3655622.3,USD,OP-700314,"October 07, 2019",N/A,N/A
WALMART DE MÉXICO,957912.96,USD,OP-644137,"February 23, 2021",27/06/2025,1585
pemex,9419004.24,EUR,OP-867151,"September 08, 2021",10/05/2023,757
SORIANA,3273384.0,USD,OP-246866,30/04/2017,N/A,N/A
alsea,3684913.02,EUR,OP-446620,20-Nov-2022,N/A,N/A
AMÉRICA MÓVIL,7398599.03,EUR,OP-277178,30-Jan-2023,N/A,N/A
SORIANA,6287813.53,MXN,OP-896930,04-Aug-2017,17/12/2020,1231
BBVA MÉXICO,2372426.46,USD,OP-872366,05-Aug-2025,N/A,N/A
SORIANA,780990.88,USD,OP-574775,01-Aug-2017,15-May-2022,1748
grupo lala,9322891.59,USD,OP-562515,2017-07-29,N/A,N/A
grupo bimbo,7340785.13,MXN,OP-309235,"January 13, 2023",N/A,N/A
GRUPO CARSO,2423887.85,USD,OP-602172,27-Mar-2023,N/A,N/A
walmart de méxico,5216450.62,MXN,OP-552607,2015-12-29,N/A,N/A
telmex,9963585.99,EUR,OP-383528,06/04/2021,N/A,N/A
AMÉRICA MÓVIL,4877378.59,EUR,OP-769596,"April 05, 2023",N/A,N/A
GRUPO CARSO,3043550.15,MXN,OP-571380,09-May-2018,N/A,N/A
PEMEX,658472.76,MXN,OP-391911,26-Feb-2017,"September 13, 2022",2025
pemex,4049618.62,MXN,OP-256019,30/11/2020,N/A,N/A
alsea,9398947.3,EUR,OP-848049,13-Jul-2021,N/A,N/A
femsa,946431.97,EUR,OP-136608,2024-12-08,N/A,N/A
GRUPO MÉXICO,5137039.19,EUR,OP-669831,26-Feb-2020,"April 22, 2021",421
liverpool,8597336.89,EUR,OP-476157,"May 08, 2025",N/A,N/A
grupo lala,4607898.01,USD,OP-152570,"December 24, 2016",N/A,N/A
BBVA MÉXICO,3585589.47,EUR,OP-910606,"January 25, 2021",N/A,N/A
GRUPO MÉXICO,3557974.6,EUR,OP-969104,2017-07-26,"March 31, 2021",1344
grupo méxico,9492106.69,MXN,OP-740570,2023-08-06,N/A,N/A
LIVERPOOL,8691468.0,EUR,OP-127574,27/04/2022,N/A,N/A
PEMEX,3235070.01,MXN,OP-802211,"October 14, 2023",N/A,N/A
cemex,9278725.48,MXN,OP-724266,09-Aug-2018,"January 17, 2024",1987
GRUPO BIMBO,7434066.21,MXN,OP-752730,"December 02, 2019",04/01/2022,851
GRUPO MÉXICO,5794505.66,EUR,OP-316793,20/04/2020,N/A,N/A
GRUPO BIMBO,2471465.58,USD,OP-817233,02-May-2019,"June 15, 2019",44
grupo bimbo,1370727.74,EUR,OP-184181,"May 11, 2016",28-Aug-2018,839
LIVERPOOL,4877649.16,MXN,OP-461943,06/05/2023,N/A,N/A
banorte,5112631.04,USD,OP-582285,20-May-2017,"April 07, 2021",1418
GRUPO LALA,2087101.46,EUR,OP-745278,26/06/2024,N/A,N/A
ALSEA,5028512.45,EUR,OP-433319,02-Jul-2022,03/07/2024,614
PEMEX,4162555.05,EUR,OP-401081,23/05/2020,N/A,N/A
ALSEA,4818571.91,USD,OP-452957,2023-08-06,N/A,N/A
GRUPO LALA,1901208.53,EUR,OP-786627,"May 07, 2022",N/A,N/A
pemex,4998164.31,USD,OP-452302,26-Jan-2016,"June 06, 2023",2688
alsea,601077.56,MXN,OP-269225,13-Mar-2022,N/A,N/A
GRUPO BIMBO,7188394.36,MXN,OP-830043,2020-10-02,N/A,N/A
LIVERPOOL,676126.84,EUR,OP-495563,2021-02-03,N/A,N/A
alsea,9207810.43,EUR,OP-286351,07/09/2015,N/A,N/A
AMÉRICA MÓVIL,4158302.17,MXN,OP-174351,2015-11-24,N/A,N/A
grupo bimbo,1599630.99,USD,OP-121708,25/04/2017,N/A,N/A
soriana,8299979.07,USD,OP-401366,2023-03-22,N/A,N/A
FEMSA,4704681.26,MXN,OP-216426,"July 01, 2019",2020-01-30,213
alsea,9099222.57,MXN,OP-834835,10-Apr-2018,2019-08-20,497
grupo bimbo,7424829.73,EUR,OP-781025,21-Oct-2019,06-Oct-2021,716
WALMART DE MÉXICO,3250610.3,MXN,OP-336711,2025-04-23,N/A,N/A
cemex,7303927.79,MXN,OP-407697,28/03/2023,N/A,N/A
BBVA MÉXICO,9700326.67,USD,OP-227709,2017-12-22,N/A,N/A
grupo bimbo,6322809.13,USD,OP-800506,02/02/2022,N/A,N/A
grupo carso,1581029.43,EUR,OP-102942,14/12/2017,N/A,N/A
CEMEX,9493230.96,EUR,OP-294161,08/01/2019,N/A,N/A
SORIANA,7955637.59,USD,OP-757567,26-Dec-2016,2021-05-01,1587
soriana,6486436.8,MXN,OP-304700,"November 20, 2022",N/A,N/A
liverpool,3594625.0,MXN,OP-342887,"August 14, 2017",11/08/2021,1547
cemex,723389.26,MXN,OP-926240,"February 22, 2017",27-Oct-2021,1708
GRUPO LALA,1585184.9,USD,OP-402658,"April 04, 2017",N/A,N/A
BBVA MÉXICO,4338130.47,EUR,OP-661532,06-Jun-2017,23/03/2020,1021
FEMSA,1132525.92,MXN,OP-656784,13/04/2023,N/A,N/A
WALMART DE MÉXICO,833944.38,USD,OP-813738,12-Jan-2023,N/A,N/A
BANORTE,9975355.86,EUR,OP-363807,29-Oct-2019,11-Nov-2024,1840
femsa,1393080.83,MXN,OP-409426,"May 09, 2025",N/A,N/A
femsa,171701.9,MXN,OP-672262,11/11/2022,N/A,N/A
grupo méxico,1358154.27,USD,OP-752218,2023-01-24,N/A,N/A
banorte,1843147.1,USD,OP-268853,27/08/2021,2023-03-09,559
soriana,888844.04,EUR,OP-919070,"March 05, 2021","November 01, 2022",606
AMÉRICA MÓVIL,2184428.92,USD,OP-508101,2019-04-04,08/05/2020,489
walmart de méxico,5348796.8,USD,OP-204087,12/07/2016,2016-12-13,6
AMÉRICA MÓVIL,8715840.72,EUR,OP-218707,"March 09, 2019",N/A,N/A
ALSEA,1125682.28,EUR,OP-567253,"January 26, 2021",N/A,N/A
alsea,2300183.3,MXN,OP-982802,"July 26, 2023",N/A,N/A
TELMEX,7574253.79,EUR,OP-675777,09/10/2019,N/A,N/A
FEMSA,7701412.19,USD,OP-726934,18/08/2020,N/A,N/A
cemex,9491159.28,USD,OP-448585,2022-10-12,03/10/2024,515
liverpool,6108009.47,USD,OP-953229,27/03/2021,N/A,N/A
LIVERPOOL,3055839.86,USD,OP-796030,11/10/2022,N/A,N/A
walmart de méxico,6822851.36,USD,OP-185565,02/04/2022,13/11/2024,1013
bbva méxico,7835215.02,USD,OP-695165,"September 12, 2019",2025-06-15,2103
grupo lala,3095314.46,USD,OP-129763,16/01/2019,2025-03-07,2242
pemex,334768.77,MXN,OP-408318,"November 14, 2019",25-May-2023,1288
GRUPO CARSO,4237614.49,EUR,OP-428608,2022-07-24,N/A,N/A
liverpool,3049391.44,EUR,OP-989803,2017-01-28,2019-10-01,976
liverpool,2617636.75,MXN,OP-915883,2020-03-02,2025-02-04,1800
AMÉRICA MÓVIL,4342494.98,EUR,OP-369988,04-Nov-2018,14/03/2025,2322
telmex,8637397.11,EUR,OP-942486,15-Sep-2022,N/A,N/A
SORIANA,989759.57,EUR,OP-992684,"November 03, 2017","December 14, 2019",771
AMÉRICA MÓVIL,2102783.8,MXN,OP-820615,12-Jan-2020,N/A,N/A
banorte,8592003.2,EUR,OP-794210,"May 08, 2016","February 26, 2017",294
GRUPO MÉXICO,9248304.13,EUR,OP-246230,2017-09-24,N/A,N/A
grupo lala,241782.5,USD,OP-692130,"August 28, 2021",N/A,N/A
GRUPO CARSO,8884680.6,EUR,OP-197551,"July 14, 2019",N/A,N/A
ALSEA,2253726.74,EUR,OP-582145,"October 04, 2019",25/08/2024,1787
grupo carso,3425226.77,MXN,OP-219104,11-Jun-2016,N/A,N/A
BBVA MÉXICO,7677601.31,USD,OP-343278,08-Sep-2021,"February 17, 2025",1258
PEMEX,1060053.53,USD,OP-934625,19-Nov-2020,"September 16, 2024",1397
FEMSA,6710671.42,EUR,OP-300713,08-Oct-2020,23/10/2021,380
telmex,9199067.73,EUR,OP-268250,2023-06-14,N/A,N/A
telmex,9225244.82,EUR,OP-415138,14/05/2023,24-Jul-2025,802
PEMEX,8893164.11,MXN,OP-540486,24-Sep-2017,2025-08-11,2878
WALMART DE MÉXICO,1201426.13,MXN,OP-813070,2021-06-21,N/A,N/A
pemex,1564756.55,EUR,OP-923171,16/07/2019,"May 02, 2023",1386
BBVA MÉXICO,1049653.74,EUR,OP-218149,07/03/2017,N/A,N/A
BANORTE,4695269.16,MXN,OP-875930,05-Sep-2020,N/A,N/A
WALMART DE MÉXICO,8292360.69,USD,OP-227201,27/06/2025,N/A,N/A
grupo bimbo,9361026.5,EUR,OP-581435,"October 25, 2016",24/03/2022,1976
alsea,1707627.82,EUR,OP-988829,"November 27, 2022",N/A,N/A
banorte,1403484.01,EUR,OP-253759,2016-03-10,2024-11-26,3183
liverpool,7595838.99,MXN,OP-886776,"July 14, 2023",N/A,N/A
grupo lala,8293419.56,EUR,OP-834453,16/01/2023,N/A,N/A
pemex,1551677.33,MXN,OP-470157,02-Jun-2020,N/A,N/A
SORIANA,3320953.82,EUR,OP-628180,"September 17, 2020","August 02, 2022",684
telmex,3231145.51,USD,OP-833720,"July 12, 2022",12-Dec-2023,518
CEMEX,9705630.8,USD,OP-783215,22-Apr-2021,N/A,N/A
SORIANA,6226803.83,MXN,OP-101454,2017-08-13,17/11/2018,461
AMÉRICA MÓVIL,8546081.13,USD,OP-535037,"February 09, 2016",N/A,N/A
ALSEA,2146171.65,USD,OP-146845,09-May-2024,N/A,N/A
alsea,7855037.2,EUR,OP-206519,11/04/2019,N/A,N/A
FEMSA,5783650.12,EUR,OP-736657,02/03/2024,N/A,N/A
grupo méxico,7047174.15,USD,OP-399753,16/04/2017,"January 06, 2024",2456
bbva méxico,4943223.85,MXN,OP-531843,21-Oct-2016,30/09/2018,709
AMÉRICA MÓVIL,7455372.48,EUR,OP-707530,"November 28, 2019",N/A,N/A
soriana,6229171.59,EUR,OP-859229,2016-06-04,N/A,N/A
GRUPO CARSO,5254155.03,EUR,OP-675951,2019-12-25,2022-07-17,935
FEMSA,8090244.89,USD,OP-386410,2022-12-07,N/A,N/A
femsa,251856.73,MXN,OP-469133,2015-11-05,"December 09, 2015",34
BANORTE,3309358.3,USD,OP-127009,"October 12, 2016",2022-12-22,2262
grupo bimbo,8945516.53,MXN,OP-728641,2023-01-21,N/A,N/A
liverpool,4794455.05,EUR,OP-856353,2025-03-02,N/A,N/A
telmex,5679441.17,USD,OP-823111,17/08/2017,07/08/2024,2517
WALMART DE MÉXICO,1770544.05,EUR,OP-228852,12/04/2019,"January 27, 2024",1515
telmex,865450.04,USD,OP-209710,10/08/2016,N/A,N/A
TELMEX,4772699.91,EUR,OP-989109,11/07/2019,N/A,N/A
FEMSA,2245255.12,USD,OP-814579,13-Feb-2018,N/A,N/A
pemex,8391816.08,EUR,OP-710804,"February 28, 2024",N/A,N/A
liverpool,4446104.92,USD,OP-654787,"July 29, 2024",N/A,N/A
grupo méxico,6752312.06,USD,OP-418275,2024-08-27,2025-08-05,343
ALSEA,2715924.26,USD,OP-152846,"June 01, 2017",02/11/2022,1716
femsa,5120228.08,MXN,OP-983549,2021-06-09,N/A,N/A
WALMART DE MÉXICO,1597197.72,USD,OP-222999,"November 06, 2016",17-Feb-2025,3025
SORIANA,2579448.08,EUR,OP-535733,"January 20, 2021",N/A,N/A
banorte,7873850.12,USD,OP-976425,"May 28, 2023",N/A,N/A
GRUPO MÉXICO,2474536.24,USD,OP-752514,2019-07-23,2022-12-10,1236
cemex,4258918.99,MXN,OP-185844,"May 10, 2019",N/A,N/A
pemex,1341560.17,EUR,OP-872008,08-Nov-2019,"February 15, 2023",1195
grupo bimbo,412176.74,MXN,OP-170341,21/04/2019,N/A,N/A
GRUPO BIMBO,1772387.95,EUR,OP-816332,"December 19, 2016",07-May-2018,504
GRUPO BIMBO,6019360.62,USD,OP-745355,2020-06-02,N/A,N/A
FEMSA,7050173.31,MXN,OP-547409,17/03/2019,N/A,N/A
grupo carso,1996285.51,EUR,OP-878354,14/12/2019,2024-11-11,1794
GRUPO LALA,1374687.94,EUR,OP-788558,05/09/2018,02-Sep-2024,2308
GRUPO BIMBO,4019266.54,MXN,OP-682877,"September 09, 2021",N/A,N/A
banorte,9689728.95,EUR,OP-876177,17-Feb-2025,N/A,N/A
telmex,3153272.02,EUR,OP-941136,2023-03-01,05-May-2023,65
alsea,396333.05,MXN,OP-462924,"October 03, 2020",N/A,N/A
banorte,3164853.98,EUR,OP-216978,18/09/2018,N/A,N/A
américa móvil,860154.99,USD,OP-984323,2019-06-09,N/A,N/A
ALSEA,2567250.3,EUR,OP-706699,"March 23, 2020",2023-01-28,1041
walmart de méxico,3619891.9,EUR,OP-123975,02-Jun-2016,2021-02-04,1708
cemex,6497253.02,MXN,OP-911821,09-Dec-2021,"June 10, 2024",914
WALMART DE MÉXICO,2567550.94,USD,OP-899372,"February 08, 2019",N/A,N/A
bbva méxico,9560751.56,EUR,OP-725772,13/07/2022,01/09/2024,545
ALSEA,8220562.79,MXN,OP-325725,08/10/2017,N/A,N/A
WALMART DE MÉXICO,3006999.27,MXN,OP-620442,"January 07, 2023",N/A,N/A
alsea,9426135.54,EUR,OP-957766,2021-11-03,2022-01-24,82
alsea,5651505.6,USD,OP-315899,2024-06-06,N/A,N/A
telmex,123958.78,USD,OP-688983,"March 25, 2017",22-Feb-2020,1064
grupo méxico,6635269.31,USD,OP-687978,2016-12-03,"October 22, 2019",1053
liverpool,457204.28,USD,OP-352397,21-May-2018,N/A,N/A
cemex,2478712.98,EUR,OP-945031,22/10/2023,N/A,N/A
GRUPO MÉXICO,6811378.74,USD,OP-293175,"November 26, 2020",2025-03-20,1575
telmex,6610088.94,EUR,OP-978937,2025-06-22,N/A,N/A
grupo lala,4452070.05,EUR,OP-150575,"September 21, 2020",N/A,N/A
bbva méxico,9286778.27,USD,OP-758637,29-Nov-2016,N/A,N/A
grupo méxico,9524960.57,MXN,OP-856503,2017-04-12,09-Jan-2018,272
telmex,9272176.44,EUR,OP-459840,26/08/2015,"February 27, 2025",3473
SORIANA,6652836.24,USD,OP-445403,05-Oct-2015,29/03/2021,2002
GRUPO CARSO,148079.41,USD,OP-191557,04-May-2018,"January 16, 2023",1718
AMÉRICA MÓVIL,7577380.81,USD,OP-274090,10/10/2015,15-Apr-2024,3110
walmart de méxico,9602188.94,MXN,OP-369971,2024-05-03,N/A,N/A
bbva méxico,9209507.99,MXN,OP-566636,25-May-2018,"August 05, 2025",2629
CEMEX,9624009.54,EUR,OP-742696,18-Mar-2019,N/A,N/A
TELMEX,3818729.87,USD,OP-314224,25/03/2016,"February 26, 2023",2529
soriana,9312491.9,USD,OP-946633,08-Jan-2019,N/A,N/A
GRUPO BIMBO,4751441.55,EUR,OP-850401,"July 13, 2021",N/A,N/A
BBVA MÉXICO,6987530.82,EUR,OP-668959,"March 26, 2016",2017-06-10,441
TELMEX,1603317.99,EUR,OP-679137,18-Oct-2020,"March 13, 2022",511
GRUPO MÉXICO,4584816.22,USD,OP-894456,21-Apr-2023,N/A,N/A
grupo méxico,7961932.43,EUR,OP-810930,20/10/2022,N/A,N/A
liverpool,4023613.87,EUR,OP-466506,2022-12-29,N/A,N/A
cemex,8199038.63,EUR,OP-108172,31-Dec-2019,N/A,N/A
GRUPO CARSO,4356676.36,EUR,OP-631664,2020-03-14,"November 13, 2024",1705
liverpool,9453095.67,USD,OP-172455,19/06/2016,14-Feb-2024,2796
GRUPO LALA,5123182.71,EUR,OP-698825,"May 22, 2024",2025-02-10,264
BBVA MÉXICO,3537612.63,USD,OP-195670,22-Apr-2019,N/A,N/A
grupo bimbo,1092917.89,MXN,OP-421163,29-Jun-2022,N/A,N/A
telmex,981697.7,EUR,OP-479848,"July 21, 2016",24/06/2025,3260
pemex,8342451.94,USD,OP-404641,10-Nov-2015,31-Oct-2021,2182
alsea,4185607.47,MXN,OP-329139,18-Aug-2024,N/A,N/A
grupo bimbo,2221945.0,EUR,OP-482060,11/04/2023,N/A,N/A
GRUPO CARSO,6305294.7,USD,OP-623003,2021-03-27,N/A,N/A
grupo méxico,8965262.56,MXN,OP-504345,2021-09-06,N/A,N/A
TELMEX,3675491.51,EUR,OP-587865,2020-12-05,2024-10-01,1396
AMÉRICA MÓVIL,1944036.2,MXN,OP-231220,"January 23, 2016",25/03/2022,2253
BBVA MÉXICO,8967605.74,MXN,OP-263641,21/11/2019,N/A,N/A
alsea,3116145.32,EUR,OP-512007,2018-06-26,N/A,N/A
grupo méxico,7442138.44,MXN,OP-120129,2025-03-18,N/A,N/A
ALSEA,5274615.56,MXN,OP-153462,13/09/2018,13/04/2023,1673
GRUPO BIMBO,7160538.73,USD,OP-213326,03-Oct-2021,"June 12, 2024",983
liverpool,4509692.71,EUR,OP-733127,14/11/2015,02/09/2023,2644
soriana,7104888.63,USD,OP-548432,24-Dec-2015,22/06/2018,911
femsa,159482.59,MXN,OP-815152,2023-06-11,07/01/2023,20
cemex,2091031.81,EUR,OP-744283,11-Apr-2016,26-Oct-2021,2024
GRUPO LALA,2509988.87,USD,OP-824155,"October 29, 2022","April 23, 2023",176
cemex,2213203.32,EUR,OP-886180,"March 26, 2023",06-Feb-2024,317
BBVA MÉXICO,4799356.02,EUR,OP-511075,2018-04-21,2024-12-29,2444
WALMART DE MÉXICO,4685033.09,EUR,OP-941981,07/03/2024,N/A,N/A
PEMEX,9778609.56,MXN,OP-275063,"November 04, 2022",N/A,N/A
PEMEX,4779975.5,EUR,OP-209816,2022-02-02,N/A,N/A
femsa,5414218.89,USD,OP-744319,"July 13, 2019",N/A,N/A
grupo carso,4122489.46,EUR,OP-692676,"February 29, 2020",N/A,N/A
grupo lala,3889038.0,USD,OP-424487,15/04/2018,2019-05-05,385
ALSEA,8806630.35,USD,OP-830556,2018-05-17,25/01/2021,984
cemex,8767141.88,EUR,OP-990032,23-May-2016,08-Oct-2019,1233
liverpool,2504013.67,USD,OP-499710,"June 18, 2017",28/11/2020,1259
alsea,9364359.64,EUR,OP-963321,01/06/2018,2018-05-17,131
LIVERPOOL,7963073.16,MXN,OP-691449,2021-12-13,"May 25, 2024",894
BANORTE,1122240.45,MXN,OP-807981,11-Dec-2024,N/A,N/A
SORIANA,7187932.28,USD,OP-716812,"November 09, 2020",N/A,N/A
AMÉRICA MÓVIL,3281799.6,USD,OP-774433,2022-12-25,N/A,N/A
soriana,5234813.11,USD,OP-726398,13-Oct-2015,07-Mar-2023,2702
grupo carso,124287.98,MXN,OP-652790,"June 07, 2018",2022-12-22,1659
femsa,7380834.92,MXN,OP-119216,30/08/2017,"July 22, 2022",1787
bbva méxico,4034221.95,MXN,OP-740452,04/11/2017,24-Jul-2017,104
BBVA MÉXICO,3961638.63,USD,OP-652066,2021-01-13,N/A,N/A
liverpool,9082143.24,USD,OP-407767,"March 18, 2018",2025-06-25,2656
LIVERPOOL,2315078.51,EUR,OP-792974,2016-12-12,"December 12, 2022",2191
grupo bimbo,282576.48,USD,OP-679954,2021-03-04,11/05/2023,976
walmart de méxico,6926755.03,MXN,OP-190807,04-Oct-2017,N/A,N/A
soriana,7750566.7,EUR,OP-304479,2020-08-25,N/A,N/A
ALSEA,2960710.75,EUR,OP-594704,2021-04-07,N/A,N/A
SORIANA,9212711.04,MXN,OP-252629,18/11/2017,N/A,N/A
SORIANA,7462674.31,MXN,OP-385379,"January 06, 2016",03/12/2022,2257
grupo méxico,4176588.33,USD,OP-554374,12-Dec-2019,N/A,N/A
liverpool,2874834.28,USD,OP-112516,"September 13, 2020",N/A,N/A
pemex,4857192.27,USD,OP-192043,07-Feb-2021,N/A,N/A
PEMEX,934035.23,EUR,OP-764093,14-Oct-2019,14-May-2021,578
banorte,3446404.72,USD,OP-775665,21/09/2015,29/05/2018,981
liverpool,9195911.41,MXN,OP-364714,02-Sep-2018,N/A,N/A
bbva méxico,7428459.13,USD,OP-805387,28/11/2024,N/A,N/A
BBVA MÉXICO,6399512.54,USD,OP-365779,26-Sep-2024,N/A,N/A
CEMEX,8555346.4,MXN,OP-672997,21/12/2023,N/A,N/A
banorte,9145732.54,EUR,OP-835776,06/10/2016,07/04/2018,754
GRUPO BIMBO,6850640.66,MXN,OP-576262,03-Jul-2018,2024-04-19,2117
grupo lala,3452833.26,EUR,OP-914037,23-Jun-2017,16-Aug-2017,54
alsea,4068316.11,MXN,OP-354184,"December 01, 2018",N/A,N/A
bbva méxico,4155235.57,MXN,OP-138479,"June 24, 2022",N/A,N/A
grupo méxico,1274591.15,USD,OP-497904,02-Dec-2019,N/A,N/A
cemex,9808005.36,EUR,OP-129195,10/04/2025,N/A,N/A
liverpool,198815.72,EUR,OP-137007,2022-03-08,2024-01-18,681
grupo bimbo,2502490.88,USD,OP-384607,07/02/2017,28-Dec-2020,1275
bbva méxico,3620686.66,USD,OP-790259,2022-05-21,N/A,N/A
FEMSA,9789103.34,USD,OP-197623,2015-08-26,"March 05, 2023",2748
WALMART DE MÉXICO,7998605.81,USD,OP-791130,2017-09-18,"May 28, 2021",1348
soriana,632131.02,USD,OP-519042,"August 05, 2024",2025-02-27,206
soriana,8615239.3,USD,OP-961032,"February 27, 2022",N/A,N/A
GRUPO MÉXICO,7213726.69,MXN,OP-725066,2024-04-15,N/A,N/A
cemex,877387.01,MXN,OP-558074,2015-09-15,14/02/2023,2709
grupo bimbo,1776027.25,MXN,OP-947661,07-Mar-2018,N/A,N/A
BANORTE,8131288.34,EUR,OP-697044,08-Jul-2020,N/A,N/A
femsa,195382.46,EUR,OP-595895,"August 25, 2016",05-Dec-2017,467
alsea,2927917.25,USD,OP-696986,2021-12-07,N/A,N/A
GRUPO CARSO,7678210.42,MXN,OP-506017,"August 15, 2023",N/A,N/A
telmex,5702324.55,USD,OP-830093,2019-01-09,"January 28, 2025",2211
WALMART DE MÉXICO,3632070.16,EUR,OP-505735,"July 19, 2024",N/A,N/A
grupo bimbo,2406136.62,EUR,OP-994364,09/01/2020,N/A,N/A
GRUPO CARSO,1976539.44,USD,OP-318967,"February 18, 2016",23-Apr-2016,65
SORIANA,8103621.71,EUR,OP-397529,09-Jul-2021,12-Feb-2024,948
GRUPO MÉXICO,2531404.72,USD,OP-524632,2017-08-13,03/10/2024,2401
grupo méxico,4484135.76,USD,OP-228867,2022-04-06,N/A,N/A
walmart de méxico,7453199.62,EUR,OP-175433,30/11/2022,N/A,N/A
américa móvil,9265712.85,USD,OP-199441,22-May-2017,20-Jun-2017,29
femsa,3386798.55,USD,OP-190435,2016-12-03,N/A,N/A
grupo bimbo,7986074.15,EUR,OP-890429,2016-06-12,2017-06-02,355
BANORTE,5622275.8,EUR,OP-328798,"March 23, 2022",2022-09-19,180
bbva méxico,7419946.97,EUR,OP-564686,"January 31, 2020",N/A,N/A
alsea,7800772.02,EUR,OP-729152,30/07/2018,10/05/2019,432
bbva méxico,5392209.91,EUR,OP-189682,04-Jan-2020,N/A,N/A
GRUPO MÉXICO,9551044.25,USD,OP-400853,"March 25, 2019",19-Jan-2023,1396
CEMEX,2231684.22,USD,OP-129948,2024-01-08,N/A,N/A
LIVERPOOL,2973402.86,EUR,OP-844191,"July 19, 2017",09/04/2025,2969
BANORTE,5889262.41,EUR,OP-483191,23-Apr-2018,2018-09-07,137
GRUPO BIMBO,577709.45,USD,OP-883094,14/12/2021,N/A,N/A
SORIANA,2528539.22,EUR,OP-119006,16/12/2023,N/A,N/A
femsa,6073555.47,USD,OP-732105,"April 22, 2024",N/A,N/A
liverpool,3480465.25,USD,OP-339857,2017-04-17,"August 29, 2020",1230
grupo méxico,1666139.71,EUR,OP-760772,30-Nov-2023,"March 29, 2025",485
BBVA MÉXICO,1561015.17,USD,OP-160379,2016-05-26,2019-09-11,1203
telmex,5028486.13,MXN,OP-502873,30-Nov-2020,"April 05, 2023",856
soriana,345880.09,USD,OP-405380,02-Apr-2018,10-Dec-2018,252
AMÉRICA MÓVIL,1905298.53,USD,OP-799629,"December 16, 2015","March 15, 2020",1551
SORIANA,1616137.4,MXN,OP-935001,2024-05-22,N/A,N/A
GRUPO BIMBO,1069557.47,USD,OP-382020,2020-03-24,N/A,N/A
alsea,3683624.5,EUR,OP-674907,2020-06-02,N/A,N/A
BBVA MÉXICO,7807812.63,USD,OP-307989,"February 02, 2024",N/A,N/A
GRUPO CARSO,5321072.89,USD,OP-369994,06/07/2020,2023-09-23,1203
TELMEX,3959921.93,USD,OP-757550,28-Jun-2025,N/A,N/A
grupo bimbo,7054958.84,EUR,OP-954686,16/10/2020,N/A,N/A
GRUPO MÉXICO,2790994.26,MXN,OP-319222,"February 10, 2020",N/A,N/A
liverpool,1348051.67,EUR,OP-908733,15/01/2017,"April 07, 2022",1908
telmex,2958573.16,EUR,OP-982732,2020-08-28,12-Jan-2022,502
BANORTE,8235702.02,MXN,OP-792471,"October 09, 2024",N/A,N/A
TELMEX,8646456.08,EUR,OP-628735,16-Aug-2025,N/A,N/A
alsea,6937342.48,USD,OP-410912,"October 05, 2019",N/A,N/A
GRUPO MÉXICO,3495191.58,USD,OP-281801,"August 31, 2024",N/A,N/A
GRUPO BIMBO,9438148.45,MXN,OP-132364,27/10/2020,N/A,N/A
BANORTE,2944696.94,MXN,OP-881060,2018-07-07,20-Oct-2018,105
ALSEA,1753506.36,USD,OP-716583,26/12/2022,N/A,N/A
soriana,3466844.24,EUR,OP-687638,2021-06-06,N/A,N/A
BANORTE,5638664.64,EUR,OP-714350,15-Jan-2017,N/A,N/A
BANORTE,6301113.57,EUR,OP-485273,2020-08-19,08/08/2024,1450
PEMEX,1697999.96,EUR,OP-173288,06-Aug-2021,N/A,N/A
WALMART DE MÉXICO,9922107.98,MXN,OP-849963,29-Oct-2017,05-May-2020,919
cemex,6308438.23,MXN,OP-121675,01/02/2022,2024-11-13,1046
femsa,6851611.51,MXN,OP-597802,"November 07, 2024",N/A,N/A
grupo lala,8165029.51,MXN,OP-939215,"December 06, 2015",26-Nov-2019,1451
CEMEX,627827.24,MXN,OP-534156,09/02/2016,N/A,N/A
femsa,7068573.05,EUR,OP-459960,25/09/2015,"November 12, 2022",2605
liverpool,9976914.6,EUR,OP-116690,2023-09-05,N/A,N/A
femsa,4660848.81,MXN,OP-212451,25/02/2023,15/06/2023,110
soriana,4144745.09,MXN,OP-114704,04-Jul-2019,N/A,N/A
LIVERPOOL,4795294.37,EUR,OP-168309,04-Oct-2016,"August 14, 2023",2505
AMÉRICA MÓVIL,464269.26,MXN,OP-714633,2016-08-06,"August 26, 2022",2211
ALSEA,2782485.77,USD,OP-206414,2021-06-27,19-Jun-2025,1453
LIVERPOOL,8938149.19,USD,OP-782570,2020-12-11,N/A,N/A
SORIANA,2097034.79,EUR,OP-909566,14-Apr-2017,2020-04-29,1111
GRUPO MÉXICO,4886739.27,EUR,OP-985080,"January 12, 2025",N/A,N/A
cemex,6718067.46,MXN,OP-897556,18/09/2018,N/A,N/A
grupo méxico,5648522.96,USD,OP-723834,24-Apr-2024,N/A,N/A
GRUPO CARSO,948073.52,USD,OP-702838,17-Mar-2019,N/A,N/A
femsa,7892688.05,USD,OP-220874,"July 03, 2025",N/A,N/A
cemex,8814985.96,USD,OP-387232,07-Jun-2020,N/A,N/A
cemex,6094176.61,MXN,OP-584038,20-Apr-2022,"March 23, 2025",1068
grupo lala,6282588.24,USD,OP-825225,"July 25, 2022",N/A,N/A
WALMART DE MÉXICO,3256811.59,MXN,OP-144304,"August 07, 2018","June 08, 2020",671
alsea,9369010.13,MXN,OP-240310,07/03/2018,N/A,N/A
pemex,9630255.46,EUR,OP-589980,2018-07-18,N/A,N/A
américa móvil,1155565.23,EUR,OP-332677,15-Oct-2022,N/A,N/A
ALSEA,9196354.13,MXN,OP-705633,05-Feb-2017,10-Mar-2022,1859
bbva méxico,8162792.94,EUR,OP-427697,08/06/2016,2025-03-19,3147
grupo lala,4873264.82,MXN,OP-663641,20-Mar-2017,N/A,N/A
banorte,7605355.84,EUR,OP-904497,05/09/2018,N/A,N/A
telmex,4994752.06,MXN,OP-231515,2025-03-06,N/A,N/A
GRUPO CARSO,4183612.51,USD,OP-342596,05-Jul-2018,03-Aug-2019,394
alsea,2286925.66,USD,OP-890013,"August 31, 2019",N/A,N/A
grupo lala,8382573.7,MXN,OP-168814,"August 29, 2022",N/A,N/A
TELMEX,7864587.46,USD,OP-416502,13-Jan-2019,15/07/2020,549
grupo méxico,5888399.71,EUR,OP-767316,2023-04-17,2023-09-29,165
alsea,2046422.09,MXN,OP-185001,07/08/2022,N/A,N/A
grupo lala,2486688.3,EUR,OP-127871,08/10/2017,18/03/2023,2046
SORIANA,3043655.05,USD,OP-290373,29-Mar-2022,01/01/2024,643
BANORTE,6570834.5,EUR,OP-348924,06/07/2021,"December 02, 2022",543
grupo lala,8700991.55,USD,OP-527576,23/05/2023,N/A,N/A
GRUPO LALA,9477039.28,MXN,OP-687685,"June 04, 2018",N/A,N/A
alsea,6563309.86,EUR,OP-800994,"November 05, 2015",01/05/2020,1522
grupo carso,799893.45,EUR,OP-445342,2021-11-04,N/A,N/A
grupo méxico,1836088.7,USD,OP-269774,"April 02, 2020",N/A,N/A
GRUPO BIMBO,6372094.67,USD,OP-576533,11/05/2023,N/A,N/A
walmart de méxico,9464747.15,USD,OP-973737,29/09/2015,N/A,N/A
liverpool,2374837.53,USD,OP-954986,"October 08, 2019",30/12/2023,1544
CEMEX,3877187.33,EUR,OP-606404,2025-02-22,N/A,N/A
walmart de méxico,9432844.64,EUR,OP-998068,08-Nov-2018,2024-07-30,2091
CEMEX,5647069.07,USD,OP-134220,"November 05, 2018",N/A,N/A
BANORTE,1323941.35,MXN,OP-547573,28-Aug-2024,"July 17, 2025",323
grupo lala,6849707.51,MXN,OP-369595,22/08/2018,N/A,N/A
BANORTE,4313802.26,EUR,OP-712394,2022-02-15,N/A,N/A
GRUPO LALA,6653836.65,USD,OP-694062,"April 21, 2016",N/A,N/A
WALMART DE MÉXICO,2173281.47,MXN,OP-144585,2015-08-31,N/A,N/A
GRUPO CARSO,9764863.03,MXN,OP-445864,18-May-2018,N/A,N/A
PEMEX,3950237.61,MXN,OP-634395,17-Jul-2022,N/A,N/A
GRUPO BIMBO,7656650.11,USD,OP-131011,2016-10-16,"December 13, 2016",58
banorte,6899442.26,USD,OP-271697,2023-09-12,N/A,N/A
pemex,9888118.9,USD,OP-267739,2019-09-05,N/A,N/A
GRUPO LALA,3253165.69,EUR,OP-857048,2021-04-11,29-Aug-2023,870
LIVERPOOL,853876.19,USD,OP-278400,17/10/2019,"August 18, 2023",1401
SORIANA,277306.82,USD,OP-318342,17-Mar-2018,N/A,N/A
liverpool,5778065.82,MXN,OP-366803,"May 09, 2024",N/A,N/A
CEMEX,3262251.1,USD,OP-652667,2017-05-01,15/04/2024,2541
CEMEX,2825774.97,USD,OP-328918,2019-10-05,09-Mar-2025,1982
bbva méxico,4742785.83,MXN,OP-406612,2021-04-20,09-Jun-2022,415
grupo lala,1952610.74,USD,OP-909070,"August 27, 2024",N/A,N/A
TELMEX,1540438.95,MXN,OP-226503,16/03/2022,N/A,N/A
CEMEX,1094794.28,MXN,OP-828731,2023-09-21,N/A,N/A
pemex,7779071.53,MXN,OP-700499,"July 24, 2016",N/A,N/A
CEMEX,7977676.86,MXN,OP-444307,13-Nov-2024,2025-08-18,278
TELMEX,9527023.21,USD,OP-911054,2021-07-25,02/06/2023,561
alsea,7673865.2,MXN,OP-844044,"May 31, 2019",N/A,N/A
banorte,4969385.75,EUR,OP-930013,"September 11, 2018",N/A,N/A
ALSEA,5726008.92,MXN,OP-726642,"December 08, 2022",N/A,N/A
ALSEA,6408501.57,USD,OP-551131,2020-10-08,N/A,N/A
telmex,7884845.25,USD,OP-790268,21-Aug-2024,N/A,N/A
banorte,810088.49,USD,OP-648183,17-May-2019,"December 16, 2022",1309
femsa,6164632.68,EUR,OP-532772,2023-05-21,N/A,N/A
GRUPO MÉXICO,8090072.66,EUR,OP-840079,2024-01-29,N/A,N/A
femsa,656194.01,MXN,OP-953865,23/01/2025,N/A,N/A
GRUPO LALA,4073597.68,EUR,OP-829184,"July 07, 2016",N/A,N/A
AMÉRICA MÓVIL,2228515.12,EUR,OP-812878,02/01/2017,"July 22, 2019",901
cemex,6804064.89,MXN,OP-196476,11/11/2015,2020-03-23,1594
grupo méxico,5947392.13,MXN,OP-935484,18/04/2018,17-Nov-2018,213
GRUPO CARSO,2194019.51,USD,OP-446220,"September 05, 2015",N/A,N/A
grupo lala,2196013.66,MXN,OP-687142,25-Mar-2019,N/A,N/A
GRUPO LALA,9270509.47,USD,OP-465131,08-Jan-2016,09-Jun-2018,883
walmart de méxico,2308387.34,USD,OP-263656,2018-04-08,22-May-2019,409
grupo bimbo,6458985.24,EUR,OP-387915,2022-08-13,N/A,N/A
FEMSA,1658692.02,USD,OP-970085,17-Sep-2023,N/A,N/A
cemex,6608574.12,USD,OP-141626,30-Sep-2022,N/A,N/A
FEMSA,7623926.3,USD,OP-138049,2017-02-22,2017-11-11,262
BBVA MÉXICO,8887630.28,USD,OP-864684,2021-06-14,24/11/2022,528
liverpool,3630843.28,EUR,OP-485775,"August 01, 2019",18-Jun-2023,1417
banorte,592584.79,EUR,OP-495960,12-Nov-2020,2021-02-05,85
AMÉRICA MÓVIL,8402225.4,EUR,OP-251458,15/10/2023,N/A,N/A
GRUPO LALA,6422663.33,EUR,OP-441026,02/07/2021,"February 13, 2024",1101
américa móvil,1799157.48,MXN,OP-971957,28/07/2023,N/A,N/A
banorte,6848603.53,EUR,OP-319396,2015-10-29,2025-07-03,3535
grupo bimbo,6585139.79,EUR,OP-346382,2022-04-01,N/A,N/A
PEMEX,6561626.32,MXN,OP-214244,2016-11-27,09-Apr-2021,1594
GRUPO MÉXICO,8950695.74,MXN,OP-597008,05/04/2023,N/A,N/A
cemex,9056347.39,USD,OP-523825,30/11/2016,2019-04-08,859
grupo méxico,8933799.32,EUR,OP-379892,06-Dec-2020,N/A,N/A
banorte,291304.03,USD,OP-229214,2019-11-16,N/A,N/A
grupo lala,3615014.33,EUR,OP-767772,"October 21, 2023",N/A,N/A
bbva méxico,6539003.54,MXN,OP-397849,2020-12-04,26-Jun-2023,934
pemex,2555392.15,USD,OP-151270,29-Nov-2019,N/A,N/A
GRUPO BIMBO,418336.41,EUR,OP-341000,"May 22, 2017",22/07/2017,61
GRUPO LALA,1893047.6,MXN,OP-141183,05-Apr-2018,03/10/2020,705
américa móvil,920972.56,MXN,OP-647262,"April 27, 2017",N/A,N/A
GRUPO CARSO,369481.67,EUR,OP-669943,03/02/2018,N/A,N/A
FEMSA,7336176.52,USD,OP-226812,03/12/2017,2020-04-10,1125
banorte,7063660.43,USD,OP-155627,30-Nov-2017,2024-07-15,2419
telmex,3903010.29,MXN,OP-118242,02/02/2020,N/A,N/A
GRUPO CARSO,3383930.25,USD,OP-428869,10-Mar-2024,N/A,N/A
américa móvil,1110513.59,USD,OP-247965,"December 11, 2019","January 06, 2025",1853
bbva méxico,9124560.12,USD,OP-604628,03-Jul-2024,N/A,N/A
GRUPO LALA,4821554.77,EUR,OP-122864,"October 09, 2016",2018-04-25,563
ALSEA,3510794.93,EUR,OP-348660,01/04/2020,2024-06-18,1627
GRUPO MÉXICO,2601166.63,EUR,OP-879123,2016-06-22,N/A,N/A
soriana,7524307.93,EUR,OP-910897,2018-12-08,2021-02-11,796
AMÉRICA MÓVIL,7019806.62,MXN,OP-250835,"September 09, 2023",2024-05-03,237
GRUPO BIMBO,4422424.61,MXN,OP-114363,2018-07-23,N/A,N/A
grupo lala,8466387.03,EUR,OP-990699,2019-03-04,N/A,N/A
cemex,3965307.74,USD,OP-705768,2025-01-31,N/A,N/A
AMÉRICA MÓVIL,6240761.23,USD,OP-928229,01-Dec-2021,N/A,N/A
WALMART DE MÉXICO,7474044.9,USD,OP-451633,07/11/2022,N/A,N/A
grupo méxico,1842908.37,MXN,OP-806970,2015-12-17,13-Jan-2023,2584
femsa,6624799.71,MXN,OP-866268,20-May-2019,N/A,N/A
TELMEX,9290751.64,MXN,OP-739002,2017-06-06,N/A,N/A
cemex,1258071.62,MXN,OP-314737,19/11/2023,N/A,N/A
grupo carso,8254797.58,USD,OP-508500,27/09/2020,N/A,N/A
BANORTE,8721050.54,MXN,OP-455070,07-Sep-2017,N/A,N/A
cemex,4188978.98,USD,OP-736375,10/10/2019,N/A,N/A
FEMSA,9848061.42,USD,OP-834592,"August 28, 2018",N/A,N/A
femsa,3615954.29,MXN,OP-613956,"November 27, 2023",N/A,N/A
LIVERPOOL,6063338.64,USD,OP-704176,"April 19, 2022",N/A,N/A
grupo méxico,4947668.89,USD,OP-567739,04-Feb-2025,N/A,N/A
grupo lala,6155029.19,MXN,OP-616646,28/06/2017,2020-08-14,1143
grupo bimbo,1031428.38,MXN,OP-510422,2021-10-12,N/A,N/A
WALMART DE MÉXICO,4723736.8,USD,OP-424624,2017-11-05,2023-06-12,2045
telmex,9278381.7,EUR,OP-959160,"November 09, 2024",2025-03-31,142
GRUPO MÉXICO,5443871.52,USD,OP-459066,2015-12-26,27-Jan-2022,2224
femsa,5982901.34,USD,OP-998231,2021-08-18,N/A,N/A
pemex,997969.03,USD,OP-466757,19-Jun-2017,2018-10-31,499
LIVERPOOL,6029270.16,MXN,OP-982711,19-Sep-2024,N/A,N/A
SORIANA,7721430.58,USD,OP-838577,25/07/2025,N/A,N/A
banorte,9739495.14,USD,OP-295053,2018-07-30,N/A,N/A
BBVA MÉXICO,4625827.55,MXN,OP-310467,2021-12-02,N/A,N/A
grupo lala,3130247.55,USD,OP-419246,30/10/2020,N/A,N/A
GRUPO BIMBO,5343782.31,MXN,OP-496804,2016-08-02,24/07/2023,2547
GRUPO MÉXICO,1224247.92,MXN,OP-378270,"January 08, 2024",N/A,N/A
GRUPO LALA,4885105.32,MXN,OP-257369,"September 23, 2020",N/A,N/A
femsa,3550521.6,EUR,OP-563964,"May 21, 2021","October 23, 2021",155
GRUPO LALA,9465973.92,MXN,OP-387189,10-Dec-2020,2024-08-18,1347
GRUPO LALA,2922760.97,MXN,OP-584740,"February 24, 2020",N/A,N/A
grupo méxico,2035141.14,MXN,OP-869916,10/10/2020,"May 01, 2023",933
GRUPO MÉXICO,6969966.13,MXN,OP-487028,2016-10-27,"May 18, 2023",2394
grupo carso,6402128.67,MXN,OP-155152,05-Mar-2017,N/A,N/A
CEMEX,2995050.72,MXN,OP-503722,"May 30, 2020",04/06/2024,1407
SORIANA,9115621.3,EUR,OP-300511,"July 12, 2016",15/10/2016,95
grupo bimbo,4202377.22,MXN,OP-476324,07/07/2023,N/A,N/A
bbva méxico,8949540.72,USD,OP-548755,18/04/2020,N/A,N/A
LIVERPOOL,8601290.45,MXN,OP-112720,14-Oct-2018,22/11/2018,39
grupo méxico,4411347.82,USD,OP-338074,2023-05-22,N/A,N/A
grupo carso,4672990.49,MXN,OP-158441,27/03/2025,N/A,N/A
américa móvil,8378390.2,EUR,OP-983042,31-May-2023,N/A,N/A
PEMEX,2826982.94,EUR,OP-962777,06/03/2021,"March 15, 2022",285
walmart de méxico,8791056.2,USD,OP-771204,06/01/2018,N/A,N/A
grupo méxico,5446537.49,USD,OP-894425,"October 22, 2016",N/A,N/A
FEMSA,1894136.21,EUR,OP-123518,05/06/2016,2017-10-16,528
WALMART DE MÉXICO,2383268.22,MXN,OP-681366,25-Mar-2023,N/A,N/A
AMÉRICA MÓVIL,2513893.46,EUR,OP-123719,19/11/2020,N/A,N/A
WALMART DE MÉXICO,751522.0,USD,OP-338722,2015-11-23,23/06/2023,2769
GRUPO BIMBO,3006004.3,USD,OP-713708,2022-01-29,N/A,N/A
CEMEX,5146980.2,EUR,OP-981284,17-Jun-2025,N/A,N/A
grupo bimbo,4482224.72,MXN,OP-584728,2017-12-31,2022-01-15,1476
BANORTE,7435888.43,EUR,OP-392604,19/03/2025,N/A,N/A
GRUPO LALA,5443731.68,USD,OP-537136,2023-05-26,2024-03-11,290
BBVA MÉXICO,812397.82,EUR,OP-686845,09-Feb-2017,N/A,N/A
grupo carso,8106781.85,MXN,OP-366095,2023-12-15,N/A,N/A
TELMEX,2545488.66,MXN,OP-348739,03-Sep-2021,N/A,N/A
TELMEX,7824764.12,MXN,OP-939219,"December 20, 2019",N/A,N/A
GRUPO MÉXICO,9961608.25,EUR,OP-743700,17-Nov-2018,2018-12-11,24
LIVERPOOL,209947.52,USD,OP-212009,19/06/2022,N/A,N/A
BANORTE,805897.61,USD,OP-392726,31/08/2019,N/A,N/A
grupo bimbo,1583520.63,USD,OP-552789,2024-03-17,N/A,N/A
GRUPO MÉXICO,7605576.4,EUR,OP-331352,"June 29, 2022",N/A,N/A
bbva méxico,4432879.05,USD,OP-243457,2018-11-15,N/A,N/A
BBVA MÉXICO,4454375.43,MXN,OP-962651,01/11/2017,2021-10-05,1728
WALMART DE MÉXICO,7438599.97,EUR,OP-645572,27-Dec-2015,15/12/2020,1815
liverpool,6268153.43,USD,OP-240632,"September 29, 2018",23/03/2020,541
BBVA MÉXICO,9438847.87,EUR,OP-209849,18/06/2021,N/A,N/A
ALSEA,8184416.46,USD,OP-591501,29/04/2016,"December 31, 2018",976
soriana,5259020.49,MXN,OP-884528,05-Oct-2024,N/A,N/A
TELMEX,8847011.39,EUR,OP-816161,"April 09, 2021",2025-02-22,1415
FEMSA,8524317.84,USD,OP-522486,09/12/2015,25/05/2019,1351
cemex,5959390.48,USD,OP-102246,29/08/2022,N/A,N/A
walmart de méxico,7950027.6,MXN,OP-656005,02/12/2018,N/A,N/A
BBVA MÉXICO,9722867.37,EUR,OP-759763,2021-08-04,N/A,N/A
pemex,9015989.31,USD,OP-731449,"January 08, 2022",N/A,N/A
liverpool,5026779.95,USD,OP-820907,2016-03-10,23-Oct-2017,592
soriana,1418239.61,EUR,OP-768157,13-Jul-2024,N/A,N/A
PEMEX,169805.83,MXN,OP-652451,"March 15, 2025",N/A,N/A
LIVERPOOL,3238931.74,USD,OP-163994,23/06/2020,N/A,N/A
banorte,2393807.16,MXN,OP-976459,"February 28, 2025",N/A,N/A
grupo lala,6432985.02,EUR,OP-565157,2019-05-19,"February 15, 2024",1733
cemex,5421593.69,USD,OP-712587,2023-09-20,2023-12-19,90
pemex,1629235.48,USD,OP-435561,15/09/2019,N/A,N/A
BBVA MÉXICO,9097998.67,MXN,OP-221450,2020-09-10,"September 04, 2021",359
FEMSA,2817609.19,EUR,OP-463423,19/04/2025,N/A,N/A
CEMEX,8536612.31,MXN,OP-932838,"December 03, 2024",N/A,N/A
ALSEA,435815.31,EUR,OP-277135,2023-11-19,N/A,N/A
BANORTE,8081581.63,EUR,OP-844189,2024-07-08,N/A,N/A
grupo carso,9542010.31,MXN,OP-184221,28/08/2022,N/A,N/A
walmart de méxico,2641975.59,MXN,OP-419557,24/12/2018,N/A,N/A
grupo méxico,6583266.4,EUR,OP-475124,19/11/2018,"June 28, 2024",2048
FEMSA,5962192.83,EUR,OP-943992,"August 06, 2024",N/A,N/A
LIVERPOOL,8463046.61,MXN,OP-593668,2020-03-16,05-Oct-2024,1664
GRUPO BIMBO,8197412.91,MXN,OP-274235,"March 03, 2016",2019-11-22,1359
américa móvil,3297644.66,MXN,OP-653894,2016-09-29,N/A,N/A
banorte,586763.54,EUR,OP-902236,08-Jun-2016,29/01/2019,965
pemex,3572396.71,USD,OP-548116,"September 11, 2020",N/A,N/A
pemex,797189.93,MXN,OP-261210,2017-04-07,"October 27, 2022",2029
GRUPO LALA,1543307.18,MXN,OP-942041,"October 22, 2023",N/A,N/A
cemex,6092191.48,MXN,OP-910259,"January 26, 2019",05/11/2023,1566
grupo bimbo,7613293.84,USD,OP-165075,07-Apr-2023,N/A,N/A
telmex,5221770.26,USD,OP-793692,2020-01-17,N/A,N/A
grupo bimbo,5967719.58,USD,OP-327864,08-Jun-2024,N/A,N/A
cemex,4995590.57,MXN,OP-183370,28-Apr-2020,N/A,N/A
alsea,6199674.79,USD,OP-676858,13-Sep-2017,N/A,N/A
TELMEX,8896057.51,EUR,OP-258744,30/04/2016,01-Feb-2018,642
grupo méxico,2372103.63,USD,OP-704865,03/04/2017,29-Apr-2022,1882
grupo méxico,820852.63,MXN,OP-155709,05/02/2017,2025-01-22,2822
GRUPO MÉXICO,9949532.42,MXN,OP-993079,"October 20, 2022",N/A,N/A
SORIANA,2004419.08,MXN,OP-393005,"October 28, 2018",N/A,N/A
grupo bimbo,8423952.47,MXN,OP-639646,08/02/2018,"May 10, 2022",1377
grupo bimbo,6113240.71,MXN,OP-667757,"November 25, 2017",05/05/2021,1257
TELMEX,6799339.47,MXN,OP-373363,2020-10-06,N/A,N/A
liverpool,802169.77,EUR,OP-757393,19/01/2025,N/A,N/A
SORIANA,6434878.89,USD,OP-810442,2024-08-15,N/A,N/A
BANORTE,8105263.39,MXN,OP-681838,15/03/2016,2017-10-26,590
alsea,8373966.14,MXN,OP-226059,2024-05-08,07/04/2025,422
soriana,9543818.3,EUR,OP-740262,11-Mar-2021,03/11/2021,0
soriana,4813803.03,EUR,OP-140337,2024-08-19,N/A,N/A
AMÉRICA MÓVIL,2951326.62,USD,OP-790667,"June 30, 2025",N/A,N/A
GRUPO BIMBO,7865114.93,EUR,OP-399664,"August 03, 2020",30-Apr-2025,1731
banorte,1185735.81,EUR,OP-379095,"October 23, 2015",01-Jul-2022,2443
CEMEX,2714814.38,EUR,OP-490847,"November 30, 2018",2022-01-16,1143
américa móvil,5708947.72,EUR,OP-562597,"August 09, 2022",19/04/2025,984
grupo bimbo,1463982.43,USD,OP-910161,2018-11-02,"April 23, 2022",1268
cemex,9849305.01,MXN,OP-428925,10/12/2016,N/A,N/A
PEMEX,9958726.63,USD,OP-732950,30-Dec-2023,27-Jun-2024,180
GRUPO LALA,6779872.89,USD,OP-506587,"May 17, 2023",N/A,N/A
américa móvil,2869406.84,MXN,OP-407874,2018-12-13,"April 28, 2023",1597
cemex,6553146.46,EUR,OP-449950,"September 14, 2016","November 16, 2016",63
bbva méxico,6743723.32,MXN,OP-164429,11-Sep-2015,2022-05-26,2449
grupo méxico,8633377.88,MXN,OP-880785,2019-03-02,N/A,N/A
alsea,1717267.44,USD,OP-654559,11/04/2022,N/A,N/A
grupo méxico,278188.8,EUR,OP-904003,"August 13, 2022",02-Sep-2022,20
BANORTE,1148150.02,MXN,OP-230779,"February 18, 2016",2023-10-30,2811
walmart de méxico,2432974.38,EUR,OP-992714,05/11/2020,N/A,N/A
telmex,8173766.46,EUR,OP-264601,2018-05-13,N/A,N/A
bbva méxico,9390762.29,MXN,OP-513419,"June 22, 2023",N/A,N/A
telmex,7676098.81,EUR,OP-438546,2020-12-25,26-Feb-2025,1524
LIVERPOOL,6015181.88,EUR,OP-612148,2021-01-25,N/A,N/A
FEMSA,9608067.99,MXN,OP-667041,01/03/2022,N/A,N/A
FEMSA,5072796.26,MXN,OP-562786,"February 10, 2021","October 06, 2022",603
TELMEX,6006077.89,MXN,OP-848752,22/05/2025,N/A,N/A
GRUPO CARSO,6719269.29,MXN,OP-545723,11/04/2016,N/A,N/A
GRUPO BIMBO,1849930.94,USD,OP-140893,17-Mar-2021,12-Dec-2022,635
PEMEX,3240144.93,USD,OP-897883,18/11/2024,N/A,N/A
GRUPO MÉXICO,2096526.45,USD,OP-834299,15-Apr-2017,2022-02-13,1765
grupo bimbo,7028459.1,EUR,OP-754653,09/08/2022,"October 03, 2023",390
grupo méxico,2046219.31,USD,OP-359395,07-May-2025,N/A,N/A
femsa,5865779.84,EUR,OP-882187,"December 12, 2021","March 09, 2024",818
BANORTE,2515120.91,MXN,OP-513771,25/11/2021,N/A,N/A
grupo carso,8286372.96,EUR,OP-553020,"July 24, 2020",N/A,N/A
ALSEA,4988597.86,MXN,OP-813408,23/06/2023,N/A,N/A
GRUPO BIMBO,4847259.44,MXN,OP-631313,2016-04-24,12/07/2019,1322
AMÉRICA MÓVIL,1275366.81,USD,OP-662737,"July 28, 2022",05-Feb-2025,923
grupo bimbo,2454581.95,EUR,OP-755273,02/10/2021,N/A,N/A
grupo carso,4888205.96,MXN,OP-934472,"February 28, 2022",N/A,N/A
BBVA MÉXICO,6498609.85,MXN,OP-489755,21/08/2024,N/A,N/A
AMÉRICA MÓVIL,425945.45,USD,OP-489881,2023-10-30,N/A,N/A
GRUPO BIMBO,5565900.65,MXN,OP-340123,09/05/2019,N/A,N/A
alsea,8374754.13,EUR,OP-716657,"March 10, 2021",N/A,N/A
pemex,987890.68,USD,OP-710740,01-Nov-2016,2025-06-10,3143
BBVA MÉXICO,185122.97,MXN,OP-145221,"July 19, 2025",N/A,N/A
grupo méxico,8764307.81,USD,OP-827109,28-Jan-2017,15/06/2023,2329
BBVA MÉXICO,2036876.2,MXN,OP-299624,13-Aug-2021,N/A,N/A
grupo méxico,6482893.48,USD,OP-476090,"February 06, 2016",28/10/2021,2091
cemex,4126930.57,USD,OP-585548,2016-11-22,10/07/2025,3241
liverpool,4727332.77,MXN,OP-683038,2021-04-25,N/A,N/A
femsa,6715585.5,EUR,OP-848657,"December 17, 2024",N/A,N/A
soriana,5121462.68,EUR,OP-912946,15-Jul-2021,2022-12-08,511
grupo carso,8699895.86,USD,OP-565840,2025-05-16,N/A,N/A
soriana,9882815.7,MXN,OP-879238,02-Feb-2018,N/A,N/A
AMÉRICA MÓVIL,5885156.44,EUR,OP-202736,30-Mar-2020,N/A,N/A
LIVERPOOL,6465790.96,MXN,OP-598057,19/05/2017,N/A,N/A
BBVA MÉXICO,4603207.85,USD,OP-671191,03-Dec-2023,N/A,N/A
pemex,4704127.83,EUR,OP-264172,14/02/2024,N/A,N/A
femsa,5595774.01,EUR,OP-420696,05-Nov-2017,2024-07-26,2455
liverpool,4781062.12,EUR,OP-159387,"January 15, 2021",N/A,N/A
grupo méxico,6194427.41,EUR,OP-925908,"January 15, 2021",N/A,N/A
telmex,5448797.41,MXN,OP-535555,22-Jul-2020,N/A,N/A
pemex,7807966.99,EUR,OP-427893,"April 27, 2023",N/A,N/A
TELMEX,4986082.17,EUR,OP-837683,2017-09-15,2020-07-14,1033
américa móvil,638433.76,USD,OP-259080,2018-06-07,20/04/2019,317
walmart de méxico,9508317.2,USD,OP-678382,"November 05, 2018",N/A,N/A
walmart de méxico,7438202.95,MXN,OP-353688,2017-06-10,N/A,N/A
banorte,5495624.41,EUR,OP-414200,"June 17, 2022",N/A,N/A
telmex,3969564.87,EUR,OP-344249,01-Apr-2024,N/A,N/A
cemex,5838674.6,USD,OP-702296,"August 04, 2022",N/A,N/A
grupo carso,2400635.67,MXN,OP-662257,"June 08, 2021",N/A,N/A
SORIANA,5021741.67,EUR,OP-901354,2024-08-07,N/A,N/A
walmart de méxico,3228060.29,MXN,OP-335339,"August 09, 2025",N/A,N/A
BANORTE,2284987.06,USD,OP-775202,2023-08-12,N/A,N/A
grupo méxico,3800070.66,USD,OP-936209,16-Oct-2023,N/A,N/A
pemex,6003557.78,USD,OP-181510,2023-02-27,25-May-2024,453
telmex,9552961.84,EUR,OP-388914,10/11/2017,01/04/2025,2642
pemex,3886548.85,EUR,OP-313594,10/08/2025,N/A,N/A
grupo bimbo,7361522.94,USD,OP-477414,"June 20, 2020",N/A,N/A
walmart de méxico,3584815.15,EUR,OP-213679,2024-04-09,07-May-2025,393
GRUPO LALA,5572538.92,MXN,OP-190133,04/07/2021,N/A,N/A
CEMEX,3712008.6,MXN,OP-795228,2017-01-31,2025-05-13,3024
bbva méxico,8938714.44,EUR,OP-200057,17/01/2022,"June 09, 2024",874
BBVA MÉXICO,502519.39,USD,OP-490397,01-Jan-2024,N/A,N/A
pemex,8867152.79,USD,OP-447067,"August 30, 2018",20-Sep-2023,1847
BBVA MÉXICO,5292485.88,MXN,OP-967785,22-Jun-2025,N/A,N/A
GRUPO MÉXICO,6752923.34,USD,OP-551172,26-Sep-2020,N/A,N/A
walmart de méxico,1897987.69,MXN,OP-501543,31-Jul-2023,10/04/2025,796
liverpool,2311093.61,USD,OP-740220,"October 04, 2024",N/A,N/A
GRUPO MÉXICO,3672294.41,MXN,OP-407380,19/04/2020,30/09/2020,164
banorte,963949.54,EUR,OP-549390,09-Oct-2018,N/A,N/A
GRUPO MÉXICO,9000100.88,EUR,OP-727187,18-Aug-2016,11/05/2017,444
FEMSA,3961139.75,MXN,OP-142957,"September 12, 2019",22-Feb-2022,894
SORIANA,6917119.82,EUR,OP-677968,2015-10-05,"November 07, 2023",2955
alsea,9778685.04,EUR,OP-813909,05-Nov-2021,12/07/2025,1493
LIVERPOOL,4046222.29,MXN,OP-603638,2023-04-07,N/A,N/A
liverpool,8289049.67,USD,OP-656510,2015-11-28,2019-05-23,1272
banorte,1873207.89,EUR,OP-204202,06/09/2020,N/A,N/A
CEMEX,3566323.27,USD,OP-965513,05-Apr-2024,N/A,N/A
ALSEA,604864.09,MXN,OP-843850,"July 31, 2023",10-Nov-2023,102
TELMEX,477559.2,MXN,OP-572904,"July 18, 2021",13-May-2023,664
CEMEX,268006.14,USD,OP-887006,06/02/2020,N/A,N/A
walmart de méxico,8177590.01,MXN,OP-940411,10/03/2023,N/A,N/A
TELMEX,3717306.78,MXN,OP-649769,04/10/2022,30-Dec-2022,264
grupo carso,4296875.8,MXN,OP-296479,03-Aug-2019,N/A,N/A
telmex,8228350.44,USD,OP-729099,2016-07-24,N/A,N/A
liverpool,4525547.87,MXN,OP-996208,2024-09-21,N/A,N/A
CEMEX,9190117.09,EUR,OP-508699,2023-03-13,N/A,N/A
alsea,4394720.65,USD,OP-903254,17/08/2019,N/A,N/A
femsa,5849789.1,EUR,OP-832278,2023-07-26,N/A,N/A
SORIANA,7527615.2,MXN,OP-422865,"April 11, 2020",N/A,N/A
GRUPO MÉXICO,9129519.59,MXN,OP-419695,"March 25, 2022",2025-02-25,1068
GRUPO BIMBO,5487870.01,MXN,OP-871005,06/11/2019,27-Jul-2024,1873
telmex,217530.16,MXN,OP-453884,2016-06-04,"May 22, 2018",717
grupo bimbo,9238631.11,MXN,OP-182458,15-May-2018,N/A,N/A
AMÉRICA MÓVIL,8142931.93,EUR,OP-490037,21-Oct-2018,N/A,N/A
GRUPO LALA,857153.01,USD,OP-912398,2015-10-17,11/12/2020,1853
grupo bimbo,177611.66,EUR,OP-115915,05/05/2017,06-May-2024,2558
CEMEX,1513494.7,MXN,OP-317543,10-Jun-2018,N/A,N/A
grupo méxico,895608.64,USD,OP-738666,06-Aug-2018,N/A,N/A
GRUPO BIMBO,2930985.2,MXN,OP-161391,"January 15, 2020",N/A,N/A
grupo méxico,2139718.15,MXN,OP-479095,2015-10-02,2023-01-25,2672
banorte,1806434.29,USD,OP-435185,14-Jun-2016,2023-07-26,2598
ALSEA,6928434.44,EUR,OP-981685,03-Oct-2024,N/A,N/A
AMÉRICA MÓVIL,2722640.43,EUR,OP-893808,"February 24, 2025",N/A,N/A
liverpool,710858.42,EUR,OP-447253,12/11/2020,N/A,N/A
cemex,2507079.97,MXN,OP-656022,15/10/2019,N/A,N/A
CEMEX,3296619.65,EUR,OP-140928,14-Oct-2019,26/11/2023,1504
grupo carso,9242717.03,EUR,OP-526913,2025-08-08,N/A,N/A
grupo lala,8815011.91,EUR,OP-650276,2020-09-14,N/A,N/A
cemex,7046649.53,EUR,OP-254378,"July 22, 2017",N/A,N/A
pemex,259837.68,USD,OP-585167,07-Aug-2018,2020-01-24,535
BANORTE,740537.93,MXN,OP-590799,2017-02-23,28/05/2025,3016
SORIANA,8683642.13,USD,OP-711424,23-Dec-2015,N/A,N/A
pemex,507889.08,MXN,OP-897167,2022-01-21,N/A,N/A
GRUPO CARSO,8620231.01,EUR,OP-455371,18/07/2018,20/07/2020,733
telmex,4936591.09,USD,OP-517972,22/12/2022,N/A,N/A
américa móvil,1982906.82,USD,OP-576629,07/03/2018,2023-01-04,1646
banorte,2416570.19,EUR,OP-539111,"May 06, 2025",N/A,N/A
femsa,2200532.95,USD,OP-314640,19-Dec-2023,N/A,N/A
pemex,6893330.5,MXN,OP-202631,31/07/2023,N/A,N/A
LIVERPOOL,6017435.95,MXN,OP-569546,19-Jul-2022,N/A,N/A
GRUPO LALA,6333555.99,MXN,OP-371588,"October 23, 2017",N/A,N/A
américa móvil,669168.5,MXN,OP-150320,"August 20, 2017",N/A,N/A
BBVA MÉXICO,8734494.28,MXN,OP-697288,"August 14, 2024",N/A,N/A
alsea,8056268.59,MXN,OP-896778,"October 04, 2023",N/A,N/A
FEMSA,1312377.67,USD,OP-149558,01/07/2017,"December 16, 2023",2534
grupo bimbo,9316645.5,USD,OP-447824,31-Aug-2022,N/A,N/A
PEMEX,2288878.62,USD,OP-433404,05/05/2019,"August 17, 2021",835
BANORTE,9930196.92,MXN,OP-528986,"November 02, 2017",02/08/2024,2289
GRUPO BIMBO,4168661.89,MXN,OP-994974,2021-12-23,08-Aug-2023,593
CEMEX,589295.96,EUR,OP-583061,26-May-2024,N/A,N/A
SORIANA,2618233.23,MXN,OP-714575,14/05/2022,N/A,N/A
alsea,1992369.61,USD,OP-120735,2020-07-04,N/A,N/A
liverpool,5784287.97,USD,OP-374130,19/03/2021,N/A,N/A
telmex,2004474.47,EUR,OP-147134,08-Jun-2021,N/A,N/A
walmart de méxico,2533367.95,USD,OP-593538,"September 28, 2015",N/A,N/A
GRUPO MÉXICO,7742393.38,USD,OP-347989,27-Mar-2021,N/A,N/A
grupo méxico,9889059.04,EUR,OP-820608,19/10/2022,N/A,N/A
GRUPO LALA,2335918.11,USD,OP-359027,"November 14, 2019",N/A,N/A
liverpool,5670986.64,USD,OP-819879,22-Feb-2020,N/A,N/A
BANORTE,2014323.33,USD,OP-279768,05/04/2024,N/A,N/A
grupo méxico,1513412.8,EUR,OP-688089,2022-08-18,N/A,N/A
GRUPO BIMBO,1100741.82,MXN,OP-942003,2022-02-04,N/A,N/A
banorte,7124935.55,USD,OP-791740,2015-09-16,2018-01-04,841
AMÉRICA MÓVIL,3223765.72,USD,OP-136237,"April 15, 2025",N/A,N/A
GRUPO BIMBO,2649396.04,EUR,OP-251249,2020-03-11,"January 07, 2022",667
ALSEA,7365336.28,EUR,OP-266463,12-Sep-2022,28/07/2023,319
grupo bimbo,9331625.0,USD,OP-827713,12-Jul-2019,N/A,N/A
GRUPO BIMBO,3762229.24,EUR,OP-705238,18-Oct-2024,N/A,N/A
LIVERPOOL,7826362.44,USD,OP-616605,"August 17, 2016",29-Dec-2021,1960
GRUPO BIMBO,5120028.46,MXN,OP-395672,2025-07-01,N/A,N/A
banorte,1024512.03,MXN,OP-624057,14/08/2024,17/08/2024,3
ALSEA,8934121.2,USD,OP-682055,"April 12, 2017",2022-08-29,1965
SORIANA,6411031.14,EUR,OP-133263,2021-07-29,N/A,N/A
GRUPO BIMBO,7834302.51,USD,OP-927367,2021-01-10,N/A,N/A
grupo méxico,6909361.16,EUR,OP-222017,01-Oct-2018,15/09/2019,349
SORIANA,8924036.06,MXN,OP-561656,15-Apr-2023,N/A,N/A
BANORTE,8443225.57,USD,OP-634265,2023-04-24,N/A,N/A
GRUPO LALA,7553906.36,USD,OP-137678,16-Sep-2017,2018-01-11,117
grupo lala,2152611.52,EUR,OP-242523,25-Jan-2017,"December 21, 2019",1060
TELMEX,7986307.07,EUR,OP-253265,2017-05-11,22-Dec-2024,2782
liverpool,3795486.67,MXN,OP-168466,"October 04, 2024",N/A,N/A
grupo méxico,8247851.91,MXN,OP-494437,31/07/2016,N/A,N/A
WALMART DE MÉXICO,1802312.2,EUR,OP-760693,2022-04-17,N/A,N/A
GRUPO BIMBO,276570.66,USD,OP-742540,11/05/2025,N/A,N/A
CEMEX,2174310.95,USD,OP-731959,15-Jul-2025,N/A,N/A
GRUPO MÉXICO,6909166.92,MXN,OP-957245,01/08/2024,N/A,N/A
GRUPO BIMBO,3207271.15,USD,OP-481162,"August 14, 2018",27-Jul-2021,1078
GRUPO BIMBO,504104.0,USD,OP-484049,"September 10, 2018",N/A,N/A
TELMEX,8459283.87,MXN,OP-873977,"May 10, 2021",N/A,N/A
GRUPO LALA,5218515.84,USD,OP-905618,"March 21, 2024",26-Oct-2024,219
pemex,7501830.23,EUR,OP-182632,25/10/2022,N/A,N/A
liverpool,9424455.4,EUR,OP-283256,2025-06-05,N/A,N/A
GRUPO LALA,2210343.57,EUR,OP-477677,"February 23, 2024",N/A,N/A
LIVERPOOL,1086023.32,USD,OP-273282,13-Jan-2017,N/A,N/A
soriana,870530.58,EUR,OP-806677,"August 18, 2018",N/A,N/A
femsa,2670104.03,USD,OP-772465,30/10/2022,N/A,N/A
GRUPO BIMBO,8398071.8,EUR,OP-431582,22/03/2025,N/A,N/A
BANORTE,7811354.09,EUR,OP-247517,29-Sep-2015,N/A,N/A
SORIANA,5000879.97,USD,OP-328918,14-Nov-2019,06/03/2020,202
grupo lala,7134148.51,EUR,OP-819039,"February 13, 2018",2021-08-05,1269
pemex,4153896.11,EUR,OP-979762,27-Aug-2020,24/09/2023,1123
PEMEX,9623490.04,EUR,OP-567362,04/04/2025,N/A,N/A
CEMEX,3145353.07,MXN,OP-290207,2016-12-03,26-Nov-2017,358
bbva méxico,6358974.15,MXN,OP-301622,16/08/2024,N/A,N/A
BBVA MÉXICO,9307115.06,EUR,OP-503568,14/12/2015,N/A,N/A
walmart de méxico,7218185.41,USD,OP-112915,"July 21, 2021",N/A,N/A
GRUPO LALA,2263088.35,USD,OP-959483,2023-10-02,N/A,N/A
BBVA MÉXICO,1222442.3,EUR,OP-134296,12-Sep-2017,N/A,N/A
BBVA MÉXICO,8258326.52,EUR,OP-371649,"April 16, 2017",N/A,N/A
FEMSA,2362855.77,USD,OP-485725,2017-02-22,"September 05, 2023",2386
AMÉRICA MÓVIL,450482.73,MXN,OP-714820,"June 07, 2017",N/A,N/A
femsa,9468544.99,USD,OP-870002,21-Sep-2022,N/A,N/A
SORIANA,7190234.56,USD,OP-411959,05-Jan-2021,2021-10-26,294
TELMEX,4054902.24,EUR,OP-502345,"October 24, 2017",N/A,N/A
liverpool,3491297.93,EUR,OP-478113,"October 26, 2015",2017-05-17,569
GRUPO CARSO,2674640.78,USD,OP-988745,17-May-2024,N/A,N/A
pemex,1522872.3,EUR,OP-147565,2022-05-02,N/A,N/A
PEMEX,6433773.98,EUR,OP-161283,13-Oct-2016,2020-06-18,1344
américa móvil,9754157.63,EUR,OP-434924,2024-06-24,N/A,N/A
grupo carso,5029272.78,USD,OP-681896,2018-05-09,N/A,N/A
américa móvil,8085304.15,MXN,OP-361609,"January 18, 2016","October 13, 2024",3191
femsa,8208471.54,MXN,OP-630654,08-Sep-2018,N/A,N/A
SORIANA,8002763.02,EUR,OP-423306,2017-07-25,18/02/2021,1304
telmex,4483527.53,USD,OP-624181,08/08/2025,N/A,N/A
ALSEA,4814269.78,MXN,OP-580001,"April 09, 2022",N/A,N/A
banorte,9553185.92,MXN,OP-962604,"April 18, 2020",N/A,N/A
PEMEX,1068734.09,USD,OP-529328,"May 10, 2025",N/A,N/A
TELMEX,1501490.06,MXN,OP-383268,2024-07-03,N/A,N/A
banorte,5432926.5,EUR,OP-787681,"April 15, 2017",30/07/2025,3028
soriana,7507389.31,EUR,OP-964040,23/09/2016,15/08/2020,1422
grupo méxico,4988317.29,EUR,OP-182682,2017-10-29,N/A,N/A
grupo lala,8942305.28,EUR,OP-638099,2024-09-19,N/A,N/A
ALSEA,4596715.22,MXN,OP-906237,"May 04, 2021",N/A,N/A
AMÉRICA MÓVIL,1522980.28,EUR,OP-133456,06-Oct-2020,N/A,N/A
GRUPO CARSO,8135262.14,MXN,OP-770068,2018-03-16,2020-07-01,838
AMÉRICA MÓVIL,769565.53,EUR,OP-212254,2019-04-16,31-Jul-2023,1567
soriana,173447.57,EUR,OP-428735,23-Oct-2023,"January 25, 2024",94
WALMART DE MÉXICO,8030790.86,EUR,OP-702103,"March 13, 2022",N/A,N/A
PEMEX,1661288.87,USD,OP-216294,04-Mar-2022,N/A,N/A
SORIANA,9544473.16,MXN,OP-984935,2017-10-28,N/A,N/A
SORIANA,7101025.56,EUR,OP-241485,09/06/2021,12/11/2021,96
telmex,1685938.69,MXN,OP-370883,31-Jul-2019,N/A,N/A
grupo carso,2798078.88,USD,OP-556181,"January 26, 2021",N/A,N/A
BBVA MÉXICO,1474958.21,EUR,OP-426438,2017-11-25,N/A,N/A
GRUPO MÉXICO,6266544.1,EUR,OP-209765,03/12/2020,2025-02-20,1806
grupo bimbo,2076827.48,EUR,OP-987061,2024-10-28,N/A,N/A
grupo bimbo,5923854.94,EUR,OP-311779,03-May-2025,N/A,N/A
AMÉRICA MÓVIL,9498276.34,USD,OP-422991,"September 29, 2015",10-Dec-2018,1168
BANORTE,2089562.51,USD,OP-532004,25-Feb-2024,N/A,N/A
telmex,2571588.45,MXN,OP-994083,2020-02-21,10/01/2021,588
cemex,3811705.71,MXN,OP-389542,2021-03-23,N/A,N/A
grupo méxico,5695497.05,MXN,OP-315110,"March 03, 2025",N/A,N/A
SORIANA,8005483.44,USD,OP-231852,"February 14, 2024",N/A,N/A
cemex,3220045.23,USD,OP-422307,30/11/2015,2018-03-20,841
bbva méxico,4752403.29,MXN,OP-923886,"October 06, 2023",04/07/2025,549
BBVA MÉXICO,7541874.4,USD,OP-950003,"March 03, 2020",N/A,N/A
LIVERPOOL,8007569.92,MXN,OP-680472,"August 26, 2022",N/A,N/A
FEMSA,1445530.25,MXN,OP-160252,01/05/2016,N/A,N/A
soriana,7126114.43,USD,OP-531344,21/01/2023,N/A,N/A
telmex,1131871.93,USD,OP-361045,13/08/2022,N/A,N/A
walmart de méxico,6078315.93,USD,OP-160649,19/03/2021,N/A,N/A
FEMSA,9611777.86,EUR,OP-235557,16-Jun-2017,"February 23, 2018",252
alsea,1546050.51,USD,OP-237013,"June 05, 2024",N/A,N/A
banorte,9628139.97,MXN,OP-300275,05-Nov-2024,N/A,N/A
GRUPO CARSO,7611556.57,USD,OP-659281,2019-08-11,N/A,N/A
PEMEX,6825224.89,USD,OP-708446,19-Jul-2017,N/A,N/A
AMÉRICA MÓVIL,9808499.06,USD,OP-613487,08/10/2024,N/A,N/A
GRUPO BIMBO,5619825.23,EUR,OP-948084,2015-09-16,14-Apr-2024,3133
ALSEA,4169424.49,USD,OP-609356,"July 10, 2016",N/A,N/A
femsa,853357.41,USD,OP-322949,2017-03-15,05-Feb-2019,692
WALMART DE MÉXICO,984857.35,USD,OP-232355,"September 11, 2021",04/04/2023,570
BBVA MÉXICO,8603114.65,USD,OP-611773,23-Jan-2018,19-May-2023,1942
SORIANA,4653045.66,USD,OP-239467,04-Apr-2020,N/A,N/A
GRUPO CARSO,5302255.08,EUR,OP-533657,23/07/2022,N/A,N/A
bbva méxico,6492687.0,USD,OP-931957,12/09/2017,"July 21, 2019",589
pemex,2757118.15,MXN,OP-280623,05/06/2021,N/A,N/A
liverpool,3467332.23,USD,OP-113168,"April 17, 2022","July 02, 2022",76
cemex,6591993.99,EUR,OP-530303,25/03/2021,N/A,N/A
LIVERPOOL,3661328.59,EUR,OP-464498,"September 29, 2018",N/A,N/A
WALMART DE MÉXICO,4929062.44,USD,OP-718613,29/09/2015,N/A,N/A
GRUPO LALA,1994797.53,USD,OP-909059,2017-05-03,07-Feb-2019,645
GRUPO CARSO,3692557.09,MXN,OP-323822,05/05/2021,N/A,N/A
pemex,3215546.42,EUR,OP-146986,2020-06-03,N/A,N/A
AMÉRICA MÓVIL,2263041.39,EUR,OP-329438,08/02/2024,N/A,N/A
pemex,2405166.81,EUR,OP-951235,15/04/2024,N/A,N/A
ALSEA,1027340.44,EUR,OP-487308,2020-01-08,N/A,N/A
ALSEA,2885548.24,MXN,OP-331371,"February 25, 2023",N/A,N/A
SORIANA,3225737.91,EUR,OP-684308,29/12/2019,08/01/2023,1311
WALMART DE MÉXICO,3478641.76,USD,OP-765062,2025-01-21,N/A,N/A
TELMEX,5648647.32,MXN,OP-817600,06/05/2019,N/A,N/A
GRUPO MÉXICO,220170.76,EUR,OP-112261,2024-02-13,N/A,N/A
WALMART DE MÉXICO,8404529.82,MXN,OP-840142,10-Jan-2022,N/A,N/A
SORIANA,117800.05,MXN,OP-168647,13-Sep-2022,N/A,N/A
PEMEX,1209988.23,MXN,OP-359977,2023-08-07,N/A,N/A
PEMEX,2948151.45,USD,OP-992791,07-Jan-2023,N/A,N/A
CEMEX,8282126.38,MXN,OP-467857,22-Dec-2021,N/A,N/A
walmart de méxico,9913717.49,EUR,OP-221607,"August 15, 2019",N/A,N/A
BBVA MÉXICO,193707.62,EUR,OP-893955,"October 03, 2022","October 22, 2022",19
SORIANA,5046331.69,MXN,OP-362668,2023-09-10,N/A,N/A
liverpool,8720517.11,MXN,OP-111624,18-Jun-2018,2024-01-21,2043
grupo méxico,9078746.64,MXN,OP-225772,23-May-2024,N/A,N/A
ALSEA,7614655.92,EUR,OP-950630,16/07/2019,07-Oct-2023,1544
SORIANA,5744845.9,MXN,OP-310174,2018-10-01,25-Jul-2021,1028
AMÉRICA MÓVIL,5815344.28,MXN,OP-858645,"October 25, 2019",01-May-2022,919
SORIANA,2330077.88,MXN,OP-205606,2021-02-09,07/10/2021,151
cemex,9861433.76,EUR,OP-206800,2016-11-24,N/A,N/A
banorte,1711526.08,MXN,OP-129623,21/12/2020,05/01/2023,861
walmart de méxico,1488808.21,USD,OP-129450,2024-06-27,N/A,N/A
liverpool,9187240.3,MXN,OP-348977,2023-02-17,N/A,N/A
liverpool,6110388.08,MXN,OP-754425,07-Feb-2025,N/A,N/A
PEMEX,1319465.47,USD,OP-877831,26-Jun-2024,N/A,N/A
soriana,9567200.48,USD,OP-662520,2016-10-08,N/A,N/A
LIVERPOOL,3665378.11,USD,OP-945985,04/03/2024,2025-07-17,470
femsa,6740888.51,MXN,OP-676663,"October 10, 2020",N/A,N/A
ALSEA,257611.25,EUR,OP-214703,19/07/2022,N/A,N/A
liverpool,9612708.62,MXN,OP-587237,"March 12, 2025",N/A,N/A
grupo bimbo,103775.64,MXN,OP-274060,30-Dec-2023,N/A,N/A
FEMSA,7245356.99,USD,OP-766564,"October 05, 2015","October 12, 2020",1834
GRUPO MÉXICO,243747.54,USD,OP-510759,"July 14, 2019",06-Jun-2024,1789
américa móvil,9492868.56,MXN,OP-452923,2023-10-03,15-Apr-2025,560
bbva méxico,4564859.73,USD,OP-724989,"March 14, 2023",N/A,N/A
grupo méxico,9531150.74,EUR,OP-804167,28-Feb-2021,N/A,N/A
liverpool,9622433.58,EUR,OP-488529,02/02/2025,N/A,N/A
telmex,2871902.96,MXN,OP-184845,29/06/2025,N/A,N/A
telmex,2004316.86,USD,OP-186244,2025-08-18,N/A,N/A
grupo bimbo,8931925.39,MXN,OP-248377,17/10/2018,N/A,N/A
bbva méxico,9466306.71,MXN,OP-479341,2016-11-26,N/A,N/A
BANORTE,1921706.01,USD,OP-348652,"September 26, 2016","April 27, 2024",2770
BANORTE,1806902.18,EUR,OP-502912,"July 16, 2022",02-Sep-2022,48
bbva méxico,6971565.69,USD,OP-388122,17-Nov-2019,N/A,N/A
banorte,8090167.08,MXN,OP-912430,2019-04-14,N/A,N/A
femsa,4275584.47,USD,OP-160376,"December 08, 2019",N/A,N/A
GRUPO CARSO,4016709.62,MXN,OP-891632,26-Oct-2020,N/A,N/A
alsea,818484.59,USD,OP-808718,"May 12, 2025",N/A,N/A
TELMEX,5675665.54,EUR,OP-318826,17-Oct-2024,N/A,N/A
telmex,726802.84,MXN,OP-330439,"January 18, 2023",N/A,N/A
telmex,3306464.15,USD,OP-331258,15-Mar-2025,N/A,N/A
BANORTE,7091114.27,MXN,OP-468994,08-Jul-2020,17/05/2025,1774
ALSEA,2414942.52,USD,OP-479294,2017-07-26,30/07/2020,1100
grupo bimbo,8865903.51,MXN,OP-844465,"April 26, 2016",17/05/2024,2943
grupo bimbo,6643293.07,USD,OP-496838,2015-09-27,"November 18, 2016",418
SORIANA,2401146.89,MXN,OP-377328,"July 28, 2018",N/A,N/A
BBVA MÉXICO,9679281.83,EUR,OP-128964,"August 29, 2023",N/A,N/A
femsa,6884072.31,USD,OP-600216,"August 20, 2023",N/A,N/A
américa móvil,931167.03,EUR,OP-946961,03/01/2021,03-Dec-2024,1373
PEMEX,6415480.7,USD,OP-765367,"May 13, 2021","February 04, 2025",1363
BBVA MÉXICO,4835946.05,EUR,OP-631933,"June 07, 2024",N/A,N/A
SORIANA,9038317.34,EUR,OP-582159,21-Jul-2022,N/A,N/A
soriana,3010138.54,EUR,OP-254824,06/06/2023,N/A,N/A
alsea,1384071.39,USD,OP-748626,13-Dec-2022,"December 22, 2022",9
CEMEX,1512463.76,EUR,OP-589152,2024-09-25,"January 03, 2025",100
bbva méxico,393023.85,EUR,OP-925048,"July 21, 2017",N/A,N/A
grupo bimbo,7773068.92,USD,OP-430315,2020-05-18,N/A,N/A
BBVA MÉXICO,9608172.12,MXN,OP-945638,24/12/2020,N/A,N/A
grupo carso,9801745.42,USD,OP-314581,2016-02-29,"May 20, 2019",1176
BANORTE,7521344.42,USD,OP-532264,2016-04-01,N/A,N/A
banorte,2653913.45,USD,OP-442382,02/12/2023,N/A,N/A
GRUPO CARSO,1591308.31,USD,OP-780677,2019-09-24,2020-03-21,179
grupo carso,5217306.67,EUR,OP-183315,2022-08-25,N/A,N/A
liverpool,5895942.65,USD,OP-563075,"August 26, 2022",N/A,N/A
GRUPO CARSO,7974618.99,USD,OP-769706,16/01/2017,N/A,N/A
telmex,8292335.27,EUR,OP-414731,09-Feb-2019,N/A,N/A
TELMEX,6156218.84,EUR,OP-150921,11-Oct-2020,N/A,N/A
GRUPO CARSO,9524587.93,USD,OP-217470,2021-12-21,N/A,N/A
WALMART DE MÉXICO,4108645.1,USD,OP-596720,2025-01-01,N/A,N/A
PEMEX,3635294.27,USD,OP-127449,21-Nov-2023,N/A,N/A
américa móvil,496917.26,EUR,OP-618108,"May 31, 2019",N/A,N/A
grupo méxico,6054622.73,EUR,OP-972170,22-Aug-2016,N/A,N/A
GRUPO LALA,3018263.37,EUR,OP-607588,03/09/2015,15-Aug-2017,890
GRUPO CARSO,2223472.41,EUR,OP-873497,07/10/2021,N/A,N/A
grupo lala,3049884.52,EUR,OP-936090,2023-05-20,25-Oct-2024,524
LIVERPOOL,8847586.93,EUR,OP-975531,21-Aug-2020,N/A,N/A
soriana,9794169.13,MXN,OP-575296,"August 19, 2023",2023-10-27,69
GRUPO BIMBO,5476326.54,MXN,OP-759052,12/12/2024,N/A,N/A
AMÉRICA MÓVIL,4610030.83,USD,OP-462734,"June 20, 2023",N/A,N/A
grupo carso,1594975.6,USD,OP-156591,2023-09-22,N/A,N/A
BANORTE,844132.51,EUR,OP-963450,2020-09-17,24/01/2024,1224
alsea,6687322.05,EUR,OP-633604,2016-10-24,"October 06, 2024",2904
américa móvil,1869738.18,MXN,OP-563631,"October 16, 2016",N/A,N/A
grupo bimbo,8764944.1,MXN,OP-226458,09/07/2021,N/A,N/A
WALMART DE MÉXICO,1948095.13,USD,OP-210433,"September 15, 2024",2025-01-17,124
LIVERPOOL,8592989.73,USD,OP-207109,02-Jun-2021,N/A,N/A
liverpool,2045996.0,MXN,OP-380972,07/11/2019,N/A,N/A
ALSEA,1020946.49,MXN,OP-290099,18/02/2017,09-Nov-2023,2455
alsea,1289573.32,USD,OP-956430,"March 09, 2024",N/A,N/A
GRUPO CARSO,3113692.4,MXN,OP-326483,2016-12-18,04-Jul-2025,3120
banorte,1772100.27,EUR,OP-495367,"June 07, 2019","July 24, 2019",47
GRUPO CARSO,7294474.32,MXN,OP-345977,22-Feb-2018,19/08/2021,1274
pemex,9056177.17,MXN,OP-548194,29/03/2016,N/A,N/A
GRUPO LALA,2279272.54,MXN,OP-602620,10/02/2019,2021-12-17,807
AMÉRICA MÓVIL,8906782.25,MXN,OP-952455,21-Nov-2015,20/09/2022,2495
bbva méxico,4208509.49,USD,OP-673278,2016-11-04,N/A,N/A
soriana,3193087.34,EUR,OP-901751,"July 28, 2024",N/A,N/A
BANORTE,4909707.55,MXN,OP-678946,2019-12-30,N/A,N/A
GRUPO LALA,5792537.7,MXN,OP-747151,22-Feb-2022,N/A,N/A
grupo méxico,3495990.47,EUR,OP-573599,27-Jul-2024,N/A,N/A
telmex,7962828.86,MXN,OP-187409,2022-07-23,N/A,N/A
TELMEX,1650933.23,MXN,OP-181646,"December 13, 2023",N/A,N/A
SORIANA,1550634.66,USD,OP-671907,2018-12-31,15-Oct-2020,654
alsea,847749.12,USD,OP-315220,22/02/2020,N/A,N/A
alsea,904373.49,USD,OP-390681,2020-11-06,N/A,N/A
BANORTE,5109613.71,MXN,OP-799603,2023-07-09,N/A,N/A
WALMART DE MÉXICO,8974477.25,USD,OP-340816,"November 22, 2020","August 27, 2024",1374
grupo méxico,2990202.27,MXN,OP-998154,2024-06-12,N/A,N/A
pemex,1205021.99,MXN,OP-981737,03/01/2017,18-Mar-2023,2208
BANORTE,3857281.1,EUR,OP-169087,2022-10-16,N/A,N/A
AMÉRICA MÓVIL,7653286.1,USD,OP-407269,"June 27, 2019",2019-07-13,16
liverpool,1484684.59,MXN,OP-678628,22/01/2020,23/07/2022,913
walmart de méxico,3248285.28,EUR,OP-485401,2025-03-07,N/A,N/A
liverpool,8027458.84,MXN,OP-633652,2016-03-27,07-Jan-2023,2477
BBVA MÉXICO,8004877.79,USD,OP-155486,"July 08, 2018",2025-05-09,2497
WALMART DE MÉXICO,3167561.55,EUR,OP-146009,10/10/2020,22/09/2023,1077
TELMEX,1893827.82,EUR,OP-422033,16/12/2020,N/A,N/A
bbva méxico,8541001.6,EUR,OP-254035,"December 11, 2019",2022-06-01,903
femsa,3529014.01,EUR,OP-729124,09-Feb-2019,05-May-2020,451
grupo carso,1818982.62,USD,OP-514612,2019-11-20,2025-03-17,1944
pemex,2163120.13,MXN,OP-885468,"July 04, 2025",N/A,N/A
walmart de méxico,8460546.99,USD,OP-969245,12/08/2020,"June 01, 2022",540
grupo lala,3681491.52,EUR,OP-675924,2019-06-04,N/A,N/A
soriana,8785747.64,MXN,OP-508852,"April 04, 2023",N/A,N/A
ALSEA,4058284.32,MXN,OP-376016,28/12/2021,2024-01-08,741
alsea,6423181.65,USD,OP-835399,01-Apr-2019,2022-05-21,1146
femsa,671132.7,EUR,OP-827980,"September 06, 2021",N/A,N/A
grupo bimbo,5788113.55,USD,OP-460605,"July 24, 2016",10-Sep-2016,48
liverpool,2000644.74,MXN,OP-276579,15-May-2023,N/A,N/A
cemex,9575162.08,USD,OP-449280,21-Feb-2025,N/A,N/A
banorte,9023906.9,EUR,OP-378356,2022-08-06,N/A,N/A
FEMSA,2730055.34,USD,OP-312535,"October 14, 2024",N/A,N/A
BBVA MÉXICO,6873000.91,EUR,OP-381562,03-Jun-2021,N/A,N/A
telmex,1097811.76,USD,OP-319489,29/06/2017,2022-09-02,1891
BANORTE,5660389.88,EUR,OP-228377,08-Sep-2021,N/A,N/A
GRUPO MÉXICO,2433818.52,MXN,OP-579219,20/11/2017,N/A,N/A
grupo méxico,1387449.69,USD,OP-434167,12/02/2022,N/A,N/A
banorte,1593342.48,EUR,OP-348312,2017-10-14,07-Nov-2024,2581
pemex,2325871.35,MXN,OP-286456,2025-02-18,N/A,N/A
SORIANA,6946142.63,MXN,OP-637931,01/10/2018,N/A,N/A
BANORTE,9702816.11,USD,OP-886156,2019-03-13,N/A,N/A
GRUPO MÉXICO,6933938.0,MXN,OP-789258,22-Jan-2024,N/A,N/A
cemex,9936666.98,EUR,OP-433263,"July 16, 2021","October 18, 2024",1190
TELMEX,9805794.06,EUR,OP-376131,2020-11-13,17/04/2021,155
GRUPO BIMBO,5130262.15,USD,OP-150523,2023-01-11,N/A,N/A
GRUPO MÉXICO,8594796.92,MXN,OP-899000,07-Nov-2023,N/A,N/A
FEMSA,1204103.16,EUR,OP-363034,10/05/2020,N/A,N/A
alsea,5413820.7,MXN,OP-471467,2022-11-17,N/A,N/A
GRUPO BIMBO,6918401.03,MXN,OP-843627,03/10/2023,N/A,N/A
femsa,1327786.17,MXN,OP-425324,22-Aug-2023,N/A,N/A
ALSEA,9940076.83,MXN,OP-765460,04-Dec-2021,N/A,N/A
ALSEA,5318582.26,EUR,OP-179773,"June 24, 2016",N/A,N/A
alsea,7779686.08,MXN,OP-233577,2018-03-18,2022-01-19,1403
GRUPO CARSO,5413612.71,MXN,OP-758853,2019-02-22,14-Feb-2023,1453
BBVA MÉXICO,4420077.25,EUR,OP-656151,06-Aug-2025,N/A,N/A
telmex,4431662.76,USD,OP-165323,2019-10-04,06-Sep-2022,1068
alsea,1350632.19,USD,OP-284769,11-Oct-2018,N/A,N/A
liverpool,7558981.65,USD,OP-570144,10-Oct-2020,N/A,N/A
pemex,2783395.82,MXN,OP-481776,"December 06, 2024",N/A,N/A
grupo lala,9585180.51,EUR,OP-569317,28-Apr-2020,N/A,N/A
grupo méxico,3373010.81,EUR,OP-486429,16/11/2018,N/A,N/A
SORIANA,8628984.38,USD,OP-782564,29/12/2018,N/A,N/A
GRUPO CARSO,6090979.83,EUR,OP-662227,2020-10-20,N/A,N/A
cemex,4740550.99,MXN,OP-245830,"December 31, 2020",N/A,N/A
ALSEA,5847058.47,MXN,OP-910909,28-Nov-2018,N/A,N/A
GRUPO LALA,8457779.18,MXN,OP-345149,2022-12-02,N/A,N/A
bbva méxico,3382799.0,MXN,OP-136575,2017-10-06,15-Mar-2019,525
grupo bimbo,6757176.37,EUR,OP-889160,2022-09-18,N/A,N/A
soriana,5996351.76,MXN,OP-375247,01/07/2022,N/A,N/A
soriana,7446735.23,USD,OP-864508,"May 18, 2020","December 05, 2020",201
grupo méxico,4733583.76,USD,OP-278228,2019-06-05,05-Oct-2021,853
AMÉRICA MÓVIL,4654390.03,MXN,OP-713892,2022-10-27,N/A,N/A
walmart de méxico,3264913.55,USD,OP-321026,29-Jun-2024,N/A,N/A
américa móvil,995873.23,USD,OP-504082,20/09/2018,09-Feb-2021,873
AMÉRICA MÓVIL,666300.39,MXN,OP-590090,"July 27, 2017",05-Feb-2020,923
FEMSA,5850531.93,EUR,OP-249908,17-Sep-2022,09/11/2024,725
AMÉRICA MÓVIL,9154131.87,EUR,OP-688216,06-Mar-2020,"October 14, 2024",1683
ALSEA,9478774.06,USD,OP-352967,03-Nov-2023,"June 29, 2024",239
BBVA MÉXICO,5543262.47,EUR,OP-755267,"March 19, 2018",2020-03-15,727
grupo lala,2031724.56,USD,OP-104884,14-Jan-2023,N/A,N/A
ALSEA,4964490.04,USD,OP-877906,2024-10-28,N/A,N/A
grupo bimbo,7720858.97,MXN,OP-777950,23-Sep-2015,N/A,N/A
bbva méxico,1988486.41,USD,OP-163088,2022-09-16,2025-06-04,992
GRUPO LALA,2443325.9,USD,OP-745554,11-Jun-2021,N/A,N/A
AMÉRICA MÓVIL,3769175.19,USD,OP-776606,07/12/2016,N/A,N/A
AMÉRICA MÓVIL,9273886.5,EUR,OP-239730,"January 04, 2017","September 03, 2017",242
GRUPO LALA,753310.06,MXN,OP-444999,2016-12-04,N/A,N/A
GRUPO LALA,4640013.77,USD,OP-155835,2022-05-25,N/A,N/A
alsea,1312511.46,USD,OP-853883,"December 10, 2019",28-Feb-2022,811
CEMEX,4147119.46,EUR,OP-751048,"November 18, 2018","September 09, 2020",661
FEMSA,6603607.81,EUR,OP-244152,2023-11-21,N/A,N/A
grupo bimbo,7518761.76,MXN,OP-374547,25/11/2016,29/09/2017,308
TELMEX,8493860.82,EUR,OP-933866,23/01/2019,N/A,N/A
GRUPO BIMBO,6184860.58,MXN,OP-800256,02/10/2016,"May 29, 2020",1570
grupo carso,1498858.11,USD,OP-956084,28/12/2016,29-Jan-2025,2954
ALSEA,1472501.31,MXN,OP-346352,07/01/2019,04/12/2020,286
PEMEX,411281.9,MXN,OP-392952,17/08/2022,2025-06-28,1046
cemex,2234895.44,EUR,OP-705551,04/04/2021,N/A,N/A
cemex,8491435.86,EUR,OP-198156,2018-12-26,N/A,N/A
alsea,4418171.8,MXN,OP-266840,18-Aug-2021,N/A,N/A
cemex,2761932.83,USD,OP-528231,16/05/2023,N/A,N/A
banorte,6218442.25,MXN,OP-255277,"October 25, 2021",2025-04-14,1267
pemex,7385999.68,EUR,OP-997076,02-May-2022,N/A,N/A
CEMEX,192327.05,EUR,OP-917100,2018-03-14,N/A,N/A
GRUPO LALA,9327604.35,EUR,OP-678889,2020-05-25,N/A,N/A
américa móvil,997850.42,MXN,OP-452024,"December 25, 2023",N/A,N/A
TELMEX,1517247.52,EUR,OP-253995,19-Jun-2022,N/A,N/A
CEMEX,1604871.46,EUR,OP-725372,2016-01-10,2024-05-21,3054
ALSEA,7697060.62,MXN,OP-419441,2020-04-18,N/A,N/A
TELMEX,2361480.63,MXN,OP-932819,03/04/2020,07/08/2021,491
LIVERPOOL,3303424.35,EUR,OP-296266,"September 29, 2017",28/11/2022,1886
telmex,3158959.18,USD,OP-481769,12/10/2023,N/A,N/A
banorte,8419904.86,MXN,OP-515455,2021-06-09,N/A,N/A
alsea,5234288.29,EUR,OP-919197,22-Jul-2021,07/06/2024,1080
FEMSA,1145876.76,EUR,OP-201636,"June 14, 2024",N/A,N/A
LIVERPOOL,4340875.47,MXN,OP-681251,2017-12-18,N/A,N/A
liverpool,8182383.82,USD,OP-638311,2023-03-02,N/A,N/A
LIVERPOOL,966619.82,MXN,OP-103799,"February 13, 2022","September 02, 2024",932
GRUPO BIMBO,8762695.35,MXN,OP-476161,07-Jun-2021,N/A,N/A
GRUPO MÉXICO,7160090.16,MXN,OP-196054,"June 17, 2017",27/02/2021,1351
SORIANA,5687843.0,EUR,OP-865175,"May 27, 2021",N/A,N/A
grupo lala,9365807.93,MXN,OP-566429,16/03/2024,N/A,N/A
FEMSA,3696717.56,MXN,OP-862588,"July 26, 2019",N/A,N/A
telmex,7341662.5,MXN,OP-129814,29-Jul-2017,06-Jan-2020,891
WALMART DE MÉXICO,628112.26,USD,OP-582457,"August 17, 2020",N/A,N/A
pemex,9395217.55,USD,OP-560216,"March 11, 2017",16-May-2021,1527
cemex,7982689.73,EUR,OP-920241,"July 03, 2021",N/A,N/A
cemex,4967424.1,MXN,OP-950210,2020-05-02,N/A,N/A
GRUPO MÉXICO,5691719.31,USD,OP-186865,"October 12, 2020",2023-01-30,840
PEMEX,2339203.27,EUR,OP-929856,2015-10-12,05/10/2016,211
WALMART DE MÉXICO,4273620.98,EUR,OP-518421,"September 08, 2021",N/A,N/A
WALMART DE MÉXICO,6865432.87,USD,OP-439767,14/10/2022,N/A,N/A
banorte,5243988.81,EUR,OP-679061,12/05/2017,N/A,N/A
AMÉRICA MÓVIL,2789423.15,USD,OP-295442,2020-10-05,N/A,N/A
PEMEX,8539528.06,MXN,OP-843270,01-Sep-2018,N/A,N/A
GRUPO MÉXICO,2070904.41,EUR,OP-923845,"November 23, 2023",N/A,N/A
soriana,9607039.26,EUR,OP-960447,2022-04-28,N/A,N/A
ALSEA,8169662.21,MXN,OP-726413,2022-04-10,N/A,N/A
grupo carso,5934833.74,MXN,OP-705442,12-Feb-2024,2025-07-02,506
cemex,5448965.0,USD,OP-422758,"October 17, 2018",N/A,N/A
grupo méxico,6628705.4,EUR,OP-512384,2022-01-23,2025-06-17,1241
CEMEX,3830494.16,USD,OP-966921,17/07/2017,"October 29, 2018",469
femsa,5614899.2,EUR,OP-261557,04-Nov-2018,"September 13, 2024",2140
liverpool,6336490.22,EUR,OP-330984,2018-02-02,2022-03-08,1495
AMÉRICA MÓVIL,9891385.98,USD,OP-599325,2025-08-14,N/A,N/A
WALMART DE MÉXICO,3586679.17,USD,OP-435755,16/01/2018,N/A,N/A
grupo lala,6612906.28,EUR,OP-881747,18-Jan-2019,02/02/2024,1841
AMÉRICA MÓVIL,3600829.14,USD,OP-706366,2016-03-21,"August 05, 2020",1598
bbva méxico,1704780.92,MXN,OP-289620,2021-03-30,N/A,N/A
grupo lala,877882.65,USD,OP-800177,"July 26, 2022",N/A,N/A
TELMEX,4644704.78,MXN,OP-429347,2023-01-15,N/A,N/A
grupo carso,8244238.62,USD,OP-129902,2022-10-08,N/A,N/A
GRUPO BIMBO,5917731.73,MXN,OP-518734,"July 05, 2023",21/03/2024,260
grupo lala,590786.17,USD,OP-167626,03-Jul-2017,N/A,N/A
femsa,7039905.99,MXN,OP-734759,2020-05-08,"October 25, 2021",535
FEMSA,7586249.22,MXN,OP-836988,02-Oct-2017,2022-10-14,1838
GRUPO CARSO,8636184.9,USD,OP-759666,29/03/2025,N/A,N/A
AMÉRICA MÓVIL,234734.89,USD,OP-524734,"March 12, 2024",N/A,N/A
telmex,6626030.71,USD,OP-731070,17-Aug-2023,N/A,N/A
GRUPO BIMBO,3359645.85,MXN,OP-919135,"August 01, 2025",N/A,N/A
grupo lala,8901241.47,EUR,OP-188353,07/06/2018,N/A,N/A
grupo méxico,8339551.66,EUR,OP-347686,15/09/2017,"April 03, 2018",200
GRUPO BIMBO,2857834.03,USD,OP-482340,"February 02, 2018",N/A,N/A
SORIANA,3409833.9,USD,OP-224349,04/05/2019,09-May-2024,1861
femsa,7683337.69,EUR,OP-755995,01/05/2016,"April 29, 2021",1941
GRUPO LALA,225779.93,EUR,OP-669901,2022-01-05,N/A,N/A
grupo bimbo,5305206.34,MXN,OP-383997,2020-10-24,2020-12-22,59
PEMEX,7508826.29,EUR,OP-245921,01-Jun-2024,N/A,N/A
banorte,6512533.14,MXN,OP-712361,"May 17, 2021",N/A,N/A
bbva méxico,4494815.64,MXN,OP-530123,2016-07-06,N/A,N/A
banorte,1505337.75,USD,OP-405019,2025-05-09,N/A,N/A
BBVA MÉXICO,7102554.04,USD,OP-994612,2018-02-17,2021-04-23,1161
GRUPO CARSO,1609332.86,EUR,OP-494693,"March 07, 2021",06-Jun-2023,821
grupo méxico,2758665.88,USD,OP-134892,14-Feb-2019,2020-08-30,563
grupo lala,285105.18,EUR,OP-344450,22-Apr-2016,N/A,N/A
WALMART DE MÉXICO,7220379.82,MXN,OP-532742,07-Nov-2020,12/07/2021,395
telmex,3811430.41,USD,OP-808954,"September 22, 2019",04/01/2024,1653
grupo lala,5692206.96,EUR,OP-372980,2016-04-08,06-Mar-2017,332
femsa,5230800.31,MXN,OP-458956,10/10/2021,23-Jul-2024,1017
FEMSA,5122191.81,USD,OP-280131,10-Apr-2024,N/A,N/A
cemex,1560027.89,EUR,OP-524008,"October 06, 2017",N/A,N/A
BBVA MÉXICO,5540413.82,USD,OP-638728,"May 12, 2019","September 09, 2024",1947
walmart de méxico,9875747.72,MXN,OP-725475,2021-01-23,N/A,N/A
grupo lala,4476999.42,MXN,OP-343449,11/01/2016,2020-08-04,1372
SORIANA,7059410.33,MXN,OP-212991,2025-02-27,N/A,N/A
pemex,7701448.73,EUR,OP-483290,17/06/2017,"May 10, 2022",1788
alsea,1971691.8,EUR,OP-996774,"August 24, 2025",N/A,N/A
telmex,7878978.58,USD,OP-939253,"September 09, 2015",16/12/2018,1194
PEMEX,5639047.48,EUR,OP-204416,08/09/2022,N/A,N/A
GRUPO CARSO,3118031.81,EUR,OP-895788,21/07/2023,30/08/2024,406
soriana,5886021.92,USD,OP-635987,"January 15, 2025",N/A,N/A
grupo bimbo,2869844.06,EUR,OP-468543,"April 25, 2021",N/A,N/A
WALMART DE MÉXICO,641250.95,USD,OP-612376,13-Oct-2018,"April 08, 2021",908
ALSEA,3589300.01,EUR,OP-372817,2022-10-31,N/A,N/A
GRUPO CARSO,5416917.1,EUR,OP-392521,11-Aug-2024,N/A,N/A
liverpool,5791226.43,MXN,OP-309614,01-Jan-2018,2019-01-12,376
walmart de méxico,9738286.36,MXN,OP-333692,2022-11-10,N/A,N/A
grupo carso,7882087.42,MXN,OP-426794,2020-06-18,23/02/2021,250
GRUPO LALA,1567244.07,USD,OP-122745,17/03/2021,N/A,N/A
AMÉRICA MÓVIL,1131590.54,MXN,OP-367440,2021-12-11,N/A,N/A
PEMEX,2200738.01,MXN,OP-321423,"May 30, 2024",N/A,N/A
pemex,2252949.42,EUR,OP-103781,"June 30, 2025",N/A,N/A
GRUPO BIMBO,2763371.49,MXN,OP-471417,2022-11-07,2024-08-04,636
banorte,7089107.19,EUR,OP-414150,02/11/2021,N/A,N/A
banorte,7478326.77,MXN,OP-538603,2019-05-02,19-Apr-2025,2179
SORIANA,2718622.65,EUR,OP-208195,17/07/2017,23/10/2023,2289
pemex,8159478.1,MXN,OP-623710,21/03/2017,"September 24, 2022",2013
grupo bimbo,8660567.06,USD,OP-437858,"March 11, 2018",N/A,N/A
bbva méxico,449626.46,MXN,OP-442760,"December 17, 2019",N/A,N/A
femsa,9028420.95,MXN,OP-102062,21-Apr-2022,N/A,N/A
soriana,9564853.13,MXN,OP-989648,10-Nov-2022,"December 27, 2022",47
walmart de méxico,9413852.15,EUR,OP-727592,"April 14, 2021",N/A,N/A
grupo lala,6121940.29,EUR,OP-615370,03-Feb-2020,06-Mar-2020,32
soriana,2127792.13,USD,OP-120555,17-Feb-2019,2019-05-28,100
grupo lala,8811898.83,MXN,OP-956029,"May 28, 2020",N/A,N/A
GRUPO LALA,1527568.13,MXN,OP-708396,"August 03, 2022",N/A,N/A
telmex,8780497.31,USD,OP-792135,21/12/2018,N/A,N/A
CEMEX,3120368.53,MXN,OP-429472,"November 04, 2016",19/07/2020,1353
grupo bimbo,5969503.42,USD,OP-960139,2020-11-20,19-Feb-2025,1552
TELMEX,1360223.88,EUR,OP-552763,"March 16, 2018",N/A,N/A
grupo carso,9822857.1,EUR,OP-472323,18/12/2021,N/A,N/A
BANORTE,5849128.83,USD,OP-310612,2021-07-21,N/A,N/A
alsea,4709006.72,EUR,OP-622878,02/06/2016,12-Apr-2024,2988
grupo bimbo,9198478.35,EUR,OP-276902,"November 17, 2018",N/A,N/A
grupo lala,1358531.51,MXN,OP-529431,31-Aug-2020,26-May-2023,998
LIVERPOOL,4562441.07,MXN,OP-777802,"January 13, 2021","August 15, 2022",579
grupo méxico,3841308.04,MXN,OP-639618,2023-02-13,N/A,N/A
grupo carso,2677429.92,EUR,OP-825064,14-Oct-2024,N/A,N/A
telmex,8672474.93,EUR,OP-760966,04/10/2023,N/A,N/A
américa móvil,6299924.11,EUR,OP-232091,09-Sep-2015,N/A,N/A
walmart de méxico,8240236.38,MXN,OP-260650,09/05/2023,N/A,N/A
BBVA MÉXICO,2273558.49,USD,OP-796114,"May 21, 2023",N/A,N/A
AMÉRICA MÓVIL,8336538.62,MXN,OP-861941,04/09/2020,10-Nov-2023,1310
grupo méxico,4729612.79,MXN,OP-815917,12-May-2016,23-Feb-2025,3209
GRUPO MÉXICO,6014926.21,USD,OP-402877,2025-05-28,N/A,N/A
pemex,7562728.7,USD,OP-638890,09/11/2019,N/A,N/A
liverpool,4230527.27,MXN,OP-538646,10/10/2019,N/A,N/A
cemex,6495237.92,EUR,OP-853201,2019-01-25,N/A,N/A
grupo carso,3242151.18,MXN,OP-707690,2016-11-11,23-Jun-2017,224
pemex,4594872.64,USD,OP-161088,2021-11-29,N/A,N/A
BBVA MÉXICO,6088571.84,EUR,OP-989710,25-Oct-2023,N/A,N/A
PEMEX,7371721.54,USD,OP-987750,05-Oct-2016,2023-01-03,2281
américa móvil,3341451.9,USD,OP-197935,2015-11-18,"April 07, 2019",1236
GRUPO LALA,387599.77,EUR,OP-948766,"November 18, 2024",N/A,N/A
GRUPO CARSO,2108941.38,USD,OP-945788,13/02/2022,N/A,N/A
grupo bimbo,3601997.13,EUR,OP-533369,2025-08-23,N/A,N/A
WALMART DE MÉXICO,2451085.13,USD,OP-999147,14/07/2018,20-Jul-2025,2563
BBVA MÉXICO,8666796.74,MXN,OP-109956,"June 23, 2025",N/A,N/A
femsa,1264785.49,USD,OP-145126,16-Sep-2015,"February 07, 2024",3066
grupo carso,1571156.83,EUR,OP-762990,15-Dec-2016,N/A,N/A
femsa,8133803.61,EUR,OP-122124,2018-10-04,N/A,N/A
alsea,148249.79,USD,OP-790128,30-May-2024,N/A,N/A
grupo méxico,4211204.86,USD,OP-317310,"April 08, 2016",21/10/2020,1657
BBVA MÉXICO,308939.69,EUR,OP-914531,14-Oct-2017,2021-11-04,1482
femsa,3807622.29,MXN,OP-254697,18/06/2018,N/A,N/A
soriana,3887981.06,MXN,OP-785606,05-Oct-2023,N/A,N/A
cemex,4966273.58,MXN,OP-199458,"May 06, 2024",N/A,N/A
bbva méxico,3468468.6,USD,OP-120079,20-Oct-2018,"November 07, 2020",749
grupo méxico,6421363.52,MXN,OP-765374,"May 22, 2024",N/A,N/A
CEMEX,2476182.25,MXN,OP-918152,2017-03-02,02/12/2018,347
telmex,2201693.47,EUR,OP-693229,2016-03-24,N/A,N/A
pemex,626587.33,USD,OP-873463,"June 13, 2016","October 13, 2019",1217
TELMEX,339067.79,EUR,OP-510680,"March 01, 2024",N/A,N/A
ALSEA,7786234.97,USD,OP-380801,2021-10-09,N/A,N/A
grupo lala,8728646.77,EUR,OP-389641,"August 21, 2017",2022-08-29,1834
SORIANA,8024020.35,USD,OP-631707,04-Jun-2020,N/A,N/A
PEMEX,4033424.66,USD,OP-943921,2021-05-25,23/12/2023,942
liverpool,8430074.92,EUR,OP-173112,2025-05-19,N/A,N/A
BBVA MÉXICO,9564182.46,EUR,OP-335776,"July 28, 2020",26/09/2024,1521
grupo lala,700997.93,USD,OP-508525,"October 09, 2021",N/A,N/A
alsea,1797615.03,EUR,OP-333697,"September 21, 2020",N/A,N/A
pemex,5856773.81,EUR,OP-321895,2017-12-14,03/08/2018,84
TELMEX,9341329.88,USD,OP-726461,20/12/2016,N/A,N/A
femsa,5003550.31,USD,OP-614590,2018-08-15,2023-06-18,1768
grupo méxico,1209637.74,MXN,OP-396546,15-Mar-2025,2025-04-17,33
TELMEX,4315579.59,EUR,OP-736205,2022-11-03,N/A,N/A
cemex,6213198.68,USD,OP-461845,"March 06, 2022",N/A,N/A
bbva méxico,206223.82,EUR,OP-989195,24-Oct-2018,12/08/2021,1141
BANORTE,2243626.77,USD,OP-737405,2021-10-30,05/04/2024,917
grupo méxico,4772490.54,MXN,OP-184206,"October 28, 2018",N/A,N/A
pemex,1615999.87,EUR,OP-325204,2016-05-12,N/A,N/A
GRUPO CARSO,4630932.14,USD,OP-792566,"September 09, 2023",N/A,N/A
LIVERPOOL,7154674.95,MXN,OP-585154,18-Jan-2025,N/A,N/A
LIVERPOOL,2762564.03,EUR,OP-168433,10/11/2017,"September 13, 2023",2163
GRUPO MÉXICO,3710794.36,MXN,OP-500002,25/08/2018,N/A,N/A
américa móvil,7038265.45,USD,OP-711182,23/10/2018,N/A,N/A
grupo bimbo,1028294.52,USD,OP-583105,30-Nov-2022,N/A,N/A
bbva méxico,7278388.81,EUR,OP-803811,26-May-2022,N/A,N/A
grupo lala,3326640.99,USD,OP-891966,"November 08, 2024",N/A,N/A
GRUPO MÉXICO,6442741.95,MXN,OP-673609,13-Aug-2017,N/A,N/A
pemex,2867525.11,EUR,OP-464841,04/03/2025,N/A,N/A
grupo carso,7724599.03,USD,OP-779096,28/02/2016,N/A,N/A
américa móvil,6605780.79,USD,OP-265853,27-May-2021,N/A,N/A
ALSEA,9214697.9,MXN,OP-403075,"December 25, 2023",N/A,N/A
TELMEX,4753092.4,USD,OP-496783,06/11/2020,27-Jun-2025,1842
TELMEX,534745.59,MXN,OP-187086,2019-10-07,N/A,N/A
GRUPO BIMBO,4199626.95,EUR,OP-800374,"December 19, 2022",N/A,N/A
banorte,849149.03,EUR,OP-365347,02-Jul-2022,2024-12-14,896
LIVERPOOL,4685167.37,MXN,OP-170268,19/03/2020,08-Mar-2022,719
GRUPO CARSO,9686098.32,USD,OP-335674,"December 10, 2023",N/A,N/A
BANORTE,7773480.62,USD,OP-290475,2019-03-15,N/A,N/A
grupo carso,9654504.91,USD,OP-662964,"June 06, 2022",N/A,N/A
GRUPO BIMBO,1964962.41,EUR,OP-466674,"August 07, 2017",N/A,N/A
GRUPO CARSO,7186125.8,MXN,OP-354000,2021-11-23,N/A,N/A
banorte,4435777.96,USD,OP-847210,09-Oct-2024,N/A,N/A
américa móvil,7590768.36,USD,OP-364225,16/12/2017,2022-12-01,1811
ALSEA,176131.99,EUR,OP-561563,"August 24, 2018",2023-11-27,1921
GRUPO MÉXICO,6558850.57,MXN,OP-887850,2019-01-31,2020-09-06,584
femsa,7855781.8,EUR,OP-644342,01-Dec-2023,N/A,N/A
américa móvil,5354670.58,EUR,OP-775230,"August 26, 2016",N/A,N/A
grupo lala,1877558.34,EUR,OP-794336,2018-08-14,N/A,N/A
walmart de méxico,2383003.36,MXN,OP-447751,2019-07-20,N/A,N/A
AMÉRICA MÓVIL,4852094.74,USD,OP-710729,20/04/2023,N/A,N/A
américa móvil,3369327.56,MXN,OP-425160,06-Dec-2022,N/A,N/A
telmex,9528780.69,USD,OP-747708,"July 11, 2021",N/A,N/A
liverpool,5431906.81,MXN,OP-163524,2021-05-20,N/A,N/A
grupo méxico,9856560.3,EUR,OP-123668,29/06/2023,N/A,N/A
LIVERPOOL,8910403.74,USD,OP-256853,2019-06-07,N/A,N/A
soriana,7580052.48,MXN,OP-640892,08-Apr-2023,N/A,N/A
BBVA MÉXICO,238088.7,MXN,OP-408624,14-Aug-2016,2025-06-22,3234
GRUPO BIMBO,1611257.37,MXN,OP-429322,10/08/2024,11/05/2025,393
grupo bimbo,626722.45,USD,OP-912237,2022-12-18,N/A,N/A
CEMEX,3656268.91,USD,OP-807677,"October 29, 2015","May 29, 2018",943
femsa,3871577.87,MXN,OP-957760,2020-03-06,"June 16, 2022",832
grupo méxico,2838392.3,USD,OP-982192,27/09/2016,N/A,N/A
AMÉRICA MÓVIL,7862908.56,MXN,OP-310317,2025-07-25,N/A,N/A
WALMART DE MÉXICO,8188408.22,MXN,OP-171193,12-May-2022,N/A,N/A
alsea,8894100.69,MXN,OP-608880,2025-06-05,N/A,N/A
cemex,9303609.9,MXN,OP-517214,2024-09-28,N/A,N/A
américa móvil,9763152.76,EUR,OP-851603,"May 20, 2022",N/A,N/A
AMÉRICA MÓVIL,9177637.31,EUR,OP-446667,2019-05-08,N/A,N/A
GRUPO MÉXICO,4860915.35,EUR,OP-102318,"June 25, 2023",N/A,N/A
FEMSA,5037513.16,MXN,OP-978980,2025-04-17,N/A,N/A
grupo bimbo,5204446.58,MXN,OP-695666,"January 29, 2020",09/03/2024,1679
grupo lala,1654729.21,USD,OP-804906,"April 15, 2019",N/A,N/A
banorte,1779966.33,USD,OP-850088,2016-12-25,N/A,N/A
GRUPO CARSO,3947325.28,USD,OP-872448,05/12/2021,N/A,N/A
américa móvil,8080834.4,EUR,OP-849361,"March 07, 2023",N/A,N/A
femsa,9427887.09,EUR,OP-538108,06/12/2022,N/A,N/A
walmart de méxico,9661152.02,USD,OP-374763,"November 25, 2023",N/A,N/A
GRUPO CARSO,2400105.64,EUR,OP-499963,27/12/2020,30/03/2023,823
CEMEX,926891.03,MXN,OP-366673,24-Feb-2025,N/A,N/A
CEMEX,9226011.8,EUR,OP-486682,2017-11-26,N/A,N/A
bbva méxico,7689616.06,MXN,OP-490190,"August 25, 2017",2022-06-03,1743
WALMART DE MÉXICO,5850124.5,MXN,OP-200244,2024-04-23,"May 06, 2024",13
grupo méxico,6774029.61,EUR,OP-190864,13-Mar-2024,N/A,N/A
cemex,5008005.56,USD,OP-409041,"September 18, 2019","September 28, 2023",1471
cemex,8351969.15,USD,OP-840219,"August 28, 2015",16-Aug-2022,2545
cemex,5521281.44,EUR,OP-582081,28/10/2022,"July 30, 2025",1006
CEMEX,4780910.72,USD,OP-513757,"June 19, 2025",N/A,N/A
alsea,9493576.98,USD,OP-592412,31/12/2018,N/A,N/A
soriana,2155162.51,MXN,OP-765667,06-Nov-2018,N/A,N/A
SORIANA,1037355.1,MXN,OP-350334,2024-05-27,N/A,N/A
walmart de méxico,7427567.96,EUR,OP-944423,11/06/2019,N/A,N/A
BANORTE,2974276.36,MXN,OP-374054,"November 29, 2021",N/A,N/A
WALMART DE MÉXICO,692306.7,USD,OP-672065,02-Feb-2020,19/10/2020,260
BANORTE,5511170.2,USD,OP-433980,12-Dec-2019,N/A,N/A
GRUPO BIMBO,5690022.85,MXN,OP-756825,19/05/2022,N/A,N/A
pemex,3839911.41,USD,OP-469852,2025-06-11,N/A,N/A
BANORTE,7788979.14,MXN,OP-315881,"December 22, 2015",N/A,N/A
PEMEX,1197929.4,EUR,OP-463009,12-Nov-2018,04/11/2021,881
soriana,916511.8,MXN,OP-115598,2017-06-28,03-Aug-2018,401
FEMSA,6306380.15,EUR,OP-855305,07/02/2025,N/A,N/A
grupo carso,3769948.09,MXN,OP-883751,"February 01, 2021",N/A,N/A
GRUPO LALA,7685319.78,USD,OP-777528,"December 08, 2018",N/A,N/A
GRUPO LALA,4975158.48,USD,OP-177850,2023-12-17,N/A,N/A
telmex,4210485.16,MXN,OP-347992,18/01/2018,2022-05-18,1581
femsa,5596700.41,USD,OP-858341,19/07/2025,N/A,N/A
WALMART DE MÉXICO,772319.7,EUR,OP-570830,"May 01, 2017",N/A,N/A
grupo carso,7790380.11,EUR,OP-858359,06/05/2016,N/A,N/A
GRUPO LALA,7479060.77,EUR,OP-810032,27/05/2018,2025-03-10,2479
walmart de méxico,2278493.68,USD,OP-782194,2018-03-16,N/A,N/A
alsea,9270671.88,MXN,OP-697713,2025-05-16,N/A,N/A
AMÉRICA MÓVIL,3637444.31,EUR,OP-989983,15-Oct-2019,2023-03-24,1256
GRUPO CARSO,7457659.81,EUR,OP-531090,18-Sep-2016,"December 29, 2019",1197
ALSEA,8666578.8,USD,OP-210004,15-Apr-2018,2019-06-01,412
banorte,4733948.25,MXN,OP-381690,2021-01-30,N/A,N/A
WALMART DE MÉXICO,8978984.19,EUR,OP-844633,"January 29, 2018",25/04/2020,817
femsa,4542584.32,EUR,OP-882590,18/04/2019,N/A,N/A
GRUPO LALA,2142022.97,MXN,OP-166935,"July 25, 2022",N/A,N/A
FEMSA,7809193.26,EUR,OP-276363,2020-12-13,"December 08, 2023",1090
GRUPO MÉXICO,4683694.5,EUR,OP-430973,2025-03-16,N/A,N/A
GRUPO LALA,6509159.63,USD,OP-111928,24/01/2019,06/07/2019,134
GRUPO LALA,8355964.11,USD,OP-842829,06/04/2019,2020-07-06,398
telmex,3360746.73,MXN,OP-775812,27-Mar-2022,"October 26, 2023",578
alsea,5468942.79,EUR,OP-160335,2020-11-21,N/A,N/A
BBVA MÉXICO,7969812.2,EUR,OP-420787,26/11/2021,N/A,N/A
soriana,1919811.55,MXN,OP-309047,2024-08-04,N/A,N/A
walmart de méxico,2375452.7,USD,OP-555265,"February 18, 2021",N/A,N/A
BBVA MÉXICO,4714481.54,MXN,OP-410197,12-Mar-2024,N/A,N/A
GRUPO MÉXICO,2545717.04,MXN,OP-474855,12-May-2016,N/A,N/A
grupo méxico,4958329.37,EUR,OP-723996,"August 20, 2024",N/A,N/A
banorte,6939959.27,USD,OP-176604,"December 28, 2022",N/A,N/A
alsea,7281210.82,USD,OP-564242,07/10/2024,N/A,N/A
grupo bimbo,4587853.01,EUR,OP-951528,22-Sep-2023,N/A,N/A
soriana,9532841.51,MXN,OP-261817,02/01/2020,N/A,N/A
ALSEA,2170831.88,MXN,OP-683073,"December 10, 2018",N/A,N/A
pemex,2514614.0,MXN,OP-391175,27/10/2022,N/A,N/A
GRUPO MÉXICO,3778501.27,MXN,OP-734031,31-Jul-2024,N/A,N/A
grupo méxico,115383.59,MXN,OP-998774,2022-02-18,"March 31, 2024",772
soriana,9240271.86,MXN,OP-956543,29-May-2022,N/A,N/A
liverpool,1600146.45,USD,OP-381650,2024-10-15,N/A,N/A
américa móvil,7807268.33,EUR,OP-856713,"December 16, 2020",N/A,N/A
ALSEA,9842342.94,EUR,OP-803378,16-Feb-2019,N/A,N/A
grupo bimbo,3845341.85,EUR,OP-240457,22/05/2017,N/A,N/A
américa móvil,4312761.63,MXN,OP-173520,18/09/2016,N/A,N/A
pemex,4563690.81,MXN,OP-684141,14-Apr-2020,11-Aug-2025,1945
grupo méxico,2655169.31,MXN,OP-952916,2021-02-02,2021-06-06,124
grupo lala,5443493.48,USD,OP-642949,18/09/2023,N/A,N/A
CEMEX,9781008.04,EUR,OP-517879,"January 03, 2021",06/01/2025,1610
GRUPO MÉXICO,987895.13,USD,OP-644128,20-Jun-2025,N/A,N/A
américa móvil,6547659.95,USD,OP-769383,25/09/2018,"March 17, 2021",904
SORIANA,4688898.6,USD,OP-624496,27/08/2020,N/A,N/A
BANORTE,4121237.81,EUR,OP-848642,"May 29, 2022",N/A,N/A
cemex,7854020.22,USD,OP-769456,"October 02, 2024",N/A,N/A
SORIANA,7675269.61,EUR,OP-898510,2023-07-28,N/A,N/A
BBVA MÉXICO,7440253.52,USD,OP-570385,04/01/2023,N/A,N/A
pemex,1013699.05,MXN,OP-662208,05-Feb-2017,"October 14, 2018",616
bbva méxico,7838555.0,MXN,OP-397123,"March 05, 2022",N/A,N/A
telmex,9999646.03,MXN,OP-281589,06/10/2019,N/A,N/A
grupo bimbo,6310382.14,MXN,OP-669987,07/11/2022,2022-11-08,120
américa móvil,4479329.83,MXN,OP-775497,28/06/2016,"September 07, 2021",1897
alsea,9869785.42,MXN,OP-913698,05-Dec-2017,N/A,N/A
femsa,755953.88,USD,OP-212903,18-May-2024,N/A,N/A
soriana,5623712.72,USD,OP-370703,13-Mar-2020,N/A,N/A
grupo bimbo,6047395.66,USD,OP-675557,2024-04-17,"May 30, 2024",43
GRUPO MÉXICO,9773293.71,EUR,OP-862169,"March 20, 2019",29-Aug-2024,1989
GRUPO CARSO,8192974.94,MXN,OP-962402,24-Sep-2021,N/A,N/A
GRUPO BIMBO,855907.5,EUR,OP-990016,24-Jan-2019,"June 30, 2024",1984
grupo méxico,9919199.44,EUR,OP-785389,29-Dec-2023,N/A,N/A
grupo carso,5944847.95,MXN,OP-114865,2025-03-17,N/A,N/A
grupo bimbo,6564546.08,EUR,OP-361233,2016-06-17,27-Jan-2021,1685
WALMART DE MÉXICO,8782127.07,EUR,OP-728606,01/08/2016,N/A,N/A
CEMEX,777482.36,MXN,OP-693106,2020-01-30,2023-01-19,1085
BANORTE,9108857.08,USD,OP-168757,2018-02-28,29-Oct-2022,1704
telmex,6537929.6,EUR,OP-662919,13/09/2017,06-Jan-2023,1941
PEMEX,4312715.46,MXN,OP-462775,29-Apr-2019,2022-11-24,1305
BANORTE,246293.7,USD,OP-408767,"May 23, 2017",N/A,N/A
liverpool,7106020.84,EUR,OP-980158,10-Aug-2022,N/A,N/A
américa móvil,3947141.11,USD,OP-386014,"July 20, 2018",N/A,N/A
TELMEX,1825710.12,USD,OP-139827,2022-05-12,N/A,N/A
GRUPO CARSO,9405605.81,MXN,OP-783987,01-Nov-2017,N/A,N/A
GRUPO BIMBO,1179291.18,EUR,OP-989195,21/08/2016,05/07/2020,1355
banorte,679544.2,EUR,OP-886234,"November 23, 2024",N/A,N/A
banorte,9882010.3,MXN,OP-991335,14-Jul-2020,N/A,N/A
telmex,1225299.63,USD,OP-932735,"May 21, 2021",N/A,N/A
GRUPO LALA,6438270.65,EUR,OP-565679,"November 04, 2015",25-Jun-2025,3521
AMÉRICA MÓVIL,694743.69,MXN,OP-755800,30-Oct-2018,2025-03-11,2324
TELMEX,6406430.11,EUR,OP-110130,15-Dec-2020,13-May-2025,1610
grupo bimbo,4061626.57,EUR,OP-681022,08/11/2024,N/A,N/A
SORIANA,4004602.25,EUR,OP-238612,2020-03-10,N/A,N/A
TELMEX,7277830.32,USD,OP-674887,"October 02, 2016",N/A,N/A
GRUPO CARSO,9760614.6,MXN,OP-378030,"December 07, 2016",11-Nov-2021,1800
walmart de méxico,5316088.25,MXN,OP-704463,06-May-2025,N/A,N/A
alsea,8015812.29,EUR,OP-333995,2024-07-11,N/A,N/A
walmart de méxico,8115985.97,USD,OP-248156,13/08/2020,N/A,N/A
GRUPO BIMBO,3414365.59,USD,OP-774098,21-Aug-2019,03/08/2025,2026
ALSEA,3490233.54,MXN,OP-962453,21/06/2023,"February 15, 2024",239
GRUPO MÉXICO,6238518.79,MXN,OP-799322,19/11/2023,N/A,N/A
GRUPO LALA,7653514.91,USD,OP-151912,2025-01-18,N/A,N/A
GRUPO BIMBO,5166267.79,EUR,OP-154719,29-Apr-2024,N/A,N/A
SORIANA,1929499.9,MXN,OP-190422,17-Jul-2019,12/12/2021,879
WALMART DE MÉXICO,5120303.7,USD,OP-745083,2023-03-21,N/A,N/A
américa móvil,2870817.41,MXN,OP-477557,"October 13, 2024",N/A,N/A
telmex,1511106.54,USD,OP-416429,"October 14, 2019","January 18, 2020",96
banorte,9240454.41,USD,OP-949869,"September 13, 2021",N/A,N/A
grupo lala,6914983.02,EUR,OP-801639,11-Jun-2020,N/A,N/A
femsa,493199.12,EUR,OP-883087,2025-07-31,N/A,N/A
grupo méxico,4240857.08,USD,OP-824895,29/07/2016,2020-05-10,1381
CEMEX,656378.79,USD,OP-323016,"April 02, 2025",N/A,N/A
TELMEX,9000262.53,MXN,OP-336165,2016-09-06,23-Mar-2023,2389
CEMEX,1743967.86,USD,OP-501696,18-Sep-2015,"March 04, 2017",533
pemex,3951561.67,USD,OP-367298,07-Mar-2022,N/A,N/A
liverpool,6174771.9,EUR,OP-493479,22-Sep-2019,N/A,N/A
telmex,1843134.33,USD,OP-694182,2022-01-26,N/A,N/A
CEMEX,3764291.67,EUR,OP-855294,2018-03-15,N/A,N/A
ALSEA,8137423.07,EUR,OP-606186,30/03/2022,N/A,N/A
telmex,7842567.13,MXN,OP-818271,"April 26, 2018",16-Dec-2023,2060
cemex,5898860.12,USD,OP-591749,08-Oct-2022,N/A,N/A
LIVERPOOL,4867780.43,MXN,OP-204842,"March 08, 2025",N/A,N/A
SORIANA,5765610.39,MXN,OP-240241,2018-08-11,N/A,N/A
soriana,1954341.58,MXN,OP-202065,2022-07-23,N/A,N/A
liverpool,9207231.79,EUR,OP-952892,"September 30, 2015",27/02/2016,150
américa móvil,2078289.35,USD,OP-821863,08-Aug-2025,N/A,N/A
WALMART DE MÉXICO,4603736.82,MXN,OP-998874,27-Dec-2024,N/A,N/A
BBVA MÉXICO,7929882.32,EUR,OP-503895,05-Nov-2015,N/A,N/A
bbva méxico,8754928.74,EUR,OP-578872,"June 07, 2023",N/A,N/A
grupo carso,6847723.69,USD,OP-756282,05/07/2025,N/A,N/A
BANORTE,2890778.38,EUR,OP-149916,2022-01-16,"January 31, 2022",15
pemex,9605417.5,USD,OP-317265,10-Feb-2021,N/A,N/A
grupo méxico,8519290.53,MXN,OP-849983,2018-06-03,"April 30, 2022",1427
BANORTE,8932710.8,EUR,OP-646810,20/09/2019,N/A,N/A
PEMEX,6216239.79,EUR,OP-714390,"September 14, 2024",N/A,N/A
GRUPO LALA,4366073.89,USD,OP-498461,08-Sep-2019,2025-08-14,2167
SORIANA,7521446.14,EUR,OP-608521,14-Apr-2022,N/A,N/A
PEMEX,370209.99,MXN,OP-730931,14-Feb-2024,2024-07-01,138
CEMEX,3705952.78,MXN,OP-241654,27-Jan-2025,N/A,N/A
grupo carso,9544477.08,EUR,OP-209356,27/07/2025,N/A,N/A
ALSEA,3623359.27,USD,OP-236272,27-Oct-2019,N/A,N/A
américa móvil,575630.16,EUR,OP-927779,2019-09-01,"July 14, 2025",2143
pemex,2573089.5,MXN,OP-712981,20-Aug-2016,"October 11, 2023",2608
SORIANA,4455559.49,MXN,OP-935983,2022-12-25,N/A,N/A
BBVA MÉXICO,8596911.97,MXN,OP-863539,2023-10-28,19/03/2024,143
alsea,4203883.06,MXN,OP-411893,05/01/2019,13/12/2021,957
PEMEX,6308987.59,USD,OP-126289,2016-09-15,13-Apr-2025,3132
GRUPO BIMBO,8462409.83,MXN,OP-707686,17-Sep-2015,N/A,N/A
PEMEX,4945285.77,MXN,OP-299130,10/09/2019,15-Nov-2020,403
telmex,4551002.26,USD,OP-787423,2024-05-13,12/04/2024,205
PEMEX,7179381.11,EUR,OP-180228,2020-02-25,N/A,N/A
walmart de méxico,480983.96,USD,OP-577459,19-Sep-2015,N/A,N/A
bbva méxico,5177011.92,USD,OP-936721,09-Mar-2016,11/01/2017,602
GRUPO MÉXICO,2886913.25,EUR,OP-196844,03-Aug-2024,N/A,N/A
AMÉRICA MÓVIL,2109192.31,MXN,OP-634317,"June 14, 2016",17-Jan-2025,3139
LIVERPOOL,8532442.13,EUR,OP-121958,"May 09, 2019",N/A,N/A
telmex,8980333.66,EUR,OP-900452,30-Oct-2015,28-Jun-2022,2433
TELMEX,3166762.6,MXN,OP-441982,03/05/2025,N/A,N/A
cemex,3998120.95,USD,OP-331989,2023-07-29,N/A,N/A
GRUPO BIMBO,9756543.01,EUR,OP-494306,04-Dec-2023,N/A,N/A
banorte,2691025.57,USD,OP-274335,"November 10, 2019",28/08/2022,1022
BANORTE,9104370.02,MXN,OP-334676,12-Feb-2024,N/A,N/A
alsea,8637642.09,EUR,OP-815734,19-Oct-2022,N/A,N/A
SORIANA,8743506.32,MXN,OP-466451,18-Jul-2024,N/A,N/A
grupo bimbo,3836258.98,MXN,OP-283723,"November 19, 2019",N/A,N/A
liverpool,8941584.71,USD,OP-403841,02-Oct-2021,"September 12, 2022",345
FEMSA,9835788.58,USD,OP-730745,24/02/2018,N/A,N/A
bbva méxico,3812508.21,EUR,OP-617347,2020-06-03,N/A,N/A
alsea,7417358.17,MXN,OP-959097,"August 26, 2015","November 06, 2016",438
WALMART DE MÉXICO,9311731.96,USD,OP-686681,"July 22, 2016","April 14, 2023",2457
GRUPO LALA,839818.34,EUR,OP-651231,30/10/2015,N/A,N/A
bbva méxico,7636122.98,USD,OP-166863,"June 08, 2024",N/A,N/A
soriana,8835492.11,MXN,OP-821055,"April 23, 2017",N/A,N/A
femsa,8885511.46,EUR,OP-226014,2023-10-27,"August 03, 2025",646
CEMEX,8517037.59,MXN,OP-150394,11/06/2025,N/A,N/A
walmart de méxico,3924874.71,EUR,OP-672626,06-Oct-2019,N/A,N/A
grupo méxico,1962235.56,MXN,OP-186751,28/04/2017,"December 14, 2021",1691
grupo lala,8405133.53,USD,OP-320547,29-Mar-2025,N/A,N/A
soriana,9052241.44,EUR,OP-734688,"August 17, 2020",N/A,N/A
femsa,4750987.42,EUR,OP-762197,22-May-2023,N/A,N/A
WALMART DE MÉXICO,5636522.1,EUR,OP-182927,01/02/2025,N/A,N/A
BBVA MÉXICO,3247781.44,USD,OP-761542,2016-01-05,16/07/2021,2019
GRUPO CARSO,4110909.7,MXN,OP-558988,2016-10-13,2019-03-13,881
bbva méxico,4095329.93,EUR,OP-767120,2021-04-21,N/A,N/A
CEMEX,5557738.56,USD,OP-882964,06-Jan-2022,N/A,N/A
CEMEX,605718.74,USD,OP-244415,2024-01-08,N/A,N/A
SORIANA,4252923.72,MXN,OP-959585,"May 01, 2020",N/A,N/A
walmart de méxico,7350628.66,MXN,OP-752864,28/11/2017,2022-12-04,1832
AMÉRICA MÓVIL,6228462.64,EUR,OP-233587,08/09/2022,N/A,N/A
banorte,1249478.25,USD,OP-241841,"December 14, 2016",N/A,N/A
CEMEX,6602937.04,USD,OP-405154,22-Feb-2023,N/A,N/A
GRUPO MÉXICO,1841802.77,MXN,OP-216868,10/07/2022,N/A,N/A
BBVA MÉXICO,9839595.75,EUR,OP-400770,17-Aug-2023,N/A,N/A
GRUPO MÉXICO,2135303.19,MXN,OP-209043,2021-09-25,N/A,N/A
PEMEX,8556792.54,USD,OP-113013,27/11/2022,N/A,N/A
américa móvil,2661141.74,EUR,OP-137241,"March 27, 2016","August 07, 2022",2324
soriana,865739.69,USD,OP-481098,19/09/2023,N/A,N/A
américa móvil,6317736.57,USD,OP-579812,13-Sep-2018,22-Mar-2021,921
FEMSA,8470142.16,EUR,OP-969456,2019-06-26,08-Jul-2022,1108
ALSEA,4695353.45,USD,OP-172335,19/10/2018,N/A,N/A
LIVERPOOL,6541237.82,EUR,OP-574174,"September 12, 2022",N/A,N/A
CEMEX,2673947.46,EUR,OP-159998,25/02/2024,18/11/2024,267
ALSEA,5485821.94,MXN,OP-360855,2019-04-10,N/A,N/A
banorte,4920429.52,USD,OP-460352,13-Nov-2021,N/A,N/A
GRUPO CARSO,8664599.64,MXN,OP-288417,12-Oct-2015,"November 05, 2015",24
BBVA MÉXICO,4623912.48,EUR,OP-427863,18-Aug-2020,"March 03, 2021",197
FEMSA,5691218.57,MXN,OP-351465,03/07/2022,N/A,N/A
bbva méxico,4159503.61,EUR,OP-101024,12/03/2020,N/A,N/A
CEMEX,2374661.42,EUR,OP-878211,27-Oct-2024,N/A,N/A
FEMSA,2406210.14,USD,OP-213619,02/01/2020,"May 12, 2025",1927
LIVERPOOL,2502340.92,MXN,OP-838573,14/10/2021,14/09/2022,335
femsa,4562015.05,EUR,OP-785543,26-May-2016,05-Jun-2018,740
GRUPO CARSO,7639616.64,MXN,OP-612535,"February 20, 2018",N/A,N/A
walmart de méxico,9060850.78,MXN,OP-322972,"November 08, 2019",N/A,N/A
FEMSA,1989387.17,MXN,OP-733738,2019-05-27,N/A,N/A
FEMSA,5492848.71,EUR,OP-173324,19-Jul-2025,N/A,N/A
bbva méxico,7975331.32,MXN,OP-109763,12/11/2020,"August 06, 2023",968
américa móvil,2525184.34,EUR,OP-836126,2024-10-19,N/A,N/A
PEMEX,3832111.97,USD,OP-544100,07-Apr-2018,2022-05-07,1491
grupo lala,498668.99,EUR,OP-503134,15/06/2025,N/A,N/A
soriana,5839714.51,USD,OP-828218,17/01/2022,N/A,N/A
soriana,8632443.88,MXN,OP-655452,2021-05-28,25-Jul-2025,1519
grupo carso,801330.17,MXN,OP-717312,04/07/2022,29-May-2024,783
grupo lala,2453468.31,USD,OP-924777,"October 08, 2015",N/A,N/A
liverpool,7743561.02,MXN,OP-318637,"October 03, 2015",N/A,N/A
GRUPO CARSO,1664297.64,EUR,OP-778609,2018-12-02,N/A,N/A
ALSEA,3615798.93,MXN,OP-735339,23-May-2019,03-Feb-2021,622
PEMEX,3193481.33,USD,OP-153969,"July 12, 2025",N/A,N/A
soriana,1826792.92,EUR,OP-276477,31-Oct-2021,N/A,N/A
BANORTE,4392449.89,EUR,OP-284987,09-Jun-2023,N/A,N/A
walmart de méxico,386616.2,USD,OP-440718,2019-06-25,N/A,N/A
GRUPO MÉXICO,3294031.4,MXN,OP-972540,17/07/2023,N/A,N/A
grupo lala,5334009.71,MXN,OP-517839,"March 22, 2022",N/A,N/A
AMÉRICA MÓVIL,5108527.82,MXN,OP-560178,21-Apr-2021,N/A,N/A
WALMART DE MÉXICO,8806342.27,USD,OP-942976,26/07/2019,"August 28, 2020",399
FEMSA,6416794.01,MXN,OP-371432,30-Nov-2018,N/A,N/A
banorte,3196480.98,MXN,OP-820291,"September 15, 2024",18-Sep-2024,3
banorte,6854073.71,USD,OP-900824,23-Sep-2017,N/A,N/A
TELMEX,5047504.93,MXN,OP-181046,"October 05, 2024",N/A,N/A
bbva méxico,804104.59,USD,OP-599536,13-Oct-2020,09-Jan-2022,453
walmart de méxico,5397987.37,USD,OP-480368,28/04/2016,"July 20, 2017",448
GRUPO BIMBO,1422656.41,USD,OP-115609,2018-09-05,"May 07, 2024",2071
GRUPO BIMBO,7095621.9,USD,OP-791257,23-Dec-2021,N/A,N/A
WALMART DE MÉXICO,8617817.44,USD,OP-600623,02/04/2024,N/A,N/A
GRUPO BIMBO,2695053.0,MXN,OP-198189,23/01/2021,26-Jul-2023,914
grupo lala,1648300.06,USD,OP-751358,04-Jan-2025,N/A,N/A
grupo bimbo,4450838.39,USD,OP-236404,"August 04, 2021",N/A,N/A
CEMEX,6814223.09,MXN,OP-943811,2016-09-30,14/10/2020,1475
américa móvil,7935475.74,EUR,OP-840099,2020-12-09,N/A,N/A
grupo bimbo,6188574.43,EUR,OP-662160,"August 22, 2018","June 24, 2022",1402
ALSEA,5337991.67,USD,OP-949372,2015-11-18,N/A,N/A
WALMART DE MÉXICO,2076841.77,EUR,OP-645283,2017-04-17,N/A,N/A
ALSEA,1146653.14,EUR,OP-360991,2021-01-21,N/A,N/A
soriana,1557538.28,EUR,OP-329745,03-Jun-2021,"April 19, 2025",1416
grupo carso,2690241.46,MXN,OP-767582,06/08/2025,N/A,N/A
WALMART DE MÉXICO,6425887.64,USD,OP-778623,15/09/2021,N/A,N/A
FEMSA,8165240.88,USD,OP-572671,18/01/2017,N/A,N/A
GRUPO LALA,7423310.24,USD,OP-282217,2022-03-27,22/12/2023,635
soriana,5308275.93,USD,OP-936953,"September 02, 2016",N/A,N/A
GRUPO CARSO,3961827.7,MXN,OP-708379,31/03/2017,N/A,N/A
américa móvil,2739289.41,MXN,OP-509005,06-Oct-2018,"June 16, 2025",2445
PEMEX,9725327.35,USD,OP-832105,"January 26, 2020",N/A,N/A
GRUPO LALA,6678710.1,USD,OP-893438,"December 24, 2024",N/A,N/A
WALMART DE MÉXICO,6300368.89,MXN,OP-714128,2024-06-10,N/A,N/A
walmart de méxico,2523164.38,USD,OP-669503,2019-06-09,N/A,N/A
banorte,5391100.27,MXN,OP-709190,2016-02-02,N/A,N/A
PEMEX,4364294.81,USD,OP-416708,"October 01, 2022","April 03, 2024",550
femsa,7816977.86,EUR,OP-382223,"February 21, 2020",N/A,N/A
walmart de méxico,2677498.01,EUR,OP-776857,"June 27, 2025",N/A,N/A
soriana,3567089.17,EUR,OP-478478,"January 12, 2017",N/A,N/A
grupo carso,8338236.19,MXN,OP-563949,04-May-2017,20/11/2019,930
walmart de méxico,948015.75,EUR,OP-578077,"March 04, 2018",N/A,N/A
ALSEA,5184586.94,USD,OP-286843,2016-08-09,N/A,N/A
BBVA MÉXICO,6988097.95,USD,OP-303972,17-Aug-2025,N/A,N/A
soriana,5585803.05,MXN,OP-243118,18/08/2022,N/A,N/A
walmart de méxico,2847508.95,EUR,OP-584362,28/02/2021,N/A,N/A
GRUPO CARSO,6115168.95,EUR,OP-232475,2017-10-24,2019-03-17,509
AMÉRICA MÓVIL,1999826.28,MXN,OP-288821,25/02/2021,N/A,N/A
FEMSA,2538874.8,EUR,OP-883274,25-Apr-2024,N/A,N/A
femsa,3395355.28,MXN,OP-182735,25/09/2021,N/A,N/A
SORIANA,8809733.21,EUR,OP-541638,05-Sep-2016,N/A,N/A
PEMEX,7651484.21,USD,OP-804458,08/03/2018,24/10/2019,447
BBVA MÉXICO,4161246.65,MXN,OP-708481,16/08/2017,03-Feb-2024,2362
LIVERPOOL,7880424.87,MXN,OP-598679,2019-12-12,N/A,N/A
femsa,2230433.74,USD,OP-207393,"July 26, 2017",2017-11-17,114
GRUPO LALA,876609.4,EUR,OP-150626,28-Mar-2016,09-Dec-2023,2812
WALMART DE MÉXICO,1385339.48,USD,OP-550081,"November 23, 2016",13-Nov-2021,1816
pemex,1591691.34,USD,OP-393361,29-Jul-2020,"February 10, 2021",196
femsa,8140723.38,MXN,OP-300811,"November 30, 2023",N/A,N/A
GRUPO MÉXICO,2962269.69,USD,OP-679017,15/02/2023,N/A,N/A
WALMART DE MÉXICO,5895625.76,USD,OP-576230,23-Dec-2024,N/A,N/A
grupo lala,1566024.65,USD,OP-557860,2022-07-26,N/A,N/A
telmex,5593279.8,USD,OP-646253,09-Jun-2023,N/A,N/A
LIVERPOOL,7032918.58,MXN,OP-710170,"February 03, 2017",04/05/2022,1887
liverpool,7944509.88,EUR,OP-572592,2020-07-28,N/A,N/A
FEMSA,3189949.72,EUR,OP-263551,"September 18, 2021",2022-04-17,211
BANORTE,2908039.75,MXN,OP-236435,09/09/2024,N/A,N/A
banorte,8652048.56,MXN,OP-303063,2015-09-20,12/07/2019,1539
soriana,6745614.84,USD,OP-350325,03-Jan-2024,N/A,N/A
GRUPO LALA,7151739.12,EUR,OP-690210,2016-11-25,2020-12-25,1491
GRUPO CARSO,3917160.84,MXN,OP-314354,"May 21, 2019",2022-04-08,1053
GRUPO LALA,1301878.44,MXN,OP-361942,2022-07-25,"July 10, 2023",350
femsa,1409348.83,MXN,OP-285901,"September 07, 2019",N/A,N/A
AMÉRICA MÓVIL,5951831.89,EUR,OP-915464,"March 31, 2024",N/A,N/A
grupo lala,556169.65,MXN,OP-693138,27/06/2024,N/A,N/A
LIVERPOOL,3423460.25,EUR,OP-717938,13/10/2023,"December 14, 2023",62
GRUPO MÉXICO,648455.43,MXN,OP-477919,"November 27, 2015","June 21, 2020",1668
FEMSA,2659199.92,EUR,OP-827885,2023-12-11,N/A,N/A
walmart de méxico,7335744.9,MXN,OP-498554,"October 12, 2022",N/A,N/A
walmart de méxico,2029727.57,USD,OP-622804,"February 03, 2019",N/A,N/A
soriana,9380253.24,MXN,OP-839007,22-May-2023,N/A,N/A
cemex,9254099.28,MXN,OP-158785,18/11/2020,2023-03-14,846
BBVA MÉXICO,2227437.85,USD,OP-508117,2024-12-05,N/A,N/A
pemex,9137886.56,EUR,OP-866465,22/05/2023,N/A,N/A
BANORTE,5710853.74,USD,OP-114743,30-Jul-2021,N/A,N/A
bbva méxico,3699129.38,EUR,OP-177127,2019-09-08,N/A,N/A
GRUPO LALA,3230290.59,EUR,OP-160851,2024-01-17,N/A,N/A
pemex,776828.37,USD,OP-591582,2021-12-14,N/A,N/A
femsa,8126243.99,USD,OP-795510,09-Aug-2021,N/A,N/A
cemex,877516.52,EUR,OP-305267,2017-12-20,"November 30, 2024",2537
BBVA MÉXICO,6745012.34,USD,OP-955366,31/01/2018,21-Mar-2023,1875
grupo bimbo,146602.85,USD,OP-448934,2023-08-18,N/A,N/A
cemex,6510616.51,MXN,OP-293716,"January 29, 2019",24-Jun-2022,1242
alsea,3343045.83,MXN,OP-124679,2016-11-22,2018-04-27,521
GRUPO MÉXICO,1137443.59,EUR,OP-718020,12/12/2019,N/A,N/A
bbva méxico,8356088.57,USD,OP-973426,28-Aug-2015,N/A,N/A
grupo méxico,866245.4,USD,OP-389130,01/04/2017,N/A,N/A
femsa,7663358.29,USD,OP-938116,06/02/2018,N/A,N/A
GRUPO CARSO,5910819.54,USD,OP-659694,09/10/2018,06/07/2023,1731
GRUPO LALA,1046238.48,EUR,OP-100744,27/04/2017,"September 19, 2019",875
GRUPO LALA,2169303.66,USD,OP-804841,22/04/2017,23/05/2019,761
TELMEX,6275084.3,USD,OP-324001,14/12/2024,N/A,N/A
BBVA MÉXICO,7096535.84,MXN,OP-618780,2024-11-16,2025-08-06,263
grupo lala,2457590.88,EUR,OP-198330,03/07/2017,N/A,N/A
BANORTE,3168778.68,USD,OP-881972,2022-01-04,25-Aug-2025,1329
américa móvil,5674463.6,MXN,OP-321101,21/03/2019,"April 15, 2019",25
femsa,4959992.53,USD,OP-739555,16-Dec-2024,N/A,N/A
liverpool,3792835.59,MXN,OP-996916,04-Jun-2023,24-Aug-2024,447
ALSEA,4833480.79,USD,OP-292146,"September 15, 2015",06-Mar-2023,2729
FEMSA,2435041.21,MXN,OP-226867,"June 20, 2020",2024-01-12,1301
CEMEX,5813413.36,MXN,OP-805475,23/07/2016,2016-10-11,80
BBVA MÉXICO,7549787.4,MXN,OP-351744,"July 30, 2023",N/A,N/A
FEMSA,1989764.6,EUR,OP-141628,08-Nov-2024,N/A,N/A
pemex,710978.45,MXN,OP-837550,14-Nov-2021,"May 19, 2025",1282
telmex,1275183.01,USD,OP-749153,2018-03-25,"November 15, 2019",600
telmex,9777716.27,MXN,OP-279517,15/05/2022,"August 12, 2024",820
FEMSA,2910625.54,USD,OP-373379,"March 20, 2018",01-Apr-2020,743
SORIANA,2986522.85,USD,OP-563908,12-Sep-2019,2020-04-11,212
banorte,1468262.85,EUR,OP-816927,"January 05, 2018","January 08, 2021",1099
TELMEX,9396278.52,MXN,OP-225376,"April 21, 2023",2024-02-27,312
walmart de méxico,1470791.59,EUR,OP-861428,27-Sep-2019,N/A,N/A
cemex,6996631.08,MXN,OP-130222,2021-06-23,N/A,N/A
femsa,6101485.85,EUR,OP-947169,"October 19, 2017",N/A,N/A
GRUPO LALA,2079145.22,EUR,OP-805070,"July 20, 2025",N/A,N/A
grupo carso,2303500.12,USD,OP-119100,20/01/2024,N/A,N/A
FEMSA,900755.54,MXN,OP-808130,"November 07, 2021",23-Apr-2022,167
GRUPO CARSO,4666825.82,MXN,OP-509862,06-Mar-2020,N/A,N/A
LIVERPOOL,3149850.75,USD,OP-132842,28-Jul-2023,N/A,N/A
GRUPO LALA,8356880.07,USD,OP-260473,07/03/2025,N/A,N/A
GRUPO MÉXICO,7809081.64,EUR,OP-696399,04-Mar-2017,"April 08, 2025",2957
grupo carso,9454810.77,MXN,OP-179519,03-Sep-2020,2023-08-01,1062
alsea,9809861.34,USD,OP-907095,2021-09-28,N/A,N/A
bbva méxico,8865719.94,MXN,OP-563222,2021-03-01,N/A,N/A
femsa,647145.5,EUR,OP-809505,04-Jan-2017,05-Oct-2019,1004
TELMEX,8406445.5,MXN,OP-503450,02/02/2024,N/A,N/A
BBVA MÉXICO,5417862.06,MXN,OP-546093,2018-08-24,N/A,N/A
femsa,2496386.9,MXN,OP-299020,05/06/2025,N/A,N/A
liverpool,2634809.92,MXN,OP-810748,29/02/2020,N/A,N/A
banorte,2475310.96,MXN,OP-777403,20-Mar-2023,N/A,N/A
grupo méxico,5153617.7,EUR,OP-877030,21-Nov-2020,N/A,N/A
PEMEX,8537037.89,USD,OP-925462,"April 30, 2022",N/A,N/A
grupo bimbo,5550045.27,EUR,OP-227973,07-Jun-2017,07-Sep-2018,457
grupo méxico,4181346.25,USD,OP-185902,"March 07, 2016",2022-02-26,2182
cemex,2296785.35,MXN,OP-895241,"October 09, 2018","January 05, 2024",1914
liverpool,1408248.79,MXN,OP-946761,22/12/2016,08/09/2021,1691
grupo lala,5692937.87,USD,OP-152525,02-Sep-2018,N/A,N/A
CEMEX,2278060.46,MXN,OP-723385,2019-07-01,N/A,N/A
banorte,534966.53,USD,OP-330903,22/03/2018,2025-06-27,2654
AMÉRICA MÓVIL,7335683.83,USD,OP-414533,2018-04-11,22-Feb-2019,317
cemex,3385197.97,USD,OP-171474,"March 08, 2023",N/A,N/A
grupo carso,8818931.64,EUR,OP-365628,06-Jun-2023,N/A,N/A
liverpool,9791842.39,USD,OP-715188,"February 03, 2022",N/A,N/A
GRUPO BIMBO,8207646.11,USD,OP-995139,"September 03, 2018",2023-02-22,1633
AMÉRICA MÓVIL,1382520.04,USD,OP-662124,08-Sep-2016,N/A,N/A
GRUPO BIMBO,4929745.18,USD,OP-936759,"May 11, 2023",N/A,N/A
pemex,470608.62,EUR,OP-749066,"November 01, 2017","July 02, 2021",1339
banorte,1671541.97,MXN,OP-772120,14-Jun-2019,N/A,N/A
banorte,222711.05,EUR,OP-460031,2020-01-05,21/10/2022,1020
pemex,7245254.87,USD,OP-471296,2024-07-29,N/A,N/A
FEMSA,4338119.1,USD,OP-582391,25-Mar-2023,N/A,N/A
cemex,1418520.23,MXN,OP-713936,"July 09, 2024",N/A,N/A
liverpool,7833067.61,USD,OP-716404,"March 05, 2025",N/A,N/A
WALMART DE MÉXICO,9845977.64,USD,OP-707714,09/04/2020,N/A,N/A
BBVA MÉXICO,4747317.17,MXN,OP-898016,"January 31, 2021",12/01/2023,1034
cemex,5356206.08,EUR,OP-595143,"December 01, 2019",N/A,N/A
cemex,8558019.65,USD,OP-249644,2024-10-16,N/A,N/A
pemex,4131645.55,USD,OP-996249,2017-01-22,06-Nov-2023,2479
PEMEX,6206570.66,EUR,OP-911150,12-May-2018,N/A,N/A
cemex,2676658.23,EUR,OP-314072,08-May-2025,N/A,N/A
ALSEA,4114775.67,EUR,OP-360404,"December 14, 2015",2020-01-24,1502
walmart de méxico,1566067.54,EUR,OP-679411,"November 22, 2024",N/A,N/A
liverpool,5364750.95,MXN,OP-102836,29-Mar-2019,"October 09, 2020",560
pemex,4292644.15,MXN,OP-700059,2020-04-01,N/A,N/A
ALSEA,5589846.22,EUR,OP-938969,01/12/2015,17-Jul-2024,3474
CEMEX,5576535.92,MXN,OP-542409,19-Sep-2021,N/A,N/A
grupo méxico,9610601.4,USD,OP-858894,"July 30, 2018",N/A,N/A
grupo méxico,9412764.15,MXN,OP-748115,2017-07-01,01-Jun-2018,335
walmart de méxico,1625248.94,MXN,OP-879208,10-Sep-2016,2018-03-07,543
WALMART DE MÉXICO,5885269.18,MXN,OP-229298,28-Nov-2018,N/A,N/A
WALMART DE MÉXICO,5501582.16,MXN,OP-466373,2022-11-04,N/A,N/A
TELMEX,226077.49,USD,OP-409517,2019-08-24,14-Apr-2023,1329
telmex,5604093.78,EUR,OP-678038,"May 30, 2016",N/A,N/A
grupo carso,2004137.17,EUR,OP-681024,2021-10-09,05/03/2025,1302
banorte,5621004.38,EUR,OP-472699,"October 06, 2016",N/A,N/A
walmart de méxico,484539.6,MXN,OP-472061,"July 27, 2016",25/07/2017,363
liverpool,8046663.14,USD,OP-797216,2017-12-17,N/A,N/A
PEMEX,2973983.37,EUR,OP-880558,20/02/2016,N/A,N/A
TELMEX,4221074.32,MXN,OP-227040,2022-12-12,N/A,N/A
AMÉRICA MÓVIL,5585585.71,EUR,OP-186516,"August 20, 2017",N/A,N/A
BANORTE,6989993.01,EUR,OP-791284,"May 25, 2016",01/11/2023,2422
BBVA MÉXICO,3658796.46,USD,OP-680813,"April 08, 2025",N/A,N/A
PEMEX,8018363.83,EUR,OP-174939,"September 05, 2015",2020-07-23,1783
LIVERPOOL,4804735.08,EUR,OP-308194,2017-02-23,N/A,N/A
FEMSA,4880694.53,EUR,OP-274501,30-Aug-2021,"February 05, 2024",889
PEMEX,2256648.8,USD,OP-102928,2022-04-13,N/A,N/A
ALSEA,6971738.41,EUR,OP-292843,2018-05-31,13-Jan-2021,958
TELMEX,7663362.86,USD,OP-953343,"May 03, 2016",19/01/2019,991
soriana,8595845.02,EUR,OP-126882,28-Apr-2017,19/12/2020,1331
grupo bimbo,3408515.59,EUR,OP-421992,"January 30, 2019",N/A,N/A
pemex,5957393.07,MXN,OP-317446,"August 04, 2023",N/A,N/A
FEMSA,813333.02,MXN,OP-888090,2024-07-26,N/A,N/A
grupo méxico,397076.61,EUR,OP-702584,21-Sep-2023,N/A,N/A
GRUPO LALA,5039696.02,EUR,OP-346030,"January 31, 2024",N/A,N/A
CEMEX,8164056.08,USD,OP-257926,"December 17, 2020",N/A,N/A
GRUPO MÉXICO,4149170.87,EUR,OP-671569,09-Nov-2019,N/A,N/A
walmart de méxico,4048240.31,EUR,OP-653344,"November 24, 2023",N/A,N/A
BANORTE,5526287.37,MXN,OP-555691,30-Sep-2016,2021-07-18,1752
américa móvil,6415088.41,USD,OP-293227,21-May-2025,N/A,N/A
banorte,8204770.66,MXN,OP-746961,01/12/2015,25/01/2016,378
ALSEA,618231.54,MXN,OP-855103,26-Oct-2022,N/A,N/A
PEMEX,4674048.84,EUR,OP-308867,12-Sep-2018,2023-09-21,1835
grupo bimbo,3964494.86,USD,OP-751360,23-Feb-2021,N/A,N/A
grupo bimbo,4645539.32,USD,OP-321828,"January 24, 2021",08-Jun-2021,135
femsa,9168076.92,USD,OP-408011,2025-06-30,N/A,N/A
GRUPO MÉXICO,6562115.71,EUR,OP-939588,23-Aug-2016,29/06/2025,3232
telmex,8507774.09,USD,OP-724636,26-Jun-2025,N/A,N/A
ALSEA,3898173.97,MXN,OP-406917,28/06/2023,N/A,N/A
GRUPO LALA,7964524.27,USD,OP-284455,2024-08-30,N/A,N/A
telmex,294014.92,EUR,OP-207478,18-Jul-2017,"July 17, 2021",1460
américa móvil,5820288.13,USD,OP-517545,10/11/2024,N/A,N/A
soriana,955418.37,MXN,OP-711329,2021-09-07,N/A,N/A
pemex,8395915.29,MXN,OP-304638,"November 06, 2017",N/A,N/A
WALMART DE MÉXICO,3083155.25,MXN,OP-436929,25/12/2017,16-Nov-2021,1422
BBVA MÉXICO,9525391.18,MXN,OP-821866,02/04/2024,03-Apr-2024,59
banorte,1331290.91,MXN,OP-363247,12/07/2021,07/05/2024,941
BBVA MÉXICO,8532154.02,EUR,OP-157883,2021-11-24,N/A,N/A
femsa,121663.33,MXN,OP-480122,02-Jun-2023,N/A,N/A
bbva méxico,5491641.72,MXN,OP-144824,08-Nov-2017,01/07/2021,1156
BBVA MÉXICO,9270087.16,MXN,OP-159680,12-Jun-2025,N/A,N/A
FEMSA,2617584.64,USD,OP-117367,"January 24, 2025",N/A,N/A
WALMART DE MÉXICO,3021308.86,MXN,OP-890250,21/04/2025,N/A,N/A
GRUPO LALA,6471156.33,USD,OP-628611,30/03/2016,N/A,N/A
grupo bimbo,4206064.74,MXN,OP-861879,20-Mar-2016,N/A,N/A
soriana,3842685.76,USD,OP-421427,14-Mar-2023,N/A,N/A
FEMSA,6699562.55,EUR,OP-272772,"July 01, 2017",N/A,N/A
CEMEX,4107354.26,EUR,OP-369335,31/05/2021,N/A,N/A
SORIANA,4583533.05,EUR,OP-239770,30-Mar-2025,N/A,N/A
GRUPO MÉXICO,2477560.82,MXN,OP-121125,19/05/2021,N/A,N/A
PEMEX,2558799.71,EUR,OP-282719,2019-05-07,N/A,N/A
grupo carso,659470.61,MXN,OP-261316,11-Apr-2024,17-Sep-2024,159
GRUPO CARSO,697749.81,MXN,OP-255489,"September 24, 2021",N/A,N/A
telmex,4809316.01,EUR,OP-650186,2023-10-21,N/A,N/A
soriana,2111300.24,MXN,OP-529276,"August 03, 2016",30/11/2024,3041
grupo méxico,6918092.48,MXN,OP-653970,23-Feb-2016,N/A,N/A
banorte,4145141.82,EUR,OP-484504,"June 16, 2018",20-Apr-2021,1039
cemex,5358426.25,EUR,OP-693656,"November 08, 2019",N/A,N/A
bbva méxico,4972336.87,EUR,OP-656982,2025-04-08,N/A,N/A
BANORTE,5420989.66,MXN,OP-491001,2020-07-29,N/A,N/A
grupo lala,6326362.93,EUR,OP-649856,2018-11-28,18-Aug-2024,2090
grupo lala,2878694.85,EUR,OP-309635,"December 06, 2021",N/A,N/A
banorte,8593317.04,USD,OP-328946,2020-03-25,"April 06, 2021",377
pemex,562757.44,MXN,OP-408056,2022-05-19,N/A,N/A
telmex,7610427.94,MXN,OP-986746,"October 29, 2021","February 18, 2024",842
LIVERPOOL,9844679.73,USD,OP-308299,2022-10-16,N/A,N/A
WALMART DE MÉXICO,1169923.07,USD,OP-782592,"May 06, 2019","November 09, 2024",2014
TELMEX,419890.14,EUR,OP-570297,2022-09-11,23-Jul-2023,315
PEMEX,8242963.39,MXN,OP-263101,24/07/2024,N/A,N/A
walmart de méxico,2388537.69,USD,OP-926856,"December 29, 2019",2022-11-20,1057
walmart de méxico,8905441.92,MXN,OP-757218,2021-03-09,N/A,N/A
soriana,4024135.35,USD,OP-878347,2016-03-31,10/11/2017,559
PEMEX,5935477.26,MXN,OP-880875,2019-01-30,N/A,N/A
américa móvil,5270842.34,MXN,OP-373674,2020-02-18,N/A,N/A
soriana,4142173.63,MXN,OP-458337,"January 23, 2018",11/06/2025,2844
telmex,4667813.6,MXN,OP-229246,"January 29, 2020",N/A,N/A
liverpool,3492093.49,USD,OP-324972,2021-02-17,01-Jul-2024,1230
BANORTE,6204175.05,USD,OP-458638,27-Jan-2019,N/A,N/A
grupo bimbo,5213673.47,MXN,OP-259074,13-Dec-2018,N/A,N/A
alsea,4666135.74,MXN,OP-410787,2018-07-12,27-Mar-2022,1354
alsea,7338426.27,EUR,OP-319875,2016-05-06,30/03/2023,2519
pemex,7510563.87,EUR,OP-262562,06/11/2022,2024-08-27,808
GRUPO CARSO,9487042.6,EUR,OP-739611,11-Feb-2019,2020-02-01,355
bbva méxico,325453.23,MXN,OP-936899,"September 24, 2024",N/A,N/A
WALMART DE MÉXICO,1344741.41,MXN,OP-919399,2020-05-18,"December 11, 2024",1668
GRUPO MÉXICO,1042537.44,MXN,OP-430279,04/06/2025,N/A,N/A
PEMEX,7791161.06,MXN,OP-295772,12/08/2018,N/A,N/A
GRUPO BIMBO,2292761.89,USD,OP-954832,"August 27, 2021",2024-02-10,897
LIVERPOOL,7485592.67,EUR,OP-350366,2018-02-24,N/A,N/A
FEMSA,999890.54,EUR,OP-491699,"July 04, 2017",N/A,N/A
LIVERPOOL,1449955.73,EUR,OP-633089,2025-03-16,N/A,N/A
grupo carso,1131989.13,MXN,OP-140304,2019-10-28,01/05/2021,435
telmex,9348329.18,USD,OP-899354,2019-10-29,"December 01, 2022",1129
femsa,3714132.25,USD,OP-743063,"December 26, 2016",N/A,N/A
GRUPO BIMBO,9386174.85,MXN,OP-781688,02-Jun-2016,02/09/2024,2808
alsea,6117852.0,EUR,OP-921985,2022-07-12,N/A,N/A
GRUPO MÉXICO,1082554.21,MXN,OP-215809,"October 26, 2022",N/A,N/A
AMÉRICA MÓVIL,1342773.69,MXN,OP-276602,2025-02-20,N/A,N/A
GRUPO BIMBO,5088193.13,EUR,OP-852458,2021-07-07,12/02/2021,148
FEMSA,8981643.18,USD,OP-897968,12/06/2023,N/A,N/A
GRUPO CARSO,5286948.62,MXN,OP-645079,"June 18, 2024",N/A,N/A
GRUPO CARSO,354538.58,MXN,OP-247001,22-Oct-2020,N/A,N/A
BBVA MÉXICO,3743659.6,MXN,OP-594974,"June 04, 2024",N/A,N/A
alsea,8142011.16,USD,OP-834140,2024-12-25,N/A,N/A
grupo lala,8508075.97,USD,OP-597731,14-Jan-2024,N/A,N/A
pemex,7400307.64,MXN,OP-335861,15-Jul-2024,N/A,N/A
soriana,7627622.13,EUR,OP-744941,2021-12-16,N/A,N/A
grupo méxico,384611.64,EUR,OP-332282,05/04/2022,06/06/2022,33
cemex,2871804.62,USD,OP-599319,08/02/2018,27-Jan-2022,1274
grupo méxico,8818676.5,EUR,OP-165321,12/05/2016,"November 09, 2018",704
TELMEX,5632194.36,USD,OP-896208,22/11/2020,N/A,N/A
ALSEA,6781149.64,EUR,OP-736451,27/06/2022,N/A,N/A
grupo carso,4218332.94,MXN,OP-591539,2022-10-07,N/A,N/A
liverpool,5216291.54,MXN,OP-230401,2023-04-19,N/A,N/A
femsa,1847000.91,MXN,OP-172287,2024-04-16,N/A,N/A
grupo carso,8601204.89,MXN,OP-811304,21-Jan-2023,N/A,N/A
AMÉRICA MÓVIL,9535374.21,MXN,OP-309206,2018-09-08,N/A,N/A
TELMEX,2904736.73,USD,OP-513572,"May 08, 2016",05/04/2019,1091
soriana,8209396.41,USD,OP-765444,"November 07, 2015","May 07, 2020",1643
grupo méxico,4077764.94,EUR,OP-189164,05-Jun-2016,04-Oct-2016,121
bbva méxico,2319310.22,USD,OP-533893,2018-11-05,2024-12-04,2221
LIVERPOOL,4330700.26,USD,OP-974549,"December 17, 2016","March 07, 2025",3002
GRUPO CARSO,2800746.37,MXN,OP-407049,"September 09, 2022",13-Aug-2024,704
walmart de méxico,7930787.74,USD,OP-691549,08-Aug-2023,N/A,N/A
alsea,8878837.88,MXN,OP-474121,"May 30, 2017",N/A,N/A
ALSEA,4789463.3,EUR,OP-146497,08-Dec-2023,N/A,N/A
GRUPO LALA,9629717.15,USD,OP-295737,"June 06, 2019",15-Oct-2022,1227
cemex,6937372.87,MXN,OP-553739,09-Jan-2025,N/A,N/A
bbva méxico,656844.51,EUR,OP-516424,13-Dec-2022,N/A,N/A
telmex,124581.08,USD,OP-400703,03/05/2020,2023-08-16,1259
PEMEX,953110.98,USD,OP-751807,02-Aug-2025,N/A,N/A
grupo méxico,6778858.33,MXN,OP-668916,24/04/2025,N/A,N/A
TELMEX,6069630.51,USD,OP-940835,2023-06-25,N/A,N/A
femsa,6146715.47,EUR,OP-377121,29/05/2020,N/A,N/A
grupo méxico,3185156.01,USD,OP-372870,09-Aug-2019,N/A,N/A
grupo carso,4079234.18,USD,OP-580119,25-Jan-2022,N/A,N/A
GRUPO LALA,2638938.07,MXN,OP-969987,"May 05, 2021",N/A,N/A
soriana,6181886.46,MXN,OP-994107,"June 30, 2023",N/A,N/A
soriana,9329530.93,EUR,OP-736277,"July 05, 2023",N/A,N/A
GRUPO BIMBO,7362015.99,EUR,OP-266685,12/08/2017,11/12/2020,1070
pemex,6644555.07,EUR,OP-204905,24/12/2022,N/A,N/A
ALSEA,7689655.45,EUR,OP-139560,07-Apr-2024,N/A,N/A
BBVA MÉXICO,8495027.97,MXN,OP-384866,12/11/2023,N/A,N/A
cemex,9876198.01,EUR,OP-129288,2018-11-08,N/A,N/A
américa móvil,7262238.02,EUR,OP-702067,"September 01, 2023",21-Jan-2025,508
GRUPO CARSO,1434858.78,USD,OP-302726,"December 18, 2024",N/A,N/A
PEMEX,9835325.48,MXN,OP-384930,20-Jan-2023,N/A,N/A
alsea,1400022.58,MXN,OP-657982,17/11/2018,25-Jul-2020,616
WALMART DE MÉXICO,6254380.73,USD,OP-663966,"November 19, 2023",N/A,N/A
bbva méxico,1363190.31,USD,OP-769046,28-Nov-2016,01-Oct-2020,1403
américa móvil,9267940.04,MXN,OP-557177,"December 13, 2017","July 29, 2025",2785
bbva méxico,7009414.17,MXN,OP-854680,31-Jul-2020,N/A,N/A
GRUPO BIMBO,1682845.29,USD,OP-640525,26-Mar-2016,N/A,N/A
ALSEA,2904595.46,MXN,OP-602340,24/01/2021,N/A,N/A
grupo bimbo,1588447.94,USD,OP-399840,29-Jun-2021,N/A,N/A
BBVA MÉXICO,5371297.6,USD,OP-500542,2018-06-26,N/A,N/A
ALSEA,1326456.75,EUR,OP-846727,"June 09, 2022",2023-04-13,308
GRUPO MÉXICO,4405617.09,USD,OP-409471,07-Dec-2017,N/A,N/A
walmart de méxico,9644737.12,MXN,OP-614830,09-Dec-2016,04-Jan-2023,2217
banorte,2204174.37,MXN,OP-927655,"July 14, 2024",N/A,N/A
SORIANA,5152449.02,EUR,OP-237004,22-May-2016,16/01/2024,2795
LIVERPOOL,7422863.84,MXN,OP-812979,07/01/2016,"April 21, 2021",1755
grupo lala,2268692.62,MXN,OP-513529,04-May-2025,N/A,N/A
grupo bimbo,7791075.38,MXN,OP-131788,"June 16, 2025",N/A,N/A
grupo lala,7079002.87,MXN,OP-221316,24/12/2015,N/A,N/A
telmex,8480062.62,USD,OP-597028,10-Jul-2019,N/A,N/A
GRUPO CARSO,9377181.67,MXN,OP-866911,"November 16, 2022",N/A,N/A
GRUPO CARSO,5798386.19,EUR,OP-904777,"June 24, 2016",N/A,N/A
FEMSA,9544901.05,USD,OP-931003,2019-01-09,N/A,N/A
AMÉRICA MÓVIL,6942724.39,MXN,OP-396923,"June 29, 2017",2023-03-03,2073
grupo lala,1166495.1,USD,OP-292188,29-Aug-2022,"April 15, 2023",229
WALMART DE MÉXICO,505757.16,USD,OP-707701,2020-02-28,N/A,N/A
CEMEX,9595216.51,MXN,OP-565209,16/07/2023,N/A,N/A
GRUPO BIMBO,2746528.99,EUR,OP-942280,09-Jul-2022,N/A,N/A
grupo lala,6653231.58,MXN,OP-541314,16/09/2016,N/A,N/A
grupo bimbo,6101823.2,USD,OP-950316,04-Aug-2024,N/A,N/A
femsa,4080586.75,USD,OP-791630,2022-12-20,N/A,N/A
grupo méxico,7970785.52,MXN,OP-641991,09-Aug-2019,N/A,N/A
américa móvil,2539930.43,EUR,OP-583898,"March 14, 2024",N/A,N/A
WALMART DE MÉXICO,5380760.04,USD,OP-597144,22-Jul-2016,N/A,N/A
ALSEA,6285884.93,USD,OP-325180,2024-05-25,N/A,N/A
banorte,6701882.04,EUR,OP-967045,02-Oct-2022,N/A,N/A
grupo carso,7518598.03,MXN,OP-803137,2024-07-09,N/A,N/A
GRUPO MÉXICO,2801182.26,USD,OP-290456,04/12/2015,18/01/2024,3203
SORIANA,3278529.92,MXN,OP-300083,17/04/2017,22/01/2019,645
grupo carso,8461020.93,MXN,OP-838349,"May 31, 2022",N/A,N/A
AMÉRICA MÓVIL,4991422.19,USD,OP-174578,2021-03-30,N/A,N/A
GRUPO BIMBO,892444.0,MXN,OP-351917,2025-06-19,N/A,N/A
grupo bimbo,4710588.02,MXN,OP-488495,20-Nov-2022,N/A,N/A
telmex,1106645.98,USD,OP-146928,16-Nov-2021,N/A,N/A
grupo carso,2503575.81,EUR,OP-607976,09-May-2024,N/A,N/A
FEMSA,1016538.08,MXN,OP-535724,2022-02-16,N/A,N/A
grupo bimbo,4169433.15,MXN,OP-263750,26/02/2019,2024-07-26,1977
SORIANA,5424240.57,USD,OP-705551,"August 20, 2017",18/02/2023,2008
grupo lala,2864609.46,USD,OP-968278,21-May-2018,03-Feb-2019,258
GRUPO CARSO,7805941.38,USD,OP-987874,"April 23, 2016",16-Jul-2017,449
grupo lala,2951562.77,USD,OP-756007,2016-04-03,N/A,N/A
LIVERPOOL,396452.78,USD,OP-849662,17-Aug-2016,03/11/2019,936
américa móvil,8725915.96,EUR,OP-513193,2021-02-28,"March 10, 2021",10
pemex,3747131.71,USD,OP-575761,08/05/2023,N/A,N/A
CEMEX,1688895.54,USD,OP-437360,18-Mar-2018,N/A,N/A
BBVA MÉXICO,7140384.92,EUR,OP-938424,30-May-2017,15/01/2023,2056
alsea,4151826.25,MXN,OP-400215,28-May-2017,27/08/2020,1187
TELMEX,8359895.26,MXN,OP-555015,"January 02, 2016","January 29, 2022",2219
BBVA MÉXICO,4095175.92,MXN,OP-699585,17/04/2025,N/A,N/A
alsea,7035444.55,MXN,OP-257591,05-Feb-2024,N/A,N/A
LIVERPOOL,1786441.59,EUR,OP-612910,14/05/2023,N/A,N/A
GRUPO MÉXICO,5293885.54,USD,OP-763981,"March 04, 2021",N/A,N/A
banorte,4569061.73,MXN,OP-848899,27/11/2019,N/A,N/A
CEMEX,625094.26,MXN,OP-460137,04/06/2020,N/A,N/A
ALSEA,385872.43,USD,OP-221703,07/03/2019,N/A,N/A
banorte,5317630.35,USD,OP-831958,13/12/2023,26/10/2024,318
GRUPO MÉXICO,136502.53,USD,OP-638911,"February 14, 2019",2025-08-02,2361
WALMART DE MÉXICO,9064805.22,USD,OP-479879,"July 31, 2025",N/A,N/A
TELMEX,5605017.46,MXN,OP-523607,18-May-2023,N/A,N/A
PEMEX,7716387.48,USD,OP-754168,"November 06, 2019",N/A,N/A
TELMEX,4517335.94,USD,OP-711714,"August 14, 2019",N/A,N/A
WALMART DE MÉXICO,1882666.11,EUR,OP-299885,"March 20, 2020",N/A,N/A
ALSEA,301779.91,USD,OP-842641,02-Jun-2017,2024-10-13,2690
BBVA MÉXICO,6647579.53,USD,OP-492798,2019-12-20,03/11/2024,1543
pemex,7791010.96,MXN,OP-840402,2016-04-06,"December 10, 2024",3170
alsea,381024.59,EUR,OP-886206,11/04/2018,09-Jul-2022,1343
soriana,1097823.42,USD,OP-960759,24/12/2020,N/A,N/A
banorte,2138393.11,EUR,OP-812160,2016-05-07,"May 03, 2024",2918
américa móvil,3541408.96,EUR,OP-375862,"July 09, 2024",N/A,N/A
AMÉRICA MÓVIL,3871128.54,MXN,OP-677421,04-Jul-2021,N/A,N/A
WALMART DE MÉXICO,1097731.89,MXN,OP-127229,2016-01-31,26-Apr-2017,451
CEMEX,8745607.7,EUR,OP-338736,15-Oct-2019,N/A,N/A
CEMEX,8714141.2,EUR,OP-529287,06/07/2024,N/A,N/A
WALMART DE MÉXICO,1790769.56,MXN,OP-615126,2021-05-12,2023-11-19,921
PEMEX,2592013.88,USD,OP-655640,2016-09-03,24/09/2020,1482
FEMSA,4927341.98,MXN,OP-327606,2020-09-04,29/05/2024,1363
ALSEA,3990556.06,USD,OP-734011,27/01/2017,2022-01-23,1822
grupo méxico,4953497.79,EUR,OP-758385,07-Feb-2023,N/A,N/A
soriana,370288.91,MXN,OP-943016,2025-01-10,N/A,N/A
walmart de méxico,6378873.82,MXN,OP-664173,"May 06, 2025",N/A,N/A
BBVA MÉXICO,7356046.1,USD,OP-389924,17-Dec-2023,N/A,N/A
telmex,7000786.81,EUR,OP-223763,26-Feb-2020,27-Oct-2021,609
GRUPO BIMBO,3027393.05,USD,OP-305822,2017-12-10,N/A,N/A
grupo carso,3194124.91,MXN,OP-878755,30-Jun-2024,N/A,N/A
GRUPO LALA,8666398.38,EUR,OP-600592,"July 31, 2023",N/A,N/A
BBVA MÉXICO,2365164.79,USD,OP-592698,2019-02-13,09/12/2022,1307
TELMEX,2959305.54,MXN,OP-921374,29/08/2023,2025-04-27,607
TELMEX,3963093.04,USD,OP-535408,21/05/2022,N/A,N/A
PEMEX,3823612.66,MXN,OP-609275,16-Oct-2022,N/A,N/A
PEMEX,8492363.67,EUR,OP-445436,26/12/2021,N/A,N/A
walmart de méxico,5468551.25,EUR,OP-225256,2020-01-30,05-Jun-2023,1222
cemex,3902560.63,EUR,OP-110388,16/05/2021,N/A,N/A
cemex,2474171.33,MXN,OP-925897,2021-05-17,N/A,N/A
telmex,2183972.42,EUR,OP-657630,2020-08-23,13-Apr-2025,1694
SORIANA,5512500.1,USD,OP-435098,2018-10-09,04/01/2020,540
BANORTE,3551452.72,USD,OP-692435,2019-09-16,N/A,N/A
CEMEX,6319447.74,USD,OP-831693,2018-10-03,2020-04-18,563
telmex,7458601.49,EUR,OP-687655,"January 26, 2023",N/A,N/A
GRUPO LALA,6116379.74,MXN,OP-869600,"February 27, 2025",N/A,N/A
GRUPO BIMBO,8540671.73,EUR,OP-750501,"July 28, 2019","April 26, 2022",1003
GRUPO LALA,2511176.66,MXN,OP-976758,16-Apr-2025,N/A,N/A
BBVA MÉXICO,7063202.55,EUR,OP-846336,2023-08-27,N/A,N/A
LIVERPOOL,7590004.9,MXN,OP-485420,2023-03-04,N/A,N/A
TELMEX,3431173.81,EUR,OP-246789,2020-02-08,N/A,N/A
WALMART DE MÉXICO,3305425.97,USD,OP-867973,14-Feb-2021,N/A,N/A
pemex,1200933.27,EUR,OP-661159,21-Sep-2019,N/A,N/A
femsa,5285818.19,MXN,OP-254386,13-Apr-2023,N/A,N/A
telmex,2693173.98,USD,OP-369917,2025-04-28,N/A,N/A
grupo lala,8219511.14,MXN,OP-644206,31-May-2019,12/05/2020,554
soriana,7121138.3,EUR,OP-640465,"September 11, 2022",N/A,N/A
GRUPO MÉXICO,3956826.67,MXN,OP-786100,16/03/2016,"April 13, 2020",1489
banorte,2775642.03,MXN,OP-345481,06-Feb-2018,N/A,N/A
WALMART DE MÉXICO,9156295.15,USD,OP-374960,"October 22, 2018",29/03/2025,2350
FEMSA,2935354.74,EUR,OP-100601,2016-01-15,"November 28, 2022",2509
grupo lala,6206546.15,EUR,OP-394979,2017-03-29,"March 06, 2024",2534
liverpool,6526802.38,USD,OP-773014,12-Feb-2018,23/08/2025,2749
bbva méxico,9424267.9,USD,OP-418865,29-Jan-2022,N/A,N/A
telmex,2972771.48,EUR,OP-246359,2023-02-18,N/A,N/A
PEMEX,9263155.0,MXN,OP-447668,04/07/2017,2019-09-08,884
grupo carso,3535534.79,USD,OP-103106,22-Apr-2023,N/A,N/A
WALMART DE MÉXICO,4227049.97,USD,OP-882821,15-Jan-2016,N/A,N/A
SORIANA,6624588.27,MXN,OP-415122,2021-08-02,N/A,N/A
GRUPO BIMBO,5379752.85,MXN,OP-421927,"August 20, 2018",N/A,N/A
BBVA MÉXICO,4027629.2,MXN,OP-573959,21/06/2017,06/11/2022,1816
grupo carso,9459602.33,EUR,OP-653158,20-Jul-2019,N/A,N/A
américa móvil,9151942.94,USD,OP-249867,"November 14, 2024",N/A,N/A
WALMART DE MÉXICO,5947627.29,USD,OP-136502,06-May-2025,N/A,N/A
alsea,8917448.97,EUR,OP-384084,22/10/2020,N/A,N/A
cemex,9432847.41,USD,OP-310106,2024-08-05,N/A,N/A
BANORTE,2455534.74,MXN,OP-298981,20-May-2024,N/A,N/A
soriana,7558374.24,EUR,OP-961109,11/03/2021,N/A,N/A
liverpool,1006277.67,USD,OP-295749,"June 16, 2018","December 13, 2023",2006
AMÉRICA MÓVIL,2459849.93,USD,OP-237723,"August 02, 2017",2022-03-09,1680
CEMEX,7144947.57,MXN,OP-809926,04-Oct-2021,N/A,N/A
FEMSA,5772164.46,USD,OP-783758,14/07/2022,"October 31, 2024",840
grupo lala,6755782.92,USD,OP-840138,2025-07-12,N/A,N/A
GRUPO CARSO,6122601.81,EUR,OP-924938,"September 12, 2020",N/A,N/A
soriana,3187945.92,EUR,OP-841672,2024-01-07,N/A,N/A
AMÉRICA MÓVIL,4320081.1,USD,OP-869548,"March 25, 2022",N/A,N/A
PEMEX,6808133.36,EUR,OP-603029,2016-08-03,"August 17, 2017",379
banorte,1757360.38,MXN,OP-781563,"August 27, 2015",05/12/2020,1720
GRUPO CARSO,5241956.41,MXN,OP-827762,2021-09-23,N/A,N/A
TELMEX,8989907.75,USD,OP-913934,2022-09-04,N/A,N/A
liverpool,7188262.1,MXN,OP-157253,"July 11, 2021","October 25, 2021",106
grupo bimbo,6192472.77,USD,OP-830263,23/06/2016,N/A,N/A
WALMART DE MÉXICO,8932656.47,USD,OP-736377,2023-02-27,N/A,N/A
ALSEA,4109322.73,MXN,OP-491210,2020-04-24,N/A,N/A
ALSEA,7939713.59,MXN,OP-124812,10-Jan-2023,"October 13, 2024",642
femsa,5328462.68,USD,OP-953909,26/01/2017,2023-11-21,2490
grupo méxico,3275944.04,EUR,OP-756165,2020-10-29,N/A,N/A
grupo méxico,737314.64,EUR,OP-664700,26/07/2025,N/A,N/A
alsea,7012025.75,USD,OP-265584,"April 26, 2023",N/A,N/A
grupo carso,465020.27,EUR,OP-620799,31-May-2018,04/01/2023,1766
WALMART DE MÉXICO,4397703.09,EUR,OP-184628,10-Nov-2019,2020-02-14,96
AMÉRICA MÓVIL,8449950.83,USD,OP-195414,"March 22, 2016",N/A,N/A
grupo bimbo,8403948.82,EUR,OP-602993,"January 19, 2018","August 22, 2021",1311
BBVA MÉXICO,204452.14,USD,OP-895597,27-Sep-2017,N/A,N/A
liverpool,8626157.75,USD,OP-679480,"January 09, 2025",N/A,N/A
GRUPO MÉXICO,256816.31,MXN,OP-746679,16-Sep-2023,N/A,N/A
bbva méxico,7152089.36,USD,OP-239204,"June 25, 2025",N/A,N/A
femsa,8950169.39,EUR,OP-794474,2023-03-22,N/A,N/A
GRUPO CARSO,2060298.79,EUR,OP-591789,"February 01, 2017",N/A,N/A
TELMEX,1444976.24,USD,OP-476034,20/07/2016,29/01/2024,2749
grupo lala,6392239.57,USD,OP-446936,25/12/2021,N/A,N/A
pemex,2591978.01,EUR,OP-892109,05-Aug-2017,N/A,N/A
GRUPO MÉXICO,2317858.88,USD,OP-742639,02/02/2024,N/A,N/A
pemex,5099962.96,EUR,OP-163863,21/06/2019,N/A,N/A
AMÉRICA MÓVIL,6563442.76,MXN,OP-529627,28/03/2018,02/11/2019,320
femsa,3746269.38,USD,OP-293614,10/05/2020,N/A,N/A
AMÉRICA MÓVIL,6652515.42,USD,OP-725596,2024-10-15,N/A,N/A
PEMEX,6334365.2,USD,OP-787628,16-Mar-2020,"January 22, 2024",1407
BBVA MÉXICO,5968947.19,MXN,OP-800131,24/06/2017,N/A,N/A
GRUPO MÉXICO,3195133.62,EUR,OP-696072,2017-09-03,N/A,N/A
GRUPO BIMBO,5067374.49,USD,OP-245571,09-Jun-2020,N/A,N/A
CEMEX,9667662.05,MXN,OP-708588,05/05/2019,N/A,N/A
AMÉRICA MÓVIL,4690783.01,EUR,OP-201755,"November 03, 2019",28/01/2023,1182
telmex,1493735.18,MXN,OP-850629,2021-05-16,N/A,N/A
grupo bimbo,7743474.37,USD,OP-177822,13-Nov-2024,N/A,N/A
LIVERPOOL,4510738.5,MXN,OP-698033,"January 24, 2019","June 08, 2021",866
GRUPO CARSO,552339.29,MXN,OP-577102,2021-10-18,N/A,N/A
bbva méxico,1370731.11,EUR,OP-278290,2021-12-06,N/A,N/A
liverpool,6380911.61,USD,OP-199508,2022-12-10,N/A,N/A
ALSEA,3579327.54,EUR,OP-718276,2018-04-16,N/A,N/A
soriana,8159459.37,EUR,OP-846144,02-Jul-2021,13-Feb-2025,1322
grupo bimbo,9855013.1,EUR,OP-571425,2017-10-12,04/05/2018,175
telmex,4986282.08,EUR,OP-718652,30-Jun-2022,N/A,N/A
FEMSA,5625975.85,EUR,OP-253597,"January 09, 2017",13/09/2017,247
américa móvil,9185716.74,USD,OP-267715,03/10/2022,N/A,N/A
CEMEX,2596722.63,MXN,OP-115240,29/04/2019,N/A,N/A
bbva méxico,2640934.82,EUR,OP-814867,"May 21, 2018",N/A,N/A
GRUPO CARSO,2431584.58,USD,OP-980430,"April 12, 2018",2022-07-23,1563
PEMEX,5594607.94,MXN,OP-548827,06-Sep-2022,12/07/2024,823
PEMEX,1004738.4,EUR,OP-175998,2024-10-10,N/A,N/A
BBVA MÉXICO,5192586.64,MXN,OP-119643,"February 16, 2018",N/A,N/A
liverpool,7479224.01,EUR,OP-719466,2017-06-08,N/A,N/A
walmart de méxico,3012556.1,USD,OP-746145,10-Aug-2021,N/A,N/A
grupo carso,8407065.34,USD,OP-903332,04/05/2022,27/12/2024,997
LIVERPOOL,6732529.28,USD,OP-598107,06-Jul-2019,2019-11-24,141
CEMEX,5347191.96,MXN,OP-411634,09-Nov-2017,N/A,N/A
GRUPO CARSO,1760339.92,EUR,OP-253667,26/08/2020,2021-02-16,174
grupo lala,335623.91,MXN,OP-844777,31/12/2018,N/A,N/A
SORIANA,1347678.89,EUR,OP-228440,2021-01-02,07/05/2023,914
GRUPO CARSO,1723780.9,USD,OP-740008,20/02/2022,N/A,N/A
GRUPO CARSO,6399437.06,USD,OP-134462,2022-11-21,N/A,N/A
GRUPO CARSO,5067254.54,USD,OP-892932,13-Nov-2024,N/A,N/A
grupo méxico,1873566.6,EUR,OP-539164,"May 06, 2025",N/A,N/A
LIVERPOOL,5428339.16,EUR,OP-485284,"June 06, 2019",N/A,N/A
GRUPO MÉXICO,9850698.96,MXN,OP-224464,16/05/2020,N/A,N/A
AMÉRICA MÓVIL,5569508.27,USD,OP-738052,"May 17, 2025",N/A,N/A
grupo méxico,829779.03,MXN,OP-884663,23-Jul-2016,N/A,N/A
telmex,2332620.66,EUR,OP-603022,2016-10-07,26-Nov-2024,2972
bbva méxico,3784362.94,USD,OP-132907,15/05/2023,N/A,N/A
ALSEA,5577515.43,MXN,OP-858282,16-Oct-2024,N/A,N/A
grupo bimbo,5744841.62,USD,OP-901436,24-Apr-2023,N/A,N/A
bbva méxico,8352003.29,EUR,OP-604557,"October 23, 2020",N/A,N/A
bbva méxico,2402544.01,USD,OP-222178,22-Mar-2024,N/A,N/A
BBVA MÉXICO,6078998.91,USD,OP-718581,17/02/2021,2022-07-31,529
TELMEX,6193738.01,EUR,OP-815666,21/02/2016,2022-11-16,2460
GRUPO BIMBO,284139.97,MXN,OP-441253,2016-12-13,2021-10-29,1781
walmart de méxico,3432525.87,EUR,OP-694945,2018-01-22,N/A,N/A
GRUPO BIMBO,620353.97,EUR,OP-574805,21-Apr-2021,07-Nov-2021,200
WALMART DE MÉXICO,8315727.79,USD,OP-469375,07-May-2022,N/A,N/A
grupo bimbo,5097566.29,MXN,OP-489226,2019-10-30,2022-05-30,943
bbva méxico,3790110.26,USD,OP-574046,21/09/2022,N/A,N/A
grupo méxico,4773703.43,MXN,OP-836941,17-Aug-2017,07-Feb-2021,1270
grupo carso,7980958.2,EUR,OP-855760,"April 26, 2024",N/A,N/A
telmex,9851248.12,USD,OP-877090,2023-07-27,N/A,N/A
AMÉRICA MÓVIL,6244008.65,EUR,OP-186398,2022-09-04,N/A,N/A
GRUPO MÉXICO,5643608.26,MXN,OP-348441,17-Dec-2021,N/A,N/A
soriana,5830952.92,EUR,OP-529907,02-Jun-2018,N/A,N/A
BANORTE,2586923.55,USD,OP-939884,2022-10-16,N/A,N/A
telmex,2071453.29,EUR,OP-708981,28-Sep-2024,N/A,N/A
FEMSA,6621594.77,USD,OP-208590,2018-06-01,N/A,N/A
liverpool,5427058.38,EUR,OP-236302,23/07/2019,N/A,N/A
bbva méxico,895639.74,EUR,OP-791759,14-Jun-2021,05-Aug-2021,52
alsea,3264716.96,MXN,OP-850308,06/09/2022,N/A,N/A
GRUPO LALA,5637259.72,MXN,OP-876858,2020-10-27,10-Jul-2021,256
SORIANA,5060741.63,USD,OP-743587,23-Jul-2024,N/A,N/A
CEMEX,2086650.0,MXN,OP-493685,2021-01-24,N/A,N/A
grupo bimbo,7879740.48,USD,OP-938763,"June 11, 2025",N/A,N/A
SORIANA,4869032.9,EUR,OP-517729,28/12/2022,N/A,N/A
AMÉRICA MÓVIL,4049271.27,EUR,OP-556288,2020-05-04,N/A,N/A
BBVA MÉXICO,7831416.19,USD,OP-216128,29/09/2024,N/A,N/A
grupo lala,9662547.15,EUR,OP-363893,"April 08, 2024",N/A,N/A
grupo lala,5994026.82,EUR,OP-773774,09-Dec-2015,N/A,N/A
GRUPO CARSO,6261134.2,EUR,OP-867618,"September 02, 2015",2025-01-10,3418
LIVERPOOL,9123076.02,MXN,OP-122053,"May 14, 2020",N/A,N/A
américa móvil,6478909.79,EUR,OP-780120,24/03/2023,11-Jun-2025,810
cemex,1408161.78,EUR,OP-851252,"June 21, 2019",N/A,N/A
grupo carso,6015041.8,EUR,OP-349065,"March 21, 2023",N/A,N/A
soriana,8223749.74,EUR,OP-920296,2016-06-20,2022-07-17,2218
soriana,9221579.4,MXN,OP-870852,28/06/2017,"February 13, 2025",2787
GRUPO LALA,9948045.53,EUR,OP-423630,30/08/2022,N/A,N/A
SORIANA,4799079.1,USD,OP-512583,"October 04, 2023",N/A,N/A
cemex,1539286.33,EUR,OP-649133,"December 30, 2019",N/A,N/A
grupo méxico,5424557.96,USD,OP-737322,11/01/2016,26-Jan-2021,1547
soriana,2735104.75,USD,OP-340283,24/05/2019,N/A,N/A
BANORTE,2359229.3,USD,OP-707431,11/07/2018,N/A,N/A
femsa,8997224.17,USD,OP-798029,21-Nov-2021,N/A,N/A
grupo bimbo,2887240.68,USD,OP-708351,"February 25, 2020","October 27, 2023",1340
PEMEX,1625637.26,EUR,OP-135691,"April 22, 2019",2023-05-27,1496
FEMSA,6633478.34,EUR,OP-491530,15-Oct-2019,22-Mar-2023,1254
GRUPO LALA,340600.29,EUR,OP-955437,21-Dec-2024,N/A,N/A
CEMEX,2170913.36,EUR,OP-631916,2020-10-31,17/05/2021,198
TELMEX,1340074.5,MXN,OP-155407,"February 10, 2023","January 22, 2024",346
AMÉRICA MÓVIL,9898387.88,MXN,OP-652534,31-Mar-2025,N/A,N/A
PEMEX,3449844.5,USD,OP-570246,"October 09, 2024",N/A,N/A
SORIANA,3950777.5,MXN,OP-344810,02-Mar-2019,"February 16, 2022",1082
liverpool,3902326.83,USD,OP-492541,2024-12-26,N/A,N/A
BBVA MÉXICO,7114413.05,EUR,OP-882585,05-Jun-2020,N/A,N/A
PEMEX,5009888.69,MXN,OP-696397,01-Mar-2019,N/A,N/A
grupo lala,6443740.58,MXN,OP-611087,"February 20, 2018",N/A,N/A
ALSEA,4367497.02,MXN,OP-237271,01-Apr-2021,N/A,N/A
bbva méxico,6137804.34,EUR,OP-989660,25/05/2019,N/A,N/A
pemex,8836070.83,EUR,OP-587916,2020-05-12,N/A,N/A
alsea,3536089.58,USD,OP-710681,31-May-2019,29/10/2020,517
FEMSA,4326382.23,MXN,OP-157737,"August 20, 2016",2024-05-18,2828
femsa,791732.76,EUR,OP-963346,2018-04-22,N/A,N/A
américa móvil,5967354.49,USD,OP-820615,2018-05-16,N/A,N/A
FEMSA,2340116.51,MXN,OP-141644,"March 24, 2023",N/A,N/A
BBVA MÉXICO,9507451.98,USD,OP-294439,"September 28, 2024",N/A,N/A
cemex,1832008.58,USD,OP-118296,13-Dec-2021,N/A,N/A
GRUPO BIMBO,3468525.07,USD,OP-119314,23/05/2021,"September 07, 2022",472
CEMEX,9481492.32,EUR,OP-501469,08/02/2024,27/10/2024,86
GRUPO BIMBO,4752611.69,USD,OP-282423,2023-12-06,N/A,N/A
GRUPO BIMBO,8092487.28,USD,OP-920199,19-Jul-2019,N/A,N/A
walmart de méxico,2529546.41,USD,OP-242448,29-Jul-2024,N/A,N/A
pemex,8584736.49,MXN,OP-752777,"March 16, 2019",2025-05-24,2261
WALMART DE MÉXICO,4953797.76,USD,OP-472220,14-Aug-2018,25-Apr-2019,254
GRUPO MÉXICO,2129651.78,MXN,OP-523491,2017-08-28,N/A,N/A
GRUPO CARSO,429226.9,EUR,OP-921218,18/09/2018,N/A,N/A
telmex,1132215.59,EUR,OP-118825,12/09/2020,14/04/2025,1587
GRUPO LALA,627555.54,MXN,OP-640566,18-Apr-2017,10/11/2021,1637
bbva méxico,3524906.54,MXN,OP-952075,29-Jan-2022,N/A,N/A
SORIANA,6715586.69,USD,OP-871417,2024-11-07,N/A,N/A
TELMEX,2423738.94,MXN,OP-318681,2021-10-12,25-Aug-2022,317
bbva méxico,7850938.47,EUR,OP-148617,22/12/2016,02-Oct-2017,284
GRUPO MÉXICO,7636376.78,MXN,OP-980455,09/06/2024,N/A,N/A
SORIANA,3891432.94,USD,OP-444030,10/06/2017,"May 27, 2019",598
américa móvil,1674677.31,EUR,OP-864545,31-Jan-2022,N/A,N/A
PEMEX,4374646.43,USD,OP-721811,"September 15, 2020",09-Feb-2022,512
GRUPO MÉXICO,2422297.56,EUR,OP-869737,2021-07-02,18/05/2022,320
liverpool,1601258.07,EUR,OP-350981,2025-06-17,N/A,N/A
LIVERPOOL,7446769.25,MXN,OP-631889,18-Sep-2024,N/A,N/A
cemex,2318285.5,MXN,OP-440108,21-Jan-2017,2023-05-22,2312
PEMEX,2018858.22,MXN,OP-583365,2021-04-08,"February 05, 2025",1399
AMÉRICA MÓVIL,9352777.44,USD,OP-233082,13/11/2023,N/A,N/A
LIVERPOOL,3794119.49,MXN,OP-571446,2020-02-07,N/A,N/A
walmart de méxico,3983795.49,EUR,OP-625644,2023-08-19,N/A,N/A
américa móvil,9185883.2,MXN,OP-255233,2019-01-05,N/A,N/A
américa móvil,8467431.77,USD,OP-118806,04-Feb-2019,24-Apr-2021,810
grupo carso,441768.16,EUR,OP-659815,31/12/2017,"September 18, 2024",2453
femsa,7827719.41,USD,OP-692309,"January 31, 2022",26/11/2024,1030
banorte,7838945.52,MXN,OP-476404,12/02/2016,2023-05-22,2362
AMÉRICA MÓVIL,1848004.23,USD,OP-778866,05/01/2017,2019-05-06,735
GRUPO BIMBO,5190120.92,USD,OP-584021,"December 19, 2020",N/A,N/A
GRUPO CARSO,6753066.72,MXN,OP-843586,2016-02-17,"April 19, 2023",2618
PEMEX,668631.9,USD,OP-122459,04/02/2023,N/A,N/A
BANORTE,1901472.23,MXN,OP-580204,"May 08, 2025",N/A,N/A
PEMEX,9215343.36,MXN,OP-591875,2016-09-21,N/A,N/A
BANORTE,635335.38,USD,OP-180045,"September 03, 2019",N/A,N/A
pemex,6841288.11,EUR,OP-800085,2021-01-26,N/A,N/A
banorte,3489716.36,USD,OP-165154,"March 01, 2018",N/A,N/A
pemex,604776.57,USD,OP-316428,19/07/2024,N/A,N/A
femsa,8197577.5,MXN,OP-103093,21-Jun-2023,"December 09, 2024",537
alsea,8586310.89,EUR,OP-156678,"January 28, 2018",20/06/2021,1239
bbva méxico,3511918.29,USD,OP-190364,2019-10-03,N/A,N/A
GRUPO BIMBO,5571953.59,MXN,OP-676299,"July 14, 2025",N/A,N/A
grupo bimbo,685495.76,EUR,OP-250751,2020-06-09,N/A,N/A
femsa,3246552.73,USD,OP-626432,20/01/2019,"January 01, 2023",1442
GRUPO BIMBO,4304822.02,MXN,OP-573204,2023-07-08,N/A,N/A
banorte,4647652.39,USD,OP-838126,2023-03-02,12/07/2024,646
bbva méxico,2749455.41,MXN,OP-211182,2022-12-14,N/A,N/A
TELMEX,8048645.13,MXN,OP-954539,2016-08-16,12/08/2023,2670
CEMEX,1895052.1,EUR,OP-750424,09-Aug-2020,N/A,N/A
grupo lala,7397583.32,MXN,OP-358596,"December 02, 2017","June 22, 2019",567
américa móvil,1669042.96,USD,OP-970075,19-Apr-2021,N/A,N/A
liverpool,8383006.36,EUR,OP-939147,2019-02-11,"February 21, 2021",741
SORIANA,9557189.16,EUR,OP-929150,2020-10-21,N/A,N/A
BANORTE,849706.78,MXN,OP-169802,2017-11-13,N/A,N/A
alsea,7184212.03,EUR,OP-790259,"March 01, 2017","January 10, 2018",315
soriana,3999078.86,USD,OP-743322,10-Aug-2016,"January 03, 2023",2337
grupo méxico,1125677.12,MXN,OP-160478,20/11/2015,2024-05-06,3090
GRUPO MÉXICO,1203345.79,USD,OP-225975,02-Sep-2018,N/A,N/A
PEMEX,4225966.7,USD,OP-571008,2020-10-16,N/A,N/A
ALSEA,831178.09,EUR,OP-823652,"September 25, 2021",N/A,N/A
BANORTE,6411681.87,USD,OP-306414,25/10/2023,N/A,N/A
BBVA MÉXICO,9837010.98,USD,OP-646582,01/11/2021,2024-12-29,1448
grupo méxico,5954649.28,USD,OP-494684,2024-05-29,N/A,N/A
ALSEA,5816113.19,EUR,OP-502566,"December 21, 2017",N/A,N/A
ALSEA,7199052.8,USD,OP-859553,15-Jun-2023,N/A,N/A
américa móvil,851669.35,EUR,OP-790648,04/03/2025,N/A,N/A
soriana,7034353.09,EUR,OP-535881,16/08/2016,2024-07-06,2881
pemex,769405.36,MXN,OP-665475,2023-07-02,21-Jul-2025,750
cemex,9724845.95,EUR,OP-514741,"June 05, 2017",01/01/2025,2767
FEMSA,5825285.81,MXN,OP-872706,10/08/2025,N/A,N/A
grupo lala,7634554.81,MXN,OP-920023,17-Apr-2017,N/A,N/A
CEMEX,7741608.01,EUR,OP-523091,19/04/2018,"October 02, 2022",1627
WALMART DE MÉXICO,9377950.46,MXN,OP-431207,07/12/2015,23-Oct-2017,834
GRUPO CARSO,2861057.5,EUR,OP-656735,19-May-2023,N/A,N/A
AMÉRICA MÓVIL,9105709.33,MXN,OP-476082,14-Aug-2018,29-Jan-2021,899
SORIANA,981140.79,USD,OP-733667,08/04/2017,N/A,N/A
grupo bimbo,3940907.94,USD,OP-617178,18/12/2019,N/A,N/A
SORIANA,8249136.47,MXN,OP-599619,11/06/2019,2022-11-23,1113
ALSEA,9293681.08,EUR,OP-829729,"April 02, 2025",N/A,N/A
telmex,654432.74,USD,OP-344532,"January 13, 2017","June 23, 2022",1987
grupo méxico,8360291.23,EUR,OP-809673,28/01/2020,N/A,N/A
liverpool,8400220.96,EUR,OP-725295,05-Aug-2020,04/02/2025,1701
GRUPO MÉXICO,7358971.76,EUR,OP-442667,15-May-2018,24-Jan-2020,619
WALMART DE MÉXICO,684059.76,EUR,OP-640444,2022-08-22,N/A,N/A
TELMEX,5224605.3,EUR,OP-134315,03/01/2021,N/A,N/A
soriana,279340.63,EUR,OP-150692,30-Sep-2015,12-Oct-2018,1108
pemex,1272076.36,MXN,OP-887148,"April 05, 2022",20/08/2025,1233
SORIANA,9318199.17,USD,OP-769103,15-Oct-2018,"November 15, 2022",1492
walmart de méxico,6318405.63,EUR,OP-524719,01-May-2021,"August 24, 2022",480
grupo lala,9806816.87,EUR,OP-720714,"June 30, 2021",N/A,N/A
walmart de méxico,4956573.59,MXN,OP-602118,"October 08, 2016",N/A,N/A
ALSEA,4368391.28,EUR,OP-303553,"December 02, 2015",27/09/2019,1395
FEMSA,7398855.17,USD,OP-846693,23-Jan-2020,N/A,N/A
LIVERPOOL,4204964.07,EUR,OP-471274,"March 23, 2025",N/A,N/A
soriana,2004064.45,USD,OP-943535,06-Aug-2022,N/A,N/A
soriana,8993192.35,EUR,OP-707738,2025-06-13,N/A,N/A
grupo bimbo,969585.8,EUR,OP-106916,"August 19, 2016",N/A,N/A
CEMEX,9183352.99,MXN,OP-489215,12-Jul-2023,N/A,N/A
TELMEX,4450928.77,EUR,OP-979965,"January 21, 2018",N/A,N/A
grupo bimbo,4490911.5,MXN,OP-524221,13/03/2021,N/A,N/A
GRUPO MÉXICO,1906348.44,EUR,OP-310014,21/10/2017,22-Dec-2019,792
alsea,4536486.65,EUR,OP-482288,"January 22, 2020",N/A,N/A
américa móvil,590828.15,MXN,OP-923703,"May 17, 2018",N/A,N/A
grupo méxico,492124.6,MXN,OP-904511,29-Sep-2017,12-May-2021,1321
femsa,3295540.97,EUR,OP-739542,28/12/2020,2022-08-24,604
BANORTE,5154640.82,USD,OP-585525,2020-02-25,N/A,N/A
FEMSA,6089128.09,MXN,OP-614954,"May 19, 2018",N/A,N/A
FEMSA,121301.88,MXN,OP-126288,2016-04-01,12/06/2017,614
telmex,165497.33,USD,OP-299362,16-Nov-2019,N/A,N/A
BANORTE,4444418.61,MXN,OP-566211,2020-02-28,N/A,N/A
grupo carso,7349234.42,EUR,OP-548969,10-Jul-2021,11-Oct-2023,823
ALSEA,1879284.26,EUR,OP-164004,12-Apr-2018,2019-03-21,343
GRUPO MÉXICO,1655609.46,MXN,OP-325863,02-Jan-2023,N/A,N/A
PEMEX,3342717.11,USD,OP-618601,21/04/2017,07-Jan-2022,1722
femsa,4027868.69,MXN,OP-164205,21-Apr-2019,N/A,N/A
cemex,9338445.75,EUR,OP-467297,13/05/2019,04/01/2020,324
grupo bimbo,5062328.18,MXN,OP-869972,2019-01-25,"September 06, 2021",955
GRUPO BIMBO,2746778.4,MXN,OP-482409,2019-06-27,2020-07-07,376
bbva méxico,9174699.51,MXN,OP-756454,2021-05-04,"January 17, 2025",1354
BBVA MÉXICO,5012677.89,MXN,OP-844747,"July 09, 2022",N/A,N/A
TELMEX,9546264.3,EUR,OP-803267,13/07/2020,2025-04-22,1744
banorte,6940553.16,USD,OP-391616,03/07/2018,N/A,N/A
pemex,7714550.94,EUR,OP-984548,12-Jul-2021,N/A,N/A
grupo méxico,9040237.03,EUR,OP-288533,09-Jun-2023,N/A,N/A
TELMEX,9463443.04,EUR,OP-135486,"July 08, 2016",12/02/2019,1242
grupo méxico,4910153.7,EUR,OP-447415,29-May-2019,N/A,N/A
grupo bimbo,5689413.57,EUR,OP-944386,11/07/2019,N/A,N/A
walmart de méxico,221976.89,MXN,OP-408209,20-Jan-2018,N/A,N/A
PEMEX,2805849.84,EUR,OP-372317,06/02/2020,2023-03-15,1016
ALSEA,733845.82,USD,OP-606588,12-Sep-2023,N/A,N/A
GRUPO BIMBO,9010079.01,USD,OP-900001,"August 07, 2025",N/A,N/A
SORIANA,8523137.83,USD,OP-899085,"July 05, 2021","March 30, 2024",999
telmex,4973265.59,USD,OP-606338,"November 13, 2022",28/08/2024,654
grupo lala,6028512.8,EUR,OP-424024,08-Nov-2021,N/A,N/A
BBVA MÉXICO,2450210.08,EUR,OP-745660,20/09/2023,N/A,N/A
TELMEX,3787142.71,EUR,OP-407658,10/07/2019,N/A,N/A
BANORTE,3152510.55,MXN,OP-841797,20-Feb-2025,N/A,N/A
américa móvil,8702942.6,EUR,OP-221896,15-Aug-2017,"April 13, 2025",2798
cemex,6944415.13,EUR,OP-197655,"December 10, 2017",2021-02-13,1161
SORIANA,2779133.16,EUR,OP-856596,14/03/2019,N/A,N/A
alsea,2672276.06,USD,OP-283306,2018-11-02,N/A,N/A
femsa,7855109.32,EUR,OP-452877,14-Jul-2021,N/A,N/A
alsea,5361284.45,USD,OP-144864,"October 01, 2018",06-Jun-2025,2440
grupo lala,3855764.29,MXN,OP-579570,12/01/2024,N/A,N/A
soriana,7140840.2,MXN,OP-624223,2025-08-05,N/A,N/A
SORIANA,7402056.32,MXN,OP-536559,"October 05, 2023",N/A,N/A
BANORTE,972753.06,USD,OP-702657,"October 11, 2022",N/A,N/A
TELMEX,5083251.75,EUR,OP-560284,24-Dec-2020,10-Sep-2023,990
AMÉRICA MÓVIL,218580.91,EUR,OP-334155,"April 14, 2017",25/12/2019,985
GRUPO MÉXICO,8130572.88,MXN,OP-846287,"December 25, 2018","July 05, 2020",558
FEMSA,7291297.05,EUR,OP-753910,19-Oct-2024,N/A,N/A
GRUPO CARSO,6067773.13,USD,OP-901823,27/04/2021,N/A,N/A
AMÉRICA MÓVIL,1864713.35,MXN,OP-905538,08-Sep-2019,N/A,N/A
banorte,8673669.24,EUR,OP-697200,13-Jul-2024,07/07/2025,359
grupo méxico,1186822.43,EUR,OP-873400,07-Sep-2019,N/A,N/A
GRUPO BIMBO,1170494.06,USD,OP-968834,2016-05-26,2020-07-18,1514
alsea,888671.33,MXN,OP-113412,2022-02-02,N/A,N/A
grupo bimbo,7711764.78,MXN,OP-470872,2021-01-10,N/A,N/A
soriana,6982807.16,MXN,OP-366255,2015-12-01,30/01/2022,2252
liverpool,5248693.97,EUR,OP-495450,2021-03-20,N/A,N/A
telmex,5235470.28,EUR,OP-442603,"August 18, 2020",N/A,N/A
WALMART DE MÉXICO,3267732.02,MXN,OP-393344,15-Aug-2023,N/A,N/A
SORIANA,7108249.95,MXN,OP-420421,"August 25, 2025",N/A,N/A
grupo bimbo,4845175.54,EUR,OP-430539,"April 28, 2018",01/05/2024,2078
AMÉRICA MÓVIL,5619643.23,MXN,OP-971952,02/04/2018,11/12/2020,1012
LIVERPOOL,2392390.87,MXN,OP-747682,08-Sep-2019,N/A,N/A
cemex,7089563.63,USD,OP-192768,18-May-2019,16-Nov-2024,2009
telmex,9652637.16,MXN,OP-179288,"November 09, 2021",N/A,N/A
FEMSA,6402610.26,MXN,OP-164447,"December 17, 2020",N/A,N/A
grupo carso,2795300.03,USD,OP-164161,21/12/2022,N/A,N/A
liverpool,3768713.18,EUR,OP-747275,"April 16, 2021",N/A,N/A
SORIANA,9456560.98,MXN,OP-992309,2022-04-06,N/A,N/A
GRUPO BIMBO,4620948.46,USD,OP-997519,2019-01-29,N/A,N/A
FEMSA,2733009.17,USD,OP-346495,"June 19, 2018",N/A,N/A
TELMEX,9714608.63,MXN,OP-868361,"July 25, 2025",N/A,N/A
CEMEX,5420469.76,MXN,OP-346233,2021-05-28,N/A,N/A
américa móvil,1103603.39,MXN,OP-840214,30/10/2022,2023-05-05,187
américa móvil,1565682.66,EUR,OP-411608,"September 16, 2015",24/08/2022,2534
AMÉRICA MÓVIL,9942731.64,EUR,OP-162527,10/05/2019,2023-06-10,1344
grupo carso,9563996.71,EUR,OP-838012,19-Jan-2018,N/A,N/A
banorte,2600467.85,EUR,OP-363289,09/04/2024,N/A,N/A
BANORTE,7428296.34,MXN,OP-568834,28-Jul-2025,N/A,N/A
banorte,1924454.22,EUR,OP-319317,"December 09, 2020",N/A,N/A
femsa,6128688.96,EUR,OP-136445,02/02/2025,N/A,N/A
BBVA MÉXICO,7179801.39,USD,OP-538596,26-Jun-2020,23/02/2021,242
BANORTE,7265377.26,EUR,OP-333341,"December 01, 2017",N/A,N/A
banorte,8243409.17,MXN,OP-358092,24/07/2016,N/A,N/A
walmart de méxico,7769070.28,MXN,OP-834038,2025-07-29,N/A,N/A
walmart de méxico,7025085.18,MXN,OP-816267,26/05/2022,N/A,N/A
ALSEA,2720286.74,EUR,OP-484339,"May 23, 2017",N/A,N/A
LIVERPOOL,9720767.03,USD,OP-845290,03/08/2017,14/03/2025,2928
femsa,6475529.37,EUR,OP-612926,22-Mar-2016,N/A,N/A
bbva méxico,5535639.3,EUR,OP-898925,2021-06-16,N/A,N/A
bbva méxico,5489317.34,EUR,OP-535055,2023-10-31,N/A,N/A
GRUPO CARSO,4548438.98,MXN,OP-586031,"September 23, 2016",07/11/2022,2117
TELMEX,3977049.31,USD,OP-807539,05-May-2025,N/A,N/A
grupo carso,8847415.24,EUR,OP-704208,2023-01-22,N/A,N/A
BANORTE,6116709.22,MXN,OP-452314,2020-11-03,N/A,N/A
BANORTE,3043211.29,MXN,OP-605075,04/05/2022,N/A,N/A
SORIANA,6819391.42,USD,OP-765552,02/10/2021,N/A,N/A
américa móvil,486862.31,MXN,OP-835685,2018-04-26,26/01/2019,275
soriana,3510682.05,USD,OP-769806,06-Mar-2018,19/01/2025,2511
grupo méxico,6298033.58,USD,OP-708812,2016-09-01,N/A,N/A
LIVERPOOL,1826260.55,MXN,OP-314434,2023-12-19,21-Jan-2025,399
WALMART DE MÉXICO,2093325.37,EUR,OP-119427,2017-02-27,N/A,N/A
GRUPO CARSO,4533877.91,USD,OP-108427,2016-06-20,N/A,N/A
banorte,7456466.25,EUR,OP-642623,2019-04-03,N/A,N/A
TELMEX,9254177.82,USD,OP-302421,2019-07-19,2024-06-09,1787
grupo lala,6650856.76,USD,OP-100917,2017-11-10,N/A,N/A
AMÉRICA MÓVIL,4860233.83,EUR,OP-724453,21/10/2022,N/A,N/A
FEMSA,2194292.06,USD,OP-876464,2024-05-02,N/A,N/A
grupo lala,1102850.34,USD,OP-778195,17-Sep-2017,07/12/2024,2490
cemex,3524972.43,MXN,OP-297599,06/12/2023,N/A,N/A
femsa,2229270.57,USD,OP-710549,14/03/2022,N/A,N/A
LIVERPOOL,1924807.52,USD,OP-990281,"December 25, 2024",N/A,N/A
liverpool,5999313.08,EUR,OP-680959,"August 13, 2023",N/A,N/A
FEMSA,9987939.93,USD,OP-877176,2016-12-11,09/10/2020,1369
GRUPO CARSO,7633450.81,EUR,OP-412186,2024-10-27,N/A,N/A
grupo lala,2251477.87,MXN,OP-281859,"November 17, 2015","July 30, 2024",3178
ALSEA,9116156.29,MXN,OP-688717,2016-02-28,2025-06-23,3403
liverpool,4538954.36,MXN,OP-168933,24/08/2024,N/A,N/A
américa móvil,1879300.32,MXN,OP-444852,23-Nov-2020,08-May-2023,896
BANORTE,6380452.24,USD,OP-468245,"June 19, 2019",N/A,N/A
BANORTE,434724.61,MXN,OP-136745,20/03/2018,2020-12-27,1013
alsea,3067507.63,USD,OP-150597,"February 02, 2019",N/A,N/A
liverpool,2476000.92,USD,OP-218329,07/12/2018,N/A,N/A
BANORTE,5947573.42,MXN,OP-619665,19/11/2018,N/A,N/A
ALSEA,3269550.46,EUR,OP-797445,29/04/2024,N/A,N/A
BANORTE,6696334.87,MXN,OP-792899,02-Dec-2023,N/A,N/A
WALMART DE MÉXICO,6035823.73,USD,OP-417767,13-Feb-2019,05/01/2023,1538
grupo bimbo,8907367.67,MXN,OP-747907,02/08/2019,N/A,N/A
BBVA MÉXICO,8449260.79,MXN,OP-534599,2021-03-21,N/A,N/A
WALMART DE MÉXICO,8555531.78,USD,OP-381216,"May 14, 2020",N/A,N/A
BANORTE,2115293.19,USD,OP-432477,"July 15, 2025",N/A,N/A
liverpool,4282437.76,MXN,OP-577187,10-Aug-2023,N/A,N/A
grupo bimbo,9565686.31,USD,OP-920257,"December 30, 2016",N/A,N/A
alsea,2697422.17,USD,OP-853395,24-Nov-2018,2025-02-02,2262
pemex,577864.4,EUR,OP-426464,2022-11-04,N/A,N/A
LIVERPOOL,4128179.44,EUR,OP-151599,"December 31, 2022",N/A,N/A
FEMSA,5190293.31,USD,OP-553129,2023-04-12,N/A,N/A
BANORTE,9196487.64,MXN,OP-571300,2018-05-10,29/01/2025,2456
TELMEX,2046426.87,EUR,OP-447053,11/03/2024,N/A,N/A
banorte,7333668.24,EUR,OP-907550,15-Dec-2022,N/A,N/A
GRUPO CARSO,3337042.3,EUR,OP-768137,09-May-2022,N/A,N/A
grupo méxico,1673148.35,MXN,OP-755719,"July 03, 2024",N/A,N/A
grupo bimbo,2495009.93,EUR,OP-499062,2023-12-06,N/A,N/A
GRUPO LALA,1430684.0,EUR,OP-668558,"August 03, 2017",14-May-2021,1380
pemex,7021457.72,MXN,OP-625268,2017-10-06,N/A,N/A
pemex,5483627.88,EUR,OP-670748,"July 19, 2016",N/A,N/A
FEMSA,8235757.96,MXN,OP-756392,2025-02-01,N/A,N/A
bbva méxico,4688420.6,USD,OP-798939,30/06/2023,N/A,N/A
PEMEX,8834945.57,USD,OP-535675,04-Aug-2020,18-May-2021,287
grupo lala,8294126.12,USD,OP-888320,19/02/2025,N/A,N/A
cemex,2034553.78,EUR,OP-782623,2024-12-24,N/A,N/A
WALMART DE MÉXICO,1065401.55,MXN,OP-841656,01-Jan-2016,N/A,N/A
ALSEA,3288745.62,EUR,OP-820562,"February 20, 2017",07/08/2025,3060
GRUPO CARSO,3226865.79,USD,OP-947090,2016-10-07,18/08/2018,680
AMÉRICA MÓVIL,2740606.57,USD,OP-672451,2022-01-06,09/01/2024,969
WALMART DE MÉXICO,7860794.54,USD,OP-297211,2022-03-21,"July 26, 2025",1223
GRUPO LALA,1448820.47,EUR,OP-582055,11-Mar-2016,N/A,N/A
GRUPO LALA,4800108.12,MXN,OP-370058,17/07/2023,2024-06-07,326
WALMART DE MÉXICO,8102402.31,USD,OP-627315,2024-12-03,N/A,N/A
pemex,1244800.56,MXN,OP-615076,"December 09, 2019","January 23, 2025",1872
grupo lala,9436358.43,MXN,OP-113843,02-Jan-2016,N/A,N/A
WALMART DE MÉXICO,8649144.46,EUR,OP-390458,27/08/2019,04-Feb-2025,1988
PEMEX,3972975.87,USD,OP-644552,2020-06-08,13-Jun-2023,1100
PEMEX,5516215.3,MXN,OP-234962,"September 07, 2016",N/A,N/A
CEMEX,8104377.91,USD,OP-375167,2019-06-08,30/05/2021,722
GRUPO MÉXICO,7704916.49,MXN,OP-875019,2016-04-08,"May 28, 2023",2606
ALSEA,9394819.33,USD,OP-268072,2020-05-25,15-Feb-2021,266
AMÉRICA MÓVIL,9844004.5,EUR,OP-996342,2024-12-15,N/A,N/A
AMÉRICA MÓVIL,3265055.06,MXN,OP-958233,01/01/2019,"October 09, 2020",647
grupo carso,4090049.11,MXN,OP-640204,20-Feb-2025,N/A,N/A
TELMEX,6199997.79,MXN,OP-860669,"April 29, 2022",N/A,N/A
pemex,3530723.06,USD,OP-345080,31-Dec-2023,N/A,N/A
grupo lala,2701275.93,EUR,OP-377156,30-Sep-2015,"April 09, 2023",2748
TELMEX,3603275.17,EUR,OP-567549,2020-04-04,N/A,N/A
GRUPO BIMBO,207918.58,USD,OP-884955,2021-05-12,N/A,N/A
LIVERPOOL,801834.99,USD,OP-983180,25-Feb-2022,"June 12, 2023",472
telmex,9414399.16,EUR,OP-202886,"April 06, 2018",2024-02-24,2150
BANORTE,8999010.23,MXN,OP-602872,2017-08-09,N/A,N/A
ALSEA,5388177.7,EUR,OP-191267,2023-10-12,N/A,N/A
GRUPO LALA,743067.79,EUR,OP-508308,"October 17, 2021",27-Nov-2023,771
GRUPO CARSO,8664631.23,MXN,OP-201966,2023-08-29,N/A,N/A
femsa,6648395.53,MXN,OP-114757,11-Aug-2016,N/A,N/A
américa móvil,9591691.08,USD,OP-317613,22-Dec-2023,N/A,N/A
banorte,5416691.19,MXN,OP-947581,2025-06-08,N/A,N/A
GRUPO BIMBO,4131464.07,EUR,OP-265054,"November 24, 2016","January 06, 2024",2599
SORIANA,9248533.46,MXN,OP-414220,2019-01-18,08/11/2024,2032
TELMEX,512352.74,MXN,OP-499532,"April 13, 2025",N/A,N/A
BANORTE,5953409.6,MXN,OP-384508,2021-03-15,N/A,N/A
SORIANA,2768313.2,MXN,OP-691975,09-Nov-2021,N/A,N/A
PEMEX,3826804.35,MXN,OP-379730,31/01/2020,2021-04-30,455
walmart de méxico,6513122.12,EUR,OP-783728,16/12/2016,13-Jan-2019,758
ALSEA,1205017.18,MXN,OP-233285,20-Jul-2020,N/A,N/A
GRUPO MÉXICO,6996751.09,USD,OP-525312,24/05/2018,2022-04-03,1410
GRUPO CARSO,2902461.25,USD,OP-521608,29-Aug-2015,"December 25, 2023",3040
grupo carso,5842286.94,EUR,OP-449322,16-Jan-2017,06/03/2023,2329
américa móvil,8998278.87,MXN,OP-715979,19/12/2021,N/A,N/A
GRUPO CARSO,9462234.01,EUR,OP-381335,17/05/2018,N/A,N/A
grupo lala,6789468.8,MXN,OP-220411,2023-07-07,N/A,N/A
LIVERPOOL,6875693.68,USD,OP-598043,28-May-2022,N/A,N/A
LIVERPOOL,1155989.83,USD,OP-509219,2018-11-20,29/02/2024,1927
GRUPO BIMBO,391452.68,EUR,OP-808517,23/11/2016,"June 24, 2020",1309
GRUPO BIMBO,1617386.04,USD,OP-991716,"January 03, 2016",N/A,N/A
américa móvil,5192028.33,MXN,OP-953190,26/07/2017,09-Apr-2024,2449
américa móvil,8321542.82,MXN,OP-930767,09-Oct-2020,N/A,N/A
TELMEX,6241374.14,USD,OP-639456,04/07/2021,N/A,N/A
grupo carso,6277420.13,MXN,OP-557892,"April 29, 2022",N/A,N/A
TELMEX,4888235.67,USD,OP-507332,"November 18, 2023",N/A,N/A
ALSEA,6577966.96,EUR,OP-363276,15-Dec-2017,23/12/2020,1104
FEMSA,6683705.38,EUR,OP-607177,"January 11, 2020",N/A,N/A
SORIANA,5527854.83,USD,OP-692261,06-Oct-2019,N/A,N/A
grupo carso,5806222.33,EUR,OP-430433,06-Feb-2019,2023-12-08,1766
alsea,5467453.35,MXN,OP-334576,11/07/2019,N/A,N/A
grupo méxico,164425.57,USD,OP-344883,"December 23, 2017",N/A,N/A
femsa,569735.01,USD,OP-190508,2023-05-25,N/A,N/A
grupo carso,2849424.99,EUR,OP-679783,19-Apr-2016,"August 08, 2022",2302
LIVERPOOL,6384323.16,USD,OP-853693,2016-10-03,2020-10-21,1479
PEMEX,6952922.09,USD,OP-852688,"November 18, 2019",2020-10-02,319
banorte,2958484.33,EUR,OP-815269,2016-04-11,"December 19, 2019",1347
SORIANA,2163673.27,MXN,OP-120047,16-Jan-2024,N/A,N/A
grupo carso,9060224.34,MXN,OP-993523,2018-05-15,2025-07-07,2610
LIVERPOOL,3249609.11,EUR,OP-906106,27/03/2022,N/A,N/A
bbva méxico,456820.75,USD,OP-307124,2021-10-10,N/A,N/A
soriana,8466816.79,MXN,OP-718858,2016-07-14,15-Oct-2016,93
PEMEX,6913045.12,EUR,OP-234174,2018-02-03,07/07/2021,1250
AMÉRICA MÓVIL,3633771.27,USD,OP-334170,01-Nov-2023,N/A,N/A
grupo méxico,6239791.75,USD,OP-817312,25-May-2016,"December 23, 2020",1673
CEMEX,7210932.28,MXN,OP-934240,2015-12-07,N/A,N/A
GRUPO CARSO,4862265.27,EUR,OP-809997,"November 30, 2019",N/A,N/A
américa móvil,4921810.65,USD,OP-809719,19/06/2020,2021-05-15,330
PEMEX,5784804.79,USD,OP-570375,22/02/2021,15/11/2024,1362
CEMEX,1124177.51,USD,OP-589302,2016-09-21,N/A,N/A
PEMEX,2547247.6,EUR,OP-199040,12/02/2023,N/A,N/A
ALSEA,8549987.22,USD,OP-930223,17/06/2016,15/12/2022,2372
GRUPO BIMBO,9203912.84,EUR,OP-452744,16/12/2017,N/A,N/A
SORIANA,1650689.59,MXN,OP-978825,13/07/2019,N/A,N/A
TELMEX,5288990.76,MXN,OP-631740,2022-08-15,N/A,N/A
alsea,6215952.75,EUR,OP-171695,"November 27, 2015","August 12, 2021",2085
grupo lala,6826888.16,USD,OP-281949,"December 15, 2017",N/A,N/A
femsa,9134207.64,EUR,OP-304192,"August 08, 2017","November 10, 2018",459
BBVA MÉXICO,6165787.48,EUR,OP-818486,"October 08, 2020",N/A,N/A
GRUPO MÉXICO,1990938.17,EUR,OP-636957,09/02/2022,N/A,N/A
grupo méxico,3458862.41,MXN,OP-104930,14-Mar-2021,N/A,N/A
grupo carso,3588200.02,USD,OP-418305,10/01/2023,N/A,N/A
SORIANA,6964752.63,MXN,OP-946259,10/03/2025,N/A,N/A
bbva méxico,8840020.71,EUR,OP-363684,2020-10-25,N/A,N/A
liverpool,9680859.69,USD,OP-483092,"December 18, 2016",2024-09-16,2829
telmex,9336697.54,MXN,OP-104078,2017-12-02,21-Sep-2024,2485
bbva méxico,6602796.96,MXN,OP-139805,"October 23, 2017",N/A,N/A
cemex,3173485.4,MXN,OP-715390,2020-07-21,N/A,N/A
walmart de méxico,7444767.86,USD,OP-796476,2025-06-22,N/A,N/A
PEMEX,2846020.59,MXN,OP-489410,06-Jan-2025,N/A,N/A
américa móvil,3025988.87,MXN,OP-820353,2021-04-19,N/A,N/A
banorte,3444534.71,EUR,OP-320472,2023-09-26,N/A,N/A
cemex,2942596.52,EUR,OP-617248,20/09/2022,10/09/2024,750
grupo lala,4524151.34,USD,OP-402359,2017-07-21,19/10/2023,2281
FEMSA,2951813.0,EUR,OP-791021,12-Mar-2019,08/01/2024,1969
femsa,9117905.8,EUR,OP-732704,03-Feb-2020,20-Jul-2021,533
LIVERPOOL,5810023.35,USD,OP-188466,24/04/2025,N/A,N/A
walmart de méxico,6219804.33,USD,OP-611790,25-Nov-2022,N/A,N/A
banorte,6004426.49,EUR,OP-922447,29/09/2024,N/A,N/A
pemex,533895.43,EUR,OP-219923,19/08/2018,"February 09, 2024",2000
telmex,7526211.66,USD,OP-855312,"May 07, 2016",22/09/2022,2329
liverpool,7551364.75,USD,OP-462667,"October 26, 2017",16/12/2020,1147
LIVERPOOL,172705.34,USD,OP-946869,2017-03-10,"June 05, 2019",817
grupo méxico,2717900.43,MXN,OP-704753,"August 12, 2025",N/A,N/A
GRUPO BIMBO,4120808.15,EUR,OP-754780,2023-10-20,N/A,N/A
BANORTE,4204628.32,EUR,OP-865951,05/07/2020,N/A,N/A
telmex,9206951.06,USD,OP-787117,2017-01-10,"July 31, 2017",202
femsa,6542716.21,USD,OP-240969,18-May-2017,N/A,N/A
liverpool,1488962.51,EUR,OP-817087,"May 26, 2018",N/A,N/A
ALSEA,4354462.13,USD,OP-797080,"February 11, 2018",2022-10-02,1694
AMÉRICA MÓVIL,7315742.87,MXN,OP-629056,11/11/2019,N/A,N/A
ALSEA,9912208.17,USD,OP-401477,06/09/2017,28/06/2018,384
femsa,4744822.61,MXN,OP-908772,11-Sep-2019,"September 23, 2019",12
bbva méxico,6796608.45,USD,OP-370339,05-Jun-2022,03-Sep-2024,821
pemex,2237846.57,USD,OP-529473,30/04/2019,09-Nov-2021,924
BBVA MÉXICO,1458266.28,EUR,OP-690072,2024-10-21,N/A,N/A
BBVA MÉXICO,9596676.63,EUR,OP-552399,09/04/2025,N/A,N/A
SORIANA,5372123.75,EUR,OP-744084,26/09/2021,N/A,N/A
grupo méxico,2399961.97,EUR,OP-754263,18/05/2021,N/A,N/A
WALMART DE MÉXICO,6927563.47,MXN,OP-251791,08-Jun-2018,14-Jan-2022,1316
FEMSA,7075623.59,MXN,OP-988708,"August 14, 2025",N/A,N/A
liverpool,5343313.9,EUR,OP-758482,18/07/2022,N/A,N/A
SORIANA,4452726.7,MXN,OP-408169,11/03/2016,13-Dec-2023,2596
grupo carso,389313.45,USD,OP-273869,17-Feb-2022,N/A,N/A
GRUPO MÉXICO,5135240.29,EUR,OP-350679,15/06/2022,11/07/2023,510
FEMSA,6337624.8,MXN,OP-187410,09/09/2023,N/A,N/A
américa móvil,7938541.98,MXN,OP-790206,08/04/2019,2022-08-02,1094
BBVA MÉXICO,9285817.49,EUR,OP-913409,02-May-2021,N/A,N/A
ALSEA,6708218.27,EUR,OP-644906,16-Mar-2016,"November 12, 2019",1336
banorte,2404792.03,USD,OP-929426,26-Dec-2021,N/A,N/A
grupo bimbo,7985648.49,EUR,OP-356876,17/03/2017,N/A,N/A
WALMART DE MÉXICO,6518643.98,EUR,OP-910471,2024-07-19,N/A,N/A
GRUPO CARSO,6468578.74,MXN,OP-109988,26/10/2023,N/A,N/A
walmart de méxico,1664402.61,EUR,OP-444865,17-May-2025,N/A,N/A
walmart de méxico,991684.46,USD,OP-327917,2020-04-18,N/A,N/A
ALSEA,347534.4,USD,OP-983583,"May 02, 2024",N/A,N/A
ALSEA,7127968.65,USD,OP-564206,10/05/2022,N/A,N/A
liverpool,4013513.1,MXN,OP-887395,2021-04-27,06/03/2022,402
bbva méxico,3098232.94,USD,OP-566152,18-Dec-2017,23/02/2022,1528
AMÉRICA MÓVIL,7066898.4,MXN,OP-948927,2024-08-22,N/A,N/A
BANORTE,2021859.01,USD,OP-740700,"July 13, 2018",N/A,N/A
CEMEX,7579945.66,MXN,OP-599202,2025-08-13,N/A,N/A
telmex,248383.98,MXN,OP-671821,2023-01-04,N/A,N/A
walmart de méxico,5126714.11,MXN,OP-659978,08/04/2019,21-Feb-2024,1662
CEMEX,7757700.97,USD,OP-249268,13-Aug-2025,N/A,N/A
AMÉRICA MÓVIL,7103030.48,MXN,OP-293433,15-Jan-2020,N/A,N/A
telmex,8955385.88,EUR,OP-429974,29-Jul-2021,02-Apr-2024,978
telmex,2282994.61,MXN,OP-378470,31/10/2020,01-Jun-2023,943
LIVERPOOL,531161.15,EUR,OP-171539,2017-01-14,25/10/2023,2475
pemex,903190.98,EUR,OP-137181,18/11/2017,"October 30, 2020",1077
WALMART DE MÉXICO,2968379.69,USD,OP-632293,18-May-2017,04/09/2023,2152
cemex,5530839.04,MXN,OP-961194,"April 10, 2017","December 05, 2019",969
SORIANA,9481739.86,EUR,OP-153609,"July 05, 2021",N/A,N/A
ALSEA,1966023.95,EUR,OP-745159,21-Jul-2020,N/A,N/A
GRUPO BIMBO,1779817.84,USD,OP-903662,07/01/2024,N/A,N/A
GRUPO BIMBO,7629628.07,USD,OP-893616,13-Oct-2015,29-May-2024,3151
AMÉRICA MÓVIL,2678998.24,EUR,OP-969105,"December 20, 2016",20-Nov-2017,335
GRUPO MÉXICO,2408555.92,MXN,OP-680264,"January 07, 2016","May 30, 2023",2700
grupo méxico,8990636.99,MXN,OP-781992,2019-09-10,N/A,N/A
américa móvil,997968.07,MXN,OP-103962,2025-04-08,N/A,N/A
telmex,8073197.55,EUR,OP-440876,05/06/2018,N/A,N/A
BANORTE,875395.0,EUR,OP-439368,17-May-2017,N/A,N/A
grupo lala,7646125.3,USD,OP-882671,09/12/2023,N/A,N/A
bbva méxico,3482893.41,EUR,OP-329505,07-Jan-2021,2022-11-28,690
ALSEA,7015732.14,USD,OP-275583,"April 25, 2018","April 25, 2021",1096
SORIANA,6652096.87,MXN,OP-909767,2015-10-15,"February 24, 2018",863
banorte,2166259.56,USD,OP-868883,03-Nov-2022,"April 26, 2023",174
grupo bimbo,4205726.65,MXN,OP-300022,18-Dec-2020,N/A,N/A
walmart de méxico,6847488.9,EUR,OP-292229,03-Jun-2020,N/A,N/A
cemex,1667683.25,EUR,OP-488705,06/06/2019,N/A,N/A
walmart de méxico,226699.79,USD,OP-454831,2021-08-29,05-May-2022,249
grupo lala,8613495.92,EUR,OP-144812,04-Jan-2023,N/A,N/A
BANORTE,7453802.2,EUR,OP-118527,08-Aug-2019,"January 09, 2023",1250
GRUPO LALA,1351506.53,EUR,OP-687632,"November 01, 2023",N/A,N/A
liverpool,6170611.3,MXN,OP-720772,25-Oct-2020,08/02/2022,646
BANORTE,4867427.72,EUR,OP-258067,"September 17, 2023",N/A,N/A
SORIANA,4515734.01,USD,OP-793336,"January 14, 2021",28-Jul-2022,560
GRUPO LALA,7507657.87,EUR,OP-747010,06-Feb-2016,31-Aug-2023,2763
femsa,3804580.72,MXN,OP-926791,14-Apr-2025,N/A,N/A
américa móvil,4134583.48,EUR,OP-752734,"June 05, 2023","December 07, 2023",185
FEMSA,886398.47,MXN,OP-826576,"February 20, 2017","March 23, 2021",1492
PEMEX,2070286.87,USD,OP-527197,07-Dec-2016,2018-09-02,634
liverpool,6178673.25,USD,OP-517271,"March 22, 2023",N/A,N/A
américa móvil,1741219.57,USD,OP-698700,"February 12, 2025",N/A,N/A
GRUPO BIMBO,2847601.64,EUR,OP-315682,18/09/2016,20-Feb-2018,520
walmart de méxico,562981.22,MXN,OP-928791,2023-07-04,N/A,N/A
GRUPO MÉXICO,7807786.95,EUR,OP-512292,04/07/2019,2024-11-09,2043
WALMART DE MÉXICO,5582778.07,EUR,OP-272390,"February 07, 2017",2025-05-15,3019
BANORTE,2949655.79,EUR,OP-711788,31/03/2025,N/A,N/A
GRUPO CARSO,6912046.18,USD,OP-224476,"February 02, 2017",N/A,N/A
AMÉRICA MÓVIL,127253.26,MXN,OP-652922,19/11/2019,2023-02-04,1173
GRUPO LALA,9628561.65,MXN,OP-911460,07-May-2019,"February 09, 2020",278
LIVERPOOL,5447105.15,USD,OP-906781,21/09/2023,N/A,N/A
GRUPO LALA,8307494.02,EUR,OP-385992,22-Jul-2025,N/A,N/A
walmart de méxico,2712778.83,MXN,OP-720655,21-Nov-2019,24-Apr-2025,1981
grupo méxico,4600707.32,EUR,OP-484646,2020-07-20,2021-05-05,289
grupo méxico,3172236.18,USD,OP-901445,01-Aug-2025,N/A,N/A
AMÉRICA MÓVIL,3088808.81,USD,OP-727733,05/04/2018,06-Jun-2020,764
alsea,711759.74,MXN,OP-251133,"February 03, 2021",N/A,N/A
LIVERPOOL,2444197.07,EUR,OP-986052,19/02/2019,N/A,N/A
grupo bimbo,6117391.68,USD,OP-114377,2023-07-31,N/A,N/A
walmart de méxico,604621.81,EUR,OP-109166,03-Jan-2021,N/A,N/A
grupo carso,2607500.79,MXN,OP-677552,"March 15, 2020",17/06/2020,94
walmart de méxico,5325400.05,USD,OP-779604,29/08/2024,N/A,N/A
PEMEX,3341641.08,USD,OP-868777,"July 25, 2018",28/05/2023,1768
FEMSA,7550511.56,USD,OP-985444,25/04/2023,2024-03-24,334
grupo carso,3717485.63,EUR,OP-227015,13/07/2021,21-Oct-2024,1196
liverpool,7085578.77,EUR,OP-346693,2021-03-27,N/A,N/A
grupo lala,7771415.61,USD,OP-625407,11-Dec-2021,N/A,N/A
WALMART DE MÉXICO,7937220.37,EUR,OP-919007,"September 10, 2024",N/A,N/A
TELMEX,3513847.21,EUR,OP-408404,20-Dec-2019,N/A,N/A
walmart de méxico,9795254.58,EUR,OP-557000,2019-10-22,"April 28, 2021",554
ALSEA,4657637.03,MXN,OP-436216,"April 30, 2018",N/A,N/A
CEMEX,2068505.94,USD,OP-669685,2019-12-04,N/A,N/A
AMÉRICA MÓVIL,1375669.71,EUR,OP-535562,"January 11, 2024",N/A,N/A
banorte,5079398.75,USD,OP-836577,07/07/2019,N/A,N/A
AMÉRICA MÓVIL,9355985.92,MXN,OP-949682,20-May-2020,N/A,N/A
walmart de méxico,6360704.55,MXN,OP-706411,"November 07, 2021",N/A,N/A
FEMSA,6774203.96,EUR,OP-843240,2024-11-08,N/A,N/A
TELMEX,1783885.16,EUR,OP-470118,"March 17, 2016",N/A,N/A
GRUPO MÉXICO,7389041.97,USD,OP-930456,2023-04-30,N/A,N/A
walmart de méxico,8316059.11,EUR,OP-800624,17/05/2017,2025-02-12,2828
grupo méxico,9255906.61,USD,OP-342665,05/08/2025,N/A,N/A
banorte,5383562.86,MXN,OP-709109,12-Oct-2017,"June 22, 2025",2810
soriana,2364682.71,EUR,OP-311720,2017-08-10,23/06/2019,682
FEMSA,2222047.74,USD,OP-116650,23/04/2016,13-Oct-2016,173
GRUPO MÉXICO,8757025.87,USD,OP-332429,20-Sep-2021,N/A,N/A
LIVERPOOL,4458004.05,MXN,OP-344407,29/09/2018,01/04/2024,1923
américa móvil,1789002.92,EUR,OP-573632,05/01/2024,N/A,N/A
GRUPO CARSO,6455693.5,USD,OP-683080,2022-12-21,N/A,N/A
AMÉRICA MÓVIL,7809170.53,MXN,OP-523874,2017-05-11,2024-03-14,2499
grupo carso,881590.64,MXN,OP-651496,03/08/2025,N/A,N/A
walmart de méxico,8608381.56,MXN,OP-809748,"October 04, 2021",08-Nov-2024,1131
CEMEX,615298.07,USD,OP-824739,2023-10-21,N/A,N/A
soriana,4894240.63,MXN,OP-692863,2019-06-16,"May 04, 2024",1784
WALMART DE MÉXICO,5152009.2,MXN,OP-516189,26/03/2025,N/A,N/A
américa móvil,2164973.94,EUR,OP-468887,2022-03-27,N/A,N/A
CEMEX,7485756.1,MXN,OP-923715,11/11/2020,N/A,N/A
pemex,5536913.43,MXN,OP-205204,07/11/2021,N/A,N/A
SORIANA,9961981.84,EUR,OP-175736,"March 06, 2016",15/11/2022,2445
grupo carso,5768064.94,MXN,OP-229302,15-Sep-2024,N/A,N/A
banorte,6831074.32,USD,OP-595541,04-Nov-2018,N/A,N/A
BANORTE,7846620.98,USD,OP-201324,21-May-2021,N/A,N/A
BANORTE,3042579.3,EUR,OP-520760,"December 23, 2024",N/A,N/A
grupo lala,6425767.93,USD,OP-806066,21-May-2021,N/A,N/A
BBVA MÉXICO,9872938.82,USD,OP-540495,"October 14, 2021",N/A,N/A
liverpool,6298188.88,USD,OP-322337,06-Jan-2020,23/11/2020,322
alsea,7380499.93,EUR,OP-841354,2020-05-09,2025-01-03,1700
AMÉRICA MÓVIL,8957897.6,EUR,OP-956491,07-Sep-2021,N/A,N/A
SORIANA,7985445.06,USD,OP-880370,"January 22, 2025",N/A,N/A
grupo carso,8695051.93,USD,OP-224831,"June 10, 2025",N/A,N/A
cemex,7102252.32,MXN,OP-945229,"February 28, 2017",2018-02-16,353
alsea,4981913.53,MXN,OP-635323,10-May-2022,N/A,N/A
BANORTE,5184387.95,EUR,OP-689047,06/12/2016,20/04/2018,677
LIVERPOOL,2206546.1,USD,OP-330384,25-Dec-2015,"October 07, 2019",1382
alsea,2331889.62,EUR,OP-438249,2022-06-19,N/A,N/A
grupo carso,8101568.61,EUR,OP-753758,06/07/2017,"April 29, 2019",691
LIVERPOOL,9217566.87,EUR,OP-414305,22-May-2020,N/A,N/A
BANORTE,8295750.02,USD,OP-843222,03/10/2024,N/A,N/A
grupo méxico,5176108.36,EUR,OP-487103,"December 14, 2023",N/A,N/A
grupo lala,3124186.03,MXN,OP-882404,28/11/2019,N/A,N/A
liverpool,5316838.28,EUR,OP-501651,06-Aug-2021,N/A,N/A
GRUPO CARSO,2941285.61,EUR,OP-367450,23/03/2022,N/A,N/A
SORIANA,4319097.65,USD,OP-638945,2016-08-23,N/A,N/A
liverpool,162234.81,EUR,OP-987473,20/10/2021,N/A,N/A
femsa,991476.06,MXN,OP-450144,"February 06, 2018",N/A,N/A
américa móvil,9395125.51,EUR,OP-138510,15/10/2019,31/05/2024,1690
telmex,6314561.68,EUR,OP-534751,2020-06-20,N/A,N/A
pemex,4862330.43,MXN,OP-511489,"October 01, 2020",2023-03-08,888
BANORTE,5650544.67,USD,OP-361137,17/03/2017,28/05/2022,1898
alsea,7511755.98,USD,OP-333252,"November 16, 2024",N/A,N/A
telmex,4038371.27,MXN,OP-759947,14-Sep-2018,"June 08, 2025",2459
FEMSA,1605100.04,USD,OP-838070,08/02/2025,N/A,N/A
BANORTE,7668949.66,EUR,OP-321992,08-Mar-2023,N/A,N/A
SORIANA,8216016.67,MXN,OP-960516,"March 28, 2018",04-Sep-2020,891
WALMART DE MÉXICO,3360122.0,EUR,OP-248567,02-Jun-2025,N/A,N/A
GRUPO LALA,2163042.98,USD,OP-530304,21/09/2020,N/A,N/A
GRUPO LALA,1656978.9,MXN,OP-661015,2022-12-09,2023-06-21,194
BANORTE,5838371.37,EUR,OP-905536,25/07/2021,N/A,N/A
GRUPO MÉXICO,367226.4,MXN,OP-629800,"November 07, 2021",N/A,N/A
ALSEA,2517587.3,EUR,OP-122723,19-Aug-2019,N/A,N/A
CEMEX,1055071.99,USD,OP-356152,"October 21, 2024",N/A,N/A
BANORTE,5348099.85,MXN,OP-798052,2020-12-03,N/A,N/A
SORIANA,9718739.87,EUR,OP-769088,"October 07, 2024",27-Feb-2025,143
LIVERPOOL,5511085.76,EUR,OP-842662,"November 13, 2015",05/12/2019,1276
grupo méxico,3754907.16,USD,OP-227073,10-Jun-2020,N/A,N/A
liverpool,5929856.78,EUR,OP-607550,19-Jun-2018,"September 18, 2023",1917
grupo carso,9256346.98,MXN,OP-232879,"July 27, 2018",N/A,N/A
femsa,2791030.96,USD,OP-514660,"July 01, 2021",2025-08-16,1507
TELMEX,9125436.5,USD,OP-878329,"December 05, 2021",N/A,N/A
ALSEA,1773940.19,MXN,OP-559841,2016-02-14,09-Jun-2018,846
FEMSA,6305554.58,USD,OP-523265,12-Nov-2019,2021-04-12,517
FEMSA,8820776.26,USD,OP-707477,24/01/2017,"October 21, 2024",2827
PEMEX,5168643.47,EUR,OP-391242,"July 11, 2024",N/A,N/A
femsa,2699938.41,EUR,OP-436581,2022-04-30,N/A,N/A
BANORTE,1986711.34,USD,OP-916799,"November 09, 2024",N/A,N/A
soriana,448721.26,EUR,OP-322092,22/06/2025,N/A,N/A
soriana,7990516.9,EUR,OP-770586,2023-06-10,N/A,N/A
ALSEA,3356465.65,MXN,OP-375119,2015-09-17,29-Jan-2019,1230
banorte,6827158.36,EUR,OP-723297,06-Jan-2016,N/A,N/A
SORIANA,4122928.77,MXN,OP-276465,"November 09, 2017",2020-04-26,899
GRUPO CARSO,1229358.41,USD,OP-778119,"October 25, 2024",N/A,N/A
banorte,6957366.09,MXN,OP-485921,06-Mar-2025,N/A,N/A
grupo méxico,3899256.95,USD,OP-884221,21/06/2022,"January 24, 2024",582
banorte,5327282.19,MXN,OP-729818,"June 19, 2018",28-Aug-2024,2262
banorte,7693927.58,USD,OP-162002,"October 06, 2023",N/A,N/A
ALSEA,2526049.27,USD,OP-664076,2015-12-30,N/A,N/A
liverpool,9441344.95,MXN,OP-277913,09-Jun-2016,"August 14, 2018",796
WALMART DE MÉXICO,6470187.13,EUR,OP-803913,"March 22, 2020",N/A,N/A
liverpool,2934375.56,EUR,OP-730191,24-Oct-2024,N/A,N/A
grupo carso,1447720.5,USD,OP-181520,03-Feb-2024,N/A,N/A
GRUPO CARSO,5605152.2,MXN,OP-862178,06/10/2024,N/A,N/A
AMÉRICA MÓVIL,4453511.38,EUR,OP-300319,07/02/2017,N/A,N/A
WALMART DE MÉXICO,1077153.22,EUR,OP-130215,"January 22, 2018","February 28, 2025",2594
AMÉRICA MÓVIL,1254004.67,EUR,OP-714307,2023-10-31,N/A,N/A
CEMEX,6086913.65,EUR,OP-702189,03/12/2023,N/A,N/A
GRUPO CARSO,4773214.66,USD,OP-500598,19/08/2024,N/A,N/A
SORIANA,8083825.77,EUR,OP-469397,08/11/2019,2021-02-28,567
grupo bimbo,5607684.07,USD,OP-332193,2021-05-08,N/A,N/A
telmex,6927669.35,EUR,OP-994534,15/01/2021,N/A,N/A
GRUPO MÉXICO,1636890.3,MXN,OP-397124,04/05/2019,26-Apr-2024,1848
grupo lala,855829.48,EUR,OP-218031,2025-04-05,N/A,N/A
femsa,6046073.06,EUR,OP-995482,2020-02-01,N/A,N/A
BANORTE,2559985.17,EUR,OP-940508,04/10/2023,N/A,N/A
cemex,9027614.8,EUR,OP-810393,06-Apr-2016,2019-11-12,1315
walmart de méxico,8427794.5,EUR,OP-593380,18-Sep-2019,"February 07, 2024",1603
cemex,2689845.56,USD,OP-916848,31-Mar-2020,N/A,N/A
BBVA MÉXICO,4622782.36,MXN,OP-920855,24/04/2017,N/A,N/A
grupo carso,8340333.74,EUR,OP-474659,2024-09-11,N/A,N/A
grupo carso,9483214.15,USD,OP-480684,28-Nov-2021,N/A,N/A
bbva méxico,8302597.78,MXN,OP-622155,26-Jun-2017,N/A,N/A
telmex,4337833.19,USD,OP-428588,07-Jan-2025,N/A,N/A
SORIANA,2999556.37,MXN,OP-274894,2016-03-03,28-Dec-2022,2491
telmex,3705379.64,MXN,OP-674473,07/05/2018,"July 23, 2024",2210
GRUPO CARSO,612279.4,MXN,OP-621378,07/06/2020,N/A,N/A
américa móvil,6625966.23,MXN,OP-425205,01-May-2021,2023-04-13,712
WALMART DE MÉXICO,4853650.86,EUR,OP-638944,18-Aug-2023,N/A,N/A
GRUPO CARSO,4411873.66,MXN,OP-919509,18/07/2018,N/A,N/A
cemex,7829965.35,USD,OP-969327,"May 24, 2025",N/A,N/A
liverpool,3968122.83,MXN,OP-403610,2023-12-19,N/A,N/A
soriana,697777.17,EUR,OP-636708,26-Jul-2018,N/A,N/A
LIVERPOOL,9393782.79,MXN,OP-311623,2020-11-13,N/A,N/A
walmart de méxico,5717193.46,USD,OP-104024,"August 26, 2020",N/A,N/A
GRUPO MÉXICO,2142885.63,USD,OP-960806,29/11/2018,16/01/2025,2240
PEMEX,5059952.27,MXN,OP-281827,2018-11-18,N/A,N/A
grupo lala,6780152.55,MXN,OP-814153,12-Jan-2018,21-Apr-2020,830
TELMEX,8493706.35,MXN,OP-807365,2016-02-10,N/A,N/A
telmex,756837.79,MXN,OP-420345,"February 20, 2025",N/A,N/A
PEMEX,8094458.71,MXN,OP-712928,15/08/2016,"June 02, 2024",2848
grupo méxico,5837576.33,EUR,OP-310321,12-Jun-2022,N/A,N/A
banorte,5162382.34,EUR,OP-683118,14-Feb-2018,23/06/2022,1590
liverpool,3959468.42,EUR,OP-868829,08-May-2016,N/A,N/A
grupo méxico,4588754.54,USD,OP-959886,07-Sep-2021,N/A,N/A
PEMEX,786079.56,EUR,OP-675517,"February 12, 2024",N/A,N/A
BBVA MÉXICO,4452266.91,MXN,OP-416931,2022-08-24,N/A,N/A
LIVERPOOL,318592.2,EUR,OP-479604,05-Aug-2020,N/A,N/A
grupo lala,5340760.69,USD,OP-707810,"February 11, 2025",2025-05-15,93
soriana,6014561.7,MXN,OP-518014,"July 29, 2022",N/A,N/A
BBVA MÉXICO,1357057.97,EUR,OP-590650,24-Sep-2015,"March 29, 2024",3109
WALMART DE MÉXICO,1327622.27,MXN,OP-942891,26-Oct-2022,18/05/2024,570
BANORTE,1254102.58,MXN,OP-233320,05/06/2020,17/05/2025,1837
GRUPO CARSO,1260894.21,EUR,OP-588563,2018-06-19,2022-12-20,1645
WALMART DE MÉXICO,8389979.56,MXN,OP-818327,20-Jun-2023,14-Aug-2024,421
cemex,5605955.86,EUR,OP-731827,2021-11-08,2022-01-17,70
banorte,6629908.31,USD,OP-316285,2024-05-26,N/A,N/A
pemex,4282580.11,USD,OP-158739,2025-05-20,N/A,N/A
soriana,3692766.89,MXN,OP-208249,"July 16, 2017",10-May-2024,2490
GRUPO BIMBO,628464.57,EUR,OP-938434,28/02/2023,N/A,N/A
GRUPO MÉXICO,9870799.22,MXN,OP-921666,2024-06-07,21/03/2025,287
GRUPO CARSO,6092249.55,USD,OP-279882,12/09/2017,30/12/2020,1117
walmart de méxico,5273414.87,EUR,OP-963499,13-Jan-2017,N/A,N/A
LIVERPOOL,7809844.97,USD,OP-651491,"September 23, 2023",N/A,N/A
bbva méxico,7687807.74,EUR,OP-688129,27-May-2023,N/A,N/A
grupo lala,664336.57,MXN,OP-248897,15/03/2024,N/A,N/A
GRUPO MÉXICO,1877226.97,EUR,OP-654577,2017-09-03,15/11/2017,73
bbva méxico,838496.21,USD,OP-430240,"January 28, 2024",N/A,N/A
AMÉRICA MÓVIL,6383484.84,USD,OP-882359,"November 19, 2020",N/A,N/A
walmart de méxico,1368387.92,EUR,OP-544664,2023-02-11,N/A,N/A
pemex,2337761.48,MXN,OP-205501,"January 06, 2018","August 05, 2023",2037
AMÉRICA MÓVIL,2797497.6,USD,OP-545485,"July 11, 2022",N/A,N/A
BANORTE,3087551.17,USD,OP-216488,2021-07-01,N/A,N/A
FEMSA,6285203.26,MXN,OP-490972,11-Apr-2023,N/A,N/A
SORIANA,4011672.33,USD,OP-856724,"May 05, 2025",N/A,N/A
SORIANA,6153654.07,EUR,OP-306395,29/09/2016,"February 11, 2017",135
BANORTE,9642780.25,MXN,OP-755592,2019-05-04,12-Jun-2020,405
américa móvil,5249721.31,MXN,OP-719507,02/07/2024,N/A,N/A
GRUPO MÉXICO,5138474.09,USD,OP-779360,"June 06, 2025",N/A,N/A
BBVA MÉXICO,8413396.68,MXN,OP-619647,2025-08-25,N/A,N/A
telmex,9368023.82,EUR,OP-932458,17-Jul-2018,N/A,N/A
SORIANA,9523992.61,MXN,OP-371245,2016-11-11,13-Mar-2021,1583
TELMEX,1461400.32,MXN,OP-573965,2025-05-12,N/A,N/A
walmart de méxico,1758681.81,MXN,OP-655932,10-Apr-2020,"June 23, 2020",74
WALMART DE MÉXICO,7856561.29,EUR,OP-746177,13-Jun-2022,N/A,N/A
bbva méxico,3175736.04,USD,OP-153633,12/03/2024,N/A,N/A
TELMEX,8709426.18,MXN,OP-583692,"November 29, 2015",N/A,N/A
BANORTE,1248686.15,MXN,OP-184496,2022-06-18,N/A,N/A
GRUPO LALA,6070683.77,EUR,OP-267882,"January 16, 2022",N/A,N/A
BBVA MÉXICO,6543201.55,MXN,OP-402610,19-Nov-2021,19/02/2022,92
AMÉRICA MÓVIL,574934.23,USD,OP-362138,"January 30, 2022",N/A,N/A
cemex,3800791.19,MXN,OP-485004,13/01/2016,2017-01-06,359
BANORTE,1788327.83,USD,OP-465321,"February 18, 2025",N/A,N/A
CEMEX,6419843.06,USD,OP-316154,29-Oct-2018,N/A,N/A
pemex,5944225.51,MXN,OP-654137,"April 21, 2016","May 09, 2023",2574
grupo lala,2101468.31,EUR,OP-937895,27/09/2023,N/A,N/A
grupo carso,8440787.73,USD,OP-350657,"January 23, 2024",N/A,N/A
pemex,8063553.82,USD,OP-906327,24/10/2017,04/08/2021,1262
grupo carso,2884972.95,MXN,OP-746467,2022-03-04,10-Aug-2025,1255
liverpool,3583266.08,MXN,OP-527771,26/01/2019,2023-11-23,1762
walmart de méxico,7031296.04,USD,OP-316436,31/03/2017,2023-08-25,2338
LIVERPOOL,6028146.1,MXN,OP-513225,"June 28, 2024",N/A,N/A
pemex,7277765.42,USD,OP-304633,24/09/2016,N/A,N/A
ALSEA,917733.12,EUR,OP-964669,"March 12, 2021","February 06, 2024",1061
BANORTE,9744339.96,EUR,OP-810585,13-Dec-2024,N/A,N/A
GRUPO CARSO,7712057.5,USD,OP-885004,"May 06, 2024",N/A,N/A
ALSEA,2618849.4,MXN,OP-688078,21-Feb-2016,"March 07, 2022",2206
TELMEX,8690196.89,USD,OP-130523,15-Jun-2024,N/A,N/A
GRUPO LALA,3264575.87,MXN,OP-894680,"January 06, 2024",N/A,N/A
AMÉRICA MÓVIL,5518731.1,MXN,OP-166400,29-Jan-2017,29-Jul-2023,2372
grupo lala,5336605.64,USD,OP-754187,25/08/2016,N/A,N/A
walmart de méxico,3819497.2,EUR,OP-899071,10/03/2017,N/A,N/A
FEMSA,4048447.1,USD,OP-792606,20-Aug-2020,N/A,N/A
grupo bimbo,8520207.99,EUR,OP-419948,04/04/2023,N/A,N/A
ALSEA,7975530.0,MXN,OP-471966,11/12/2016,2021-03-28,1597
FEMSA,3331616.33,MXN,OP-612647,2017-05-23,07/10/2022,1874
pemex,2160755.8,USD,OP-261578,"December 18, 2019",N/A,N/A
PEMEX,8209140.3,USD,OP-842272,29-Nov-2019,N/A,N/A
AMÉRICA MÓVIL,7022132.76,USD,OP-475097,"May 01, 2020",25/04/2025,1820
soriana,5228515.4,USD,OP-259182,21-Nov-2020,N/A,N/A
bbva méxico,6512903.42,USD,OP-170859,16/10/2024,N/A,N/A
soriana,1442214.12,USD,OP-535724,2019-03-03,N/A,N/A
femsa,1741846.99,EUR,OP-629089,26/05/2024,03-Mar-2025,281
PEMEX,1046906.8,EUR,OP-740426,"May 01, 2019",N/A,N/A
AMÉRICA MÓVIL,6516093.07,MXN,OP-917212,12/06/2021,N/A,N/A
soriana,9480025.99,EUR,OP-982747,2017-07-01,05/06/2019,674
FEMSA,5140831.03,MXN,OP-911660,14/08/2021,N/A,N/A
GRUPO LALA,6377584.53,EUR,OP-847817,"July 07, 2024",N/A,N/A
grupo carso,538905.98,MXN,OP-910279,02-Jul-2025,N/A,N/A
WALMART DE MÉXICO,8822874.31,USD,OP-431088,19/11/2016,N/A,N/A
grupo bimbo,6968848.79,EUR,OP-147592,25/05/2023,N/A,N/A
PEMEX,4485131.15,USD,OP-645691,18-Apr-2023,N/A,N/A
grupo carso,6193988.24,EUR,OP-377315,2020-05-15,N/A,N/A
SORIANA,3127056.2,EUR,OP-905914,04-Nov-2023,N/A,N/A
alsea,334509.02,USD,OP-138753,"August 27, 2022",N/A,N/A
AMÉRICA MÓVIL,1592269.05,MXN,OP-563096,"October 05, 2021",12-Mar-2023,523
GRUPO LALA,1229434.87,EUR,OP-100007,"August 14, 2025",N/A,N/A
PEMEX,8617590.28,USD,OP-448801,28-Feb-2018,07-Feb-2020,709
liverpool,9154091.27,EUR,OP-359279,02-May-2018,N/A,N/A
alsea,1156392.69,EUR,OP-684115,12-Apr-2024,N/A,N/A
ALSEA,8412348.08,MXN,OP-671327,"June 10, 2021",N/A,N/A
américa móvil,9438824.67,EUR,OP-680761,19-Apr-2020,14-Aug-2020,117
AMÉRICA MÓVIL,9097485.71,USD,OP-896402,"May 16, 2023",N/A,N/A
FEMSA,8103072.61,EUR,OP-249987,13/04/2023,N/A,N/A
GRUPO BIMBO,9552028.63,USD,OP-117734,2016-06-19,N/A,N/A
telmex,1440746.83,USD,OP-202267,"November 24, 2017",2019-12-06,742
walmart de méxico,7729124.09,USD,OP-538499,14-Jun-2017,N/A,N/A
grupo bimbo,3996499.65,MXN,OP-107005,26/11/2017,07-Sep-2021,1381
telmex,8729654.2,USD,OP-891009,2025-04-13,N/A,N/A
AMÉRICA MÓVIL,3214780.54,MXN,OP-189118,"December 25, 2018",N/A,N/A
américa móvil,6321396.44,EUR,OP-151517,22-Jun-2020,N/A,N/A
TELMEX,4305209.66,USD,OP-853546,14/05/2019,N/A,N/A
BANORTE,7474676.96,USD,OP-612913,2024-07-31,N/A,N/A
cemex,5145068.72,MXN,OP-872246,27/12/2019,N/A,N/A
GRUPO MÉXICO,5936911.99,MXN,OP-468226,30/12/2020,N/A,N/A
pemex,319054.67,USD,OP-516309,29-May-2025,N/A,N/A
BANORTE,7927527.8,EUR,OP-629391,2016-05-22,27/06/2020,1497
grupo méxico,2686774.88,USD,OP-394777,18-Dec-2023,N/A,N/A
AMÉRICA MÓVIL,8186786.93,MXN,OP-827483,29-Sep-2015,N/A,N/A
femsa,1444233.46,USD,OP-185942,23/07/2019,N/A,N/A
grupo carso,1304318.99,USD,OP-833325,2016-09-24,2021-02-15,1605
cemex,3795589.45,EUR,OP-931779,2019-03-14,13-Feb-2023,1432
femsa,3317124.22,EUR,OP-535486,03-Mar-2018,15/03/2024,2204
grupo bimbo,2667211.16,USD,OP-419355,22/01/2016,"January 07, 2017",351
alsea,5392321.8,MXN,OP-634699,24/11/2019,N/A,N/A
WALMART DE MÉXICO,1542405.32,USD,OP-412525,26-Jul-2025,N/A,N/A
GRUPO MÉXICO,4708181.6,EUR,OP-864750,25-Mar-2025,N/A,N/A
WALMART DE MÉXICO,3841915.76,MXN,OP-152848,2024-02-07,N/A,N/A
grupo lala,1608760.11,USD,OP-860058,06/07/2025,N/A,N/A
telmex,6708191.14,USD,OP-228685,2018-04-06,N/A,N/A
grupo carso,1192593.3,MXN,OP-315443,"May 03, 2018","June 02, 2023",1856
AMÉRICA MÓVIL,2318921.85,USD,OP-732455,"April 30, 2019",2020-01-19,264
AMÉRICA MÓVIL,6595525.55,MXN,OP-895883,"May 06, 2023",N/A,N/A
FEMSA,2583721.07,USD,OP-404517,2020-07-15,30-May-2025,1780
grupo lala,2624282.24,EUR,OP-355002,27/11/2015,N/A,N/A
walmart de méxico,2000960.12,USD,OP-496900,23-Mar-2019,N/A,N/A
SORIANA,6855037.88,EUR,OP-194732,13-May-2023,N/A,N/A
walmart de méxico,2128312.36,EUR,OP-913311,"November 04, 2015","August 03, 2019",1368
GRUPO LALA,4708335.29,EUR,OP-163506,14-Jul-2025,N/A,N/A
telmex,1937501.24,MXN,OP-856580,18-Sep-2018,12/05/2020,809
GRUPO BIMBO,8455432.28,MXN,OP-204748,"August 03, 2017",2022-12-27,1972
grupo lala,6348390.7,USD,OP-716314,2023-12-01,N/A,N/A
grupo bimbo,458296.65,USD,OP-556825,2018-03-27,22/04/2023,1852
américa móvil,6761402.28,MXN,OP-921428,25/03/2016,05-Nov-2019,1320
grupo lala,5150603.07,USD,OP-869601,"October 22, 2018",2024-11-02,2203
grupo carso,9415211.11,MXN,OP-628444,12/07/2016,N/A,N/A
banorte,2674249.69,USD,OP-284736,"September 19, 2022",N/A,N/A
walmart de méxico,7836687.75,MXN,OP-642535,"March 19, 2025",N/A,N/A
PEMEX,672229.48,EUR,OP-377782,2016-08-31,N/A,N/A
FEMSA,5086837.31,EUR,OP-778040,31/05/2019,"February 07, 2023",1348
FEMSA,5876117.33,USD,OP-860060,2017-06-01,N/A,N/A
grupo carso,1837376.03,MXN,OP-751340,11-Apr-2023,N/A,N/A
GRUPO CARSO,9192410.33,MXN,OP-374789,"August 09, 2025",N/A,N/A
TELMEX,1032606.98,MXN,OP-648502,22-Jun-2025,N/A,N/A
BBVA MÉXICO,8040633.14,EUR,OP-610067,24/03/2017,11-Nov-2020,1328
WALMART DE MÉXICO,8820159.18,USD,OP-480070,16/07/2020,N/A,N/A
soriana,2993660.91,MXN,OP-508401,10-Feb-2019,"January 29, 2024",1814
bbva méxico,4439631.42,EUR,OP-265856,"March 19, 2017",2020-06-06,1175
GRUPO BIMBO,2429054.74,USD,OP-659145,2015-10-15,13-Apr-2020,1642
TELMEX,846139.76,MXN,OP-143736,2016-07-12,"December 03, 2021",1970
banorte,9760637.36,MXN,OP-239993,08-Dec-2022,11-Apr-2023,124
TELMEX,5921783.75,MXN,OP-873080,20/03/2018,N/A,N/A
grupo lala,8928985.98,EUR,OP-492770,06/03/2018,N/A,N/A
walmart de méxico,9675897.9,USD,OP-933434,"December 29, 2017","February 19, 2019",417
banorte,3489968.49,USD,OP-358882,05-Oct-2017,N/A,N/A
GRUPO CARSO,8030147.92,EUR,OP-758274,"November 08, 2021",14/05/2022,187
LIVERPOOL,2394395.94,EUR,OP-175622,27/06/2017,2022-07-11,1840
GRUPO MÉXICO,366029.42,USD,OP-398917,"December 04, 2020",2023-08-19,988
soriana,4750098.96,USD,OP-859877,"June 15, 2020",09/06/2025,1909
grupo carso,2402168.22,USD,OP-858613,09-Jan-2016,N/A,N/A
CEMEX,9932590.48,USD,OP-273387,"March 20, 2023",N/A,N/A
alsea,9743421.6,USD,OP-452936,14/07/2020,N/A,N/A
GRUPO CARSO,463647.62,USD,OP-575159,19/03/2021,N/A,N/A
PEMEX,8994530.7,EUR,OP-798387,21-Nov-2017,N/A,N/A
pemex,5427467.39,MXN,OP-870793,27/01/2018,2023-12-25,2158
GRUPO CARSO,3795861.22,MXN,OP-248448,09-Jan-2025,N/A,N/A
pemex,113869.13,EUR,OP-156868,"February 27, 2023",N/A,N/A
ALSEA,5587281.85,USD,OP-896054,13/10/2018,N/A,N/A
cemex,4182174.83,EUR,OP-529953,21/01/2025,N/A,N/A
cemex,4656765.68,USD,OP-995538,07/08/2020,N/A,N/A
banorte,1691861.09,EUR,OP-777891,20-Jan-2019,N/A,N/A
GRUPO LALA,8640049.9,USD,OP-243349,2016-08-24,"November 01, 2022",2260
walmart de méxico,1002867.18,USD,OP-821701,22/11/2018,N/A,N/A
GRUPO LALA,4607175.57,USD,OP-524896,"November 17, 2016",N/A,N/A
grupo bimbo,4961704.55,MXN,OP-403014,01/05/2024,N/A,N/A
grupo carso,1484479.85,EUR,OP-793254,05/06/2018,N/A,N/A
grupo carso,7341712.34,EUR,OP-895832,28-Apr-2016,04/03/2024,2897
CEMEX,4936929.29,USD,OP-530369,20/08/2023,N/A,N/A
FEMSA,1404140.8,EUR,OP-384615,2020-03-16,11-May-2024,1517
américa móvil,196904.78,USD,OP-615089,06-Jul-2021,2024-11-24,1237
LIVERPOOL,1889530.78,EUR,OP-951292,"June 11, 2018",N/A,N/A
WALMART DE MÉXICO,5773750.47,EUR,OP-430854,20/03/2018,N/A,N/A
LIVERPOOL,9273708.61,MXN,OP-174808,2022-01-24,27/01/2024,733
WALMART DE MÉXICO,1294172.16,EUR,OP-766328,14/05/2016,05-Oct-2022,2335
CEMEX,7916311.05,USD,OP-879743,14-Apr-2019,N/A,N/A
ALSEA,9642637.22,USD,OP-229144,"July 23, 2023",N/A,N/A
cemex,1429577.17,USD,OP-279219,05/10/2023,N/A,N/A
GRUPO MÉXICO,5516911.05,USD,OP-232203,2017-12-12,N/A,N/A
GRUPO MÉXICO,9533413.02,USD,OP-370809,11/03/2025,N/A,N/A
ALSEA,9145606.74,USD,OP-770659,"February 18, 2023",2023-07-25,157
PEMEX,4062573.15,USD,OP-926582,07/10/2020,N/A,N/A
WALMART DE MÉXICO,7188944.95,MXN,OP-966358,10-Mar-2016,"November 18, 2024",3175
américa móvil,7330917.89,USD,OP-177499,"March 31, 2024","April 16, 2024",16
telmex,1905977.17,USD,OP-406896,"October 09, 2021",24/09/2024,1081
soriana,9101718.26,EUR,OP-811635,"July 08, 2018","May 10, 2019",306
grupo lala,704444.76,EUR,OP-511084,21/01/2023,N/A,N/A
grupo méxico,2640728.33,USD,OP-735580,28/08/2021,N/A,N/A
banorte,8147193.88,USD,OP-410689,21-Nov-2023,N/A,N/A
GRUPO MÉXICO,267493.61,USD,OP-958460,04-Aug-2021,N/A,N/A
FEMSA,9528154.42,MXN,OP-226915,2023-01-28,N/A,N/A
TELMEX,5223602.14,MXN,OP-103569,24/04/2024,N/A,N/A
walmart de méxico,8901493.4,USD,OP-454791,22/05/2025,N/A,N/A
cemex,8110177.36,EUR,OP-216513,2021-03-06,N/A,N/A
LIVERPOOL,2027869.24,USD,OP-521362,2023-01-01,N/A,N/A
alsea,2337457.35,USD,OP-947842,2025-02-05,N/A,N/A
soriana,8162195.99,MXN,OP-269582,"August 13, 2025",N/A,N/A
WALMART DE MÉXICO,1886691.81,USD,OP-233797,29-Jun-2018,N/A,N/A
BBVA MÉXICO,5057276.53,USD,OP-244741,"August 11, 2019",28/08/2022,1113
BANORTE,1871805.4,MXN,OP-762426,08-Jul-2018,"October 06, 2021",1186
grupo méxico,472528.38,MXN,OP-946165,2023-06-15,N/A,N/A
TELMEX,626224.7,EUR,OP-500734,12/05/2016,"December 07, 2021",1828
SORIANA,9831798.13,EUR,OP-571196,"October 12, 2024",N/A,N/A
walmart de méxico,7675684.36,MXN,OP-112865,2019-12-15,N/A,N/A
banorte,8898105.11,EUR,OP-347908,"July 01, 2024",07/06/2025,370
bbva méxico,4654269.94,MXN,OP-997205,"November 12, 2020","December 08, 2024",1487
GRUPO MÉXICO,1102720.6,EUR,OP-376126,"May 05, 2021",N/A,N/A
grupo méxico,2099272.77,MXN,OP-104112,15/10/2017,"December 05, 2019",781
grupo méxico,603787.74,EUR,OP-512120,2018-09-28,"October 21, 2018",23
femsa,9804780.84,EUR,OP-564412,2021-12-18,N/A,N/A
telmex,2413330.95,EUR,OP-751008,26-Nov-2018,N/A,N/A
soriana,3393517.74,USD,OP-807259,30/07/2024,N/A,N/A
ALSEA,5725162.34,EUR,OP-824246,"June 14, 2024",N/A,N/A
grupo bimbo,2071500.76,USD,OP-708661,06/07/2016,"January 03, 2020",1305
grupo carso,212876.25,USD,OP-883215,30-Jan-2025,N/A,N/A
GRUPO LALA,6509943.2,EUR,OP-550316,"July 01, 2020",06-Oct-2024,1558
soriana,591574.18,EUR,OP-932244,22/01/2021,N/A,N/A
alsea,7701920.56,MXN,OP-504621,23/12/2022,N/A,N/A
SORIANA,7195795.6,EUR,OP-292807,21/07/2017,N/A,N/A
grupo bimbo,4719487.74,MXN,OP-802763,10/05/2020,14/10/2022,739
grupo bimbo,4940069.95,MXN,OP-152983,07-Jul-2017,N/A,N/A
walmart de méxico,3567684.47,MXN,OP-123829,15-Sep-2016,N/A,N/A
telmex,544148.52,EUR,OP-920985,23/01/2025,N/A,N/A
grupo bimbo,2639728.69,USD,OP-389403,20-Dec-2017,N/A,N/A
femsa,7397170.07,EUR,OP-907926,"June 05, 2018",N/A,N/A
cemex,3485298.53,MXN,OP-846540,22/12/2017,N/A,N/A
BANORTE,7222039.46,EUR,OP-896207,06-Jan-2016,N/A,N/A
femsa,3241248.27,EUR,OP-156050,12/11/2019,N/A,N/A
FEMSA,2840691.6,EUR,OP-933431,11-Apr-2022,2022-11-20,223
GRUPO LALA,1671120.55,EUR,OP-637458,20-Jun-2024,N/A,N/A
BBVA MÉXICO,8936718.38,EUR,OP-606559,28/08/2019,N/A,N/A
LIVERPOOL,7809015.65,EUR,OP-309992,2021-03-24,N/A,N/A
grupo bimbo,7868126.57,MXN,OP-888501,2021-08-13,07/01/2022,322
AMÉRICA MÓVIL,9720255.61,USD,OP-989588,28-Jun-2021,28/09/2023,822
grupo lala,7703809.98,MXN,OP-701649,2023-02-25,"February 20, 2025",726
BBVA MÉXICO,2155519.99,EUR,OP-260626,2024-05-26,N/A,N/A
GRUPO BIMBO,9707629.38,MXN,OP-908486,2025-07-01,N/A,N/A
FEMSA,3314143.43,MXN,OP-577841,14-Jan-2024,N/A,N/A
AMÉRICA MÓVIL,1963099.36,MXN,OP-445355,08/01/2021,N/A,N/A
telmex,6856408.62,MXN,OP-907519,2020-06-25,"March 03, 2021",251
grupo lala,2265471.89,MXN,OP-426510,13/03/2025,N/A,N/A
alsea,3635339.62,USD,OP-541178,"March 22, 2022","July 25, 2022",125
WALMART DE MÉXICO,7454530.11,MXN,OP-368263,2016-08-12,2024-06-21,2870
BBVA MÉXICO,1735897.57,MXN,OP-616972,2017-09-25,"October 17, 2019",752
AMÉRICA MÓVIL,5638781.0,EUR,OP-380331,29-Nov-2019,N/A,N/A
BANORTE,228507.52,USD,OP-202840,2022-06-04,N/A,N/A
BBVA MÉXICO,9773120.14,MXN,OP-474911,19-Jun-2024,N/A,N/A
grupo carso,4123414.1,EUR,OP-865013,"April 28, 2016",N/A,N/A
banorte,1646643.18,MXN,OP-783365,27/08/2015,"July 23, 2018",1061
pemex,4804969.6,USD,OP-360472,08/11/2016,N/A,N/A
telmex,1305787.86,MXN,OP-697835,"May 14, 2025",N/A,N/A
SORIANA,5812582.88,MXN,OP-222419,"February 03, 2018",17-Jul-2021,1260
BANORTE,860149.49,USD,OP-815673,15-Nov-2022,N/A,N/A
pemex,373371.59,MXN,OP-364772,08-Feb-2019,N/A,N/A
ALSEA,7868386.45,USD,OP-359686,2025-07-28,N/A,N/A
ALSEA,3689463.06,MXN,OP-840983,05/04/2025,N/A,N/A
américa móvil,9839040.41,USD,OP-865862,2025-01-14,N/A,N/A
PEMEX,2783660.7,EUR,OP-348949,04/12/2016,N/A,N/A
LIVERPOOL,9593013.79,EUR,OP-233586,2022-07-05,22-May-2023,321
pemex,8920982.64,USD,OP-388730,09/01/2021,N/A,N/A
américa móvil,290179.32,USD,OP-509710,06-Apr-2019,N/A,N/A
GRUPO LALA,1332590.38,MXN,OP-632254,17-May-2020,N/A,N/A
CEMEX,7408652.63,USD,OP-466800,"January 15, 2022","March 27, 2025",1167
TELMEX,7869770.92,MXN,OP-453967,25/11/2023,"May 09, 2025",531
bbva méxico,1951147.77,USD,OP-600204,2017-11-13,03-Feb-2023,1908
TELMEX,4646627.83,USD,OP-480995,09-Jan-2016,N/A,N/A
femsa,5947728.1,EUR,OP-767699,"September 24, 2016",20-Jan-2018,483
grupo bimbo,6903331.84,MXN,OP-509887,07/04/2022,N/A,N/A
GRUPO LALA,8479332.34,EUR,OP-589853,"December 11, 2022",N/A,N/A
grupo lala,6214296.05,MXN,OP-393353,12/10/2016,"March 06, 2019",816
SORIANA,9470769.3,EUR,OP-312594,31/07/2025,N/A,N/A
GRUPO LALA,7956929.84,EUR,OP-690128,2018-08-31,"March 03, 2022",1280
FEMSA,4322594.84,USD,OP-399394,"February 05, 2018",N/A,N/A
GRUPO CARSO,3745895.43,MXN,OP-546429,"March 26, 2022",09/03/2022,161
telmex,8859157.66,EUR,OP-332466,27/07/2024,N/A,N/A
grupo carso,8964922.88,EUR,OP-806523,2017-08-25,03/05/2024,2384
AMÉRICA MÓVIL,2465576.96,USD,OP-655010,2016-03-21,2024-05-15,2977
GRUPO BIMBO,4672568.1,USD,OP-971804,21/09/2016,"February 15, 2023",2338
grupo carso,1706614.84,USD,OP-695324,24-Sep-2024,N/A,N/A
grupo carso,5251642.83,USD,OP-943483,2024-05-19,N/A,N/A
GRUPO MÉXICO,9096808.69,EUR,OP-755950,06/10/2015,N/A,N/A
AMÉRICA MÓVIL,1321039.21,USD,OP-464491,16/09/2017,"September 15, 2024",2556
cemex,1666532.61,MXN,OP-969692,2023-12-05,N/A,N/A
AMÉRICA MÓVIL,7451261.78,MXN,OP-940548,31-Jan-2023,N/A,N/A
grupo carso,654027.25,USD,OP-352762,07/04/2018,2021-03-05,975
soriana,5017934.29,EUR,OP-612879,"December 05, 2020",N/A,N/A
soriana,7635414.5,EUR,OP-974856,28/07/2020,N/A,N/A
SORIANA,8851590.97,EUR,OP-128170,2020-03-29,N/A,N/A
alsea,327503.03,USD,OP-609847,18-Jan-2025,N/A,N/A
alsea,580682.18,MXN,OP-799876,2016-05-20,N/A,N/A
GRUPO MÉXICO,6066343.52,USD,OP-602796,2022-05-09,N/A,N/A
GRUPO CARSO,3152769.21,USD,OP-854296,"July 25, 2022",18-Aug-2025,1120
BBVA MÉXICO,587993.63,MXN,OP-188455,03/06/2025,N/A,N/A
alsea,2590982.43,USD,OP-689196,07/08/2020,"August 14, 2020",37
walmart de méxico,3766757.11,MXN,OP-351184,11/11/2018,N/A,N/A
GRUPO MÉXICO,6732542.35,MXN,OP-221579,07-Feb-2017,"March 29, 2025",2972
banorte,5585493.94,USD,OP-432620,"August 08, 2020",31-Dec-2022,875
grupo carso,8414072.89,MXN,OP-907568,22-Dec-2015,26/06/2024,3109
TELMEX,7691331.27,USD,OP-329708,19-Aug-2023,02-Nov-2024,441
américa móvil,8864880.09,EUR,OP-458894,23/08/2023,N/A,N/A
alsea,7250369.0,EUR,OP-375246,"November 12, 2022",2024-12-05,754
soriana,362935.67,USD,OP-993951,"November 30, 2018",N/A,N/A
banorte,3754931.44,USD,OP-158534,28/06/2016,11/05/2021,1956
grupo lala,755871.24,EUR,OP-869877,2021-07-22,"November 01, 2022",467
CEMEX,9333722.74,EUR,OP-194629,2019-04-22,N/A,N/A
BBVA MÉXICO,4733702.51,USD,OP-173795,2024-06-20,N/A,N/A
banorte,8344787.33,USD,OP-698967,12/06/2022,N/A,N/A
BBVA MÉXICO,3266375.92,USD,OP-182775,22-Jul-2022,N/A,N/A
AMÉRICA MÓVIL,3285202.99,EUR,OP-593044,"August 23, 2023",N/A,N/A
PEMEX,4910367.37,USD,OP-986517,05-Aug-2021,N/A,N/A
BBVA MÉXICO,7499143.97,EUR,OP-916104,2019-08-14,N/A,N/A
grupo lala,8580377.87,EUR,OP-851097,"November 03, 2022",N/A,N/A
GRUPO BIMBO,5690804.79,EUR,OP-135336,2023-04-25,N/A,N/A
TELMEX,2148983.05,MXN,OP-821240,2025-04-29,N/A,N/A
soriana,1222406.23,MXN,OP-643018,19-May-2018,07-Nov-2023,1998
grupo méxico,8363999.98,EUR,OP-747834,31-Jan-2021,N/A,N/A
femsa,3683320.13,EUR,OP-700886,"May 15, 2020",N/A,N/A
pemex,2337154.99,EUR,OP-156412,28-Aug-2019,N/A,N/A
liverpool,5002723.39,EUR,OP-984738,"August 22, 2022",N/A,N/A
grupo carso,3007805.33,MXN,OP-619804,14/09/2023,N/A,N/A
grupo méxico,3358290.66,USD,OP-561791,2019-03-13,N/A,N/A
telmex,4704292.5,EUR,OP-618672,2025-05-28,N/A,N/A
femsa,5322265.83,EUR,OP-207307,2025-03-26,N/A,N/A
grupo lala,2787735.9,MXN,OP-825244,26-Jun-2021,N/A,N/A
grupo bimbo,5880430.08,MXN,OP-981707,06/04/2022,N/A,N/A
grupo lala,6699579.54,USD,OP-180763,2023-07-24,N/A,N/A
LIVERPOOL,6575548.97,EUR,OP-905415,02-Aug-2016,N/A,N/A
américa móvil,2061738.71,USD,OP-965112,2019-02-27,N/A,N/A
banorte,1968316.87,EUR,OP-709252,2023-05-03,07/01/2023,59
banorte,991208.95,USD,OP-821425,04/09/2023,2025-08-07,851
FEMSA,3209268.51,MXN,OP-656264,26/10/2023,N/A,N/A
grupo bimbo,4153303.11,MXN,OP-745394,05-Mar-2018,2022-03-31,1487
grupo carso,5982074.81,MXN,OP-967548,2025-08-20,N/A,N/A
pemex,1186500.38,MXN,OP-154572,19/05/2021,N/A,N/A
grupo bimbo,4177401.68,USD,OP-521207,18-Nov-2023,N/A,N/A
AMÉRICA MÓVIL,8825853.93,EUR,OP-809229,"July 21, 2017",2021-01-12,1271
GRUPO CARSO,5396796.5,MXN,OP-761894,28-Jan-2021,31/10/2021,276
bbva méxico,7288485.94,EUR,OP-399486,31-Jul-2019,"June 19, 2021",689
PEMEX,4513456.4,USD,OP-719087,"August 04, 2016",2024-02-03,2739
américa móvil,1985992.21,USD,OP-628386,2018-03-16,N/A,N/A
soriana,8631732.79,MXN,OP-341129,"January 11, 2023",N/A,N/A
AMÉRICA MÓVIL,5535621.27,MXN,OP-772625,2022-06-16,N/A,N/A
grupo lala,3122414.05,EUR,OP-173566,"February 10, 2020",N/A,N/A
américa móvil,8948270.14,MXN,OP-827718,29-Jan-2017,09-Mar-2018,404
GRUPO CARSO,6358091.01,USD,OP-624689,17-Jan-2018,05-Jun-2024,2331
femsa,9325355.19,USD,OP-847340,07-Jul-2020,03-Mar-2022,604
BANORTE,9216963.79,USD,OP-989926,2017-12-05,"March 04, 2018",89
femsa,868554.71,USD,OP-448683,12/09/2019,N/A,N/A
TELMEX,1765384.04,USD,OP-669186,22-Dec-2021,N/A,N/A
BANORTE,1514349.96,MXN,OP-112803,2021-08-01,N/A,N/A
CEMEX,4155574.04,EUR,OP-802345,"November 06, 2018",N/A,N/A
SORIANA,8393321.58,EUR,OP-858508,17/10/2020,N/A,N/A
GRUPO BIMBO,3393852.75,EUR,OP-356291,11/09/2019,"June 26, 2023",1325
GRUPO BIMBO,2851144.22,EUR,OP-976221,04-Oct-2017,25-Nov-2020,1148
FEMSA,2109691.99,MXN,OP-270515,2018-11-14,2021-05-25,923
BANORTE,5574918.93,MXN,OP-965596,2018-01-21,17-Dec-2018,330
WALMART DE MÉXICO,2034464.7,MXN,OP-693080,05/03/2024,N/A,N/A
alsea,3192065.98,MXN,OP-547862,"July 13, 2025",N/A,N/A
alsea,3111902.84,EUR,OP-155464,21-Nov-2022,N/A,N/A
grupo lala,4528290.31,USD,OP-798962,24-Sep-2018,13/06/2019,262
CEMEX,3788126.84,MXN,OP-135449,13-Dec-2018,N/A,N/A
GRUPO BIMBO,1154432.09,EUR,OP-781907,2016-01-22,2023-06-15,2701
BANORTE,2205292.79,USD,OP-155981,15/09/2017,"October 18, 2017",33
grupo bimbo,588137.8,USD,OP-811421,2020-08-01,N/A,N/A
liverpool,8265310.26,USD,OP-850857,19-Aug-2017,N/A,N/A
cemex,9765175.72,USD,OP-354175,02-Jul-2019,N/A,N/A
SORIANA,9248262.06,EUR,OP-856510,"March 04, 2018",N/A,N/A
GRUPO MÉXICO,1670424.27,USD,OP-202318,09-Apr-2023,N/A,N/A
PEMEX,5980556.8,USD,OP-867951,03/02/2019,01/03/2024,1768
grupo carso,3708782.77,USD,OP-355488,2016-08-13,12-Apr-2021,1703
BANORTE,200022.81,MXN,OP-665284,02/01/2021,N/A,N/A
bbva méxico,2824275.12,EUR,OP-917550,"May 31, 2023",N/A,N/A
BANORTE,7585020.93,EUR,OP-530219,"April 10, 2025",N/A,N/A
WALMART DE MÉXICO,7622882.26,MXN,OP-798669,05-Dec-2015,"October 04, 2023",2860
soriana,2945227.67,USD,OP-120895,2016-12-18,2024-07-14,2765
LIVERPOOL,4053832.55,EUR,OP-441563,2019-11-04,"October 12, 2021",708
soriana,5749172.97,MXN,OP-152666,"June 01, 2023",N/A,N/A
banorte,4806838.03,USD,OP-824451,06-Nov-2020,2022-10-28,721
BBVA MÉXICO,6807837.53,USD,OP-491460,"June 02, 2021",2023-09-10,830
BANORTE,1114635.38,EUR,OP-879228,15-Nov-2018,N/A,N/A
grupo méxico,9159349.59,USD,OP-343455,"September 11, 2024",N/A,N/A
GRUPO LALA,1543995.6,MXN,OP-686777,19-Nov-2023,N/A,N/A
WALMART DE MÉXICO,4446785.93,MXN,OP-904134,2018-09-10,19/09/2022,1470
LIVERPOOL,9342580.12,EUR,OP-428098,12/06/2020,N/A,N/A
ALSEA,6877716.76,MXN,OP-233692,"March 14, 2020",2024-01-23,1410
américa móvil,4862840.04,MXN,OP-919427,"July 29, 2019",08/06/2022,1104
walmart de méxico,4995160.5,MXN,OP-365101,21/06/2019,"May 03, 2023",1412
soriana,5657242.0,EUR,OP-197547,"October 25, 2018","January 22, 2023",1550
AMÉRICA MÓVIL,4165373.92,EUR,OP-321727,"December 31, 2020",N/A,N/A
grupo lala,8729399.4,MXN,OP-144722,03/12/2015,25/04/2021,2236
grupo bimbo,5414085.4,EUR,OP-991006,10/07/2016,29-Jun-2018,630
TELMEX,5936914.36,MXN,OP-225592,06/01/2023,N/A,N/A
américa móvil,1549421.1,MXN,OP-399678,25-Nov-2023,N/A,N/A
BANORTE,965907.13,EUR,OP-206797,"July 12, 2020",N/A,N/A
pemex,9956054.75,EUR,OP-601179,06-Mar-2016,N/A,N/A
banorte,6924798.53,USD,OP-508890,05-Aug-2025,N/A,N/A
grupo carso,845372.11,USD,OP-406886,"February 24, 2024",25-Apr-2025,426
cemex,6454670.95,USD,OP-557016,2017-10-05,N/A,N/A
BBVA MÉXICO,1225430.96,USD,OP-201080,25-Nov-2021,N/A,N/A
AMÉRICA MÓVIL,7034033.92,EUR,OP-355161,15/08/2018,03/06/2024,2030
GRUPO MÉXICO,8615835.88,MXN,OP-338390,2018-05-15,"November 27, 2020",927
bbva méxico,7698732.62,MXN,OP-750931,2021-09-01,N/A,N/A
FEMSA,1752770.08,MXN,OP-448028,"April 15, 2019",N/A,N/A
TELMEX,1115168.52,USD,OP-872581,2024-06-26,N/A,N/A
TELMEX,8975838.42,USD,OP-609511,22/07/2019,"December 15, 2020",512
BANORTE,4073841.39,USD,OP-532593,19/03/2020,N/A,N/A
AMÉRICA MÓVIL,5498891.03,MXN,OP-432185,"October 25, 2015","February 05, 2020",1564
grupo bimbo,2063136.93,MXN,OP-864786,27/05/2016,"February 16, 2023",2456
alsea,7240034.95,MXN,OP-531007,"January 25, 2024",N/A,N/A
GRUPO MÉXICO,3922360.34,EUR,OP-902700,12-May-2021,N/A,N/A
FEMSA,474263.53,EUR,OP-446514,2018-09-07,N/A,N/A
SORIANA,2623029.04,USD,OP-203531,2023-09-01,03/01/2025,547
AMÉRICA MÓVIL,4468964.96,EUR,OP-717168,2021-05-07,N/A,N/A
grupo carso,1459421.91,EUR,OP-559326,25/08/2018,N/A,N/A
GRUPO MÉXICO,9433706.03,EUR,OP-343288,16/12/2023,N/A,N/A
bbva méxico,6447418.96,USD,OP-462053,"January 31, 2023",N/A,N/A
GRUPO CARSO,2315172.9,USD,OP-797850,07/01/2024,N/A,N/A
BBVA MÉXICO,1332677.69,MXN,OP-444667,10-Aug-2024,N/A,N/A
alsea,7670251.12,EUR,OP-705821,2023-08-19,N/A,N/A
pemex,949576.76,EUR,OP-121185,07/11/2023,N/A,N/A
WALMART DE MÉXICO,2318527.72,USD,OP-241794,"May 03, 2019",2024-07-27,1912
BANORTE,2999607.68,USD,OP-176925,"March 21, 2019",2022-02-10,1057
FEMSA,9295465.06,EUR,OP-670320,"December 13, 2015","September 29, 2016",291
PEMEX,807551.69,MXN,OP-573914,"April 22, 2016",N/A,N/A
SORIANA,5376014.81,MXN,OP-245112,"December 25, 2022",N/A,N/A
BANORTE,1427242.04,EUR,OP-861660,2021-09-05,N/A,N/A
GRUPO CARSO,7008881.5,EUR,OP-325956,06-Dec-2024,N/A,N/A
WALMART DE MÉXICO,3797579.6,USD,OP-885506,03/01/2017,18/05/2025,3000
CEMEX,1881471.7,EUR,OP-806686,08/01/2019,17/09/2024,1874
alsea,842308.88,USD,OP-471407,"March 13, 2016",26-May-2024,2996
grupo bimbo,5596735.64,USD,OP-728254,23/12/2024,N/A,N/A
alsea,7593125.69,MXN,OP-549881,"April 24, 2019",08/11/2024,1936
telmex,8772362.74,EUR,OP-105111,2024-06-17,N/A,N/A
grupo lala,1805794.35,USD,OP-461531,15/03/2022,N/A,N/A
grupo méxico,6320195.56,MXN,OP-181461,24/02/2023,N/A,N/A
grupo lala,1835955.45,EUR,OP-652671,27-Aug-2021,N/A,N/A
grupo méxico,743327.88,EUR,OP-519935,2015-10-12,2017-01-03,449
banorte,6620804.65,EUR,OP-387423,30/05/2021,N/A,N/A
LIVERPOOL,6199472.54,MXN,OP-652056,03-Nov-2023,"March 25, 2024",143
TELMEX,5036677.35,EUR,OP-610334,"April 05, 2020",N/A,N/A
PEMEX,3208183.84,MXN,OP-748534,"December 31, 2022",N/A,N/A
BANORTE,8106572.09,EUR,OP-630755,2022-10-15,25/04/2024,558
telmex,5003800.91,USD,OP-169193,"April 26, 2024",N/A,N/A
pemex,3365652.82,USD,OP-454719,08/06/2019,N/A,N/A
BBVA MÉXICO,1786214.52,MXN,OP-448597,09-Jun-2019,27-Jun-2022,1114
walmart de méxico,1479927.39,USD,OP-800365,2016-07-17,N/A,N/A
WALMART DE MÉXICO,3606632.4,MXN,OP-553084,"July 16, 2023","July 24, 2023",8
américa móvil,1640801.83,USD,OP-160407,27-Dec-2022,N/A,N/A
BBVA MÉXICO,7982521.52,USD,OP-318892,25-Apr-2017,2022-08-01,1924
GRUPO CARSO,1751352.67,EUR,OP-646668,17/02/2018,N/A,N/A
BANORTE,8181232.25,MXN,OP-629203,2023-04-23,N/A,N/A
soriana,945560.16,EUR,OP-993570,2017-10-10,"February 25, 2023",1964
PEMEX,2878485.95,EUR,OP-736407,2016-10-06,2022-04-18,2020
CEMEX,6525868.54,EUR,OP-425401,2016-10-21,N/A,N/A
WALMART DE MÉXICO,2826095.94,USD,OP-728064,2017-07-15,"December 05, 2023",2334
telmex,5930918.93,MXN,OP-266231,2021-06-25,N/A,N/A
telmex,5420468.95,EUR,OP-557105,2018-11-25,N/A,N/A
SORIANA,928457.5,USD,OP-280947,2018-03-03,N/A,N/A
grupo bimbo,4480178.95,USD,OP-405407,"December 18, 2023",N/A,N/A
TELMEX,9787006.73,EUR,OP-210756,"January 19, 2023",N/A,N/A
grupo bimbo,7821751.72,MXN,OP-195361,2018-10-30,27-Mar-2020,514
TELMEX,4399402.24,EUR,OP-914572,01-Feb-2023,N/A,N/A
grupo carso,2280625.75,EUR,OP-975619,11-Jun-2024,N/A,N/A
GRUPO LALA,2225274.67,MXN,OP-881072,"September 01, 2016",N/A,N/A
GRUPO MÉXICO,1757962.38,EUR,OP-856456,01-Jan-2016,2022-04-17,2298
soriana,3206755.45,EUR,OP-385274,12-Oct-2021,2022-07-13,274
GRUPO CARSO,6830404.27,MXN,OP-924582,24-Dec-2019,N/A,N/A
ALSEA,6209589.21,EUR,OP-187921,"November 13, 2020","December 21, 2022",768
LIVERPOOL,7806653.52,USD,OP-655371,"December 20, 2023",N/A,N/A
LIVERPOOL,757006.82,EUR,OP-220785,06-Feb-2016,16-Jul-2019,1256
BBVA MÉXICO,2606477.67,EUR,OP-264572,2020-03-18,N/A,N/A
pemex,9867153.13,EUR,OP-549711,11/12/2023,N/A,N/A
BBVA MÉXICO,5848627.33,MXN,OP-123201,"May 27, 2022",N/A,N/A
LIVERPOOL,525646.73,MXN,OP-284419,2023-05-16,N/A,N/A
PEMEX,3178110.73,EUR,OP-797770,"October 20, 2016","December 31, 2022",2263
GRUPO LALA,573988.59,MXN,OP-697286,12/01/2018,23/02/2024,1910
TELMEX,2945147.71,MXN,OP-696552,2023-03-03,N/A,N/A
BBVA MÉXICO,8201420.06,MXN,OP-636094,"September 23, 2019",N/A,N/A
grupo méxico,5089583.45,USD,OP-169794,2024-08-30,N/A,N/A
soriana,7743697.64,USD,OP-335930,12/04/2017,N/A,N/A
grupo méxico,4636409.79,MXN,OP-565762,26/11/2024,N/A,N/A
grupo carso,9000660.9,MXN,OP-932990,28/03/2017,"September 25, 2018",546
cemex,5680555.18,MXN,OP-531012,03/11/2023,N/A,N/A
grupo méxico,5701681.81,USD,OP-101146,"July 17, 2023",N/A,N/A
femsa,8258589.89,MXN,OP-875100,25-Oct-2021,N/A,N/A
alsea,9685512.56,USD,OP-502889,26-Jan-2021,"February 01, 2023",736
alsea,9335000.75,EUR,OP-436742,"December 19, 2015",10-Jun-2021,2000
GRUPO MÉXICO,6638471.35,MXN,OP-687549,28-Feb-2017,25/08/2017,178
GRUPO CARSO,1740036.0,EUR,OP-906243,23-Dec-2017,N/A,N/A
PEMEX,6222003.07,EUR,OP-772365,11-Sep-2021,2023-01-17,493
PEMEX,8029602.49,MXN,OP-331518,05/11/2022,12-Jul-2023,427
SORIANA,165158.57,EUR,OP-244343,2023-05-10,N/A,N/A
pemex,6579037.64,MXN,OP-313166,"March 23, 2019","September 27, 2019",188
FEMSA,6832390.16,MXN,OP-536276,13-Jun-2023,N/A,N/A
ALSEA,2398696.5,USD,OP-202869,04/06/2019,10/03/2025,2372
ALSEA,7721284.26,MXN,OP-855335,2018-12-23,29-Sep-2024,2107
telmex,7655081.86,USD,OP-986315,2022-01-18,N/A,N/A
grupo bimbo,1979662.31,USD,OP-284336,10/07/2021,N/A,N/A
walmart de méxico,1825643.03,MXN,OP-238951,11/05/2018,2024-12-01,2218
pemex,4362275.21,MXN,OP-440767,2016-02-27,N/A,N/A
AMÉRICA MÓVIL,3061047.47,EUR,OP-328562,22-Oct-2016,N/A,N/A
grupo carso,2546850.65,USD,OP-759413,25-Jul-2020,N/A,N/A
femsa,7783834.86,EUR,OP-852915,2017-05-31,2018-01-08,222
BBVA MÉXICO,7487657.84,USD,OP-391838,2024-05-16,N/A,N/A
soriana,8637541.64,EUR,OP-995091,15-Aug-2020,2024-06-14,1399
FEMSA,4231628.14,USD,OP-425734,"November 12, 2016",2022-09-03,2121
GRUPO CARSO,9615545.52,USD,OP-193416,10-Nov-2017,N/A,N/A
PEMEX,2892902.61,USD,OP-957193,2021-08-25,N/A,N/A
femsa,1292595.11,USD,OP-233250,"November 17, 2019",N/A,N/A
PEMEX,9902616.39,MXN,OP-948122,2024-02-29,N/A,N/A
TELMEX,8160690.27,MXN,OP-286506,31/10/2016,03/11/2020,1227
CEMEX,7351001.67,EUR,OP-743102,12/02/2022,N/A,N/A
GRUPO BIMBO,8430701.92,EUR,OP-673321,2020-04-01,01/06/2023,1010
femsa,5420350.34,USD,OP-467336,29-Dec-2016,24/06/2021,1638
cemex,3819587.9,USD,OP-358787,2024-07-18,N/A,N/A
BBVA MÉXICO,7780078.73,USD,OP-849070,2024-08-08,N/A,N/A
cemex,8457315.67,USD,OP-290979,2017-12-21,"March 14, 2025",2640
SORIANA,826618.84,EUR,OP-256443,09-Oct-2024,N/A,N/A
grupo lala,465048.75,MXN,OP-725426,16/12/2017,N/A,N/A
TELMEX,9480077.77,USD,OP-623500,03/10/2016,2025-08-07,3437
FEMSA,8280022.17,EUR,OP-879833,13/09/2024,N/A,N/A
AMÉRICA MÓVIL,2990573.5,EUR,OP-634078,"September 05, 2022",N/A,N/A
LIVERPOOL,3601443.94,MXN,OP-671644,24/08/2017,2023-05-10,2085
GRUPO MÉXICO,7133021.08,MXN,OP-321848,27/10/2024,N/A,N/A
GRUPO LALA,3546335.77,EUR,OP-942432,"April 02, 2017",N/A,N/A
BANORTE,8078371.06,USD,OP-639097,25/11/2024,N/A,N/A
liverpool,686662.59,EUR,OP-818403,22-Dec-2023,N/A,N/A
soriana,4837493.79,EUR,OP-950035,14-Nov-2021,N/A,N/A
walmart de méxico,1566478.93,USD,OP-247808,09-Jun-2024,N/A,N/A
soriana,157073.74,EUR,OP-781823,2024-04-19,N/A,N/A
WALMART DE MÉXICO,7637085.97,USD,OP-429421,31-May-2021,N/A,N/A
banorte,7151575.4,MXN,OP-480509,04/07/2020,N/A,N/A
pemex,4180697.28,MXN,OP-960056,"January 01, 2023",N/A,N/A
GRUPO LALA,8839011.74,EUR,OP-764219,"February 22, 2019",13/08/2025,2364
grupo lala,9306982.27,USD,OP-981810,28/04/2023,2024-01-17,264
grupo lala,6658103.32,USD,OP-468067,03-Jul-2025,N/A,N/A
grupo bimbo,3005882.58,EUR,OP-553572,"January 23, 2021",N/A,N/A
SORIANA,311350.58,EUR,OP-948617,"March 13, 2018","May 10, 2021",1154
TELMEX,7030637.93,EUR,OP-340538,23-Aug-2018,N/A,N/A
alsea,4430129.26,EUR,OP-294657,11/02/2025,N/A,N/A
banorte,5996419.29,EUR,OP-618854,20/09/2020,N/A,N/A
AMÉRICA MÓVIL,2185691.35,USD,OP-935391,"June 13, 2021",06-Oct-2021,115
américa móvil,1883753.73,MXN,OP-264751,2023-04-02,N/A,N/A
ALSEA,2680599.82,MXN,OP-902114,17-Apr-2022,N/A,N/A
GRUPO CARSO,9025504.8,MXN,OP-478453,09/01/2022,N/A,N/A
femsa,5164048.53,USD,OP-607829,"January 01, 2025",N/A,N/A
FEMSA,5383084.18,EUR,OP-928570,"February 22, 2022",N/A,N/A
GRUPO LALA,9774510.99,MXN,OP-456502,2019-01-24,24-Nov-2021,1035
bbva méxico,8365372.13,MXN,OP-807629,25/04/2017,29/08/2024,2683
femsa,5584821.57,USD,OP-430064,2018-12-30,N/A,N/A
GRUPO LALA,1427891.26,EUR,OP-344357,2017-08-16,"October 19, 2024",2621
BBVA MÉXICO,4192267.67,USD,OP-233405,07/11/2015,2015-11-03,115
grupo lala,7651575.11,EUR,OP-767379,03-Dec-2021,N/A,N/A
telmex,519587.4,EUR,OP-499497,18-Apr-2018,"November 07, 2019",568
walmart de méxico,9810020.87,EUR,OP-873395,"May 20, 2025",N/A,N/A
banorte,9786384.5,MXN,OP-377570,10/04/2024,N/A,N/A
grupo bimbo,3500857.38,EUR,OP-298931,19-Jan-2016,10/04/2018,989
alsea,5045814.88,EUR,OP-119329,09/11/2019,"July 17, 2022",1040
grupo bimbo,1883907.9,USD,OP-986084,08-May-2023,N/A,N/A
pemex,3559852.72,MXN,OP-892893,31-Oct-2018,N/A,N/A
soriana,4862649.11,MXN,OP-202553,2015-10-29,19/02/2019,1209
américa móvil,6275624.31,EUR,OP-853186,08/12/2023,N/A,N/A
WALMART DE MÉXICO,1718468.17,USD,OP-622776,2018-10-01,N/A,N/A
femsa,3148748.17,MXN,OP-343784,2019-06-26,"July 03, 2019",7
liverpool,6295467.92,EUR,OP-403962,19/01/2022,N/A,N/A
soriana,8018598.15,EUR,OP-401457,2025-07-06,N/A,N/A
PEMEX,3962750.49,EUR,OP-712784,"August 06, 2023",15-Jul-2024,344
grupo carso,523363.81,MXN,OP-168861,2021-01-15,2021-01-21,6
AMÉRICA MÓVIL,5284415.08,MXN,OP-891404,"September 19, 2020",N/A,N/A
TELMEX,6961402.12,MXN,OP-715980,11-Oct-2019,N/A,N/A
grupo carso,668413.54,USD,OP-578409,"February 14, 2025",N/A,N/A
AMÉRICA MÓVIL,1389148.47,USD,OP-280434,17/06/2024,N/A,N/A
LIVERPOOL,1345138.46,USD,OP-455062,25/06/2023,N/A,N/A
FEMSA,6598523.28,EUR,OP-486409,"December 11, 2024",N/A,N/A
BBVA MÉXICO,3455111.01,MXN,OP-426377,"January 17, 2022",22-Feb-2024,766
GRUPO LALA,8362052.98,EUR,OP-912433,"June 25, 2024",N/A,N/A
walmart de méxico,4491549.74,EUR,OP-409078,06/05/2022,N/A,N/A
telmex,3840555.35,MXN,OP-749581,22-Apr-2020,"January 21, 2023",1004
CEMEX,4514976.54,EUR,OP-345772,2018-04-20,N/A,N/A
ALSEA,5888058.44,MXN,OP-959810,19/08/2023,N/A,N/A
CEMEX,8770134.55,USD,OP-939258,2017-06-02,N/A,N/A
américa móvil,2375113.17,MXN,OP-208551,04/03/2025,N/A,N/A
GRUPO LALA,729411.33,EUR,OP-728084,26-Mar-2016,"May 12, 2016",47
LIVERPOOL,311060.04,MXN,OP-187079,12-Apr-2017,04-Aug-2023,2305
AMÉRICA MÓVIL,246642.74,MXN,OP-598930,"May 17, 2016",28/05/2025,3298
telmex,3041324.55,EUR,OP-176769,"January 15, 2024",N/A,N/A
grupo bimbo,4266435.79,EUR,OP-276185,24/10/2024,N/A,N/A
CEMEX,4864542.34,MXN,OP-332372,23-Jan-2025,N/A,N/A
GRUPO LALA,4008210.13,USD,OP-273252,"February 12, 2023",N/A,N/A
GRUPO BIMBO,9312822.27,EUR,OP-488635,2016-12-29,N/A,N/A
walmart de méxico,851754.08,MXN,OP-195353,"December 30, 2024",N/A,N/A
GRUPO CARSO,6483958.01,MXN,OP-246199,2023-08-05,N/A,N/A
grupo méxico,8679062.39,USD,OP-478597,15-Jan-2022,N/A,N/A
alsea,1871690.55,EUR,OP-510542,20-Aug-2023,27-Jun-2024,312
grupo méxico,7768841.61,EUR,OP-901236,24/06/2017,2020-06-28,1100
pemex,605439.75,MXN,OP-124653,2025-01-16,N/A,N/A
liverpool,8093209.66,USD,OP-535777,2022-12-12,24/05/2025,894
FEMSA,6505656.16,MXN,OP-110880,27/11/2021,N/A,N/A
américa móvil,5109015.03,USD,OP-907068,05/11/2016,N/A,N/A
pemex,1998731.47,MXN,OP-558237,07-May-2025,N/A,N/A
walmart de méxico,8910542.0,EUR,OP-220259,01-Aug-2018,N/A,N/A
FEMSA,9213588.15,MXN,OP-219081,09-Jun-2016,N/A,N/A
pemex,4341299.54,USD,OP-959695,2016-08-25,2018-07-10,684
ALSEA,120525.49,MXN,OP-874439,29/06/2023,2023-09-18,81
SORIANA,2184657.85,EUR,OP-719418,2020-09-04,11/03/2025,1886
femsa,2928763.75,USD,OP-134521,09/10/2021,N/A,N/A
WALMART DE MÉXICO,2632206.14,EUR,OP-646571,2018-06-19,09/08/2024,2273
TELMEX,5549021.25,EUR,OP-669922,2019-11-20,2020-02-10,82
grupo lala,5626430.06,USD,OP-939305,27/10/2017,2018-10-04,342
grupo lala,7457533.06,EUR,OP-353560,2021-06-19,N/A,N/A
AMÉRICA MÓVIL,4905507.58,EUR,OP-906663,"October 10, 2018",N/A,N/A
soriana,2395546.14,EUR,OP-411162,07-Apr-2018,2019-05-13,401
soriana,7010412.67,EUR,OP-122225,07/08/2023,N/A,N/A
américa móvil,1238198.02,USD,OP-121082,14/04/2022,N/A,N/A
AMÉRICA MÓVIL,2764408.64,USD,OP-666829,2019-04-17,N/A,N/A
PEMEX,7482779.93,MXN,OP-786201,2022-03-15,N/A,N/A
FEMSA,2958112.25,EUR,OP-558706,2021-09-29,N/A,N/A
GRUPO BIMBO,8603943.38,USD,OP-886689,2024-06-22,N/A,N/A
FEMSA,9472413.83,EUR,OP-473392,08/04/2023,N/A,N/A
soriana,2929114.78,MXN,OP-112550,"November 01, 2018","November 09, 2020",739
grupo méxico,8423356.91,USD,OP-185195,04/02/2019,2025-03-04,2163
pemex,5535818.96,EUR,OP-195472,"May 21, 2023",27-May-2025,737
BANORTE,4565148.76,USD,OP-320458,25-May-2018,23-Aug-2025,2647
FEMSA,4229461.29,USD,OP-236115,2023-05-04,N/A,N/A
grupo méxico,198318.88,MXN,OP-729675,10-Jun-2023,"July 27, 2023",47
américa móvil,7512277.77,USD,OP-854558,14-Aug-2017,10-Jun-2021,1396
banorte,2167144.79,USD,OP-592752,2023-02-19,N/A,N/A
grupo bimbo,6888849.66,EUR,OP-761962,"June 27, 2023",N/A,N/A
CEMEX,5891090.96,MXN,OP-235860,16-Dec-2017,"November 23, 2021",1438
CEMEX,2815163.77,USD,OP-367765,2016-01-04,N/A,N/A
grupo méxico,2503506.02,EUR,OP-424031,05-May-2017,N/A,N/A
ALSEA,981813.24,EUR,OP-314999,28/06/2018,03-Aug-2019,401
TELMEX,6511287.14,EUR,OP-801867,04/04/2024,N/A,N/A
grupo méxico,1218104.59,EUR,OP-326775,"June 08, 2025",N/A,N/A
banorte,2594881.39,USD,OP-572797,"October 16, 2023",N/A,N/A
AMÉRICA MÓVIL,9245988.27,EUR,OP-635240,"July 13, 2024",N/A,N/A
ALSEA,5409287.87,USD,OP-754378,20/07/2019,03-Aug-2023,1475
GRUPO CARSO,1892898.45,USD,OP-173324,"January 14, 2019",N/A,N/A
GRUPO BIMBO,9588540.24,MXN,OP-268733,"July 27, 2022",N/A,N/A
LIVERPOOL,9883303.48,EUR,OP-668712,"October 06, 2016",2022-10-03,2188
BBVA MÉXICO,1611320.57,MXN,OP-809829,12/04/2025,N/A,N/A
GRUPO BIMBO,4562680.5,USD,OP-507076,18/12/2017,N/A,N/A
GRUPO MÉXICO,322880.42,EUR,OP-615894,15/05/2025,N/A,N/A
femsa,907771.56,EUR,OP-787099,22/09/2015,28-Jan-2018,859
BBVA MÉXICO,548491.9,MXN,OP-742175,2024-12-28,N/A,N/A
TELMEX,8552432.1,MXN,OP-110945,17/07/2023,N/A,N/A
BANORTE,4988434.74,MXN,OP-597776,27/05/2020,N/A,N/A
GRUPO MÉXICO,7601182.79,EUR,OP-612291,"September 09, 2024",N/A,N/A
grupo bimbo,7519932.17,EUR,OP-613702,17-Nov-2023,N/A,N/A
soriana,6341623.84,USD,OP-783632,27/03/2020,N/A,N/A
soriana,7178528.98,MXN,OP-910966,17-Aug-2019,N/A,N/A
liverpool,883322.37,MXN,OP-656963,14-Nov-2024,N/A,N/A
BBVA MÉXICO,9364807.82,USD,OP-893545,25-Nov-2022,N/A,N/A
banorte,7410151.18,USD,OP-926918,"June 19, 2018",N/A,N/A
WALMART DE MÉXICO,7254576.19,MXN,OP-489304,"August 23, 2016",18-May-2023,2459
américa móvil,5349986.82,EUR,OP-128671,02/07/2016,"May 02, 2018",815
SORIANA,9669154.55,USD,OP-447745,25-Dec-2018,01-Oct-2020,646
GRUPO BIMBO,7862859.11,EUR,OP-390258,22-Nov-2015,N/A,N/A
WALMART DE MÉXICO,6858200.47,EUR,OP-866268,"April 01, 2018",N/A,N/A
WALMART DE MÉXICO,8899307.78,EUR,OP-239631,2019-10-02,N/A,N/A
grupo lala,4368191.33,EUR,OP-321376,11-Apr-2019,"November 06, 2019",209
pemex,2676492.53,MXN,OP-359311,08/04/2025,N/A,N/A
bbva méxico,7169822.55,EUR,OP-436869,"March 27, 2021",N/A,N/A
SORIANA,6257625.53,USD,OP-386146,"February 08, 2018",N/A,N/A
BBVA MÉXICO,2482679.96,MXN,OP-862332,31-Oct-2017,07-Mar-2025,2684
femsa,184766.53,MXN,OP-416734,08/08/2020,"August 25, 2025",1843
grupo carso,6864209.59,MXN,OP-144959,01/11/2018,N/A,N/A
GRUPO CARSO,9020527.27,EUR,OP-702155,29-Oct-2020,2024-02-11,1200
soriana,8463703.41,EUR,OP-986423,2025-01-03,N/A,N/A
ALSEA,3544737.71,MXN,OP-437973,01/08/2022,N/A,N/A
BANORTE,5561872.62,EUR,OP-162967,2019-05-22,2022-04-27,1071
grupo méxico,2124757.85,MXN,OP-837183,11-Jan-2020,"June 29, 2020",170
femsa,7674834.26,USD,OP-166368,2022-07-30,N/A,N/A
LIVERPOOL,8973418.73,USD,OP-594806,"December 13, 2024",N/A,N/A
PEMEX,7457342.79,USD,OP-691253,31-Mar-2022,N/A,N/A
BBVA MÉXICO,1266142.82,EUR,OP-910153,10-Apr-2018,2025-04-03,2550
grupo bimbo,6895445.92,USD,OP-869245,14/08/2025,N/A,N/A
cemex,1393782.48,MXN,OP-641429,2019-09-24,N/A,N/A
BBVA MÉXICO,6110606.91,EUR,OP-465071,2025-04-19,N/A,N/A
banorte,4757409.67,MXN,OP-299413,14/06/2017,2024-11-29,2725
walmart de méxico,8421208.96,MXN,OP-971876,16/12/2019,N/A,N/A
TELMEX,919902.59,USD,OP-588206,"December 28, 2017",N/A,N/A
grupo méxico,3877800.04,USD,OP-322510,20-Oct-2015,08/09/2017,659
soriana,4413048.44,EUR,OP-211828,2024-06-23,N/A,N/A
walmart de méxico,4775559.4,USD,OP-640982,"January 08, 2024",N/A,N/A
BANORTE,6024241.11,EUR,OP-773020,14-Feb-2018,"August 25, 2024",2384
ALSEA,2354609.54,EUR,OP-322060,"August 13, 2025",N/A,N/A
TELMEX,3305431.82,EUR,OP-893257,"September 11, 2022",N/A,N/A
GRUPO CARSO,4296220.46,EUR,OP-275908,"December 12, 2019","May 05, 2025",1971
GRUPO MÉXICO,3158212.73,MXN,OP-318165,17-Oct-2024,N/A,N/A
BANORTE,7701405.97,EUR,OP-525098,2019-01-03,N/A,N/A
liverpool,2471871.38,MXN,OP-212803,17-Feb-2018,28/01/2024,2171
SORIANA,2815740.29,USD,OP-617035,"May 23, 2025",N/A,N/A
grupo carso,1194080.98,MXN,OP-845991,25-Mar-2023,N/A,N/A
bbva méxico,4931424.83,USD,OP-598313,"July 13, 2017",N/A,N/A
AMÉRICA MÓVIL,6373719.94,USD,OP-220906,04-Feb-2017,N/A,N/A
PEMEX,2096239.2,MXN,OP-109938,04-Feb-2020,N/A,N/A
alsea,905233.77,USD,OP-122590,"June 16, 2024",N/A,N/A
pemex,8208493.8,MXN,OP-141963,16-May-2016,N/A,N/A
GRUPO LALA,3037457.24,USD,OP-786245,04/04/2023,N/A,N/A
pemex,2591007.41,MXN,OP-281315,18/03/2019,N/A,N/A
liverpool,5304296.47,EUR,OP-189147,22/08/2018,2020-09-25,765
GRUPO MÉXICO,1936390.71,EUR,OP-677439,15-Jan-2024,23/04/2025,464
WALMART DE MÉXICO,4350785.46,USD,OP-355851,"June 04, 2018",2021-07-02,1124
AMÉRICA MÓVIL,5971799.03,MXN,OP-361614,"March 21, 2021","October 03, 2023",926
BBVA MÉXICO,1259534.68,MXN,OP-952272,31-Mar-2021,N/A,N/A
LIVERPOOL,9941165.86,USD,OP-548168,2021-04-11,N/A,N/A
GRUPO BIMBO,518762.23,USD,OP-967720,17/07/2022,N/A,N/A
GRUPO BIMBO,1875302.54,EUR,OP-532288,2016-12-16,N/A,N/A
ALSEA,8767075.61,EUR,OP-665688,14/01/2023,N/A,N/A
WALMART DE MÉXICO,2136345.92,USD,OP-678571,"September 07, 2022",N/A,N/A
TELMEX,5962535.38,USD,OP-144965,28-Jan-2022,"March 19, 2022",50
FEMSA,6301838.67,EUR,OP-908127,"July 31, 2018",2020-09-22,784
ALSEA,3831236.65,USD,OP-495719,11-May-2019,N/A,N/A
soriana,4827076.14,USD,OP-355816,2018-12-18,N/A,N/A
GRUPO MÉXICO,9480273.67,MXN,OP-458036,2024-04-12,N/A,N/A
grupo bimbo,8376569.56,MXN,OP-927746,21/10/2020,N/A,N/A
GRUPO MÉXICO,5341430.28,USD,OP-686756,"October 21, 2016",20/10/2017,364
SORIANA,2514093.31,USD,OP-714367,26-Aug-2022,N/A,N/A
grupo lala,5811650.61,USD,OP-933414,23/11/2016,N/A,N/A
SORIANA,8298365.9,EUR,OP-167171,"June 01, 2023",N/A,N/A
GRUPO CARSO,5589226.47,EUR,OP-429981,"September 18, 2024",N/A,N/A
soriana,8399889.48,MXN,OP-418916,03-Sep-2019,N/A,N/A
GRUPO CARSO,4260419.47,USD,OP-132151,"September 21, 2019",19-Aug-2025,2159
grupo lala,2875141.32,USD,OP-652893,"November 11, 2022",09/04/2024,663
bbva méxico,2692653.02,MXN,OP-914248,08-Mar-2016,N/A,N/A
liverpool,759398.86,USD,OP-168822,2021-11-03,11/11/2024,1104
CEMEX,7375082.41,MXN,OP-413751,2024-11-11,N/A,N/A
pemex,5409035.44,EUR,OP-869223,2017-03-27,15-Oct-2018,567
alsea,4340508.69,USD,OP-587744,19-Aug-2019,"May 17, 2025",2098
GRUPO MÉXICO,171750.45,EUR,OP-802839,2016-02-23,"May 14, 2024",3003
banorte,1416036.25,EUR,OP-425300,07/10/2023,N/A,N/A
banorte,7418581.19,MXN,OP-483088,"January 20, 2020",08-Sep-2022,962
CEMEX,2420988.59,USD,OP-604727,"March 31, 2024",N/A,N/A
TELMEX,1827568.31,MXN,OP-323314,17-Sep-2017,"October 17, 2018",395
LIVERPOOL,2264512.22,MXN,OP-504183,"June 28, 2025",N/A,N/A
LIVERPOOL,5474462.12,USD,OP-982588,17-Dec-2019,"April 16, 2025",1947
GRUPO BIMBO,9029063.13,MXN,OP-909780,"June 24, 2025",N/A,N/A
WALMART DE MÉXICO,2933747.05,MXN,OP-595865,11-Feb-2023,N/A,N/A
bbva méxico,5846992.1,EUR,OP-111237,28-Nov-2017,2020-12-09,1107
CEMEX,1055489.72,USD,OP-918241,12/04/2025,N/A,N/A
ALSEA,9690233.4,EUR,OP-977325,22/07/2018,N/A,N/A
PEMEX,4722514.9,USD,OP-442518,2025-03-15,N/A,N/A
liverpool,1411689.01,USD,OP-933967,2018-07-01,21-Mar-2021,994
CEMEX,8673179.1,USD,OP-634363,"October 27, 2021",N/A,N/A
grupo bimbo,1026451.76,MXN,OP-993331,"May 26, 2023",N/A,N/A
CEMEX,1459796.18,MXN,OP-948706,17-Jan-2023,2025-06-30,895
banorte,2190320.67,EUR,OP-339094,2017-04-01,N/A,N/A
BANORTE,8980178.77,MXN,OP-958219,"January 17, 2022",N/A,N/A
walmart de méxico,6571427.81,USD,OP-864215,2022-03-25,N/A,N/A
banorte,657279.43,EUR,OP-639341,2023-02-20,N/A,N/A
LIVERPOOL,3247440.34,USD,OP-866906,"May 21, 2023",N/A,N/A
bbva méxico,2855482.97,EUR,OP-211765,12-Aug-2025,N/A,N/A
femsa,9024858.41,MXN,OP-897351,2021-10-11,N/A,N/A
telmex,9726247.88,MXN,OP-385374,"December 12, 2018",N/A,N/A
LIVERPOOL,6351538.83,EUR,OP-164639,26/08/2015,"September 04, 2020",1836
FEMSA,5922023.4,EUR,OP-472721,10-Oct-2023,N/A,N/A
GRUPO CARSO,3363786.98,USD,OP-684050,"January 26, 2022",30-Aug-2024,947
CEMEX,3349068.05,MXN,OP-334469,"September 05, 2020",N/A,N/A
soriana,6284774.62,MXN,OP-612569,"September 08, 2021",N/A,N/A
BBVA MÉXICO,389947.26,USD,OP-102750,28-May-2017,14/05/2021,1447
SORIANA,9844884.61,EUR,OP-695846,"July 13, 2019",N/A,N/A
ALSEA,3562784.48,USD,OP-436650,"September 17, 2024",N/A,N/A
femsa,1487489.91,MXN,OP-636457,22-Dec-2018,N/A,N/A
CEMEX,7540591.28,MXN,OP-913863,2016-06-07,28/01/2024,2791
GRUPO MÉXICO,7737723.06,EUR,OP-124961,"August 23, 2022",N/A,N/A
GRUPO CARSO,881771.9,EUR,OP-859922,2018-06-16,"September 15, 2019",456
grupo carso,1626914.83,EUR,OP-459150,09-Jan-2022,N/A,N/A
GRUPO MÉXICO,5624308.17,EUR,OP-240814,"April 12, 2016",2018-06-09,788
GRUPO MÉXICO,2312437.14,MXN,OP-284398,"April 04, 2021",N/A,N/A
walmart de méxico,4759989.44,USD,OP-559662,09-Sep-2021,N/A,N/A
femsa,7766988.47,USD,OP-437582,"July 11, 2016",N/A,N/A
CEMEX,4693892.91,MXN,OP-374157,21/11/2015,15/09/2023,2855
bbva méxico,306501.51,USD,OP-356422,2024-08-04,N/A,N/A
FEMSA,1987999.78,MXN,OP-637952,20/01/2018,N/A,N/A
FEMSA,3028649.24,EUR,OP-495857,2021-04-16,N/A,N/A
GRUPO MÉXICO,449130.21,USD,OP-818512,2020-07-22,2021-05-28,310
GRUPO MÉXICO,6657677.49,EUR,OP-767669,"July 29, 2016",06/03/2024,2866
banorte,1660860.72,USD,OP-812905,12/06/2025,N/A,N/A
LIVERPOOL,6752072.24,USD,OP-781909,"September 14, 2020",N/A,N/A
ALSEA,6126660.99,MXN,OP-700495,"May 28, 2025",N/A,N/A
femsa,2280470.58,EUR,OP-976617,2019-09-01,2023-12-05,1556
WALMART DE MÉXICO,3144514.44,EUR,OP-574432,18/12/2024,N/A,N/A
CEMEX,5747006.71,EUR,OP-850206,2021-11-30,N/A,N/A
grupo lala,2584039.1,USD,OP-512292,10-Apr-2024,N/A,N/A
ALSEA,8462519.76,USD,OP-645208,"July 30, 2023",N/A,N/A
GRUPO LALA,7735220.64,EUR,OP-772379,"November 20, 2017",19/06/2021,1307
liverpool,702654.34,EUR,OP-210855,2021-02-24,N/A,N/A
FEMSA,3999317.95,EUR,OP-696818,17/10/2016,"July 15, 2024",2828
FEMSA,5124129.91,USD,OP-654537,2025-04-25,N/A,N/A
grupo bimbo,7978848.01,MXN,OP-191033,01-Sep-2020,28/03/2025,1669
pemex,3855019.47,MXN,OP-153662,"November 20, 2018",N/A,N/A
banorte,9383781.19,EUR,OP-660298,22-May-2023,N/A,N/A
walmart de méxico,9121935.19,USD,OP-773697,15-Dec-2019,05/12/2021,514
BBVA MÉXICO,8648678.16,MXN,OP-126905,"September 21, 2022",N/A,N/A
femsa,8427049.82,MXN,OP-975211,2020-07-06,"May 06, 2021",304
bbva méxico,6613258.6,EUR,OP-825096,"February 22, 2019","May 21, 2021",819
GRUPO MÉXICO,1747260.82,MXN,OP-409969,"October 26, 2021",N/A,N/A
grupo méxico,8120033.44,MXN,OP-375981,06-Sep-2023,24/02/2025,537
WALMART DE MÉXICO,6097827.96,USD,OP-201235,2019-08-26,N/A,N/A
FEMSA,2035540.24,MXN,OP-662317,04-Nov-2023,N/A,N/A
grupo lala,7709153.18,EUR,OP-123872,18-Feb-2022,N/A,N/A
grupo carso,3068002.02,USD,OP-437535,2025-08-16,N/A,N/A
TELMEX,2417609.15,EUR,OP-591406,2020-02-18,16-Mar-2020,27
grupo lala,9049579.52,MXN,OP-143528,02/01/2022,N/A,N/A
soriana,8827541.24,EUR,OP-485314,07/01/2022,N/A,N/A
cemex,8966250.67,EUR,OP-253987,09/03/2019,"February 13, 2020",163
TELMEX,2452033.15,USD,OP-670852,"June 17, 2022",N/A,N/A
soriana,9457476.18,USD,OP-920202,01-Jul-2017,15-Sep-2019,806
FEMSA,8998829.81,EUR,OP-992730,18/08/2021,N/A,N/A
soriana,6624465.06,USD,OP-735426,2017-07-28,2018-03-08,223
cemex,1100167.79,MXN,OP-639241,2025-08-10,N/A,N/A
grupo lala,9764685.56,USD,OP-454845,13/06/2018,"September 23, 2018",102
ALSEA,5372477.54,USD,OP-318245,25/09/2023,N/A,N/A
CEMEX,1288899.71,MXN,OP-664363,2016-04-01,2018-10-05,917
banorte,5366438.35,EUR,OP-700518,28-Sep-2020,N/A,N/A
LIVERPOOL,6273299.13,EUR,OP-380191,2019-05-28,N/A,N/A
telmex,5593321.86,EUR,OP-659536,2020-02-10,N/A,N/A
LIVERPOOL,5976787.53,MXN,OP-433579,"July 22, 2019","April 26, 2021",644
grupo lala,888913.47,EUR,OP-785973,"January 18, 2016",15/04/2019,1183
ALSEA,6407048.51,USD,OP-796384,2017-06-13,05-Jul-2017,22
américa móvil,779400.27,EUR,OP-165489,"October 21, 2024",N/A,N/A
soriana,3455968.61,EUR,OP-864103,2021-05-08,N/A,N/A
GRUPO LALA,5411390.86,USD,OP-837388,2025-08-21,N/A,N/A
ALSEA,3749275.36,MXN,OP-480762,24-Mar-2017,2025-05-19,2978
TELMEX,6007359.54,EUR,OP-367722,02-Apr-2022,N/A,N/A
WALMART DE MÉXICO,5015028.25,MXN,OP-771973,13-Jul-2017,15-Jan-2018,186
LIVERPOOL,3843125.44,USD,OP-192266,2019-10-17,06/09/2022,966
PEMEX,9525304.0,EUR,OP-893788,2017-02-11,N/A,N/A
soriana,9908161.0,EUR,OP-594121,"January 07, 2024",N/A,N/A
pemex,2593390.89,EUR,OP-987609,2020-02-28,N/A,N/A
walmart de méxico,4886502.6,EUR,OP-693571,03/10/2015,N/A,N/A
grupo méxico,8811528.25,USD,OP-835125,04/05/2018,N/A,N/A
ALSEA,9972391.45,EUR,OP-999520,12/07/2023,N/A,N/A
grupo carso,4819195.14,EUR,OP-627866,2016-02-02,N/A,N/A
GRUPO BIMBO,9862034.64,MXN,OP-349765,31-Jul-2016,17-Aug-2025,3304
alsea,313498.62,EUR,OP-126569,27-Jun-2023,N/A,N/A
GRUPO CARSO,7398763.63,EUR,OP-138554,13-Dec-2017,2024-11-17,2531
alsea,8609453.54,USD,OP-563816,15/09/2019,N/A,N/A
LIVERPOOL,2643753.6,USD,OP-833772,"December 19, 2016",21/09/2018,641
banorte,3023836.04,EUR,OP-939819,11/11/2016,31-Aug-2021,1754
soriana,1770749.77,USD,OP-835216,2019-09-08,N/A,N/A
soriana,1784002.61,USD,OP-251238,07/04/2020,N/A,N/A
soriana,7665010.73,USD,OP-867342,2020-03-17,04/08/2020,22
TELMEX,975921.7,EUR,OP-918785,15/08/2016,N/A,N/A
WALMART DE MÉXICO,7305328.41,EUR,OP-541498,05-Jan-2025,N/A,N/A
WALMART DE MÉXICO,3979742.2,EUR,OP-788523,28/08/2020,07-Jun-2021,283
GRUPO BIMBO,5981376.07,USD,OP-701447,25-Jul-2025,N/A,N/A
femsa,5621831.87,MXN,OP-826928,26-Dec-2023,N/A,N/A
grupo méxico,6000335.39,EUR,OP-628310,"October 14, 2022",N/A,N/A
américa móvil,8938352.21,USD,OP-980454,"July 19, 2018",24-Aug-2021,1132
BANORTE,9545200.18,MXN,OP-321626,21-Oct-2019,N/A,N/A
bbva méxico,1397699.48,MXN,OP-669888,06-Apr-2016,N/A,N/A
SORIANA,6127265.99,USD,OP-769798,06/03/2025,N/A,N/A
GRUPO CARSO,5927972.0,EUR,OP-346386,27-Mar-2022,2022-09-21,178
WALMART DE MÉXICO,4798236.06,MXN,OP-986750,03-Jul-2017,N/A,N/A
telmex,8146864.41,EUR,OP-384955,"March 28, 2019","March 21, 2021",724
WALMART DE MÉXICO,4043381.19,USD,OP-882018,25/04/2019,N/A,N/A
GRUPO CARSO,6122982.91,USD,OP-954717,09-Aug-2021,N/A,N/A
grupo carso,1351511.52,MXN,OP-978446,13/12/2021,N/A,N/A
walmart de méxico,8671358.77,EUR,OP-604198,25/08/2025,N/A,N/A
américa móvil,9417124.14,MXN,OP-677053,07/04/2022,N/A,N/A
GRUPO CARSO,584673.98,USD,OP-746572,23/07/2020,N/A,N/A
alsea,5654767.66,EUR,OP-539518,2016-04-20,N/A,N/A
GRUPO BIMBO,9091688.26,USD,OP-534452,2020-01-26,N/A,N/A
liverpool,8461033.96,EUR,OP-792284,05-Jun-2016,N/A,N/A
américa móvil,2307583.4,EUR,OP-947511,27-Jun-2024,2025-02-05,223
TELMEX,6962365.66,MXN,OP-498028,2015-11-18,"July 26, 2019",1346
WALMART DE MÉXICO,4609089.32,EUR,OP-663485,14/09/2017,08-Aug-2024,2520
BBVA MÉXICO,6316975.12,EUR,OP-723515,02/08/2024,N/A,N/A
américa móvil,4568528.68,USD,OP-663832,2021-04-26,2022-01-26,275
FEMSA,2631539.39,EUR,OP-179353,08/09/2018,03-Feb-2024,2004
BANORTE,896173.15,MXN,OP-409236,2019-08-14,"December 04, 2021",843
banorte,2844042.39,EUR,OP-288203,"July 09, 2024",N/A,N/A
GRUPO CARSO,1264389.59,MXN,OP-821584,2022-12-11,N/A,N/A
LIVERPOOL,9586501.64,EUR,OP-640442,2019-07-27,2023-12-12,1599
FEMSA,7585233.93,EUR,OP-456772,"November 16, 2018",10/02/2022,1416
alsea,221501.46,EUR,OP-131092,2021-09-16,25/08/2025,1439
banorte,257678.33,MXN,OP-846272,09-May-2024,N/A,N/A
FEMSA,6226901.62,USD,OP-585231,"February 02, 2021",N/A,N/A
grupo méxico,7206981.64,EUR,OP-467667,"September 08, 2015",22-Feb-2021,1994
grupo carso,7759346.52,MXN,OP-198906,"February 11, 2022",N/A,N/A
femsa,4149804.56,USD,OP-838321,"March 03, 2025",N/A,N/A
walmart de méxico,777508.48,MXN,OP-212585,"June 08, 2024",27/03/2025,292
LIVERPOOL,2662679.19,MXN,OP-139786,01/09/2016,18/04/2024,3022
américa móvil,7996642.88,EUR,OP-822939,2023-11-20,N/A,N/A
grupo bimbo,4115178.04,USD,OP-999813,16/10/2022,N/A,N/A
liverpool,2652848.97,USD,OP-678859,09-Jul-2019,N/A,N/A
femsa,8727492.31,EUR,OP-308529,10/07/2018,N/A,N/A
CEMEX,8659901.71,EUR,OP-209996,2020-10-29,N/A,N/A
femsa,6087539.51,USD,OP-524036,"May 28, 2022",N/A,N/A
LIVERPOOL,6662047.71,MXN,OP-527276,25/08/2025,N/A,N/A
grupo lala,3851451.06,USD,OP-487760,2022-06-13,N/A,N/A
GRUPO CARSO,588345.27,EUR,OP-926883,23/09/2017,N/A,N/A
telmex,9319599.98,MXN,OP-284654,"March 09, 2016",12/09/2022,2466
SORIANA,5929472.41,MXN,OP-895361,22-Aug-2023,N/A,N/A
grupo bimbo,6373035.22,EUR,OP-971365,"May 31, 2016","May 01, 2023",2526
PEMEX,5541003.14,USD,OP-210959,2016-04-21,05/09/2017,383
SORIANA,8261859.3,USD,OP-140249,10/04/2021,23-Jan-2022,111
grupo lala,2954219.24,MXN,OP-583967,2024-01-18,N/A,N/A
WALMART DE MÉXICO,4968068.33,USD,OP-739425,29/05/2016,2019-05-20,1086
cemex,541432.62,USD,OP-801320,2024-12-13,2025-08-07,237
BBVA MÉXICO,8051049.22,MXN,OP-173481,06/11/2022,N/A,N/A
cemex,7605679.03,EUR,OP-824067,26/04/2018,N/A,N/A
BBVA MÉXICO,250035.59,MXN,OP-898566,08-Aug-2019,15-Nov-2022,1195
GRUPO MÉXICO,2212837.41,EUR,OP-838672,18-Feb-2022,14-Jun-2022,116
TELMEX,7273258.29,MXN,OP-367148,"January 20, 2023",N/A,N/A
CEMEX,2955946.43,USD,OP-365876,"July 28, 2018",N/A,N/A
GRUPO CARSO,7945643.92,MXN,OP-180557,22/10/2015,"September 06, 2016",320
telmex,2565621.82,EUR,OP-815490,11/07/2018,"March 12, 2023",1586
grupo lala,5131886.73,USD,OP-346216,2016-07-04,N/A,N/A
LIVERPOOL,6762210.34,MXN,OP-943449,21-Apr-2023,N/A,N/A
GRUPO CARSO,8116767.68,EUR,OP-710489,17-Jun-2020,2023-11-23,1254
CEMEX,4464994.43,USD,OP-664953,29/03/2022,N/A,N/A
GRUPO MÉXICO,5552593.55,USD,OP-370592,"October 12, 2021",N/A,N/A
CEMEX,2275024.73,EUR,OP-690426,2021-07-27,16/08/2024,1116
BANORTE,2344046.12,USD,OP-863523,28/10/2023,N/A,N/A
TELMEX,7626145.92,EUR,OP-950724,17-Dec-2018,19-Nov-2020,703
liverpool,7343023.91,USD,OP-851365,"April 04, 2020",N/A,N/A
grupo bimbo,3126380.63,MXN,OP-191162,"June 25, 2019",N/A,N/A
banorte,2512761.39,EUR,OP-899353,08-Jul-2025,N/A,N/A
femsa,6571653.36,USD,OP-744133,22/04/2018,2024-06-17,2248
CEMEX,6353131.16,EUR,OP-822858,2017-04-08,"July 24, 2021",1568
PEMEX,655937.99,MXN,OP-958471,2022-01-04,18/02/2022,45
LIVERPOOL,3644736.54,USD,OP-888991,"July 05, 2020",N/A,N/A
cemex,1537004.91,MXN,OP-458596,2016-03-12,2024-08-20,3083
BANORTE,8351175.32,EUR,OP-345880,2024-05-13,N/A,N/A
liverpool,3526049.98,MXN,OP-748087,18-Aug-2025,N/A,N/A
grupo lala,9514428.77,EUR,OP-726374,2018-09-19,N/A,N/A
LIVERPOOL,6320995.2,EUR,OP-467833,10/09/2022,N/A,N/A
liverpool,7237018.95,EUR,OP-136081,2020-03-06,N/A,N/A
liverpool,2945753.68,USD,OP-289553,26/11/2015,"May 14, 2020",1631
BANORTE,3655879.78,MXN,OP-448787,03/02/2022,12-Jun-2024,833
GRUPO BIMBO,6705974.81,EUR,OP-260465,2023-05-13,N/A,N/A
GRUPO CARSO,6764744.59,EUR,OP-596318,2017-11-30,07-Feb-2022,1530
américa móvil,8927454.81,EUR,OP-886323,"November 09, 2017",N/A,N/A
GRUPO BIMBO,4789846.83,USD,OP-986021,07/03/2022,N/A,N/A
SORIANA,4750297.58,MXN,OP-863195,17/05/2021,N/A,N/A
BBVA MÉXICO,8303494.03,EUR,OP-254676,"July 28, 2021",N/A,N/A
femsa,5726543.02,MXN,OP-490902,22/10/2019,"October 21, 2023",1460
PEMEX,8713897.86,EUR,OP-609222,"October 20, 2017",30-Sep-2022,1806
femsa,1685839.59,EUR,OP-504848,"April 23, 2016","October 08, 2016",168
bbva méxico,527457.53,USD,OP-354256,23-Nov-2016,2021-04-07,1596
grupo lala,1939940.63,EUR,OP-142724,28/12/2017,"January 02, 2023",1831
AMÉRICA MÓVIL,4453898.1,USD,OP-768274,2020-10-06,N/A,N/A
AMÉRICA MÓVIL,5042292.4,EUR,OP-841228,2016-01-08,N/A,N/A
GRUPO CARSO,7526881.9,MXN,OP-517743,02/10/2020,N/A,N/A
GRUPO BIMBO,9019540.33,USD,OP-558947,03-Apr-2018,N/A,N/A
américa móvil,906196.11,MXN,OP-965893,"September 28, 2017",N/A,N/A
AMÉRICA MÓVIL,5604085.99,EUR,OP-199142,2024-09-15,N/A,N/A
pemex,2870622.44,EUR,OP-711780,2022-04-18,N/A,N/A
BBVA MÉXICO,2663568.44,EUR,OP-923939,04-Jun-2021,N/A,N/A
FEMSA,4802697.8,USD,OP-665095,01/05/2020,N/A,N/A
PEMEX,2398271.49,EUR,OP-722319,10/11/2023,"March 05, 2025",511
SORIANA,5819782.45,MXN,OP-962010,2022-11-13,N/A,N/A
BANORTE,1730842.03,USD,OP-525971,2024-11-19,N/A,N/A
walmart de méxico,8488446.91,EUR,OP-443364,14/02/2021,2022-02-17,368
alsea,4753471.57,MXN,OP-294576,"June 05, 2022",N/A,N/A
pemex,866532.08,EUR,OP-384228,"September 07, 2023",2025-02-07,519
SORIANA,3719807.79,USD,OP-218282,2021-03-23,N/A,N/A
liverpool,3861418.86,USD,OP-627603,02-Aug-2020,2024-11-30,1581
banorte,9824475.93,MXN,OP-756061,24/01/2018,N/A,N/A
GRUPO BIMBO,8913173.31,USD,OP-725936,2017-05-27,13/07/2022,1873
liverpool,2951206.24,MXN,OP-213012,2024-02-22,01-Mar-2024,8
TELMEX,5230717.98,MXN,OP-417757,2021-09-10,31/05/2025,1359
soriana,6918648.01,USD,OP-377031,30-Jul-2019,"February 29, 2024",1675
grupo bimbo,6453205.64,EUR,OP-450658,"July 10, 2025",N/A,N/A
femsa,1462631.92,MXN,OP-335608,22/03/2024,N/A,N/A
soriana,119489.25,MXN,OP-792809,2017-08-22,"September 13, 2017",22
pemex,8514160.3,MXN,OP-485143,30-Oct-2021,"December 19, 2024",1146
telmex,3220926.31,EUR,OP-741504,"May 07, 2023",N/A,N/A
grupo carso,7254736.27,MXN,OP-856244,2021-09-03,06/02/2023,637
soriana,1559966.94,USD,OP-603273,2018-03-20,N/A,N/A
ALSEA,7727606.19,USD,OP-190626,2019-07-07,N/A,N/A
grupo carso,1213986.24,USD,OP-290457,2023-11-29,N/A,N/A
cemex,1189937.69,USD,OP-903920,16/09/2023,N/A,N/A
grupo bimbo,7090751.86,MXN,OP-557420,02-Apr-2022,2024-02-24,693
liverpool,9118181.13,MXN,OP-200168,"February 16, 2025",31/05/2025,104
GRUPO MÉXICO,701382.36,EUR,OP-432638,"January 06, 2020",N/A,N/A
TELMEX,2822317.68,MXN,OP-708446,25/09/2017,26/11/2024,2619
BANORTE,1758510.87,USD,OP-850222,2021-04-02,N/A,N/A
GRUPO MÉXICO,550012.93,EUR,OP-284565,30-Aug-2022,31/07/2025,1066
pemex,2313254.58,MXN,OP-304603,12/04/2023,N/A,N/A
pemex,7657447.41,MXN,OP-829263,07-Dec-2017,"November 04, 2018",332
GRUPO LALA,5814199.2,MXN,OP-934111,03-Oct-2023,N/A,N/A
CEMEX,1575469.38,USD,OP-218244,14-Mar-2017,N/A,N/A
soriana,2945269.3,EUR,OP-363001,24/12/2020,N/A,N/A
walmart de méxico,4011211.16,USD,OP-173165,"August 30, 2023",N/A,N/A
SORIANA,9080043.86,MXN,OP-384080,26/01/2020,N/A,N/A
grupo bimbo,6475031.01,EUR,OP-412185,"August 14, 2021","August 28, 2021",14
cemex,7812021.04,MXN,OP-130954,"November 07, 2022",N/A,N/A
banorte,4427196.68,MXN,OP-673170,2017-09-28,N/A,N/A
banorte,8113127.65,EUR,OP-513199,"September 07, 2018",N/A,N/A
pemex,5781507.08,EUR,OP-462329,2019-11-04,N/A,N/A
LIVERPOOL,4959483.67,USD,OP-921438,09/04/2019,N/A,N/A
bbva méxico,1139264.85,EUR,OP-308586,05/06/2020,N/A,N/A
banorte,5329362.48,MXN,OP-789609,2025-05-09,N/A,N/A
grupo lala,3795954.01,MXN,OP-849019,2021-10-14,N/A,N/A
GRUPO MÉXICO,7613072.88,USD,OP-267467,23-Jun-2025,N/A,N/A
liverpool,8994058.13,USD,OP-553957,"April 07, 2017",16/06/2017,70
grupo bimbo,7757174.54,USD,OP-557500,23/02/2018,20-Jul-2021,1243
TELMEX,8606040.57,MXN,OP-958162,2023-04-28,"June 12, 2023",45
PEMEX,6478529.34,MXN,OP-929623,28/03/2021,N/A,N/A
walmart de méxico,5881887.28,MXN,OP-272510,"January 07, 2023",N/A,N/A
pemex,3132011.34,MXN,OP-773439,29-Sep-2015,01/11/2024,3026
soriana,5974688.54,EUR,OP-336079,"March 29, 2017",N/A,N/A
WALMART DE MÉXICO,4232627.11,EUR,OP-809695,"November 02, 2021",N/A,N/A
grupo carso,6006896.97,EUR,OP-602456,"September 01, 2018",30/10/2020,790
américa móvil,8423018.93,USD,OP-884454,2015-10-02,2023-05-09,2776
PEMEX,348397.42,MXN,OP-840495,02-Jun-2018,"July 31, 2022",1520
GRUPO LALA,3052175.15,USD,OP-902839,06-Oct-2022,"July 14, 2025",1012
liverpool,7315858.35,USD,OP-636815,02-Apr-2018,N/A,N/A
BANORTE,7655452.61,USD,OP-879781,2024-01-25,N/A,N/A
AMÉRICA MÓVIL,3804866.4,EUR,OP-677177,09-Sep-2023,N/A,N/A
BANORTE,9641576.75,USD,OP-480537,2023-12-07,N/A,N/A
alsea,8948483.23,USD,OP-149120,18/02/2025,N/A,N/A
grupo carso,9474081.92,EUR,OP-171287,"October 13, 2017",N/A,N/A
GRUPO BIMBO,8394395.4,USD,OP-670250,16/12/2015,2021-04-11,1943
FEMSA,1510070.55,MXN,OP-938485,2023-05-17,N/A,N/A
CEMEX,3272529.76,MXN,OP-358591,"July 29, 2016",24-Apr-2020,1365
GRUPO LALA,7399677.92,MXN,OP-907868,02/07/2021,N/A,N/A
cemex,2484330.2,EUR,OP-792152,13/09/2022,N/A,N/A
telmex,5006802.1,MXN,OP-337832,"November 09, 2018",25/10/2022,1446
pemex,5537818.89,EUR,OP-393911,"November 28, 2021",N/A,N/A
grupo bimbo,7185359.17,USD,OP-243674,14/01/2017,"December 13, 2019",1063
grupo lala,4502393.33,USD,OP-623949,19-Mar-2018,06-Jun-2023,1905
alsea,6957434.91,USD,OP-661510,"April 12, 2020",N/A,N/A
pemex,7712723.21,EUR,OP-785072,24-Sep-2015,"January 01, 2022",2291
GRUPO LALA,9486785.69,MXN,OP-679594,20-Nov-2017,N/A,N/A
GRUPO CARSO,4938206.07,MXN,OP-725731,11/02/2019,"October 25, 2022",1088
FEMSA,5583976.43,MXN,OP-487846,2016-10-30,N/A,N/A
BANORTE,544799.61,USD,OP-216518,28/07/2022,N/A,N/A
GRUPO BIMBO,1710415.78,EUR,OP-834482,03-Oct-2017,N/A,N/A
femsa,279587.58,USD,OP-231675,"May 28, 2018","June 10, 2023",1839
FEMSA,4671921.59,USD,OP-875775,09/11/2020,N/A,N/A
BBVA MÉXICO,8934209.8,USD,OP-615437,28/12/2021,N/A,N/A
grupo carso,7056966.57,USD,OP-721473,05-Nov-2021,N/A,N/A
WALMART DE MÉXICO,5883553.87,EUR,OP-716593,23/05/2018,28/02/2021,1012
cemex,3966040.76,MXN,OP-932560,14/02/2024,N/A,N/A
GRUPO MÉXICO,5684614.49,USD,OP-454336,"March 20, 2025",N/A,N/A
FEMSA,1439782.98,USD,OP-837267,14-Oct-2016,N/A,N/A
telmex,4245412.18,MXN,OP-373271,"July 16, 2022",N/A,N/A
alsea,7062166.08,EUR,OP-321592,09-Oct-2023,N/A,N/A
GRUPO MÉXICO,9989471.9,EUR,OP-575577,15/11/2024,28-Apr-2025,164
telmex,996868.59,MXN,OP-613856,12-Feb-2016,"June 03, 2024",3034
telmex,6837618.85,USD,OP-576587,19/03/2018,"November 07, 2020",964
BBVA MÉXICO,1266240.69,EUR,OP-512916,10-Dec-2019,05-Mar-2020,86
soriana,3929072.52,USD,OP-685880,"May 28, 2018",N/A,N/A
alsea,9143740.38,EUR,OP-875938,2019-06-12,N/A,N/A
FEMSA,9359215.13,EUR,OP-605441,"May 03, 2016",01-May-2021,1824
américa móvil,491423.5,USD,OP-840966,"June 23, 2025",N/A,N/A
grupo bimbo,6857891.76,MXN,OP-307622,14-May-2016,2024-04-04,2882
BBVA MÉXICO,9734501.53,USD,OP-754483,24-Jul-2021,N/A,N/A
TELMEX,3438915.83,EUR,OP-244084,17-Apr-2023,N/A,N/A
grupo méxico,8152183.08,EUR,OP-244331,2021-12-02,N/A,N/A
grupo bimbo,6876418.47,USD,OP-994119,17-Feb-2025,N/A,N/A
cemex,2747018.19,MXN,OP-502737,28/01/2025,N/A,N/A
WALMART DE MÉXICO,9492680.55,USD,OP-760611,"October 21, 2018",N/A,N/A
liverpool,3762329.16,USD,OP-405049,28/05/2022,N/A,N/A
grupo bimbo,8652654.74,EUR,OP-329129,15-May-2022,N/A,N/A
grupo lala,6015174.25,MXN,OP-393924,14/07/2019,"August 08, 2025",2217
telmex,4513836.63,MXN,OP-386744,06-May-2017,17/06/2022,1868
FEMSA,5047366.15,MXN,OP-403440,30-Jun-2023,N/A,N/A
alsea,2182352.53,MXN,OP-836989,24-Jun-2025,N/A,N/A
GRUPO MÉXICO,1688086.89,MXN,OP-658112,24/10/2018,N/A,N/A
soriana,9430119.31,MXN,OP-739301,2022-11-12,N/A,N/A
PEMEX,172194.0,USD,OP-125682,21/01/2025,N/A,N/A
GRUPO CARSO,318978.74,USD,OP-231283,"October 09, 2021",N/A,N/A
grupo carso,395765.78,MXN,OP-905646,2024-11-24,N/A,N/A
grupo lala,2760174.47,MXN,OP-401341,2023-06-27,N/A,N/A
WALMART DE MÉXICO,6100018.38,EUR,OP-238376,"May 23, 2016",2023-11-23,2740
GRUPO CARSO,2202679.37,MXN,OP-318672,2022-05-13,N/A,N/A
soriana,3654921.29,MXN,OP-511621,16-Jan-2020,2024-06-18,1615
banorte,6669103.53,USD,OP-550727,27/10/2023,N/A,N/A
liverpool,3776099.37,EUR,OP-194039,2018-08-21,24-Jan-2024,1982
banorte,9969304.35,MXN,OP-384366,"July 22, 2024",N/A,N/A
walmart de méxico,763019.17,USD,OP-840287,"January 28, 2022",N/A,N/A
CEMEX,8894691.11,EUR,OP-630958,19/04/2020,N/A,N/A
LIVERPOOL,3850485.62,MXN,OP-935764,30/09/2024,N/A,N/A
alsea,5306301.92,USD,OP-158846,18-May-2023,04-Sep-2023,109
pemex,2103875.46,EUR,OP-815060,15-Sep-2020,2023-05-10,967
walmart de méxico,3780821.08,USD,OP-534065,20/02/2018,28/01/2025,2534
SORIANA,5732282.28,EUR,OP-823402,"February 01, 2022",N/A,N/A
AMÉRICA MÓVIL,7948660.12,MXN,OP-474100,31/07/2025,N/A,N/A
CEMEX,9270577.49,MXN,OP-939663,10-Jul-2017,N/A,N/A
grupo méxico,4371008.15,MXN,OP-400158,13/12/2021,12-Mar-2024,820
cemex,7069752.43,USD,OP-386042,17-Feb-2020,N/A,N/A
soriana,6063103.18,EUR,OP-362030,23/05/2018,N/A,N/A
TELMEX,188750.81,MXN,OP-372143,09/10/2016,14/02/2019,887
WALMART DE MÉXICO,4036102.88,USD,OP-800844,"January 01, 2022",2023-10-03,640
CEMEX,3145146.2,MXN,OP-960089,"May 20, 2020",N/A,N/A
cemex,1997450.43,EUR,OP-411666,14/09/2016,N/A,N/A
grupo bimbo,5098336.06,USD,OP-321139,10-Jul-2024,N/A,N/A
soriana,217596.44,MXN,OP-818277,2016-01-09,23/02/2017,411
GRUPO BIMBO,908791.1,EUR,OP-722161,"December 16, 2019",N/A,N/A
GRUPO LALA,3364831.28,MXN,OP-768909,"February 12, 2022","February 25, 2023",378
telmex,1594711.18,USD,OP-268468,"August 22, 2018",N/A,N/A
BANORTE,2013053.94,USD,OP-673606,08/05/2021,N/A,N/A
FEMSA,9736108.17,MXN,OP-505164,2021-01-01,30/08/2024,1337
américa móvil,7032351.3,EUR,OP-452424,21/10/2016,N/A,N/A
bbva méxico,5155936.64,MXN,OP-383485,13-Apr-2024,N/A,N/A
PEMEX,2851501.18,USD,OP-176916,2025-05-01,N/A,N/A
LIVERPOOL,3863736.28,USD,OP-858335,12/09/2024,N/A,N/A
GRUPO MÉXICO,9872223.46,MXN,OP-698596,2018-11-20,N/A,N/A
grupo lala,5919658.96,USD,OP-624794,"August 25, 2023",N/A,N/A
LIVERPOOL,9417030.63,USD,OP-410779,2018-09-15,10-Jun-2019,268
liverpool,7025277.0,MXN,OP-479939,12-Oct-2018,2023-11-18,1863
LIVERPOOL,4236391.92,MXN,OP-944996,2018-09-30,N/A,N/A
GRUPO CARSO,6562884.68,USD,OP-336306,06-Jun-2025,N/A,N/A
américa móvil,8410050.23,EUR,OP-758177,15-Jan-2025,N/A,N/A
GRUPO BIMBO,377499.43,USD,OP-937950,11/12/2022,N/A,N/A
WALMART DE MÉXICO,2497843.86,EUR,OP-466742,04-Oct-2015,N/A,N/A
telmex,9514108.94,USD,OP-304331,10-Aug-2024,N/A,N/A
telmex,7289391.97,MXN,OP-505135,"January 25, 2022",2022-12-24,333
GRUPO MÉXICO,4176649.37,USD,OP-895801,07/01/2024,N/A,N/A
walmart de méxico,963558.1,USD,OP-979476,30-Sep-2016,20-Jul-2024,2850
GRUPO BIMBO,2538016.78,USD,OP-595009,2022-02-09,N/A,N/A
alsea,8789858.11,EUR,OP-827103,11/08/2025,N/A,N/A
grupo méxico,1100706.71,USD,OP-520097,11/11/2020,N/A,N/A
ALSEA,6087025.74,USD,OP-338883,"June 27, 2025",N/A,N/A
cemex,5494768.74,MXN,OP-331500,2016-10-31,15-Oct-2017,349
BBVA MÉXICO,3725232.93,USD,OP-810974,20/06/2016,23/11/2017,521
femsa,2854652.71,USD,OP-516244,29/09/2018,N/A,N/A
CEMEX,1298307.03,EUR,OP-936781,22-Jun-2023,N/A,N/A
américa móvil,586339.99,MXN,OP-314251,2020-10-13,N/A,N/A
cemex,7629388.48,MXN,OP-430590,"February 09, 2024",N/A,N/A
AMÉRICA MÓVIL,1519098.44,USD,OP-745059,30-Oct-2022,26-Sep-2023,331
GRUPO MÉXICO,5172674.17,EUR,OP-382908,2022-09-15,N/A,N/A
ALSEA,4890950.63,MXN,OP-689482,21/06/2021,N/A,N/A
américa móvil,4311378.14,MXN,OP-138239,2023-08-13,N/A,N/A
femsa,3448301.71,MXN,OP-543191,23/03/2022,N/A,N/A
SORIANA,3088597.48,USD,OP-903251,"May 04, 2016",05/12/2023,2564
pemex,976458.07,MXN,OP-973694,29-Oct-2022,N/A,N/A
alsea,7384494.28,EUR,OP-547406,2018-05-11,2023-09-05,1943
AMÉRICA MÓVIL,2669462.34,MXN,OP-652018,02/12/2015,N/A,N/A
GRUPO MÉXICO,3174128.59,MXN,OP-760640,"December 08, 2015",N/A,N/A
GRUPO MÉXICO,1401718.33,MXN,OP-296931,"June 10, 2021",N/A,N/A
CEMEX,2558697.78,MXN,OP-185524,"January 20, 2017",26-Apr-2018,461
cemex,4386427.09,EUR,OP-300104,"October 29, 2021",N/A,N/A
BANORTE,1886069.29,EUR,OP-431378,27-May-2022,N/A,N/A
américa móvil,2502397.73,USD,OP-795166,2022-11-10,N/A,N/A
walmart de méxico,2893735.47,USD,OP-901434,2015-12-17,25-Apr-2017,495
AMÉRICA MÓVIL,1053008.81,USD,OP-485519,02-Dec-2024,N/A,N/A
walmart de méxico,9353271.46,EUR,OP-802910,2022-05-03,N/A,N/A
américa móvil,5652386.38,USD,OP-745907,24-Dec-2021,N/A,N/A
FEMSA,2473394.34,USD,OP-609837,06-May-2018,N/A,N/A
FEMSA,6941765.91,USD,OP-616836,05-Dec-2024,N/A,N/A
PEMEX,4621857.45,EUR,OP-323015,2020-05-25,2023-10-28,1251
cemex,733022.01,MXN,OP-589391,2021-11-17,N/A,N/A
CEMEX,8575328.75,MXN,OP-327538,2016-02-17,"January 23, 2025",3263
BANORTE,5959785.62,EUR,OP-695682,23/03/2022,"October 14, 2024",936
liverpool,4651745.31,EUR,OP-382406,22/07/2023,19/05/2024,302
soriana,980917.97,EUR,OP-509601,01/11/2022,N/A,N/A
walmart de méxico,9981204.82,MXN,OP-489134,2017-03-29,24-Mar-2025,2917
GRUPO LALA,4528044.5,USD,OP-498075,30/06/2024,N/A,N/A
liverpool,5880766.63,EUR,OP-716448,06-Mar-2024,N/A,N/A
liverpool,285676.5,USD,OP-631591,"April 23, 2018",N/A,N/A
PEMEX,8373646.5,USD,OP-208156,"April 22, 2022",N/A,N/A
grupo lala,155119.81,EUR,OP-570277,2023-08-15,N/A,N/A
soriana,3612420.18,MXN,OP-948569,"February 28, 2018","August 16, 2019",534
GRUPO LALA,1350906.91,MXN,OP-626530,"January 05, 2016","October 13, 2024",3204
telmex,4100134.46,MXN,OP-627363,"March 29, 2017",2019-08-11,865
GRUPO LALA,5989891.92,USD,OP-775996,31/10/2017,2025-07-30,2829
banorte,2277658.42,MXN,OP-932532,2021-03-11,N/A,N/A
AMÉRICA MÓVIL,9965833.22,MXN,OP-597879,2016-10-02,07-Oct-2016,5
TELMEX,2757629.34,USD,OP-162108,2017-08-27,2020-09-22,1122
grupo méxico,4587373.2,USD,OP-417479,30-Jan-2024,N/A,N/A
banorte,3390605.62,USD,OP-904575,"October 23, 2020",N/A,N/A
grupo lala,8514118.76,USD,OP-379865,"March 31, 2021",N/A,N/A
grupo bimbo,1729468.28,EUR,OP-750595,31/03/2024,N/A,N/A
GRUPO BIMBO,7418149.56,USD,OP-358212,18/11/2020,N/A,N/A
ALSEA,5353997.97,EUR,OP-103982,"June 28, 2021",09/05/2022,434
walmart de méxico,9501100.67,USD,OP-463397,2018-02-25,2025-08-15,2728
bbva méxico,4768380.59,EUR,OP-142017,2022-09-04,31/08/2023,361
ALSEA,1264495.93,MXN,OP-249630,29-Jul-2023,N/A,N/A
GRUPO CARSO,5618850.7,MXN,OP-845239,18/03/2023,N/A,N/A
BBVA MÉXICO,9669565.32,USD,OP-623775,2019-08-13,N/A,N/A
liverpool,1431012.56,MXN,OP-954477,2020-10-15,"April 25, 2023",922
grupo bimbo,8137360.51,EUR,OP-229206,13-Apr-2018,2020-07-24,833
CEMEX,7222507.33,EUR,OP-423474,2017-11-20,2024-02-29,2292
banorte,4808301.44,EUR,OP-374348,12/03/2016,N/A,N/A
walmart de méxico,9516030.52,USD,OP-855647,19/10/2017,"December 01, 2024",2600
SORIANA,4717134.71,USD,OP-165330,"September 16, 2018",N/A,N/A
TELMEX,7343095.56,EUR,OP-762773,"July 21, 2025",N/A,N/A
GRUPO BIMBO,3671300.71,MXN,OP-731857,09-Feb-2023,N/A,N/A
femsa,4386346.68,MXN,OP-971858,24-Feb-2019,N/A,N/A
BANORTE,9633914.74,USD,OP-560632,19/04/2018,11-Dec-2018,236
femsa,212099.45,MXN,OP-240555,2017-12-14,07-Apr-2025,2671
BBVA MÉXICO,3333484.56,USD,OP-606810,28/12/2024,N/A,N/A
BBVA MÉXICO,1078797.63,USD,OP-855442,"February 15, 2022",N/A,N/A
LIVERPOOL,5774510.56,MXN,OP-531581,31/05/2024,N/A,N/A
FEMSA,4371295.07,MXN,OP-673062,01/12/2019,N/A,N/A
telmex,8734259.38,USD,OP-697253,16-Jun-2016,2024-11-10,3069
LIVERPOOL,6860391.39,MXN,OP-947076,07/03/2024,N/A,N/A
WALMART DE MÉXICO,5611815.73,MXN,OP-155892,17-Apr-2021,N/A,N/A
grupo méxico,6269103.53,MXN,OP-972587,2021-11-08,2024-05-18,922
cemex,8264964.17,USD,OP-408040,22/05/2020,2024-03-27,1405
AMÉRICA MÓVIL,8902887.22,USD,OP-389711,21/09/2018,"October 18, 2019",392
pemex,9563539.97,EUR,OP-115413,"November 14, 2016","April 11, 2017",148
GRUPO LALA,4228194.76,EUR,OP-787855,20/05/2025,N/A,N/A
liverpool,7915584.61,MXN,OP-252275,13-Feb-2025,N/A,N/A
grupo carso,8115281.11,EUR,OP-820775,23-May-2024,N/A,N/A
walmart de méxico,7881755.73,MXN,OP-806549,13-Nov-2018,N/A,N/A
bbva méxico,6294111.25,USD,OP-917028,25/03/2019,11-Jun-2020,444
ALSEA,4080636.25,USD,OP-798094,06-Jun-2021,N/A,N/A
telmex,492686.92,MXN,OP-744368,10-Aug-2018,2024-06-28,2149
cemex,2609829.78,MXN,OP-720789,"September 08, 2022",N/A,N/A
GRUPO LALA,999053.36,MXN,OP-965484,26/03/2019,N/A,N/A
grupo méxico,9317210.47,USD,OP-198564,28/12/2018,"January 30, 2021",764
SORIANA,7701285.96,EUR,OP-776881,"August 06, 2016",23/10/2024,3000
GRUPO LALA,3023036.37,EUR,OP-877913,2020-01-19,N/A,N/A
AMÉRICA MÓVIL,8582194.91,EUR,OP-396679,"January 21, 2024",N/A,N/A
AMÉRICA MÓVIL,2339627.05,MXN,OP-136588,2021-03-15,2025-07-11,1579
CEMEX,8141969.94,USD,OP-140687,2023-10-23,N/A,N/A
SORIANA,6262816.99,MXN,OP-950096,17-Dec-2020,2025-05-29,1624
grupo carso,2874920.94,EUR,OP-888041,2019-02-24,N/A,N/A
pemex,9013827.05,EUR,OP-971219,2024-03-19,N/A,N/A
femsa,1559925.62,EUR,OP-376844,2016-07-27,"May 17, 2021",1755
WALMART DE MÉXICO,802493.76,MXN,OP-242989,10-May-2018,"February 07, 2023",1734
grupo lala,5273491.29,EUR,OP-146456,28/10/2015,2019-02-19,1210
grupo bimbo,9616117.81,EUR,OP-507581,"June 16, 2022",2024-07-02,747
GRUPO CARSO,9031787.91,MXN,OP-336531,"March 24, 2017",N/A,N/A
WALMART DE MÉXICO,7972034.18,EUR,OP-710773,2022-05-06,N/A,N/A
grupo carso,7619037.61,USD,OP-836523,"June 21, 2022",08/03/2025,1139
BANORTE,739626.48,EUR,OP-375944,04/02/2024,N/A,N/A
telmex,5636474.07,EUR,OP-267664,2019-01-26,N/A,N/A
FEMSA,3738494.27,EUR,OP-215917,21/06/2023,"August 03, 2024",409
FEMSA,511439.65,MXN,OP-168874,"September 14, 2019",N/A,N/A
grupo carso,1982599.59,MXN,OP-903377,2019-08-25,N/A,N/A
pemex,2691680.44,EUR,OP-634752,10-May-2021,N/A,N/A
GRUPO MÉXICO,4859599.69,USD,OP-506724,"November 06, 2017",N/A,N/A
TELMEX,5700129.2,MXN,OP-517652,2021-02-07,N/A,N/A
cemex,4816330.06,MXN,OP-115112,30-Jan-2016,"March 26, 2018",786
BBVA MÉXICO,9231693.67,USD,OP-268880,2024-05-30,29-Jul-2024,60
grupo lala,6467017.24,MXN,OP-744289,10/12/2021,N/A,N/A
FEMSA,4347228.81,EUR,OP-708140,23/09/2018,N/A,N/A
AMÉRICA MÓVIL,8798355.38,MXN,OP-964445,29/01/2022,N/A,N/A
SORIANA,8104947.36,MXN,OP-436112,"May 22, 2018",N/A,N/A
GRUPO BIMBO,8105809.03,USD,OP-168921,"October 10, 2020",N/A,N/A
PEMEX,507078.93,USD,OP-489003,2025-07-28,N/A,N/A
grupo lala,5836136.86,EUR,OP-658944,2024-01-08,N/A,N/A
GRUPO CARSO,2467560.37,EUR,OP-929808,"March 22, 2025",N/A,N/A
LIVERPOOL,1161167.34,EUR,OP-181256,"January 31, 2017",22/01/2019,721
BANORTE,1416245.54,MXN,OP-419000,25/03/2022,25/01/2025,1037
LIVERPOOL,6927108.27,MXN,OP-834547,14-Jan-2016,N/A,N/A
walmart de méxico,6728418.3,EUR,OP-259242,"November 17, 2022",19-Apr-2024,519
grupo méxico,1992968.37,USD,OP-248214,10/10/2019,03-Jan-2025,1912
GRUPO LALA,903551.78,USD,OP-565847,2020-07-27,"April 25, 2022",637
telmex,4805447.62,MXN,OP-911661,14/03/2017,11/04/2022,2061
banorte,563370.79,MXN,OP-573873,2024-06-27,N/A,N/A
banorte,2394223.93,MXN,OP-802497,25/06/2018,2025-06-26,2558
BANORTE,775257.12,MXN,OP-653822,02/08/2017,N/A,N/A
BANORTE,3128460.92,MXN,OP-583102,15/03/2022,27-Jun-2024,835
cemex,2438807.64,EUR,OP-883927,"May 04, 2019",11/04/2019,184
grupo carso,6373556.42,USD,OP-684534,"November 29, 2020",N/A,N/A
GRUPO CARSO,9645373.06,USD,OP-877141,10-Sep-2022,N/A,N/A
liverpool,5597714.57,USD,OP-396079,09-Sep-2024,N/A,N/A
PEMEX,9405094.95,MXN,OP-224225,"September 22, 2017","July 26, 2018",307
grupo méxico,3504472.23,USD,OP-264563,"June 28, 2023",N/A,N/A
WALMART DE MÉXICO,7327199.32,EUR,OP-860836,"May 01, 2020",04-Oct-2023,1251
BBVA MÉXICO,7015307.07,USD,OP-650084,2018-11-12,2019-11-12,365
WALMART DE MÉXICO,8255375.31,MXN,OP-784886,"February 11, 2023",N/A,N/A
telmex,2527264.39,USD,OP-242070,2021-05-18,2024-03-15,1032
alsea,6267320.93,USD,OP-866743,2017-05-26,"July 14, 2024",2606
grupo bimbo,6703332.67,USD,OP-662803,2022-06-20,N/A,N/A
bbva méxico,9643589.82,USD,OP-756384,08-Oct-2018,22/02/2024,1963
bbva méxico,5825005.24,MXN,OP-494822,26-Apr-2024,N/A,N/A
WALMART DE MÉXICO,621488.27,EUR,OP-569098,"August 13, 2022",01-Dec-2022,110
cemex,4037681.17,USD,OP-761422,30-Mar-2018,N/A,N/A
GRUPO MÉXICO,312837.03,MXN,OP-348626,21/06/2024,N/A,N/A
GRUPO MÉXICO,5894041.83,USD,OP-552870,18-Nov-2015,"April 28, 2022",2353
BANORTE,6411100.32,EUR,OP-831870,"February 19, 2018",N/A,N/A
LIVERPOOL,8340580.46,EUR,OP-994897,2024-05-08,N/A,N/A
WALMART DE MÉXICO,103809.31,USD,OP-557546,"April 03, 2016",N/A,N/A
PEMEX,9230036.95,MXN,OP-777408,06/08/2016,"November 13, 2019",1253
cemex,7836349.58,USD,OP-884897,24/06/2020,N/A,N/A
BBVA MÉXICO,5174071.13,USD,OP-231445,"February 24, 2017","April 01, 2020",1132
walmart de méxico,4037115.46,USD,OP-635317,16/05/2016,30/01/2017,259
GRUPO LALA,6957201.84,USD,OP-227377,2017-05-24,31/12/2019,951
BBVA MÉXICO,6563854.81,EUR,OP-742304,"December 29, 2022","December 20, 2023",356
pemex,4504756.04,EUR,OP-146129,08-Jun-2020,N/A,N/A
banorte,2806704.4,EUR,OP-525382,03/07/2019,N/A,N/A
PEMEX,5474254.12,MXN,OP-938342,17-Jul-2016,"May 26, 2025",3235
WALMART DE MÉXICO,2872151.5,USD,OP-100396,2022-03-22,N/A,N/A
grupo méxico,3562867.6,USD,OP-326639,"May 03, 2021",2025-06-21,1510
GRUPO CARSO,2546242.42,EUR,OP-565673,08/06/2025,N/A,N/A
TELMEX,6376773.42,EUR,OP-723948,07-Aug-2019,"March 02, 2023",1303
américa móvil,1603935.93,USD,OP-963953,30/06/2023,N/A,N/A
TELMEX,1303537.1,MXN,OP-827026,"September 26, 2023",N/A,N/A
alsea,735374.61,USD,OP-202854,25/09/2016,N/A,N/A
cemex,6233773.54,MXN,OP-370621,"May 07, 2018",N/A,N/A
AMÉRICA MÓVIL,284540.01,USD,OP-840776,2024-07-13,N/A,N/A
BANORTE,7393686.41,EUR,OP-937325,"January 22, 2020",2025-02-25,1861
ALSEA,883497.73,USD,OP-620900,"April 15, 2020",N/A,N/A
grupo méxico,4037946.32,EUR,OP-131466,13-Nov-2015,N/A,N/A
SORIANA,5061679.31,EUR,OP-403010,"January 02, 2017",N/A,N/A
BBVA MÉXICO,4634269.84,USD,OP-433148,"November 10, 2015","July 08, 2022",2432
WALMART DE MÉXICO,880190.79,USD,OP-111554,02/08/2024,N/A,N/A
grupo bimbo,336219.6,USD,OP-170321,"December 12, 2016",19-Jun-2020,1285
pemex,1288334.34,MXN,OP-218694,27/12/2020,25/08/2023,971
grupo méxico,700695.58,USD,OP-800861,"September 27, 2024",N/A,N/A
AMÉRICA MÓVIL,5727663.43,MXN,OP-204514,07/07/2019,N/A,N/A
CEMEX,1763149.82,MXN,OP-824325,29-Nov-2016,2019-08-21,995
SORIANA,6633862.84,MXN,OP-902368,22/11/2016,N/A,N/A
TELMEX,1021342.08,EUR,OP-732720,"July 19, 2022",N/A,N/A
GRUPO CARSO,3636208.9,USD,OP-321734,29/03/2022,N/A,N/A
walmart de méxico,5689236.4,USD,OP-200410,27/07/2021,N/A,N/A
américa móvil,8169167.39,USD,OP-337731,06/03/2025,N/A,N/A
pemex,3440436.17,EUR,OP-779126,01/10/2017,N/A,N/A
femsa,4092192.87,EUR,OP-915521,11/12/2020,N/A,N/A
BBVA MÉXICO,2119830.81,USD,OP-416627,07-Nov-2023,N/A,N/A
pemex,4070152.83,EUR,OP-871405,2020-03-22,N/A,N/A
FEMSA,546731.06,USD,OP-231149,16-Jul-2020,N/A,N/A
grupo méxico,4517613.34,USD,OP-424009,19/08/2020,N/A,N/A
walmart de méxico,397638.81,USD,OP-742831,21-Apr-2023,N/A,N/A
alsea,2173622.12,USD,OP-810434,22/11/2022,N/A,N/A
femsa,7176792.52,MXN,OP-858540,04-Nov-2016,N/A,N/A
GRUPO LALA,8017822.34,EUR,OP-805662,18/05/2025,N/A,N/A
américa móvil,8767657.81,USD,OP-678533,2024-06-08,N/A,N/A
grupo lala,6461301.37,USD,OP-684235,"July 25, 2024",N/A,N/A
AMÉRICA MÓVIL,7300938.38,USD,OP-340664,24/02/2018,13/11/2023,2088
alsea,7595236.23,USD,OP-618835,11-Mar-2018,22/05/2018,72
GRUPO MÉXICO,6081752.01,USD,OP-340920,17/02/2023,N/A,N/A
ALSEA,9526047.16,USD,OP-810463,"February 28, 2025",N/A,N/A
PEMEX,5372631.4,MXN,OP-282438,07-Mar-2023,N/A,N/A
BBVA MÉXICO,3739239.55,MXN,OP-161458,"November 14, 2022",N/A,N/A
GRUPO MÉXICO,7047681.32,USD,OP-137976,"March 02, 2023",N/A,N/A
GRUPO BIMBO,2909413.14,USD,OP-292346,30/11/2016,2022-12-15,2206
PEMEX,2759998.45,USD,OP-910565,2024-01-11,N/A,N/A
TELMEX,8693086.35,MXN,OP-386943,"October 14, 2023",26-Nov-2023,43
GRUPO CARSO,3234917.66,MXN,OP-829188,2019-10-25,21-Sep-2024,1793
AMÉRICA MÓVIL,7604847.04,EUR,OP-617675,"October 20, 2016",N/A,N/A
AMÉRICA MÓVIL,144481.82,MXN,OP-428819,08-Jun-2025,N/A,N/A
BBVA MÉXICO,3120167.19,MXN,OP-185063,2022-09-30,2022-11-04,35
BBVA MÉXICO,7836624.08,MXN,OP-703915,05-Oct-2023,N/A,N/A
alsea,5959665.55,EUR,OP-151416,03/04/2018,12-Jul-2025,2687
WALMART DE MÉXICO,1826127.44,MXN,OP-322603,23/02/2019,"March 22, 2020",393
grupo bimbo,7835419.38,USD,OP-991248,29-Oct-2015,01/01/2024,2986
soriana,3016181.02,USD,OP-417481,19-Oct-2023,N/A,N/A
grupo bimbo,9911554.46,EUR,OP-784360,16/11/2022,N/A,N/A
pemex,2067851.33,USD,OP-145494,02-Jan-2018,2025-03-22,2636
grupo carso,9063285.35,USD,OP-942343,"January 28, 2016",26-Dec-2019,1428
WALMART DE MÉXICO,9483870.12,USD,OP-511948,14-Sep-2017,2020-10-30,1142
alsea,7565958.07,MXN,OP-161456,02-Sep-2024,N/A,N/A
grupo lala,1551507.98,EUR,OP-452889,08-Jul-2020,25-Aug-2022,778
bbva méxico,3265870.75,MXN,OP-141428,2023-10-22,N/A,N/A
PEMEX,4812277.17,EUR,OP-190787,2021-05-06,N/A,N/A
telmex,6156397.19,USD,OP-727245,16-Oct-2024,N/A,N/A
GRUPO MÉXICO,1158646.4,EUR,OP-706496,06-Jan-2021,2021-08-06,212
telmex,6075484.59,USD,OP-873552,"June 01, 2021",2024-01-28,971
GRUPO MÉXICO,7364788.0,MXN,OP-339398,11-Dec-2020,N/A,N/A
pemex,1633831.45,MXN,OP-922794,05-Jul-2023,31-Aug-2024,423
américa móvil,9538665.54,EUR,OP-486893,17-Nov-2022,N/A,N/A
BANORTE,3108520.21,EUR,OP-647474,26/03/2016,2020-10-04,1653
PEMEX,359960.75,EUR,OP-133574,"July 28, 2020",N/A,N/A
femsa,7128474.36,EUR,OP-105031,16/05/2022,N/A,N/A
alsea,9026295.06,MXN,OP-875567,2021-07-10,N/A,N/A
walmart de méxico,9217078.48,USD,OP-179875,15-Mar-2023,N/A,N/A
SORIANA,4801007.32,MXN,OP-645254,"October 10, 2019","June 22, 2023",1351
banorte,3882293.04,EUR,OP-278061,10/11/2019,N/A,N/A
WALMART DE MÉXICO,5930856.59,EUR,OP-573585,"July 28, 2018",N/A,N/A
CEMEX,5746109.43,USD,OP-242245,"June 11, 2017","August 08, 2023",2249
grupo méxico,305534.82,MXN,OP-438931,26-Oct-2016,18/04/2019,904
GRUPO LALA,9484294.94,USD,OP-203333,15/04/2018,"February 25, 2019",316
telmex,4837721.55,EUR,OP-508199,19-Sep-2019,2020-05-05,229
telmex,8177504.83,MXN,OP-590173,30/07/2022,N/A,N/A
SORIANA,4638509.56,EUR,OP-950918,2021-01-25,2025-06-05,1592
BBVA MÉXICO,1323059.16,EUR,OP-830477,2018-03-21,27-Jun-2019,463
GRUPO LALA,9950995.61,MXN,OP-749992,16/02/2017,N/A,N/A
pemex,9151461.33,USD,OP-858324,25-Aug-2022,N/A,N/A
grupo méxico,2570436.66,EUR,OP-592347,"May 07, 2020",N/A,N/A
TELMEX,2414356.05,MXN,OP-204489,2017-08-27,25/07/2025,2889
pemex,1183777.73,MXN,OP-849765,24/03/2018,2020-03-18,725
CEMEX,2349047.82,USD,OP-452992,"November 30, 2020",N/A,N/A
GRUPO LALA,7601871.51,USD,OP-111562,08/08/2022,N/A,N/A
banorte,1796491.46,USD,OP-788237,10/11/2019,N/A,N/A
GRUPO LALA,8656568.49,USD,OP-458443,15-Aug-2018,N/A,N/A
femsa,681753.44,USD,OP-452080,2018-05-31,N/A,N/A
WALMART DE MÉXICO,3368054.97,USD,OP-859416,02-Sep-2018,N/A,N/A
WALMART DE MÉXICO,3935965.56,EUR,OP-892995,05-Apr-2016,"April 12, 2022",2198
soriana,7216086.12,EUR,OP-586198,2020-06-12,N/A,N/A
grupo lala,6396336.22,USD,OP-131375,"March 05, 2020",29-Oct-2020,238
AMÉRICA MÓVIL,1330983.66,MXN,OP-896377,2016-11-12,2018-12-20,768
banorte,7818580.06,EUR,OP-944999,01-Sep-2021,N/A,N/A
américa móvil,1170131.61,USD,OP-608712,06/01/2019,N/A,N/A
banorte,8783604.44,USD,OP-720499,16-Feb-2025,N/A,N/A
CEMEX,1077804.99,MXN,OP-515918,"September 19, 2017",2022-08-13,1789
WALMART DE MÉXICO,3058169.17,USD,OP-668513,2019-05-20,11-May-2023,1452
telmex,601290.81,EUR,OP-342382,06/01/2021,N/A,N/A
banorte,4718491.06,USD,OP-560129,"March 05, 2022",N/A,N/A
GRUPO LALA,5145820.15,MXN,OP-863434,18/01/2024,24/12/2024,341
soriana,8176390.74,USD,OP-183689,25-Jul-2025,N/A,N/A
femsa,2630426.35,MXN,OP-604444,10/04/2018,2024-02-26,1971
banorte,595864.89,USD,OP-230961,29-Oct-2024,N/A,N/A
SORIANA,5551595.69,USD,OP-820437,09/12/2015,15/11/2021,2256
BANORTE,402161.0,MXN,OP-731947,"November 04, 2024",N/A,N/A
GRUPO MÉXICO,2403378.66,USD,OP-217745,"March 19, 2018","May 25, 2020",798
PEMEX,5042053.58,EUR,OP-778862,"August 24, 2017",N/A,N/A
grupo méxico,2180385.84,MXN,OP-320189,17-Feb-2021,N/A,N/A
FEMSA,3478315.28,EUR,OP-606993,"December 21, 2016",N/A,N/A
américa móvil,8287686.51,MXN,OP-552092,29-Dec-2021,04/11/2023,468
américa móvil,179954.2,EUR,OP-352306,2018-11-20,30/03/2021,861
bbva méxico,4322216.8,EUR,OP-821435,2019-11-29,N/A,N/A
liverpool,1827247.23,EUR,OP-282611,30-Mar-2016,"September 08, 2016",162
WALMART DE MÉXICO,868200.49,MXN,OP-489364,25-Jun-2021,N/A,N/A
BANORTE,5441026.71,MXN,OP-430984,28-Aug-2023,N/A,N/A
CEMEX,8528067.22,EUR,OP-406252,23/08/2020,2023-06-18,1029
WALMART DE MÉXICO,4292853.32,USD,OP-806186,"May 23, 2024",N/A,N/A
bbva méxico,5906791.08,USD,OP-363601,2020-07-25,N/A,N/A
FEMSA,936933.42,MXN,OP-553176,12-Jun-2020,04-Jul-2023,1117
GRUPO CARSO,4358812.07,USD,OP-979549,2019-11-08,2021-10-03,695
GRUPO BIMBO,7971700.01,EUR,OP-188579,"July 29, 2021",N/A,N/A
femsa,2727532.76,MXN,OP-366839,"September 07, 2022",N/A,N/A
BBVA MÉXICO,1379765.25,EUR,OP-666259,10-Oct-2015,27/07/2022,2482
GRUPO MÉXICO,7377487.6,EUR,OP-913646,08/04/2024,N/A,N/A
telmex,7543057.94,MXN,OP-594244,02/02/2020,16-Sep-2023,1322
LIVERPOOL,3903189.36,EUR,OP-565156,"October 25, 2018",2019-11-28,399
PEMEX,2206509.89,MXN,OP-577914,2021-10-15,N/A,N/A
PEMEX,5146891.56,MXN,OP-340315,26-Oct-2016,14-Jan-2023,2271
LIVERPOOL,4030032.54,EUR,OP-735839,31-Aug-2018,"August 15, 2021",1080
grupo méxico,3632570.47,MXN,OP-276852,"August 28, 2017",11/05/2019,799
telmex,2692795.45,MXN,OP-229496,2017-01-13,2025-02-21,2961
WALMART DE MÉXICO,8386194.41,EUR,OP-744299,"June 16, 2023",N/A,N/A
PEMEX,7993993.84,USD,OP-679138,31-Jul-2019,22/02/2025,2033
liverpool,4527941.7,MXN,OP-237862,04-Apr-2022,N/A,N/A
alsea,4147467.69,EUR,OP-257315,03/02/2022,N/A,N/A
bbva méxico,3128395.55,MXN,OP-409684,03-Jun-2017,11-Sep-2024,2657
bbva méxico,9349390.84,USD,OP-803228,"June 18, 2024",N/A,N/A
liverpool,9762256.52,USD,OP-652513,21/04/2017,03-Aug-2025,3026
GRUPO CARSO,8182516.16,MXN,OP-485567,2022-04-15,N/A,N/A
ALSEA,3719084.07,EUR,OP-639221,"May 18, 2023",19-Oct-2024,520
FEMSA,2977096.51,MXN,OP-590880,30-Jun-2020,11/01/2021,489
walmart de méxico,5170903.45,MXN,OP-731246,"September 07, 2022",09-Mar-2025,914
liverpool,2450664.89,EUR,OP-141298,"November 18, 2017","May 07, 2023",1996
banorte,2369644.81,USD,OP-965552,23-Nov-2015,"March 15, 2018",843
cemex,4477974.98,USD,OP-439715,03-Sep-2015,N/A,N/A
BBVA MÉXICO,4280601.81,EUR,OP-936802,30/01/2019,2023-02-03,1465
GRUPO LALA,1522025.1,EUR,OP-830951,15/06/2018,10/08/2018,115
walmart de méxico,9621345.1,USD,OP-834778,29-Mar-2018,N/A,N/A
grupo lala,5526132.23,USD,OP-639927,03/12/2017,N/A,N/A
SORIANA,7380610.89,EUR,OP-646608,22-Dec-2016,12-May-2017,141
cemex,650616.86,MXN,OP-348364,08-Jun-2022,N/A,N/A
CEMEX,5074964.19,MXN,OP-114664,"November 06, 2024",N/A,N/A
grupo lala,3368968.22,USD,OP-978417,"November 13, 2023","April 25, 2025",529
GRUPO MÉXICO,2062634.3,USD,OP-153493,02/12/2015,07/07/2020,1972
grupo lala,5457555.58,USD,OP-217361,18-Feb-2024,N/A,N/A
liverpool,1276551.91,EUR,OP-130804,23-Nov-2024,N/A,N/A
cemex,3561670.09,MXN,OP-527299,09-Nov-2019,"May 09, 2024",1643
FEMSA,8078460.61,EUR,OP-895466,"February 02, 2021",11-Apr-2023,798
GRUPO BIMBO,1653159.34,MXN,OP-809655,15-Feb-2016,"August 06, 2017",538
PEMEX,5137851.94,EUR,OP-224595,08/04/2017,"September 28, 2017",55
PEMEX,1830753.59,USD,OP-367105,2022-02-14,12/02/2023,656
banorte,4477482.42,USD,OP-331322,2021-01-21,N/A,N/A
GRUPO MÉXICO,8241413.8,MXN,OP-407029,"June 27, 2018",29/08/2018,63
GRUPO MÉXICO,2540981.16,USD,OP-261780,"October 01, 2022",11-Jan-2025,833
telmex,5613710.52,MXN,OP-113917,29/12/2017,2019-01-13,380
cemex,6250162.95,EUR,OP-604877,13/05/2025,N/A,N/A
AMÉRICA MÓVIL,1693787.11,USD,OP-373970,11/06/2018,N/A,N/A
telmex,8421390.63,USD,OP-202505,"April 24, 2024",N/A,N/A
LIVERPOOL,3230064.31,MXN,OP-389144,2019-01-05,"June 07, 2024",1980
grupo bimbo,4649675.76,EUR,OP-218898,01-Jul-2018,"April 14, 2023",1748
soriana,8372354.0,MXN,OP-246457,2019-03-19,N/A,N/A
grupo carso,6411023.19,MXN,OP-158788,"April 26, 2017",N/A,N/A
LIVERPOOL,4971385.12,MXN,OP-924569,"March 30, 2022",N/A,N/A
GRUPO LALA,5128119.2,USD,OP-513720,2021-09-26,N/A,N/A
walmart de méxico,8394461.26,MXN,OP-762174,2017-06-13,2022-04-15,1767
GRUPO CARSO,9589701.02,EUR,OP-211095,"February 18, 2023",N/A,N/A
PEMEX,7136115.04,MXN,OP-713978,23/03/2020,2022-12-14,996
GRUPO LALA,2821628.9,EUR,OP-690653,15-Aug-2020,N/A,N/A
alsea,8573018.88,MXN,OP-901589,"February 06, 2016",N/A,N/A
BBVA MÉXICO,4108449.84,USD,OP-711228,2023-07-12,N/A,N/A
grupo méxico,4086184.36,EUR,OP-421467,"March 18, 2024",N/A,N/A
GRUPO LALA,6732660.36,EUR,OP-106883,29/04/2023,N/A,N/A
bbva méxico,9766603.7,USD,OP-699303,20/05/2022,N/A,N/A
GRUPO BIMBO,787665.95,USD,OP-391557,14-Sep-2022,N/A,N/A
GRUPO CARSO,5837038.98,EUR,OP-808131,16-Apr-2024,N/A,N/A
pemex,3323623.26,EUR,OP-333891,16-Oct-2022,N/A,N/A
AMÉRICA MÓVIL,6879938.15,EUR,OP-720030,"September 11, 2020",N/A,N/A
GRUPO LALA,6621343.29,EUR,OP-428924,03-Jul-2021,N/A,N/A
telmex,9974150.03,MXN,OP-217705,"May 19, 2024",N/A,N/A
TELMEX,7602570.55,MXN,OP-330531,29/10/2022,N/A,N/A
bbva méxico,5713806.01,USD,OP-945495,2023-02-07,N/A,N/A
GRUPO LALA,6979170.49,MXN,OP-696555,20-Sep-2016,27-Dec-2021,1924
GRUPO LALA,394777.63,MXN,OP-489545,17/09/2021,N/A,N/A
alsea,8668248.74,USD,OP-190374,31/01/2020,N/A,N/A
LIVERPOOL,2854223.93,USD,OP-259265,15-Nov-2018,N/A,N/A
soriana,2123110.18,MXN,OP-315967,"December 15, 2015",2023-09-23,2839
SORIANA,8341622.43,USD,OP-798166,2017-03-22,N/A,N/A
grupo carso,8385987.86,MXN,OP-486959,24-Oct-2019,2021-04-03,527
grupo bimbo,5473959.67,EUR,OP-827319,2024-10-22,N/A,N/A
pemex,1387102.54,USD,OP-441390,"July 21, 2025",N/A,N/A
banorte,3936762.51,MXN,OP-263140,2024-01-06,N/A,N/A
PEMEX,4816121.2,MXN,OP-458635,27-Dec-2015,N/A,N/A
walmart de méxico,6731076.43,EUR,OP-947729,2022-12-07,N/A,N/A
TELMEX,2122741.44,USD,OP-549175,"July 27, 2025",N/A,N/A
GRUPO MÉXICO,6398401.12,USD,OP-201969,"September 08, 2016","June 26, 2020",1387
grupo méxico,933484.17,MXN,OP-476346,28/09/2022,31-Oct-2022,33
GRUPO CARSO,1984022.53,EUR,OP-460520,15-Mar-2021,N/A,N/A
soriana,4563909.78,EUR,OP-769888,29/08/2023,N/A,N/A
grupo bimbo,6710406.89,MXN,OP-453036,03/05/2017,20/10/2019,959
soriana,569180.29,MXN,OP-785279,02-Sep-2019,02/01/2022,883
banorte,8337376.99,USD,OP-696935,2017-12-25,24/01/2021,1126
BANORTE,5508285.91,MXN,OP-938181,2016-12-17,N/A,N/A
GRUPO MÉXICO,5085756.85,MXN,OP-949300,"November 20, 2015",14/05/2024,3098
PEMEX,9514594.55,MXN,OP-116969,06-Sep-2023,N/A,N/A
telmex,1120715.87,USD,OP-835718,18-Aug-2017,N/A,N/A
LIVERPOOL,8759582.58,EUR,OP-301376,22/07/2025,N/A,N/A
GRUPO CARSO,9396286.28,MXN,OP-888235,2023-06-26,"March 15, 2024",263
WALMART DE MÉXICO,5552850.54,USD,OP-374038,2018-03-18,"March 01, 2024",2175
CEMEX,2187652.4,MXN,OP-724365,"November 15, 2018",N/A,N/A
AMÉRICA MÓVIL,3293946.69,USD,OP-820166,"June 30, 2022",N/A,N/A
CEMEX,3462285.64,MXN,OP-153981,2018-06-19,15-Jul-2022,1487
TELMEX,5997663.63,EUR,OP-498156,"January 09, 2022",25-May-2025,1232
GRUPO BIMBO,2419243.1,EUR,OP-453170,"May 05, 2023",N/A,N/A
BANORTE,1838092.85,MXN,OP-329616,2019-07-21,"June 17, 2024",1793
femsa,6035796.68,EUR,OP-139405,26/12/2020,N/A,N/A
AMÉRICA MÓVIL,2181264.67,MXN,OP-784987,"November 25, 2020",2022-10-19,693
américa móvil,4494557.14,USD,OP-910359,"December 24, 2022",N/A,N/A
grupo carso,4943679.66,USD,OP-111966,05-Dec-2020,2023-11-14,1074
WALMART DE MÉXICO,497401.49,EUR,OP-373019,09-Sep-2023,N/A,N/A
SORIANA,9926457.61,USD,OP-693684,21-Oct-2016,N/A,N/A
walmart de méxico,5155350.87,USD,OP-449031,2022-07-15,N/A,N/A
PEMEX,7059971.64,USD,OP-106967,05/07/2024,N/A,N/A
LIVERPOOL,1921621.74,EUR,OP-106685,05/11/2024,N/A,N/A
cemex,2651094.6,MXN,OP-199533,13/09/2023,N/A,N/A
ALSEA,4148873.31,EUR,OP-970215,24/08/2021,N/A,N/A
walmart de méxico,2729578.61,MXN,OP-764964,12-Feb-2022,N/A,N/A
grupo lala,3815136.32,MXN,OP-124099,21/04/2023,N/A,N/A
GRUPO LALA,3374282.14,MXN,OP-779028,12/05/2022,N/A,N/A
LIVERPOOL,5824747.76,MXN,OP-621653,"September 21, 2023",N/A,N/A
cemex,1314623.87,EUR,OP-378212,2022-11-17,"May 18, 2023",182
walmart de méxico,8395332.13,MXN,OP-456323,13-Jan-2020,20-Aug-2022,950
ALSEA,4999989.99,USD,OP-380766,"August 01, 2018",2024-12-14,2327
cemex,6678730.37,USD,OP-481566,2017-07-10,22/04/2025,2843
alsea,7636710.49,USD,OP-476287,"February 22, 2019",22-Nov-2022,1369
walmart de méxico,3042354.45,EUR,OP-796112,06-Aug-2023,N/A,N/A
walmart de méxico,4584796.44,MXN,OP-120532,22/12/2015,2022-07-10,2392
SORIANA,204280.96,EUR,OP-811577,2021-08-11,10/09/2021,59
PEMEX,930400.25,EUR,OP-614642,31/12/2019,"January 03, 2021",369
PEMEX,2991459.99,EUR,OP-735224,31-May-2025,N/A,N/A
BANORTE,5869495.32,EUR,OP-116690,07-Aug-2024,N/A,N/A
banorte,8440744.57,EUR,OP-452681,05-May-2023,N/A,N/A
walmart de méxico,6833524.14,USD,OP-441475,15-Jul-2019,2023-01-25,1290
BBVA MÉXICO,8609668.78,EUR,OP-666886,2020-06-09,N/A,N/A
AMÉRICA MÓVIL,5836809.58,MXN,OP-627104,25-Mar-2019,23-Nov-2024,2070
AMÉRICA MÓVIL,6244768.01,USD,OP-509013,"January 07, 2021","July 12, 2022",551
WALMART DE MÉXICO,9587494.24,EUR,OP-843454,08/06/2016,2016-12-19,135
PEMEX,6739426.9,MXN,OP-392852,2019-10-31,05-Dec-2022,1131
pemex,8295007.23,EUR,OP-410349,29/09/2017,N/A,N/A
GRUPO MÉXICO,4104372.33,USD,OP-501124,16-Apr-2017,2020-11-02,1296
bbva méxico,7898986.1,USD,OP-664205,11-Oct-2015,N/A,N/A
TELMEX,8285848.71,USD,OP-375298,23/03/2019,N/A,N/A
telmex,4825908.25,MXN,OP-580381,2019-10-07,N/A,N/A
PEMEX,7022364.05,MXN,OP-322752,2016-05-28,2017-04-19,326
GRUPO BIMBO,9533195.87,USD,OP-577128,"March 30, 2021",N/A,N/A
LIVERPOOL,7676004.04,MXN,OP-753125,02/08/2020,N/A,N/A
alsea,9312052.66,EUR,OP-305682,2018-11-15,N/A,N/A
grupo bimbo,3424277.79,EUR,OP-866928,12/01/2024,N/A,N/A
grupo carso,7989655.03,MXN,OP-366960,22/05/2019,"August 30, 2024",1927
bbva méxico,7657359.03,MXN,OP-912214,17-Apr-2017,2021-06-29,1534
grupo carso,220380.84,USD,OP-280499,"December 30, 2024",N/A,N/A
grupo bimbo,147847.05,USD,OP-434015,17/09/2024,N/A,N/A
TELMEX,1789909.59,EUR,OP-870091,25/04/2017,N/A,N/A
grupo méxico,2304078.3,EUR,OP-536574,23/11/2018,N/A,N/A
PEMEX,6786496.7,USD,OP-256481,"August 07, 2020",N/A,N/A
GRUPO LALA,1964350.91,EUR,OP-831270,28/09/2020,N/A,N/A
soriana,5345530.01,EUR,OP-739052,2021-06-20,28/11/2021,161
soriana,7795416.8,MXN,OP-172737,2015-12-10,2016-03-20,101
grupo méxico,8924521.39,USD,OP-205324,"January 12, 2016","June 28, 2016",168
banorte,8734048.66,MXN,OP-608217,07/12/2017,30-Dec-2021,1632
WALMART DE MÉXICO,8143328.8,EUR,OP-348266,15-May-2020,19-Sep-2024,1588
banorte,6247718.32,EUR,OP-874589,"March 03, 2022",N/A,N/A
bbva méxico,5070148.34,USD,OP-246985,08-Sep-2024,N/A,N/A
grupo méxico,8174205.05,EUR,OP-866381,06/09/2021,2025-08-24,1537
banorte,8126161.79,MXN,OP-344274,11-May-2016,2018-12-04,937
CEMEX,2095470.82,MXN,OP-263888,2016-05-06,"February 05, 2017",275
grupo carso,4725737.1,USD,OP-844125,"April 13, 2016",N/A,N/A
grupo bimbo,7642502.94,MXN,OP-282701,31-Mar-2018,N/A,N/A
grupo bimbo,5536413.34,EUR,OP-404518,27-Apr-2024,14-May-2025,382
banorte,6776023.23,USD,OP-840839,05/10/2020,N/A,N/A
grupo bimbo,4770576.33,USD,OP-582300,24/07/2023,N/A,N/A
grupo carso,2057488.43,MXN,OP-305849,2019-03-12,2021-12-25,1019
alsea,3665715.03,EUR,OP-657515,2019-09-03,N/A,N/A
GRUPO LALA,223756.01,MXN,OP-396482,2024-02-14,N/A,N/A
grupo bimbo,1583998.68,EUR,OP-442519,28-Jul-2019,"May 19, 2025",2122
bbva méxico,4693614.18,EUR,OP-474120,22-Apr-2020,16-Jul-2021,450
GRUPO CARSO,1484888.29,USD,OP-204641,2025-05-14,N/A,N/A
grupo bimbo,305517.81,EUR,OP-422777,"November 16, 2019",N/A,N/A
WALMART DE MÉXICO,2348694.48,EUR,OP-526789,2021-03-08,N/A,N/A
BBVA MÉXICO,7974457.9,MXN,OP-186634,31/08/2019,N/A,N/A
soriana,7861506.47,MXN,OP-706430,13-Jan-2023,17/11/2024,674
grupo carso,5214566.56,USD,OP-130965,12-Sep-2018,N/A,N/A
américa móvil,1088759.99,EUR,OP-555753,03/11/2024,N/A,N/A
GRUPO CARSO,4408419.95,USD,OP-840125,05/02/2022,N/A,N/A
WALMART DE MÉXICO,855626.7,EUR,OP-264826,"July 28, 2024",N/A,N/A
grupo lala,9792596.58,EUR,OP-608816,2021-08-07,2022-08-12,370
grupo bimbo,2958794.78,EUR,OP-289693,19-Nov-2016,N/A,N/A
CEMEX,8887906.55,USD,OP-945634,"January 22, 2024",N/A,N/A
cemex,640292.6,EUR,OP-588094,2022-02-12,N/A,N/A
banorte,4956693.19,EUR,OP-735110,05/05/2016,"June 12, 2022",2229
LIVERPOOL,7329609.19,MXN,OP-822816,04/05/2018,N/A,N/A
grupo méxico,9158640.94,MXN,OP-283799,2023-11-08,N/A,N/A
TELMEX,1185845.74,EUR,OP-548664,"March 28, 2022",N/A,N/A
femsa,8865981.02,EUR,OP-837731,"April 23, 2019",25/05/2025,2224
BANORTE,4149046.16,MXN,OP-223751,2023-06-28,N/A,N/A
BANORTE,7381901.66,MXN,OP-189318,2023-09-16,N/A,N/A
TELMEX,2455198.07,USD,OP-842295,27/08/2015,2023-04-06,2779
TELMEX,5405321.86,MXN,OP-317600,"October 21, 2015","March 27, 2018",888
grupo méxico,7174297.92,MXN,OP-773448,05/04/2023,N/A,N/A
TELMEX,7098428.15,EUR,OP-543693,2022-11-23,N/A,N/A
SORIANA,2722267.8,MXN,OP-407521,"November 11, 2021",N/A,N/A
GRUPO CARSO,9585123.76,MXN,OP-954891,"February 28, 2019",N/A,N/A
cemex,6099311.32,MXN,OP-845633,12-Apr-2018,28/07/2022,1568
TELMEX,4039592.98,MXN,OP-633822,"May 28, 2021",N/A,N/A
telmex,7295984.2,MXN,OP-902292,28/07/2016,12-Mar-2023,2418
soriana,6597135.85,MXN,OP-998431,01/06/2017,N/A,N/A
grupo carso,6617906.24,USD,OP-721542,17/01/2021,2024-08-31,1322
bbva méxico,5248418.25,MXN,OP-375503,2021-07-04,N/A,N/A
GRUPO BIMBO,101921.02,EUR,OP-806061,"August 27, 2019",N/A,N/A
américa móvil,842618.78,USD,OP-868386,"September 18, 2019",20/08/2022,1067
banorte,7160563.01,USD,OP-693489,23/07/2023,N/A,N/A
grupo bimbo,5825994.52,MXN,OP-717846,2016-08-07,N/A,N/A
soriana,8430180.26,EUR,OP-975269,17/10/2020,N/A,N/A
LIVERPOOL,7085955.1,USD,OP-439450,17/10/2023,N/A,N/A
cemex,4021399.11,EUR,OP-553600,2018-06-19,07/06/2019,382
pemex,5999197.07,MXN,OP-198790,30-Jan-2018,2019-07-29,545
femsa,4049571.78,MXN,OP-604358,2017-03-21,N/A,N/A
walmart de méxico,3202685.18,EUR,OP-663674,20/06/2019,2024-06-26,1833
femsa,8501996.0,USD,OP-851382,2020-11-05,N/A,N/A
ALSEA,3989190.13,MXN,OP-295701,25/05/2016,30/08/2022,2288
cemex,4077161.56,MXN,OP-135948,13-May-2017,27/11/2024,2755
liverpool,7334440.05,USD,OP-547672,14-Aug-2018,N/A,N/A
alsea,6326749.81,USD,OP-704260,25/08/2017,2021-01-01,1225
liverpool,6101655.44,MXN,OP-829803,24-Jan-2018,2020-01-17,723
GRUPO CARSO,3444833.85,EUR,OP-853306,26/12/2019,N/A,N/A
grupo carso,7991620.49,MXN,OP-131598,2023-07-22,N/A,N/A
BANORTE,5302713.35,MXN,OP-189952,07/12/2015,2021-01-30,2029
BANORTE,9545830.24,MXN,OP-557612,22/06/2020,N/A,N/A
grupo carso,9161092.38,MXN,OP-609358,19/06/2017,N/A,N/A
ALSEA,5970078.95,EUR,OP-738119,26/10/2024,N/A,N/A
LIVERPOOL,5628916.57,MXN,OP-464434,2018-12-22,"April 03, 2020",468
cemex,6164217.88,MXN,OP-791690,09/10/2017,"April 19, 2024",2413
grupo bimbo,3534772.66,MXN,OP-356189,2016-01-19,27/05/2018,859
BANORTE,5610450.32,USD,OP-216466,28-Dec-2015,2018-06-30,915
telmex,8435412.47,MXN,OP-582155,2021-10-03,N/A,N/A
AMÉRICA MÓVIL,8279002.13,EUR,OP-312757,09/06/2023,N/A,N/A
ALSEA,2737067.15,EUR,OP-963854,02/02/2025,N/A,N/A
WALMART DE MÉXICO,8138482.88,MXN,OP-179111,25-Nov-2016,"May 30, 2019",916
grupo bimbo,6525310.9,USD,OP-629209,15/01/2025,N/A,N/A
GRUPO CARSO,8581886.31,USD,OP-644928,19-May-2020,N/A,N/A
ALSEA,3590552.17,USD,OP-587828,07/09/2022,N/A,N/A
GRUPO BIMBO,6651450.86,USD,OP-334510,2017-07-16,2017-12-30,167
GRUPO MÉXICO,7446771.49,USD,OP-998204,2022-12-22,N/A,N/A
grupo carso,5372491.09,MXN,OP-917148,14-Dec-2022,2023-02-17,65
PEMEX,4241359.3,MXN,OP-506134,28-Feb-2018,N/A,N/A
AMÉRICA MÓVIL,2396479.81,EUR,OP-887517,"August 28, 2016","January 07, 2022",1958
bbva méxico,7421580.79,USD,OP-181640,2019-10-16,N/A,N/A
femsa,3714839.02,USD,OP-135016,"October 13, 2019",N/A,N/A
GRUPO LALA,3284338.1,USD,OP-499572,"November 11, 2016",08/10/2024,2829
LIVERPOOL,7850579.89,USD,OP-295437,2021-10-17,N/A,N/A
BBVA MÉXICO,3297346.07,EUR,OP-446246,2024-01-31,N/A,N/A
liverpool,9334811.75,USD,OP-685291,2020-10-22,N/A,N/A
BBVA MÉXICO,5275593.32,MXN,OP-454967,2020-04-11,05/10/2022,759
banorte,4136582.12,EUR,OP-957269,08-Jun-2018,2024-01-14,2046
grupo bimbo,5447899.29,USD,OP-964574,2021-09-21,N/A,N/A
soriana,6315540.37,MXN,OP-886456,10/08/2025,N/A,N/A
banorte,7308953.25,EUR,OP-641440,26-Aug-2019,25-Jul-2021,699
AMÉRICA MÓVIL,9398685.05,MXN,OP-718940,2018-12-08,01-Sep-2019,267
américa móvil,8408909.37,MXN,OP-496166,17/06/2023,N/A,N/A
CEMEX,8943746.03,USD,OP-842466,"May 04, 2020","November 23, 2022",933
cemex,2960666.18,EUR,OP-990403,02-Mar-2023,N/A,N/A
grupo méxico,345098.46,MXN,OP-625346,2016-03-07,N/A,N/A
alsea,1566471.62,USD,OP-535185,24-May-2025,N/A,N/A
SORIANA,7681015.79,USD,OP-596494,"May 27, 2020",N/A,N/A
FEMSA,9855775.36,EUR,OP-688818,2021-10-15,N/A,N/A
SORIANA,4147540.08,EUR,OP-716154,"February 28, 2021",N/A,N/A
GRUPO MÉXICO,9813651.91,EUR,OP-704710,08-Oct-2022,N/A,N/A
grupo carso,3220459.64,EUR,OP-222892,13/06/2020,"November 02, 2021",507
WALMART DE MÉXICO,1752527.34,USD,OP-947571,2022-06-10,N/A,N/A
WALMART DE MÉXICO,8788649.74,EUR,OP-117523,25-Mar-2025,N/A,N/A
CEMEX,2061402.55,MXN,OP-714901,07-Dec-2021,N/A,N/A
LIVERPOOL,9976590.29,EUR,OP-670270,"December 18, 2020",N/A,N/A
liverpool,9882389.1,MXN,OP-423269,26/11/2020,N/A,N/A
liverpool,1618382.61,MXN,OP-251888,"July 19, 2017",21-May-2025,2863
BBVA MÉXICO,3583411.16,MXN,OP-600190,"October 06, 2024",N/A,N/A
bbva méxico,7751472.24,USD,OP-118245,27/12/2018,N/A,N/A
PEMEX,5246678.79,USD,OP-574381,"November 23, 2024",N/A,N/A
GRUPO CARSO,8693944.97,EUR,OP-230117,07/11/2015,2021-06-08,2159
cemex,4142981.37,EUR,OP-779828,29-Aug-2019,28/12/2019,121
LIVERPOOL,6407523.74,MXN,OP-585441,"July 02, 2016",2018-06-17,715
alsea,2666477.73,USD,OP-318315,22/07/2020,N/A,N/A
WALMART DE MÉXICO,9856579.51,MXN,OP-309863,"March 07, 2023",N/A,N/A
CEMEX,9359279.35,USD,OP-306381,2021-09-24,"March 08, 2024",896
GRUPO LALA,3032464.45,MXN,OP-190535,"November 26, 2021",N/A,N/A
femsa,6218632.27,MXN,OP-888352,12-Nov-2017,N/A,N/A
FEMSA,7808034.37,MXN,OP-648960,03/06/2025,N/A,N/A
grupo carso,9640108.71,USD,OP-685608,"August 12, 2020",N/A,N/A
femsa,4475486.49,USD,OP-488242,2017-03-08,2024-12-18,2842
banorte,3458453.94,USD,OP-450485,29/11/2018,N/A,N/A
grupo carso,1147461.47,USD,OP-510729,21-Feb-2025,N/A,N/A
AMÉRICA MÓVIL,558823.01,USD,OP-549582,29/08/2018,N/A,N/A
grupo bimbo,585228.74,USD,OP-228559,"March 30, 2024",N/A,N/A
CEMEX,8827917.95,EUR,OP-656625,18-Nov-2022,N/A,N/A
grupo bimbo,6170165.31,EUR,OP-237949,"December 21, 2017",N/A,N/A
liverpool,4606651.18,USD,OP-348106,2025-03-13,N/A,N/A
femsa,4871949.02,USD,OP-692228,05/06/2024,N/A,N/A
grupo carso,9387213.92,EUR,OP-479030,"July 21, 2021",N/A,N/A
CEMEX,1472721.26,USD,OP-887809,14/10/2018,06/05/2019,234
BANORTE,1085842.6,EUR,OP-225875,2018-10-22,2020-03-16,511
WALMART DE MÉXICO,7095640.36,USD,OP-899047,20-Feb-2018,N/A,N/A
femsa,9311360.15,USD,OP-725803,"February 10, 2024",N/A,N/A
soriana,300875.13,EUR,OP-534689,05/11/2016,2024-05-12,2923
grupo méxico,107749.1,MXN,OP-170872,22-Jun-2022,N/A,N/A
BBVA MÉXICO,8842315.14,MXN,OP-692448,2018-12-04,2019-08-29,268
telmex,9108680.84,MXN,OP-273062,"November 09, 2016",N/A,N/A
SORIANA,7218467.45,USD,OP-246824,04/07/2017,20/07/2021,1565
CEMEX,8076699.17,USD,OP-435093,27-Mar-2022,N/A,N/A
grupo lala,2987299.89,MXN,OP-344167,"July 30, 2017",2025-02-14,2756
GRUPO LALA,791180.96,EUR,OP-523718,"July 01, 2020","May 23, 2025",1787
grupo carso,1864347.1,EUR,OP-699442,"November 19, 2018",N/A,N/A
grupo carso,1512673.98,EUR,OP-631028,2023-01-04,N/A,N/A
GRUPO LALA,3504617.99,MXN,OP-844945,2018-11-01,N/A,N/A
AMÉRICA MÓVIL,9286751.54,MXN,OP-574052,04/11/2018,N/A,N/A
PEMEX,6594971.09,MXN,OP-287980,2022-03-12,12/02/2022,265
LIVERPOOL,9037806.55,USD,OP-810153,11-May-2016,N/A,N/A
grupo méxico,204544.83,USD,OP-158321,"October 08, 2020",N/A,N/A
TELMEX,7576085.62,EUR,OP-179811,21/01/2016,14/06/2024,3067
grupo méxico,9834391.47,EUR,OP-130905,13/12/2019,N/A,N/A
SORIANA,5244623.71,USD,OP-102090,"December 17, 2024",N/A,N/A
AMÉRICA MÓVIL,2782722.67,USD,OP-316564,04/01/2016,N/A,N/A
soriana,9562806.47,USD,OP-254171,2019-11-17,2022-11-24,1103
cemex,1573992.32,EUR,OP-956062,"October 13, 2015",2016-06-08,239
SORIANA,402567.82,USD,OP-622307,31/10/2022,N/A,N/A
GRUPO LALA,1751007.12,EUR,OP-782100,2018-12-02,N/A,N/A
alsea,3443108.42,MXN,OP-716984,2018-08-17,N/A,N/A
cemex,8006327.38,EUR,OP-622070,"April 26, 2023",N/A,N/A
cemex,4408030.46,MXN,OP-944893,2025-01-06,N/A,N/A
PEMEX,7312010.18,MXN,OP-760665,06-Jul-2017,N/A,N/A
soriana,6305293.66,EUR,OP-108370,02/04/2019,24-Dec-2021,1054
cemex,7666213.21,USD,OP-116270,"August 27, 2021",N/A,N/A
LIVERPOOL,472170.7,MXN,OP-673157,"January 06, 2024",N/A,N/A
ALSEA,7380691.57,MXN,OP-220307,04-Feb-2025,N/A,N/A
SORIANA,9093101.68,MXN,OP-887424,29/04/2021,N/A,N/A
liverpool,2711376.09,EUR,OP-597526,16-Dec-2022,N/A,N/A
GRUPO BIMBO,9876813.11,EUR,OP-166413,"February 23, 2025",N/A,N/A
telmex,8999935.92,EUR,OP-132981,"August 03, 2023",N/A,N/A
grupo méxico,271537.54,USD,OP-558770,"October 11, 2022",09-Feb-2023,121
liverpool,7902483.61,USD,OP-489738,12/03/2016,08/03/2021,1704
ALSEA,8473304.62,USD,OP-711898,21/06/2024,N/A,N/A
grupo bimbo,5894687.74,USD,OP-192257,2015-11-11,2020-06-18,1681
grupo méxico,489125.71,EUR,OP-744813,09-Jan-2024,N/A,N/A
soriana,2771614.86,MXN,OP-900653,02-Dec-2021,N/A,N/A
SORIANA,1152870.5,EUR,OP-149204,"August 02, 2021",N/A,N/A
grupo méxico,3264276.07,USD,OP-341032,"April 30, 2022",N/A,N/A
BANORTE,8185999.52,USD,OP-288505,10/12/2021,N/A,N/A
BBVA MÉXICO,964959.57,EUR,OP-227394,"March 19, 2017",20-Jan-2023,2133
GRUPO MÉXICO,724251.39,USD,OP-894986,"April 04, 2020",07-Jun-2024,1525
grupo carso,4184758.87,MXN,OP-779000,2018-04-19,"December 06, 2023",2057
GRUPO MÉXICO,5873107.94,USD,OP-296211,2022-04-12,N/A,N/A
banorte,6018680.56,USD,OP-619505,2017-03-11,02-Apr-2021,1483
cemex,987802.28,EUR,OP-311782,2022-08-21,N/A,N/A
grupo carso,8190436.11,EUR,OP-655960,"November 21, 2016",N/A,N/A
walmart de méxico,134681.4,EUR,OP-343442,02/03/2018,N/A,N/A
grupo carso,5911422.81,USD,OP-119892,28/05/2025,N/A,N/A
grupo méxico,9713562.21,MXN,OP-118117,"May 08, 2017","April 14, 2020",1072
GRUPO BIMBO,3733874.3,MXN,OP-682889,"August 08, 2020",N/A,N/A
BANORTE,9531895.72,MXN,OP-948244,08-Dec-2022,N/A,N/A
CEMEX,9385313.42,MXN,OP-948379,22/06/2019,"November 04, 2022",1231
américa móvil,6368070.24,USD,OP-898650,"March 15, 2024",N/A,N/A
banorte,248914.76,USD,OP-177538,29/07/2021,07-Jan-2023,527
BBVA MÉXICO,822166.6,USD,OP-661965,"January 08, 2020",N/A,N/A
grupo lala,2228478.09,USD,OP-849535,30/10/2017,N/A,N/A
PEMEX,9661498.49,EUR,OP-352846,03/06/2019,2024-07-03,1946
WALMART DE MÉXICO,9044923.54,MXN,OP-756323,31/10/2022,N/A,N/A
PEMEX,674614.76,EUR,OP-365932,2019-05-19,N/A,N/A
CEMEX,9400544.53,EUR,OP-294807,"July 13, 2018",2024-01-09,2006
alsea,4646565.01,USD,OP-312037,11-Jul-2020,N/A,N/A
GRUPO BIMBO,6433203.7,EUR,OP-568746,28/08/2024,N/A,N/A
BANORTE,5289672.01,EUR,OP-474816,12-Aug-2017,18-Mar-2018,218
LIVERPOOL,7697254.56,USD,OP-765177,08/07/2019,23-Feb-2024,1661
AMÉRICA MÓVIL,2776125.37,EUR,OP-520952,22-Sep-2015,N/A,N/A
LIVERPOOL,5992574.73,USD,OP-705176,14-Jun-2016,2021-07-15,1857
grupo méxico,3499528.4,EUR,OP-583439,08-Nov-2019,N/A,N/A
BANORTE,6185700.54,USD,OP-949373,"October 11, 2022","May 20, 2024",587
grupo lala,5080803.78,EUR,OP-155983,15-Aug-2025,N/A,N/A
TELMEX,6558303.18,USD,OP-548404,26-Aug-2015,17/01/2022,2336
grupo méxico,7363197.16,MXN,OP-975741,2018-06-01,N/A,N/A
PEMEX,9555456.33,MXN,OP-250584,"October 09, 2024",N/A,N/A
LIVERPOOL,6450542.69,USD,OP-384824,2020-09-12,N/A,N/A
BANORTE,8928910.53,EUR,OP-403616,04/08/2021,N/A,N/A
FEMSA,1382694.08,EUR,OP-237885,03-Jan-2020,N/A,N/A
GRUPO LALA,227788.74,USD,OP-391098,2022-07-14,N/A,N/A
SORIANA,7436848.55,MXN,OP-852873,15-Jan-2016,2021-09-13,2068
WALMART DE MÉXICO,1378779.39,MXN,OP-964325,27/06/2025,N/A,N/A
WALMART DE MÉXICO,2005406.92,MXN,OP-855184,23/01/2019,03/12/2024,1875
alsea,5282867.51,MXN,OP-914954,2016-07-23,16-Sep-2021,1881
cemex,7365146.02,USD,OP-483099,2021-01-11,N/A,N/A
TELMEX,1850105.03,MXN,OP-253885,"June 05, 2017",N/A,N/A
bbva méxico,2609186.54,EUR,OP-795736,"August 14, 2021",N/A,N/A
WALMART DE MÉXICO,9118420.61,EUR,OP-710122,"September 05, 2015",N/A,N/A
grupo bimbo,281334.41,EUR,OP-124050,29/06/2021,09/12/2024,1171
grupo carso,9037605.92,USD,OP-996662,10/08/2022,N/A,N/A
alsea,7530207.73,EUR,OP-492684,2015-11-05,13-Feb-2024,3022
GRUPO MÉXICO,873576.02,EUR,OP-936185,2016-06-07,"May 28, 2019",1085
walmart de méxico,5923667.52,EUR,OP-901599,26/03/2020,N/A,N/A
BBVA MÉXICO,7230058.03,MXN,OP-331116,2022-12-25,N/A,N/A
bbva méxico,9185835.31,EUR,OP-810813,2017-01-03,"July 15, 2018",558
LIVERPOOL,3623568.11,MXN,OP-226891,2024-04-20,N/A,N/A
SORIANA,6041506.48,MXN,OP-158752,2016-09-29,"January 01, 2020",1189
américa móvil,857473.37,EUR,OP-707734,03/07/2024,N/A,N/A
PEMEX,4120500.0,USD,OP-955512,2020-04-25,08/04/2021,466
GRUPO LALA,4503511.55,MXN,OP-940083,21-Dec-2015,12-Feb-2023,2610
telmex,3225590.28,USD,OP-278476,12-Jan-2019,28/10/2021,1020
GRUPO MÉXICO,9720043.47,USD,OP-522529,"January 28, 2023",N/A,N/A
walmart de méxico,8641780.93,USD,OP-522837,2020-11-23,N/A,N/A
américa móvil,2612402.57,MXN,OP-227995,"June 18, 2022",N/A,N/A
telmex,4704878.02,USD,OP-595026,2021-06-28,"June 01, 2023",703
femsa,3288181.76,USD,OP-572051,2021-10-15,02-Jul-2022,260
WALMART DE MÉXICO,1632765.12,MXN,OP-930515,27-Nov-2015,26/06/2025,3499
grupo lala,413271.66,EUR,OP-707488,23-Jun-2021,N/A,N/A
WALMART DE MÉXICO,8512891.97,USD,OP-292593,"March 05, 2021",02-Dec-2024,1368
LIVERPOOL,360830.38,MXN,OP-866142,25/12/2016,17/08/2018,600
GRUPO CARSO,7478725.25,EUR,OP-570170,"February 15, 2022",N/A,N/A
soriana,1416577.89,EUR,OP-962425,2016-01-17,2023-09-11,2794
américa móvil,6794729.92,MXN,OP-188923,19-Nov-2015,20-Mar-2018,852
grupo méxico,3430335.83,MXN,OP-730280,"February 19, 2021",21-Apr-2021,61
grupo bimbo,4287515.47,EUR,OP-175160,"October 04, 2021",2022-01-07,95
AMÉRICA MÓVIL,6232117.15,USD,OP-356526,2017-11-17,"December 15, 2018",393
grupo bimbo,8760603.09,EUR,OP-366838,28/07/2021,N/A,N/A
grupo bimbo,2378953.84,MXN,OP-606899,02/10/2022,N/A,N/A
WALMART DE MÉXICO,772548.89,EUR,OP-268743,26/10/2024,N/A,N/A
GRUPO BIMBO,7188552.41,EUR,OP-838751,17-Jul-2025,N/A,N/A
ALSEA,3591523.71,EUR,OP-225918,08-Nov-2023,N/A,N/A
alsea,5879865.9,MXN,OP-418539,07-Mar-2019,04/11/2024,1862
femsa,9918678.11,USD,OP-207451,2023-12-07,N/A,N/A
TELMEX,8199497.04,EUR,OP-235155,28/01/2025,N/A,N/A
banorte,6209008.87,EUR,OP-821446,17/04/2019,11-Dec-2020,604
GRUPO MÉXICO,5293753.69,MXN,OP-506514,"February 27, 2019","December 20, 2020",662
CEMEX,7466502.44,USD,OP-466304,16/03/2018,24/04/2019,404
LIVERPOOL,365604.03,MXN,OP-382022,2019-02-02,2024-06-05,1950
américa móvil,8587406.19,EUR,OP-328509,"October 13, 2021",2023-09-16,703
telmex,4530067.89,EUR,OP-480784,09/07/2020,N/A,N/A
WALMART DE MÉXICO,6267508.64,EUR,OP-352833,2023-06-18,N/A,N/A
liverpool,9442482.59,USD,OP-711973,"September 30, 2020","September 07, 2021",342
cemex,4965913.98,MXN,OP-961506,"October 11, 2020",N/A,N/A
grupo carso,7467137.96,MXN,OP-367995,"August 26, 2015",29/11/2022,2652
soriana,2991630.11,MXN,OP-352319,"April 03, 2022",N/A,N/A
BANORTE,3219316.23,USD,OP-954463,"January 29, 2019",03-Sep-2023,1678
grupo lala,4506153.36,USD,OP-183258,2016-08-07,2016-11-11,96
BANORTE,2316843.04,EUR,OP-457965,2022-08-14,N/A,N/A
ALSEA,424276.51,MXN,OP-670004,05/03/2024,N/A,N/A
GRUPO LALA,8106295.44,USD,OP-868431,20/12/2017,2019-09-01,620
bbva méxico,3201989.2,USD,OP-693125,"September 30, 2018",N/A,N/A
grupo méxico,9138090.04,MXN,OP-527045,18/08/2022,N/A,N/A
banorte,586452.08,MXN,OP-475581,"March 23, 2018",11-Apr-2019,384
TELMEX,5807680.66,USD,OP-608775,10/08/2022,N/A,N/A
pemex,5990484.45,EUR,OP-376694,05-Jan-2022,"February 10, 2022",36
WALMART DE MÉXICO,4219910.79,MXN,OP-121036,18-Jul-2019,N/A,N/A
grupo méxico,2300683.78,MXN,OP-119842,02/02/2020,2023-10-26,1362
walmart de méxico,719579.83,USD,OP-967609,15-Nov-2017,N/A,N/A
soriana,282531.9,USD,OP-979282,09/08/2024,N/A,N/A
GRUPO CARSO,6273217.71,USD,OP-859831,2017-08-19,N/A,N/A
américa móvil,2914571.92,MXN,OP-427204,06/06/2017,N/A,N/A
grupo carso,1171210.64,MXN,OP-644127,19-Apr-2016,N/A,N/A
grupo méxico,1893814.23,USD,OP-900986,14/07/2025,N/A,N/A
telmex,2415255.69,EUR,OP-558544,2025-01-31,N/A,N/A
GRUPO LALA,6009634.56,USD,OP-538818,2021-11-11,N/A,N/A
grupo carso,1646677.66,EUR,OP-876681,"July 15, 2018",N/A,N/A
grupo carso,7075013.38,MXN,OP-749069,"March 29, 2016",N/A,N/A
ALSEA,5621387.88,MXN,OP-662545,26/09/2018,"June 27, 2024",2101
GRUPO CARSO,4522790.3,EUR,OP-387301,22/05/2021,"March 12, 2025",1390
GRUPO LALA,574190.32,USD,OP-417301,09/07/2020,2022-05-15,615
grupo méxico,8687315.28,MXN,OP-744785,"April 30, 2020",20/07/2020,81
LIVERPOOL,9723140.79,USD,OP-887889,"November 21, 2017",N/A,N/A
banorte,2349521.69,EUR,OP-389805,29-Sep-2017,27/07/2022,1762
WALMART DE MÉXICO,8613252.04,USD,OP-150633,2024-12-30,N/A,N/A
bbva méxico,777539.19,EUR,OP-614070,06/08/2025,N/A,N/A
AMÉRICA MÓVIL,8332100.01,MXN,OP-661304,"January 02, 2016",23-Oct-2023,2851
TELMEX,6111775.22,USD,OP-697006,"September 22, 2021",29/11/2021,68
WALMART DE MÉXICO,471081.96,USD,OP-202837,02/05/2020,"June 03, 2025",1945
AMÉRICA MÓVIL,7930818.52,EUR,OP-983900,"September 10, 2017",2023-07-23,2142
PEMEX,7797981.12,EUR,OP-536145,2015-09-24,20/03/2023,2734
BBVA MÉXICO,5648306.0,MXN,OP-592566,2023-10-11,N/A,N/A
BANORTE,2524295.2,EUR,OP-408611,2025-01-15,N/A,N/A
pemex,9480809.46,EUR,OP-697657,07/09/2023,"September 06, 2024",425
BANORTE,4031193.98,MXN,OP-352847,2015-09-01,12-May-2020,1715
TELMEX,9949158.06,MXN,OP-479216,"October 05, 2015",10/02/2019,1458
bbva méxico,1444521.16,USD,OP-309982,28-Mar-2018,09-Dec-2019,621
GRUPO CARSO,6525441.32,EUR,OP-960229,18-Mar-2017,N/A,N/A
femsa,9574385.49,EUR,OP-299382,"July 02, 2025",N/A,N/A
FEMSA,1576621.53,MXN,OP-529655,22/09/2022,N/A,N/A
bbva méxico,6966696.48,USD,OP-709612,22-Jul-2017,06-Sep-2017,46
walmart de méxico,596634.5,MXN,OP-194151,27-May-2023,N/A,N/A
grupo bimbo,9526590.41,USD,OP-290763,28-Jan-2020,24-Sep-2021,605
américa móvil,3488627.68,EUR,OP-890624,2017-07-14,N/A,N/A
AMÉRICA MÓVIL,5870667.37,MXN,OP-250956,23/12/2020,N/A,N/A
telmex,8177822.42,EUR,OP-132811,09-Nov-2019,N/A,N/A
AMÉRICA MÓVIL,6114781.54,MXN,OP-992568,2018-11-15,03-Dec-2024,2210
GRUPO LALA,9161002.27,EUR,OP-873334,"January 11, 2017",N/A,N/A
ALSEA,8409027.44,MXN,OP-342951,06/03/2021,N/A,N/A
BBVA MÉXICO,8941781.37,MXN,OP-752456,08/07/2017,02/03/2024,2371
ALSEA,2968446.03,MXN,OP-250285,29-Jul-2017,"July 18, 2020",1085
walmart de méxico,7801699.18,USD,OP-326181,11-Dec-2024,N/A,N/A
grupo méxico,618928.22,MXN,OP-325837,"September 08, 2023",N/A,N/A
grupo carso,8135808.32,MXN,OP-721952,20/05/2021,12-Jul-2024,1149
ALSEA,8693524.23,USD,OP-378484,"September 25, 2020",N/A,N/A
cemex,3033227.17,MXN,OP-575229,15/06/2021,N/A,N/A
grupo bimbo,6191068.04,USD,OP-897078,20/08/2022,N/A,N/A
TELMEX,7076014.82,USD,OP-981775,"December 21, 2021","December 23, 2022",367
AMÉRICA MÓVIL,906102.73,EUR,OP-277804,2019-02-12,10-Dec-2019,301
AMÉRICA MÓVIL,3288314.36,MXN,OP-836607,17/02/2024,N/A,N/A
LIVERPOOL,4992500.05,MXN,OP-236967,2017-05-29,"April 07, 2020",1044
PEMEX,3935457.94,MXN,OP-497991,05/10/2020,N/A,N/A
grupo lala,3438873.22,USD,OP-881697,11-Apr-2024,N/A,N/A
alsea,1556512.61,USD,OP-972022,28-Aug-2020,"October 13, 2022",776
grupo méxico,6218015.57,MXN,OP-642550,2021-07-27,N/A,N/A
ALSEA,5245640.6,MXN,OP-652475,"November 27, 2017",N/A,N/A
grupo bimbo,6088469.77,EUR,OP-203115,16-Jul-2019,N/A,N/A
LIVERPOOL,472168.66,USD,OP-552737,2017-11-03,N/A,N/A
walmart de méxico,6147863.4,USD,OP-612877,"May 24, 2019",N/A,N/A
soriana,7227626.02,MXN,OP-823787,20-Feb-2024,N/A,N/A
TELMEX,5053177.79,EUR,OP-739065,08/07/2018,N/A,N/A
BBVA MÉXICO,3201335.53,USD,OP-197033,2022-11-20,N/A,N/A
grupo méxico,2396786.97,USD,OP-493195,2024-03-09,N/A,N/A
liverpool,5406331.98,EUR,OP-228039,2024-04-21,N/A,N/A
LIVERPOOL,149113.01,MXN,OP-416750,26/10/2017,N/A,N/A
pemex,2368869.58,EUR,OP-389501,22-Jan-2022,02/09/2024,748
BBVA MÉXICO,3986196.79,EUR,OP-244656,"April 30, 2024",08-Apr-2025,343
TELMEX,361626.21,USD,OP-682684,08/11/2024,2025-08-14,368
AMÉRICA MÓVIL,9796666.15,USD,OP-516794,2016-12-22,N/A,N/A
ALSEA,5054112.06,USD,OP-407365,"December 22, 2024",N/A,N/A
ALSEA,1868157.19,MXN,OP-268593,2020-08-19,N/A,N/A
grupo bimbo,7672930.95,EUR,OP-494956,24/07/2018,2021-05-03,1014
CEMEX,677027.76,EUR,OP-938042,2016-08-19,21-Dec-2021,1950
soriana,9219535.37,MXN,OP-899441,27-Aug-2017,28/07/2022,1796
GRUPO LALA,8986165.64,MXN,OP-743282,2019-01-05,16/01/2020,376
walmart de méxico,1479714.04,MXN,OP-843732,2019-05-31,N/A,N/A
AMÉRICA MÓVIL,5358272.7,MXN,OP-859244,07/08/2018,N/A,N/A
PEMEX,1643407.86,USD,OP-725591,22/08/2016,"March 08, 2024",2755
américa móvil,4235711.76,EUR,OP-529234,2016-02-18,N/A,N/A
SORIANA,7352526.42,USD,OP-485395,19-Aug-2018,22-Mar-2022,1311
TELMEX,4453330.33,MXN,OP-108987,"February 12, 2020",22/06/2021,496
GRUPO BIMBO,3535521.56,EUR,OP-925136,"June 26, 2021",2023-10-31,857
walmart de méxico,9790643.17,MXN,OP-804838,"April 20, 2023",N/A,N/A
FEMSA,6809251.54,USD,OP-507174,18-Nov-2019,N/A,N/A
LIVERPOOL,3997269.4,EUR,OP-261505,09/09/2024,N/A,N/A
BANORTE,2823523.06,USD,OP-985022,15-Jun-2019,N/A,N/A
grupo lala,9606356.11,USD,OP-645736,04/10/2020,"January 26, 2021",291
BANORTE,3753268.67,EUR,OP-791380,19-Oct-2016,2020-08-06,1387
alsea,3493515.63,USD,OP-347308,29-Oct-2020,15-Oct-2024,1447
LIVERPOOL,2773401.07,MXN,OP-372685,13/01/2025,N/A,N/A
GRUPO LALA,6499175.77,USD,OP-392641,27/10/2016,N/A,N/A
GRUPO CARSO,2134475.03,MXN,OP-983973,17-Apr-2017,06-Jul-2017,80
cemex,207628.25,MXN,OP-786839,2024-09-06,N/A,N/A
alsea,915243.78,MXN,OP-427469,"December 08, 2021",N/A,N/A
américa móvil,4177759.22,EUR,OP-842139,"May 06, 2016",24/09/2021,1967
grupo carso,2003089.98,EUR,OP-693993,21-Mar-2020,N/A,N/A
bbva méxico,3927463.63,EUR,OP-358303,"September 20, 2018",N/A,N/A
bbva méxico,7433251.6,USD,OP-864188,"February 03, 2018","July 14, 2023",1987
ALSEA,2112112.26,EUR,OP-344615,09/08/2022,13-Oct-2024,766
ALSEA,4720331.35,MXN,OP-358896,2016-06-21,N/A,N/A
américa móvil,4083004.37,MXN,OP-477179,"September 17, 2019",N/A,N/A
soriana,4602572.66,USD,OP-115399,19-Nov-2015,02/12/2018,816
banorte,8121157.81,USD,OP-511749,04-Jan-2016,N/A,N/A
GRUPO MÉXICO,6809167.22,USD,OP-577011,"March 10, 2023",N/A,N/A
FEMSA,6549284.99,MXN,OP-747047,18-Jun-2020,N/A,N/A
WALMART DE MÉXICO,2566769.75,EUR,OP-696511,23-Jun-2021,14/03/2023,629
AMÉRICA MÓVIL,2292795.45,EUR,OP-548545,"August 21, 2025",N/A,N/A
GRUPO MÉXICO,7181413.82,EUR,OP-717858,13-Feb-2018,13/07/2020,881
alsea,1050082.35,USD,OP-994101,21-Jan-2016,N/A,N/A
soriana,1654231.55,MXN,OP-754428,2023-09-22,N/A,N/A
telmex,3259026.87,EUR,OP-520594,09-Oct-2023,N/A,N/A
grupo lala,1655482.44,EUR,OP-827886,"September 12, 2019",N/A,N/A
liverpool,6006079.19,MXN,OP-211297,2018-12-02,N/A,N/A
WALMART DE MÉXICO,4578751.84,USD,OP-829826,27/10/2022,N/A,N/A
pemex,5321962.57,MXN,OP-408419,22-Sep-2018,18/04/2020,574
banorte,9769767.37,USD,OP-585894,23/02/2019,N/A,N/A
pemex,5193824.0,USD,OP-136398,16/06/2018,N/A,N/A
TELMEX,6989191.56,USD,OP-811977,08/06/2017,"January 13, 2024",2351
LIVERPOOL,2233272.72,USD,OP-567135,2024-01-26,N/A,N/A
telmex,9143206.93,USD,OP-131704,"November 23, 2019",N/A,N/A
cemex,6736648.25,USD,OP-750179,2020-09-07,N/A,N/A
bbva méxico,7649065.77,EUR,OP-239786,2020-05-09,N/A,N/A
soriana,4268278.06,EUR,OP-533326,2023-09-24,N/A,N/A
ALSEA,3278648.28,MXN,OP-268329,03-Dec-2020,N/A,N/A
grupo méxico,7440992.27,MXN,OP-210518,"December 07, 2020",N/A,N/A
grupo lala,2347008.72,MXN,OP-336568,01/05/2024,N/A,N/A
banorte,1755274.98,MXN,OP-147873,2019-05-06,03-May-2023,1458
alsea,7086524.92,MXN,OP-226399,"November 22, 2018",N/A,N/A
FEMSA,3657190.09,USD,OP-531610,24-Sep-2022,31/10/2024,768
WALMART DE MÉXICO,2063315.45,USD,OP-605780,"April 01, 2023",N/A,N/A
grupo méxico,9585196.59,EUR,OP-996972,"September 17, 2015",2019-10-19,1493
FEMSA,6964194.99,USD,OP-165152,20/01/2020,2024-07-13,1636
grupo méxico,3992536.26,EUR,OP-697326,"April 08, 2019",2023-03-25,1447
PEMEX,3443750.27,EUR,OP-315526,2022-01-18,N/A,N/A
banorte,1847776.81,EUR,OP-755891,2016-10-18,N/A,N/A
cemex,7169443.43,EUR,OP-595093,15/10/2023,N/A,N/A
SORIANA,6606453.69,MXN,OP-649204,14/02/2021,02-Mar-2021,16
grupo carso,4898296.09,USD,OP-159252,05/09/2018,N/A,N/A
telmex,6911448.37,MXN,OP-357792,22/08/2024,N/A,N/A
liverpool,4377521.08,EUR,OP-925671,2020-05-10,N/A,N/A
BBVA MÉXICO,4047339.07,EUR,OP-848631,2022-07-26,"June 04, 2023",313
alsea,8615746.11,USD,OP-687968,2024-04-25,N/A,N/A
grupo carso,6236355.85,MXN,OP-307650,04/06/2016,10-Apr-2024,2926
GRUPO LALA,5434323.98,USD,OP-961347,"August 03, 2021","October 09, 2024",1163
femsa,799817.96,MXN,OP-641152,"December 05, 2021",2023-03-18,468
soriana,5519686.97,MXN,OP-609239,"July 04, 2024",N/A,N/A
soriana,4387647.05,USD,OP-915475,22/09/2015,19-Sep-2022,2554
CEMEX,2687689.71,MXN,OP-898774,2015-11-07,"January 12, 2020",1527
PEMEX,199636.4,MXN,OP-712846,2020-03-12,N/A,N/A
LIVERPOOL,3143958.34,USD,OP-262048,19/03/2023,N/A,N/A
grupo lala,3195813.73,EUR,OP-611116,30/01/2019,N/A,N/A
grupo bimbo,6686993.05,EUR,OP-403496,"November 11, 2024",N/A,N/A
grupo bimbo,7383574.64,USD,OP-592278,09/01/2022,N/A,N/A
soriana,3678713.42,USD,OP-717947,"June 19, 2021",18/11/2023,882
