Nombre_Empresa,Monto_Credito,Divisa,Operacion,Fecha_Inicio,Fecha_Fin,Plazo
SORIANA,2412008.9,EUR,OP-308581,2021-10-07,2022-11-21,410
GRUPO LALA,6630202.55,EUR,OP-597073,07/09/2019,N/A,N/A
ALSEA,2097966.49,MXN,OP-999755,"June 19, 2025",N/A,N/A
femsa,5420418.95,USD,OP-495577,2016-07-31,26/02/2025,3132
FEMSA,4770483.87,MXN,OP-805665,16/08/2022,N/A,N/A
AMÉRICA MÓVIL,5270804.43,MXN,OP-894950,20-Oct-2019,12/08/2024,1876
grupo lala,8015864.57,EUR,OP-886633,28-Oct-2019,N/A,N/A
BBVA MÉXICO,9945977.1,EUR,OP-145963,"October 16, 2024",N/A,N/A
liverpool,504339.51,EUR,OP-641245,"November 07, 2016","November 02, 2017",360
grupo bimbo,3070166.75,USD,OP-598436,26-Nov-2017,N/A,N/A
FEMSA,247063.36,EUR,OP-316758,02-Oct-2021,"December 18, 2023",807
CEMEX,1834508.93,EUR,OP-864592,"March 12, 2016",17-Apr-2017,401
grupo bimbo,5804160.87,USD,OP-912011,04-Sep-2016,N/A,N/A
CEMEX,909020.16,MXN,OP-883834,13/04/2022,N/A,N/A
FEMSA,9997949.34,MXN,OP-531910,25/07/2022,N/A,N/A
walmart de méxico,4473038.89,EUR,OP-689727,03-Feb-2016,20/01/2019,1082
LIVERPOOL,1233979.27,MXN,OP-983020,"March 09, 2018",N/A,N/A
GRUPO MÉXICO,8062790.35,EUR,OP-223325,"June 24, 2024",N/A,N/A
FEMSA,992715.98,EUR,OP-559249,"March 13, 2017","December 05, 2020",1363
TELMEX,7522227.77,USD,OP-520888,2017-09-15,N/A,N/A
BBVA MÉXICO,9264789.94,MXN,OP-370015,"May 08, 2020","March 17, 2021",313
TELMEX,9422104.2,EUR,OP-107673,18-Mar-2025,N/A,N/A
pemex,6431078.49,MXN,OP-874110,15/02/2022,N/A,N/A
CEMEX,6224169.42,USD,OP-140094,"April 09, 2020","August 23, 2021",501
liverpool,2722449.96,MXN,OP-103570,08/11/2021,N/A,N/A
CEMEX,5630962.52,EUR,OP-470712,2023-04-04,N/A,N/A
GRUPO MÉXICO,4316315.38,MXN,OP-314610,21/12/2024,N/A,N/A
soriana,5907859.17,MXN,OP-651483,2022-07-24,N/A,N/A
liverpool,699056.48,USD,OP-655198,2021-06-13,"May 04, 2022",325
walmart de méxico,9169292.18,USD,OP-291432,26-Jan-2024,N/A,N/A
ALSEA,2479187.48,MXN,OP-817599,02-May-2022,30-Jul-2022,89
ALSEA,7739386.09,EUR,OP-105618,2021-08-06,N/A,N/A
LIVERPOOL,7883940.82,USD,OP-458453,"January 17, 2017",2019-03-12,784
LIVERPOOL,8391502.88,EUR,OP-747470,"March 10, 2018","March 29, 2019",384
cemex,1135079.04,EUR,OP-488562,2016-07-21,N/A,N/A
cemex,4670947.65,MXN,OP-613975,"October 26, 2022",N/A,N/A
walmart de méxico,103795.25,MXN,OP-832730,2016-02-25,14/06/2024,3032
GRUPO MÉXICO,3378933.74,USD,OP-235820,2018-08-24,N/A,N/A
GRUPO BIMBO,4044335.57,USD,OP-905691,"January 12, 2019",N/A,N/A
alsea,6048375.83,USD,OP-806422,2020-10-20,N/A,N/A
américa móvil,8244599.64,MXN,OP-377547,2020-03-22,09-Mar-2022,717
FEMSA,5034519.79,USD,OP-113482,"January 02, 2021",2021-10-26,297
bbva méxico,738468.6,EUR,OP-375593,2025-08-15,N/A,N/A
liverpool,1211476.71,USD,OP-401528,"December 17, 2021",N/A,N/A
pemex,3058495.82,MXN,OP-309001,08-Nov-2022,N/A,N/A
GRUPO MÉXICO,4958935.24,EUR,OP-977751,16-Oct-2016,"July 29, 2023",2477
TELMEX,9513750.11,MXN,OP-893107,04/02/2023,16/06/2024,441
GRUPO BIMBO,7012021.88,USD,OP-366010,2022-01-24,N/A,N/A
AMÉRICA MÓVIL,2484872.88,USD,OP-139238,25/11/2017,04/07/2023,1959
bbva méxico,9460767.32,EUR,OP-366555,18/11/2019,N/A,N/A
soriana,7747400.35,USD,OP-178043,2020-07-07,N/A,N/A
WALMART DE MÉXICO,8618594.8,USD,OP-523332,2019-08-05,31/03/2020,239
américa móvil,4097748.01,EUR,OP-943189,30/09/2022,N/A,N/A
liverpool,5262360.55,EUR,OP-545314,14/01/2021,N/A,N/A
grupo carso,1011072.19,USD,OP-787972,26/08/2020,N/A,N/A
banorte,993911.94,EUR,OP-980473,02-Feb-2024,2024-05-07,95
GRUPO BIMBO,7794304.32,MXN,OP-582909,10-Sep-2015,N/A,N/A
grupo bimbo,2243759.97,USD,OP-203426,"January 31, 2023",04/02/2025,792
walmart de méxico,2063893.65,MXN,OP-920287,"January 19, 2017",N/A,N/A
grupo carso,8150052.09,USD,OP-704566,2025-08-11,N/A,N/A
bbva méxico,6919154.76,USD,OP-159943,2020-08-13,N/A,N/A
grupo méxico,9269418.52,MXN,OP-485823,30-Mar-2019,2022-12-14,1355
grupo lala,4421957.25,EUR,OP-923483,"July 17, 2021",2024-08-16,1126
GRUPO MÉXICO,4908402.8,EUR,OP-431790,05-Feb-2024,N/A,N/A
FEMSA,8656255.08,EUR,OP-294151,"February 10, 2024",N/A,N/A
banorte,3720850.21,MXN,OP-904367,"November 29, 2022",N/A,N/A
banorte,1185887.15,USD,OP-592442,2020-12-15,N/A,N/A
GRUPO MÉXICO,9458701.2,EUR,OP-653618,11/12/2015,N/A,N/A
alsea,4398570.82,MXN,OP-230707,06-Jul-2025,N/A,N/A
grupo bimbo,6270686.11,USD,OP-725821,2017-02-12,02-Feb-2018,355
femsa,8380074.24,MXN,OP-823200,2017-02-10,2018-06-06,481
grupo carso,1947575.97,MXN,OP-516641,"December 15, 2017",02-Feb-2020,779
TELMEX,5154327.78,USD,OP-895476,12-Nov-2018,09-Feb-2019,89
banorte,9599270.04,USD,OP-142510,13-Mar-2025,N/A,N/A
BANORTE,3696849.04,EUR,OP-106976,06-Sep-2024,N/A,N/A
GRUPO CARSO,9937747.87,USD,OP-972018,"April 18, 2021",16-Jul-2023,819
TELMEX,3678270.6,MXN,OP-743556,2022-07-09,N/A,N/A
GRUPO CARSO,370530.69,EUR,OP-929639,2020-01-25,"September 08, 2023",1322
grupo carso,6352332.85,USD,OP-439187,02-Feb-2017,"September 06, 2020",1312
GRUPO BIMBO,1400369.94,USD,OP-436270,2021-03-01,28/03/2024,1123
BANORTE,9955871.38,EUR,OP-931764,22-Jul-2022,N/A,N/A
liverpool,5717157.46,USD,OP-101329,16-Sep-2016,N/A,N/A
BBVA MÉXICO,7414289.57,EUR,OP-890095,25-Dec-2020,N/A,N/A
PEMEX,5067768.08,MXN,OP-150281,25-Jun-2022,08-Jul-2023,378
telmex,5292580.62,EUR,OP-693181,2018-12-19,N/A,N/A
CEMEX,3733817.28,EUR,OP-567574,12-Dec-2016,N/A,N/A
GRUPO CARSO,2415598.85,USD,OP-494414,24/01/2025,N/A,N/A
américa móvil,1986323.72,USD,OP-209984,29/09/2022,N/A,N/A
banorte,947176.01,USD,OP-536031,"January 06, 2016",N/A,N/A
grupo méxico,3449567.79,EUR,OP-386132,2017-09-25,10/12/2024,2574
bbva méxico,2025284.21,EUR,OP-759474,"May 15, 2023",N/A,N/A
FEMSA,5852135.78,EUR,OP-693715,12/08/2021,N/A,N/A
banorte,2377547.55,EUR,OP-322596,16/12/2020,N/A,N/A
WALMART DE MÉXICO,9928580.71,USD,OP-305729,2024-11-04,N/A,N/A
LIVERPOOL,6467300.71,USD,OP-208918,2025-07-21,N/A,N/A
grupo bimbo,1020897.1,EUR,OP-502426,02-Mar-2021,N/A,N/A
BANORTE,1381018.45,USD,OP-222462,"December 27, 2015","August 31, 2024",3170
FEMSA,605808.54,MXN,OP-919868,31/03/2024,N/A,N/A
telmex,9631767.91,USD,OP-229150,02/06/2025,N/A,N/A
telmex,5959075.06,MXN,OP-591064,2019-09-01,2020-05-19,261
soriana,9827201.35,MXN,OP-401343,11-Aug-2022,"August 02, 2024",722
SORIANA,8434188.26,EUR,OP-452726,"April 22, 2018",18/05/2022,1487
PEMEX,5884510.09,MXN,OP-724700,2020-12-09,N/A,N/A
GRUPO LALA,1440825.63,MXN,OP-560630,27/09/2023,N/A,N/A
telmex,9988263.61,USD,OP-723002,08/09/2018,N/A,N/A
grupo lala,5017394.84,EUR,OP-807980,2019-01-14,N/A,N/A
walmart de méxico,2857650.96,USD,OP-680173,"January 30, 2022",N/A,N/A
SORIANA,6336305.91,EUR,OP-900186,"August 11, 2021",N/A,N/A
cemex,8411056.2,MXN,OP-103178,13/07/2022,N/A,N/A
PEMEX,9940429.54,MXN,OP-973110,12-Aug-2024,N/A,N/A
FEMSA,1953937.28,EUR,OP-392962,2020-08-11,"July 23, 2022",711
FEMSA,9293390.27,USD,OP-659055,24-Apr-2019,N/A,N/A
CEMEX,3394250.52,USD,OP-903348,25/12/2019,24-Dec-2022,1095
pemex,4757641.62,USD,OP-284059,15-Apr-2020,N/A,N/A
grupo bimbo,7555857.99,MXN,OP-494135,"November 20, 2021",N/A,N/A
FEMSA,2545401.2,USD,OP-587822,2024-10-18,N/A,N/A
GRUPO BIMBO,3685947.14,USD,OP-584559,2025-04-25,2025-06-19,55
GRUPO MÉXICO,1669458.54,EUR,OP-360777,2024-10-30,N/A,N/A
BANORTE,9911502.83,USD,OP-362770,11/09/2018,N/A,N/A
grupo méxico,6987159.52,EUR,OP-500025,2021-10-10,N/A,N/A
GRUPO BIMBO,7561148.52,MXN,OP-325832,22-Oct-2019,N/A,N/A
ALSEA,4194841.58,EUR,OP-599120,"February 18, 2020",2021-06-24,492
TELMEX,4922524.19,MXN,OP-140058,"June 03, 2022",N/A,N/A
femsa,1430808.18,MXN,OP-648323,25/11/2022,N/A,N/A
PEMEX,9696046.06,USD,OP-353082,02/02/2016,2020-11-05,1738
PEMEX,6967532.82,USD,OP-924334,30-Jul-2024,N/A,N/A
BBVA MÉXICO,4980837.07,USD,OP-360148,27-Jan-2017,23-Apr-2018,451
GRUPO CARSO,8720524.63,USD,OP-605785,07-Feb-2024,N/A,N/A
TELMEX,8059356.95,EUR,OP-741770,2024-05-22,N/A,N/A
femsa,1257543.13,EUR,OP-224493,2021-05-14,N/A,N/A
LIVERPOOL,628409.4,USD,OP-168785,06-Aug-2023,N/A,N/A
BANORTE,4143655.13,MXN,OP-626046,2019-01-12,N/A,N/A
telmex,3372217.35,MXN,OP-462339,2024-09-10,N/A,N/A
grupo lala,897816.23,MXN,OP-852628,16/04/2016,06-Dec-2019,1329
soriana,3058791.12,EUR,OP-210471,06-Oct-2020,25/11/2020,50
banorte,756305.47,USD,OP-819491,2019-07-22,13-Dec-2021,875
GRUPO CARSO,1338254.06,MXN,OP-551228,25/05/2025,N/A,N/A
grupo bimbo,6281747.72,USD,OP-252198,26/01/2016,N/A,N/A
grupo bimbo,2783125.83,USD,OP-262759,"February 16, 2018",18/05/2023,1917
liverpool,2942051.35,MXN,OP-263980,"January 19, 2020",N/A,N/A
AMÉRICA MÓVIL,611460.37,MXN,OP-289609,"March 22, 2025",N/A,N/A
liverpool,9323262.93,EUR,OP-361341,"June 23, 2020","September 12, 2023",1176
telmex,1787006.17,MXN,OP-974238,"March 04, 2019",2023-07-16,1595
GRUPO BIMBO,6645866.05,EUR,OP-568697,11-Dec-2023,N/A,N/A
GRUPO BIMBO,2827685.81,MXN,OP-629226,30-Mar-2024,N/A,N/A
soriana,3959919.71,USD,OP-535432,"June 06, 2017",24/03/2019,656
soriana,3348886.98,USD,OP-243309,26-Feb-2022,19-Jul-2025,1239
CEMEX,3929277.27,MXN,OP-618307,2023-01-23,"October 12, 2024",628
ALSEA,230767.05,EUR,OP-323355,27/11/2016,"May 21, 2021",1636
TELMEX,7745038.13,MXN,OP-270940,13/12/2022,N/A,N/A
GRUPO CARSO,6165865.36,USD,OP-150946,04/01/2021,N/A,N/A
américa móvil,2127086.13,EUR,OP-609904,"October 21, 2021",01/02/2022,73
WALMART DE MÉXICO,1528517.08,USD,OP-490815,"June 27, 2022",2023-12-22,543
TELMEX,8750226.16,MXN,OP-806247,"March 14, 2017",09/05/2023,2366
AMÉRICA MÓVIL,2316976.96,EUR,OP-700196,11/04/2022,N/A,N/A
alsea,4355437.14,MXN,OP-259387,"May 04, 2017","June 17, 2022",1870
FEMSA,8196918.71,EUR,OP-516831,"January 01, 2022",10-Nov-2024,1044
telmex,6565121.08,USD,OP-115051,18-Jun-2019,N/A,N/A
cemex,8707735.57,USD,OP-703547,2024-09-19,N/A,N/A
walmart de méxico,3978839.7,USD,OP-722990,"October 21, 2024",N/A,N/A
BANORTE,8565374.68,EUR,OP-474751,2018-12-07,02/09/2021,795
BBVA MÉXICO,8306394.74,EUR,OP-940109,"October 06, 2018",15-May-2023,1682
soriana,6356779.84,USD,OP-769794,"August 05, 2020",05/12/2023,1010
liverpool,9450695.55,MXN,OP-705706,2018-06-07,14-Feb-2019,252
LIVERPOOL,5094447.13,EUR,OP-492641,07/06/2022,N/A,N/A
GRUPO CARSO,7750855.52,MXN,OP-685347,"March 04, 2020",N/A,N/A
grupo bimbo,5227768.03,MXN,OP-693495,08/10/2016,27-Nov-2022,2300
cemex,1242403.39,USD,OP-126776,12-Jun-2017,2020-03-22,1014
telmex,4198158.24,MXN,OP-574821,24-Jul-2021,2024-12-17,1242
FEMSA,3885107.62,USD,OP-501246,22/03/2021,"August 05, 2021",136
BANORTE,6605643.86,EUR,OP-529307,"June 17, 2023",N/A,N/A
ALSEA,3268136.49,MXN,OP-970752,"December 09, 2022",N/A,N/A
ALSEA,766905.26,MXN,OP-311766,12/06/2021,N/A,N/A
alsea,6081274.35,MXN,OP-176361,2024-01-20,N/A,N/A
AMÉRICA MÓVIL,2768826.93,EUR,OP-618065,"September 29, 2018",N/A,N/A
liverpool,8004100.4,EUR,OP-555523,"June 13, 2020",22-Jun-2022,739
BBVA MÉXICO,392725.43,EUR,OP-499107,23-Apr-2019,01-May-2022,1104
grupo méxico,335342.35,MXN,OP-420320,2019-11-11,22-Jun-2023,1319
GRUPO LALA,6817432.12,USD,OP-362064,"December 24, 2019",N/A,N/A
alsea,8713298.64,USD,OP-205629,11-Oct-2023,03-Mar-2024,144
grupo lala,490905.32,USD,OP-256518,19-Apr-2018,N/A,N/A
pemex,6845265.99,MXN,OP-130878,31-Mar-2021,N/A,N/A
banorte,5502585.86,EUR,OP-524017,"September 30, 2017",N/A,N/A
américa móvil,7471313.74,EUR,OP-226790,28-Jun-2022,N/A,N/A
walmart de méxico,777506.26,USD,OP-413603,27/10/2020,N/A,N/A
femsa,3098230.25,EUR,OP-372809,13-Feb-2019,N/A,N/A
LIVERPOOL,3445733.3,MXN,OP-195267,2018-12-17,N/A,N/A
pemex,8428205.95,EUR,OP-721699,2022-03-07,N/A,N/A
PEMEX,1380641.75,MXN,OP-790874,2022-07-13,N/A,N/A
GRUPO LALA,6124953.18,EUR,OP-470286,28-Sep-2021,04/04/2024,919
GRUPO LALA,7965025.07,MXN,OP-552911,17/01/2022,N/A,N/A
bbva méxico,5829367.24,USD,OP-259054,16/09/2020,N/A,N/A
banorte,1170780.1,EUR,OP-883059,"December 14, 2016",N/A,N/A
AMÉRICA MÓVIL,273777.74,USD,OP-523181,30-Jan-2021,14-Aug-2021,196
grupo méxico,4647081.45,MXN,OP-711088,14-May-2018,N/A,N/A
SORIANA,1994935.66,MXN,OP-527094,21-Nov-2019,N/A,N/A
GRUPO MÉXICO,2915738.21,MXN,OP-410221,2024-03-08,N/A,N/A
BBVA MÉXICO,7622788.65,USD,OP-153759,07/09/2020,N/A,N/A
walmart de méxico,405167.51,EUR,OP-175383,12/10/2019,N/A,N/A
GRUPO MÉXICO,4357693.43,MXN,OP-992871,"January 10, 2016",28-Mar-2019,1173
GRUPO CARSO,9040958.53,MXN,OP-813356,14-Feb-2022,N/A,N/A
bbva méxico,6811310.04,MXN,OP-739584,11/04/2020,N/A,N/A
SORIANA,7893151.4,USD,OP-628901,2016-10-27,N/A,N/A
BANORTE,9906464.48,MXN,OP-881455,2023-03-01,N/A,N/A
WALMART DE MÉXICO,7702756.97,MXN,OP-781273,17/04/2025,N/A,N/A
GRUPO BIMBO,9940271.09,USD,OP-114418,2018-02-27,2023-03-11,1838
AMÉRICA MÓVIL,6362285.35,EUR,OP-132954,31-Oct-2015,"January 24, 2017",451
ALSEA,117269.48,USD,OP-259289,2015-11-23,N/A,N/A
GRUPO LALA,4609861.6,USD,OP-641593,15/04/2021,2022-02-14,305
SORIANA,784241.34,USD,OP-683361,2024-05-14,N/A,N/A
BANORTE,6699875.99,MXN,OP-345509,31/12/2023,N/A,N/A
SORIANA,9411107.94,USD,OP-494086,2022-08-21,N/A,N/A
telmex,6020472.19,MXN,OP-992458,2022-11-11,22-Dec-2022,41
femsa,8365658.35,EUR,OP-661381,2016-05-10,2021-04-20,1806
FEMSA,3528449.73,EUR,OP-511229,03/12/2017,"November 01, 2022",2060
ALSEA,8803438.42,MXN,OP-408317,"March 07, 2021",N/A,N/A
grupo bimbo,810819.04,EUR,OP-115881,19/06/2022,N/A,N/A
bbva méxico,1168912.3,USD,OP-433080,01/05/2024,N/A,N/A
CEMEX,4195461.21,USD,OP-270608,"September 30, 2015",25/09/2022,2552
femsa,9434647.05,USD,OP-625875,19-May-2017,N/A,N/A
BBVA MÉXICO,2282272.58,EUR,OP-397648,04/07/2016,13/11/2024,3142
liverpool,7946683.5,MXN,OP-456214,16-Feb-2024,N/A,N/A
AMÉRICA MÓVIL,9069325.15,MXN,OP-113535,09/06/2020,N/A,N/A
CEMEX,6133579.01,USD,OP-799614,30-Sep-2018,2022-09-19,1450
ALSEA,2141546.96,USD,OP-880819,2018-11-16,24-Nov-2023,1834
grupo méxico,4092465.18,EUR,OP-952123,2022-07-10,N/A,N/A
grupo lala,6689998.06,USD,OP-952935,"October 21, 2017",24/04/2022,1646
grupo bimbo,6478416.2,USD,OP-128130,"June 09, 2024",N/A,N/A
LIVERPOOL,8501593.63,USD,OP-424907,15/05/2020,N/A,N/A
CEMEX,7267228.77,MXN,OP-874109,"July 29, 2024",N/A,N/A
banorte,7612826.91,EUR,OP-505952,2017-06-13,N/A,N/A
grupo bimbo,1454450.93,EUR,OP-946862,"May 05, 2024",N/A,N/A
GRUPO CARSO,823692.32,EUR,OP-848409,"December 15, 2016",15-Jul-2023,2403
GRUPO MÉXICO,6848334.87,EUR,OP-476705,23-Aug-2021,N/A,N/A
soriana,3880611.11,MXN,OP-342616,02/11/2022,N/A,N/A
AMÉRICA MÓVIL,5276555.22,EUR,OP-864069,2020-10-15,N/A,N/A
LIVERPOOL,9716714.54,EUR,OP-929649,24/04/2019,N/A,N/A
bbva méxico,2365968.55,MXN,OP-266126,"July 07, 2017",N/A,N/A
AMÉRICA MÓVIL,6342763.4,MXN,OP-111470,2021-03-31,N/A,N/A
WALMART DE MÉXICO,9456635.85,MXN,OP-409150,"February 21, 2023",N/A,N/A
grupo méxico,9689755.98,MXN,OP-596359,"October 23, 2016",N/A,N/A
BANORTE,436961.94,MXN,OP-507893,"May 19, 2022",N/A,N/A
soriana,2845365.64,EUR,OP-644331,16/10/2018,2025-07-14,2463
pemex,189982.42,MXN,OP-754904,2022-10-13,N/A,N/A
GRUPO BIMBO,1621306.07,MXN,OP-458019,2020-02-02,N/A,N/A
grupo bimbo,5600796.6,EUR,OP-643860,21/05/2021,03-Oct-2021,135
GRUPO LALA,736387.99,MXN,OP-316054,2021-01-09,N/A,N/A
GRUPO MÉXICO,594597.63,USD,OP-747824,2015-09-27,N/A,N/A
soriana,6886293.42,MXN,OP-921442,2024-10-13,N/A,N/A
pemex,2178045.47,EUR,OP-392226,2016-04-07,N/A,N/A
banorte,7839651.05,USD,OP-593512,2023-09-09,N/A,N/A
PEMEX,5149863.97,EUR,OP-939819,2018-07-19,2022-02-25,1317
walmart de méxico,1428592.39,EUR,OP-590152,16-Feb-2020,"July 25, 2022",890
américa móvil,3503325.96,EUR,OP-187361,"February 19, 2021",N/A,N/A
LIVERPOOL,2575498.92,EUR,OP-260795,29-Aug-2017,2025-03-04,2744
GRUPO LALA,8192566.34,EUR,OP-311643,2016-07-11,"March 21, 2020",1349
femsa,4031192.2,MXN,OP-374963,22-Nov-2021,N/A,N/A
ALSEA,1302202.03,MXN,OP-831195,10-Apr-2024,N/A,N/A
WALMART DE MÉXICO,3771985.27,USD,OP-904663,2025-01-30,N/A,N/A
GRUPO BIMBO,5920603.95,EUR,OP-349274,"November 03, 2024",N/A,N/A
BBVA MÉXICO,155539.0,MXN,OP-966298,06/12/2017,N/A,N/A
alsea,8048128.96,USD,OP-596284,02-Sep-2016,N/A,N/A
pemex,273813.59,MXN,OP-306227,"February 26, 2017",N/A,N/A
soriana,729482.1,MXN,OP-617342,12/09/2021,N/A,N/A
BANORTE,579434.44,MXN,OP-868101,"March 06, 2023",N/A,N/A
alsea,7852138.11,USD,OP-710033,20-Mar-2024,N/A,N/A
américa móvil,1408087.41,EUR,OP-657212,12-Mar-2021,N/A,N/A
soriana,3156228.83,EUR,OP-281574,05-Jul-2021,"January 01, 2025",1276
cemex,7564309.68,EUR,OP-872137,"January 01, 2020",2022-03-25,814
cemex,5965424.76,EUR,OP-731021,08-Feb-2022,N/A,N/A
grupo bimbo,8305825.73,USD,OP-818906,2023-10-11,N/A,N/A
TELMEX,7006110.81,MXN,OP-987414,10/02/2023,N/A,N/A
grupo bimbo,1713998.23,MXN,OP-619917,05/02/2016,14/05/2021,1838
TELMEX,3990491.66,MXN,OP-631176,17-Oct-2023,N/A,N/A
américa móvil,3791221.93,USD,OP-546558,"October 27, 2015",N/A,N/A
LIVERPOOL,8098831.02,EUR,OP-143221,"October 20, 2024",N/A,N/A
grupo carso,8602179.46,MXN,OP-159131,20-Oct-2023,N/A,N/A
grupo carso,7762287.24,USD,OP-345500,14-Apr-2021,N/A,N/A
liverpool,4281905.39,MXN,OP-955377,24/01/2024,22-Feb-2025,395
PEMEX,7721158.06,MXN,OP-178388,2020-02-05,N/A,N/A
GRUPO BIMBO,6556388.9,MXN,OP-918254,"March 15, 2022",N/A,N/A
pemex,9276978.0,MXN,OP-469472,19-May-2021,N/A,N/A
GRUPO MÉXICO,8575017.45,USD,OP-169406,"June 02, 2018","April 27, 2025",2521
GRUPO MÉXICO,1118238.67,EUR,OP-542458,2023-01-20,N/A,N/A
GRUPO CARSO,8460164.81,USD,OP-779689,03-Nov-2019,"February 07, 2021",462
GRUPO MÉXICO,7816211.37,EUR,OP-632700,2022-10-15,N/A,N/A
AMÉRICA MÓVIL,5923885.08,EUR,OP-477862,22-Dec-2016,N/A,N/A
SORIANA,9037270.73,USD,OP-805571,2024-09-05,N/A,N/A
PEMEX,1636959.19,USD,OP-177503,27-Sep-2015,N/A,N/A
walmart de méxico,7741759.64,MXN,OP-805247,"November 15, 2023",N/A,N/A
grupo lala,3921773.71,EUR,OP-255527,07/11/2019,N/A,N/A
telmex,2815625.29,MXN,OP-380559,2021-07-26,N/A,N/A
bbva méxico,7424887.12,MXN,OP-202531,20-Sep-2023,N/A,N/A
walmart de méxico,2343049.26,MXN,OP-751507,01/01/2019,N/A,N/A
pemex,6925538.01,USD,OP-115758,"August 12, 2023",N/A,N/A
TELMEX,8729581.02,USD,OP-933502,18/08/2019,"May 09, 2020",265
PEMEX,9582093.53,MXN,OP-300523,2015-10-02,2023-06-20,2818
grupo carso,8252188.57,EUR,OP-809699,03-Nov-2015,04-Feb-2021,1920
AMÉRICA MÓVIL,7721620.66,EUR,OP-645577,2020-06-14,N/A,N/A
femsa,4693385.15,EUR,OP-100344,06-Feb-2022,N/A,N/A
grupo bimbo,7889224.36,USD,OP-558972,"September 13, 2024",N/A,N/A
bbva méxico,5106623.55,EUR,OP-565931,2025-05-17,N/A,N/A
liverpool,7622576.6,USD,OP-323307,2018-05-16,11/12/2024,2372
GRUPO LALA,4532491.49,USD,OP-219748,05/05/2025,N/A,N/A
TELMEX,7725777.98,MXN,OP-595119,"June 05, 2023",N/A,N/A
cemex,5696430.44,USD,OP-801105,2019-03-05,03/01/2021,727
bbva méxico,6876982.67,MXN,OP-575680,2021-07-05,N/A,N/A
américa móvil,4979684.14,EUR,OP-280024,27-Sep-2015,18/08/2023,2882
LIVERPOOL,4368864.91,EUR,OP-403223,"August 28, 2015",N/A,N/A
GRUPO LALA,5230511.25,EUR,OP-649626,18/09/2020,02/02/2025,1598
ALSEA,1816025.26,EUR,OP-651585,25/02/2022,N/A,N/A
walmart de méxico,5588441.83,USD,OP-846546,05-May-2018,02-Apr-2025,2524
SORIANA,8696285.95,USD,OP-913081,04/02/2017,02-Sep-2020,1249
cemex,6590364.34,USD,OP-704537,15-Jan-2016,N/A,N/A
cemex,2167395.77,EUR,OP-600524,07/05/2020,N/A,N/A
BBVA MÉXICO,636874.91,USD,OP-686999,16/04/2022,N/A,N/A
grupo bimbo,5257371.07,MXN,OP-576856,2025-06-15,N/A,N/A
BBVA MÉXICO,1216388.71,MXN,OP-753234,03/10/2019,20-Nov-2021,986
BBVA MÉXICO,3306324.25,MXN,OP-246092,13-Aug-2024,N/A,N/A
ALSEA,4796257.71,EUR,OP-569321,2023-07-09,N/A,N/A
GRUPO BIMBO,4993566.21,USD,OP-111647,18/10/2020,N/A,N/A
GRUPO MÉXICO,3676899.47,MXN,OP-504015,24/11/2021,N/A,N/A
grupo méxico,2419998.57,MXN,OP-754467,05-Jun-2017,2024-01-08,2408
banorte,470403.79,EUR,OP-679109,05-Jun-2024,N/A,N/A
BANORTE,8786304.73,EUR,OP-436064,18-Feb-2024,N/A,N/A
ALSEA,5317155.38,USD,OP-847108,"January 04, 2023",N/A,N/A
grupo lala,741408.0,MXN,OP-124475,18-May-2016,N/A,N/A
GRUPO LALA,3166503.33,EUR,OP-738875,"November 02, 2020",N/A,N/A
grupo méxico,2147875.87,USD,OP-817371,26-Jul-2018,N/A,N/A
walmart de méxico,2879941.21,EUR,OP-258744,2017-09-05,N/A,N/A
walmart de méxico,667492.26,USD,OP-213894,03/07/2023,N/A,N/A
GRUPO CARSO,9621735.11,MXN,OP-156428,2022-08-26,N/A,N/A
GRUPO CARSO,7441880.19,EUR,OP-574932,2015-12-12,12/03/2019,1452
grupo lala,8372961.83,EUR,OP-499907,2025-03-29,N/A,N/A
grupo carso,7531814.02,EUR,OP-578914,25-Nov-2019,N/A,N/A
bbva méxico,6730898.0,EUR,OP-195667,2024-10-19,N/A,N/A
GRUPO BIMBO,6178191.32,MXN,OP-550102,12-Feb-2025,N/A,N/A
BBVA MÉXICO,1281323.97,EUR,OP-982983,29/07/2020,2021-04-03,248
GRUPO LALA,5913942.61,MXN,OP-909266,13-Jun-2017,2023-06-12,2190
grupo bimbo,9609864.93,MXN,OP-805624,2022-03-14,N/A,N/A
CEMEX,2608154.38,USD,OP-619839,28/08/2016,"May 08, 2022",2079
TELMEX,9438127.27,MXN,OP-948879,"February 17, 2022","December 06, 2023",657
TELMEX,5360951.62,MXN,OP-186975,15-May-2016,06-Oct-2017,509
SORIANA,5830596.7,MXN,OP-404942,2018-06-22,N/A,N/A
bbva méxico,6864054.4,MXN,OP-581270,01-Oct-2020,04-Jun-2022,611
CEMEX,5669370.22,EUR,OP-200013,"March 26, 2017",N/A,N/A
ALSEA,828118.23,MXN,OP-328925,2023-08-24,N/A,N/A
TELMEX,4970588.3,MXN,OP-813760,06-Mar-2024,N/A,N/A
bbva méxico,2526028.2,USD,OP-859230,11/01/2021,N/A,N/A
WALMART DE MÉXICO,7705010.03,USD,OP-638508,"October 03, 2018",2019-10-29,391
walmart de méxico,6863622.2,MXN,OP-548441,15/09/2018,N/A,N/A
américa móvil,902336.79,MXN,OP-675162,"April 22, 2024",N/A,N/A
CEMEX,6057613.13,USD,OP-787439,02/01/2022,2025-03-06,1129
femsa,2544620.13,EUR,OP-141979,16-Jun-2024,N/A,N/A
bbva méxico,6632769.1,EUR,OP-643478,04-Nov-2020,N/A,N/A
ALSEA,2423536.9,USD,OP-808029,2022-07-13,N/A,N/A
WALMART DE MÉXICO,6384497.62,EUR,OP-210337,"April 19, 2024",2024-07-05,77
BBVA MÉXICO,150308.6,USD,OP-690955,18/06/2017,21/04/2020,1038
BBVA MÉXICO,4464900.67,EUR,OP-884377,02-Nov-2020,N/A,N/A
alsea,3003034.49,USD,OP-232028,2018-05-11,"June 26, 2019",411
banorte,9009363.39,EUR,OP-238346,23-Mar-2017,N/A,N/A
ALSEA,7367098.93,MXN,OP-170413,2023-04-23,N/A,N/A
grupo bimbo,9970799.23,USD,OP-618478,01-May-2020,N/A,N/A
WALMART DE MÉXICO,6998523.07,MXN,OP-893329,2020-02-08,"February 28, 2023",1116
AMÉRICA MÓVIL,4347706.66,USD,OP-787614,13/03/2019,N/A,N/A
PEMEX,3674339.42,USD,OP-741735,2017-12-31,04/10/2024,2292
PEMEX,5183017.68,MXN,OP-538045,2017-06-06,N/A,N/A
SORIANA,6438411.04,MXN,OP-264351,12-Jun-2023,N/A,N/A
WALMART DE MÉXICO,9886246.84,EUR,OP-548313,"May 21, 2024",N/A,N/A
AMÉRICA MÓVIL,1935832.89,USD,OP-207318,"November 05, 2015",13-Sep-2018,1043
pemex,4592275.36,EUR,OP-718289,"January 31, 2023",N/A,N/A
soriana,1924681.28,EUR,OP-831629,28/10/2021,05-Jun-2024,951
grupo lala,3297379.57,MXN,OP-273829,23/06/2016,02-Jul-2020,1470
ALSEA,2703577.02,EUR,OP-211498,08-Jun-2017,"December 05, 2021",1641
grupo bimbo,3414565.64,USD,OP-946126,"October 02, 2018",N/A,N/A
banorte,4263266.78,EUR,OP-839893,02-Sep-2017,25/06/2022,1757
américa móvil,1936923.2,MXN,OP-202960,17-Sep-2022,N/A,N/A
CEMEX,8843570.51,EUR,OP-752549,2015-12-18,2023-10-17,2860
GRUPO LALA,4546584.63,EUR,OP-647648,02/05/2021,N/A,N/A
grupo carso,5347432.92,MXN,OP-127969,20-Dec-2023,N/A,N/A
alsea,3286506.43,USD,OP-526157,2021-07-09,N/A,N/A
telmex,6087470.12,EUR,OP-825946,"December 04, 2016",15-Jul-2022,2049
FEMSA,5757141.79,EUR,OP-119004,23/06/2018,N/A,N/A
bbva méxico,2962048.86,MXN,OP-332932,2019-03-18,28/10/2020,590
alsea,841939.16,USD,OP-204455,2024-07-07,N/A,N/A
telmex,5477397.41,USD,OP-723154,"May 20, 2021",N/A,N/A
TELMEX,9053160.95,USD,OP-863252,01-Nov-2024,N/A,N/A
GRUPO BIMBO,2911181.83,MXN,OP-196975,03-Nov-2023,"March 01, 2024",119
telmex,3128510.28,USD,OP-683575,"September 21, 2018",N/A,N/A
PEMEX,8665024.28,USD,OP-451267,15/12/2022,2024-08-04,598
AMÉRICA MÓVIL,7872893.93,MXN,OP-892340,"August 20, 2021",N/A,N/A
GRUPO MÉXICO,6152512.9,MXN,OP-701559,2025-04-09,N/A,N/A
GRUPO LALA,2337931.03,USD,OP-523703,2024-10-19,N/A,N/A
banorte,7779512.14,MXN,OP-385323,05-Mar-2018,N/A,N/A
banorte,8516407.63,MXN,OP-334602,2023-12-12,"July 12, 2025",578
ALSEA,1094786.09,USD,OP-408325,05/07/2023,N/A,N/A
AMÉRICA MÓVIL,4066162.45,EUR,OP-485703,2021-10-14,N/A,N/A
AMÉRICA MÓVIL,2757186.32,USD,OP-240983,"August 04, 2017","January 28, 2022",1638
TELMEX,2747677.97,MXN,OP-334876,"April 04, 2020",N/A,N/A
AMÉRICA MÓVIL,2941881.33,EUR,OP-856143,09/02/2024,14/10/2024,42
femsa,1529438.25,USD,OP-885091,30/01/2023,N/A,N/A
grupo lala,9096823.91,MXN,OP-949174,18/10/2015,N/A,N/A
CEMEX,7354019.34,EUR,OP-328420,01/01/2019,04/01/2021,821
SORIANA,1567471.62,EUR,OP-976849,2024-03-03,N/A,N/A
PEMEX,5493775.16,USD,OP-165798,19-Apr-2022,"January 19, 2023",275
soriana,9784447.06,EUR,OP-921211,04-Apr-2022,N/A,N/A
CEMEX,8797007.97,MXN,OP-926755,2022-09-22,N/A,N/A
grupo lala,7109042.89,EUR,OP-958025,"August 05, 2017",04/12/2021,1346
liverpool,9139018.09,MXN,OP-159864,13/08/2020,N/A,N/A
BBVA MÉXICO,7948421.03,EUR,OP-380239,"June 28, 2016",N/A,N/A
liverpool,5304029.12,EUR,OP-804504,"March 27, 2023",N/A,N/A
TELMEX,8168768.89,EUR,OP-263328,19/03/2018,N/A,N/A
soriana,3099388.61,MXN,OP-744911,"July 09, 2020",22/04/2025,1748
grupo lala,5546895.92,MXN,OP-837389,14-Aug-2025,N/A,N/A
grupo lala,7083260.64,EUR,OP-811505,2019-05-29,2020-12-17,568
ALSEA,354599.5,USD,OP-592370,21/10/2024,N/A,N/A
walmart de méxico,9750636.57,EUR,OP-706464,28/06/2016,"July 22, 2017",389
bbva méxico,5963715.65,MXN,OP-662205,12-May-2024,N/A,N/A
GRUPO LALA,843202.61,EUR,OP-845316,11-Sep-2020,N/A,N/A
AMÉRICA MÓVIL,7545689.92,EUR,OP-805714,20-Mar-2025,N/A,N/A
alsea,7760205.7,USD,OP-599703,2018-01-03,"April 09, 2020",827
GRUPO BIMBO,3279568.96,MXN,OP-334168,"June 10, 2018","November 25, 2022",1629
FEMSA,4951592.28,MXN,OP-426064,22/08/2024,"October 20, 2024",59
grupo lala,8867219.28,USD,OP-542192,12-Jul-2024,N/A,N/A
TELMEX,4608798.74,USD,OP-745652,15/01/2017,N/A,N/A
ALSEA,1713780.13,EUR,OP-229215,16/06/2024,N/A,N/A
alsea,5163909.82,EUR,OP-428187,23/02/2018,N/A,N/A
FEMSA,7054098.02,MXN,OP-131430,07-May-2019,N/A,N/A
FEMSA,4703663.47,USD,OP-324971,01/08/2019,N/A,N/A
WALMART DE MÉXICO,1407147.38,EUR,OP-596609,"June 29, 2021",N/A,N/A
walmart de méxico,2032397.64,EUR,OP-237930,2024-03-14,N/A,N/A
américa móvil,6910696.93,EUR,OP-444644,06-Jul-2020,03-Nov-2024,1581
grupo lala,6895616.51,EUR,OP-642794,11-Apr-2017,10-Apr-2018,364
LIVERPOOL,8504165.03,EUR,OP-585188,"March 24, 2018",2021-03-26,1098
alsea,6722893.01,USD,OP-832961,"September 05, 2015",25-Mar-2016,202
GRUPO CARSO,7097460.51,MXN,OP-561726,03-Sep-2015,N/A,N/A
grupo méxico,4967243.55,USD,OP-826464,"April 17, 2016",2018-07-22,826
PEMEX,6996191.79,USD,OP-746447,23-Jan-2024,N/A,N/A
ALSEA,6240249.71,MXN,OP-959371,11/01/2016,04/01/2022,1977
CEMEX,8320775.66,EUR,OP-566803,10/01/2017,"February 12, 2024",2325
telmex,5414090.61,EUR,OP-908101,2018-01-12,N/A,N/A
AMÉRICA MÓVIL,9789890.56,MXN,OP-312742,09-Jan-2019,15/05/2023,1587
LIVERPOOL,3199495.05,USD,OP-261491,"August 02, 2020",N/A,N/A
alsea,9259462.34,MXN,OP-560714,18-Nov-2022,20/09/2023,306
américa móvil,9487314.86,MXN,OP-224267,04-Aug-2022,N/A,N/A
alsea,6171067.85,USD,OP-790884,"March 27, 2019",2024-08-03,1956
soriana,9340372.1,MXN,OP-925770,2016-07-03,N/A,N/A
grupo méxico,2030158.97,USD,OP-896435,04/09/2024,N/A,N/A
telmex,9651583.93,USD,OP-810051,26/10/2020,N/A,N/A
WALMART DE MÉXICO,3244327.26,EUR,OP-310127,2025-01-12,N/A,N/A
pemex,4512652.37,MXN,OP-726068,"April 24, 2022",N/A,N/A
LIVERPOOL,8897940.87,EUR,OP-340011,03-Mar-2025,N/A,N/A
ALSEA,9449459.56,USD,OP-260854,2017-10-27,N/A,N/A
grupo bimbo,1737543.2,USD,OP-954068,2025-05-12,N/A,N/A
liverpool,2327588.9,MXN,OP-796833,"August 01, 2016","October 22, 2016",82
AMÉRICA MÓVIL,9754774.36,MXN,OP-918717,"August 04, 2019",N/A,N/A
grupo méxico,3056223.32,USD,OP-194707,2019-11-02,N/A,N/A
femsa,983912.16,MXN,OP-291005,"February 25, 2017",N/A,N/A
FEMSA,9447266.06,USD,OP-930088,"October 09, 2023",N/A,N/A
FEMSA,4184140.56,EUR,OP-280659,03/09/2024,N/A,N/A
TELMEX,6886582.96,MXN,OP-662095,12/03/2016,"January 17, 2018",410
BANORTE,6362208.51,EUR,OP-902456,"October 23, 2019",2022-05-03,923
AMÉRICA MÓVIL,2875073.69,USD,OP-963350,"October 12, 2019",N/A,N/A
pemex,1275665.59,USD,OP-316849,"September 02, 2015","September 09, 2018",1103
walmart de méxico,4502504.85,EUR,OP-576628,13-Dec-2020,"February 18, 2021",67
walmart de méxico,3804489.09,MXN,OP-750349,03-Mar-2020,"May 19, 2024",1538
bbva méxico,6029557.02,MXN,OP-463348,2019-05-19,N/A,N/A
PEMEX,1630980.96,EUR,OP-619404,2019-12-08,N/A,N/A
GRUPO LALA,4882271.49,EUR,OP-585928,27-Jan-2021,N/A,N/A
GRUPO CARSO,7783011.76,EUR,OP-864943,2016-11-06,N/A,N/A
BBVA MÉXICO,9457510.32,EUR,OP-761294,07/02/2018,N/A,N/A
femsa,6005652.35,MXN,OP-877115,18-Nov-2015,17/08/2016,273
BANORTE,3274529.92,EUR,OP-807593,2020-11-29,N/A,N/A
banorte,409925.53,USD,OP-418365,01/02/2022,N/A,N/A
grupo méxico,7278857.42,MXN,OP-302781,2017-05-19,"August 08, 2019",811
grupo méxico,3104529.81,USD,OP-644254,2018-09-11,N/A,N/A
ALSEA,2172209.25,MXN,OP-980585,"September 26, 2022","September 11, 2023",350
GRUPO MÉXICO,4100385.8,EUR,OP-299449,"October 12, 2020",N/A,N/A
GRUPO MÉXICO,9688242.21,MXN,OP-234376,02-Sep-2022,N/A,N/A
FEMSA,9710712.64,USD,OP-839076,16/08/2023,N/A,N/A
walmart de méxico,9570428.81,EUR,OP-127516,24/01/2018,"February 14, 2019",386
telmex,2395480.94,MXN,OP-900509,2021-03-05,N/A,N/A
GRUPO LALA,133334.75,EUR,OP-354252,2025-03-29,N/A,N/A
alsea,794422.05,EUR,OP-233950,09-Dec-2019,2022-10-10,1036
CEMEX,9731388.54,EUR,OP-716703,22-Oct-2023,N/A,N/A
BANORTE,8581142.07,USD,OP-566016,2017-11-19,27-Jun-2025,2777
GRUPO MÉXICO,1338375.17,USD,OP-718470,2021-05-25,N/A,N/A
SORIANA,724688.29,MXN,OP-824401,2018-06-18,29/10/2018,133
telmex,1536476.79,USD,OP-614970,15/10/2022,N/A,N/A
WALMART DE MÉXICO,5992824.57,EUR,OP-997540,"September 15, 2019",10-Dec-2022,1182
AMÉRICA MÓVIL,9771199.88,EUR,OP-436779,2019-09-26,N/A,N/A
PEMEX,1127209.0,USD,OP-436541,20/02/2016,N/A,N/A
grupo méxico,3083444.99,USD,OP-160819,10/07/2022,2025-01-18,834
américa móvil,4390293.29,EUR,OP-220857,"April 02, 2023",17/04/2024,381
GRUPO LALA,3776753.18,MXN,OP-644658,14/06/2025,N/A,N/A
telmex,3043634.21,MXN,OP-950474,09-Feb-2021,N/A,N/A
WALMART DE MÉXICO,3312076.79,EUR,OP-934774,12-May-2021,N/A,N/A
LIVERPOOL,395821.22,MXN,OP-742601,19-May-2024,N/A,N/A
FEMSA,1285952.78,USD,OP-987654,24/09/2023,N/A,N/A
pemex,6522879.89,MXN,OP-949606,2024-09-12,N/A,N/A
AMÉRICA MÓVIL,3135917.16,USD,OP-967773,07-Oct-2024,N/A,N/A
SORIANA,3462543.28,USD,OP-136268,2020-04-21,2021-02-18,303
grupo carso,2969798.56,MXN,OP-422968,26/12/2020,N/A,N/A
BBVA MÉXICO,7668730.12,EUR,OP-516442,18/05/2021,"March 02, 2022",288
GRUPO CARSO,612766.86,MXN,OP-306783,"May 29, 2024",N/A,N/A
GRUPO CARSO,9679162.92,USD,OP-710546,"August 05, 2016",21/11/2022,2299
BANORTE,7233662.15,USD,OP-998600,15-Sep-2020,03/04/2025,1631
américa móvil,3210900.73,MXN,OP-692645,03-Oct-2019,N/A,N/A
grupo méxico,6593783.38,EUR,OP-588980,"July 26, 2021",N/A,N/A
banorte,2973903.8,EUR,OP-731150,2019-08-27,16-Dec-2023,1572
CEMEX,1735228.43,EUR,OP-489996,"September 30, 2016",2024-04-27,2766
FEMSA,9804125.49,USD,OP-953252,26/07/2020,N/A,N/A
telmex,1387767.62,MXN,OP-345364,2021-09-23,N/A,N/A
LIVERPOOL,9153415.16,EUR,OP-315647,12/02/2024,N/A,N/A
grupo lala,4481021.06,EUR,OP-114917,07-Aug-2024,N/A,N/A
AMÉRICA MÓVIL,1532140.11,EUR,OP-751782,24-May-2020,N/A,N/A
ALSEA,2434754.66,MXN,OP-412370,21/08/2016,30-Oct-2020,1531
GRUPO LALA,494732.2,EUR,OP-990868,22-Jan-2020,2020-03-17,55
BBVA MÉXICO,3545176.11,USD,OP-594359,05/09/2021,N/A,N/A
TELMEX,2233926.61,EUR,OP-899366,21/05/2024,N/A,N/A
grupo bimbo,5966591.13,MXN,OP-404597,31/10/2022,N/A,N/A
américa móvil,7876446.3,USD,OP-820461,"August 20, 2023",N/A,N/A
GRUPO LALA,958786.26,MXN,OP-603076,2024-09-23,N/A,N/A
BANORTE,7163548.73,EUR,OP-792139,07-Nov-2022,N/A,N/A
liverpool,7078112.79,USD,OP-398760,2022-03-10,N/A,N/A
TELMEX,6165288.81,USD,OP-123076,06-Feb-2024,N/A,N/A
soriana,8300759.84,MXN,OP-700800,02/02/2025,"May 11, 2025",98
GRUPO BIMBO,1257746.24,USD,OP-967362,"September 28, 2018",19/07/2020,660
femsa,8615201.67,MXN,OP-968421,"February 01, 2025",N/A,N/A
BBVA MÉXICO,5851539.58,EUR,OP-332335,14-Feb-2021,N/A,N/A
GRUPO LALA,6775114.83,EUR,OP-716677,"December 13, 2018",N/A,N/A
soriana,8655469.48,MXN,OP-681265,09-May-2021,N/A,N/A
ALSEA,6877871.08,EUR,OP-707190,2022-01-11,N/A,N/A
alsea,3380934.9,USD,OP-469788,2021-10-13,N/A,N/A
grupo carso,638193.01,USD,OP-727671,07-Aug-2023,05/04/2025,636
grupo lala,9956880.24,MXN,OP-400712,25-Jan-2023,2024-11-17,662
grupo carso,7806569.84,EUR,OP-993332,2021-03-07,N/A,N/A
AMÉRICA MÓVIL,8232383.51,USD,OP-809674,"October 24, 2016",N/A,N/A
grupo bimbo,9659298.46,USD,OP-317202,16-Apr-2016,28-Apr-2019,1107
WALMART DE MÉXICO,8125566.18,EUR,OP-393609,2020-10-08,N/A,N/A
GRUPO CARSO,6828653.45,MXN,OP-928432,2023-04-25,N/A,N/A
cemex,8421532.03,USD,OP-307919,"May 31, 2022",N/A,N/A
liverpool,518946.06,EUR,OP-705398,2025-06-05,N/A,N/A
pemex,1183208.83,EUR,OP-621215,2017-04-12,11-Aug-2022,1947
ALSEA,7430273.01,MXN,OP-970387,23/10/2023,N/A,N/A
grupo bimbo,8087037.23,EUR,OP-933254,"May 01, 2020",16-Sep-2022,868
alsea,3678988.7,MXN,OP-592110,28-Nov-2019,N/A,N/A
liverpool,8542913.75,EUR,OP-358822,13-Jan-2018,N/A,N/A
WALMART DE MÉXICO,3649701.51,MXN,OP-326019,08-Sep-2022,N/A,N/A
PEMEX,3352729.75,MXN,OP-905627,2021-03-27,N/A,N/A
AMÉRICA MÓVIL,5938984.3,EUR,OP-308032,2016-06-07,2023-04-10,2498
soriana,748437.76,EUR,OP-604804,"August 19, 2024",N/A,N/A
pemex,3676604.31,USD,OP-177095,11-Sep-2019,"June 13, 2024",1737
GRUPO BIMBO,6241166.03,MXN,OP-987369,"October 11, 2019",29-Jul-2022,1022
femsa,1604806.91,EUR,OP-675147,"April 12, 2018",N/A,N/A
walmart de méxico,1674516.37,EUR,OP-495406,06-Feb-2019,N/A,N/A
GRUPO BIMBO,1980198.11,USD,OP-116528,30/01/2024,N/A,N/A
FEMSA,9633729.67,USD,OP-972438,2015-12-17,N/A,N/A
CEMEX,1863191.69,USD,OP-420305,"November 15, 2017",N/A,N/A
femsa,2888312.55,MXN,OP-526172,"November 21, 2021","January 28, 2022",68
ALSEA,5958863.25,USD,OP-247274,2016-01-25,2021-10-04,2079
américa móvil,2373043.04,USD,OP-618176,02-Feb-2019,N/A,N/A
grupo lala,7389588.79,MXN,OP-585538,2022-02-28,N/A,N/A
bbva méxico,9964785.78,USD,OP-710061,"August 31, 2018",29/03/2020,576
ALSEA,8289023.66,EUR,OP-540247,03-May-2023,N/A,N/A
GRUPO CARSO,2350083.62,MXN,OP-850977,14/11/2019,N/A,N/A
BANORTE,8880461.03,EUR,OP-780813,09-Dec-2024,N/A,N/A
bbva méxico,896606.74,EUR,OP-804899,01-Jul-2023,N/A,N/A
grupo carso,4237546.18,EUR,OP-643318,02-Apr-2016,22/10/2018,933
GRUPO BIMBO,2697307.25,USD,OP-760109,2019-08-21,12/04/2025,2297
grupo bimbo,2847530.06,USD,OP-955660,27-Oct-2021,31-Mar-2025,1251
walmart de méxico,835160.41,MXN,OP-851375,2020-04-04,N/A,N/A
liverpool,7393843.09,MXN,OP-182067,04/05/2022,"January 01, 2023",271
liverpool,1085218.41,EUR,OP-360343,27/04/2024,N/A,N/A
CEMEX,9980325.75,USD,OP-563722,25-May-2018,"September 29, 2020",858
grupo carso,5181756.13,USD,OP-365707,"February 03, 2023",N/A,N/A
PEMEX,9544243.36,USD,OP-766679,21-Mar-2016,19/03/2022,2189
GRUPO BIMBO,8315460.97,USD,OP-560358,2023-04-05,N/A,N/A
grupo carso,5056404.65,EUR,OP-771850,2021-03-29,"September 26, 2024",1277
grupo bimbo,2163699.57,MXN,OP-865008,15-Oct-2018,N/A,N/A
GRUPO MÉXICO,8886880.52,EUR,OP-639964,2017-12-26,20-Oct-2022,1759
pemex,3228567.57,USD,OP-741827,01/03/2018,N/A,N/A
PEMEX,524943.87,EUR,OP-489021,2016-12-30,N/A,N/A
femsa,6032695.41,MXN,OP-947905,23/01/2022,"September 19, 2022",239
grupo carso,8968516.1,USD,OP-305333,2023-06-30,N/A,N/A
CEMEX,6738626.89,MXN,OP-962952,11-Aug-2023,N/A,N/A
alsea,5832955.05,USD,OP-131725,2020-11-06,N/A,N/A
WALMART DE MÉXICO,3239454.58,USD,OP-382844,"February 08, 2018",N/A,N/A
grupo lala,1566509.06,EUR,OP-279639,05-Jun-2024,N/A,N/A
BANORTE,137818.18,USD,OP-191816,29-Dec-2019,N/A,N/A
BBVA MÉXICO,8495485.26,MXN,OP-237808,2016-07-12,23/06/2022,2172
telmex,6874943.08,MXN,OP-106503,13-Apr-2020,N/A,N/A
femsa,5513019.51,EUR,OP-817220,2018-04-01,2020-09-10,893
grupo méxico,8072708.67,MXN,OP-830955,2025-03-07,N/A,N/A
walmart de méxico,4652323.48,EUR,OP-290041,2022-09-15,28/03/2023,194
grupo bimbo,602121.1,EUR,OP-384260,2021-10-15,"July 25, 2024",1014
GRUPO MÉXICO,5082684.45,EUR,OP-665946,"December 21, 2022",N/A,N/A
TELMEX,2896206.12,MXN,OP-414582,"January 23, 2022","June 20, 2022",148
cemex,1233953.41,EUR,OP-883061,05-Apr-2020,30-Aug-2023,1242
grupo lala,2851162.52,MXN,OP-978553,"March 25, 2016",N/A,N/A
soriana,4103111.34,USD,OP-310028,10-Jul-2016,N/A,N/A
TELMEX,8403600.13,MXN,OP-970627,15-Aug-2022,"May 22, 2024",646
alsea,4184782.94,MXN,OP-852526,02/05/2021,N/A,N/A
soriana,1489004.32,MXN,OP-708236,17-Jun-2022,N/A,N/A
grupo carso,6561718.48,MXN,OP-567480,28/04/2023,N/A,N/A
TELMEX,9204793.53,MXN,OP-370049,30-Apr-2025,N/A,N/A
BBVA MÉXICO,6603359.91,EUR,OP-232197,13/06/2025,N/A,N/A
SORIANA,7103848.89,MXN,OP-337012,11/06/2021,N/A,N/A
SORIANA,6244255.27,USD,OP-862657,16-Mar-2017,N/A,N/A
GRUPO BIMBO,1906838.31,USD,OP-285276,"August 08, 2025",N/A,N/A
PEMEX,3447453.8,USD,OP-274957,2018-04-04,06-Feb-2025,2500
grupo méxico,3523954.59,USD,OP-756257,15/05/2021,17/07/2023,793
walmart de méxico,315266.38,USD,OP-534078,18-Dec-2023,N/A,N/A
FEMSA,4173107.54,EUR,OP-175619,08-Aug-2022,N/A,N/A
soriana,1400583.91,USD,OP-341784,25-Mar-2019,"July 25, 2023",1583
grupo méxico,7069236.03,EUR,OP-162016,16/10/2022,N/A,N/A
américa móvil,6156590.75,MXN,OP-319303,"November 18, 2024",N/A,N/A
GRUPO LALA,8994579.3,USD,OP-310392,"January 20, 2024",N/A,N/A
américa móvil,2309875.76,USD,OP-777138,"January 14, 2017",06/04/2023,2332
WALMART DE MÉXICO,6706375.48,MXN,OP-173005,"March 04, 2023",N/A,N/A
GRUPO BIMBO,669827.75,MXN,OP-126655,"August 27, 2016",N/A,N/A
TELMEX,7976792.67,MXN,OP-160098,2022-08-27,N/A,N/A
GRUPO MÉXICO,7320930.07,USD,OP-669920,28-Feb-2021,03-Nov-2023,978
BANORTE,5326964.98,EUR,OP-550285,17-Apr-2024,N/A,N/A
femsa,8339204.65,MXN,OP-883439,28/06/2020,N/A,N/A
GRUPO CARSO,7432499.38,MXN,OP-872452,"October 05, 2019",03-Jun-2023,1337
femsa,1024180.13,MXN,OP-584606,"March 21, 2020",N/A,N/A
WALMART DE MÉXICO,2588166.09,MXN,OP-485838,10-Jun-2023,N/A,N/A
cemex,3544563.05,EUR,OP-966982,2018-08-22,18-Feb-2021,911
femsa,462430.66,MXN,OP-406669,17/08/2023,N/A,N/A
cemex,2291078.21,EUR,OP-801657,05-May-2017,N/A,N/A
ALSEA,8669578.44,USD,OP-379351,06-Feb-2021,N/A,N/A
GRUPO LALA,5019062.9,MXN,OP-116436,11-May-2021,N/A,N/A
femsa,3279273.39,MXN,OP-634993,03-Mar-2017,"June 11, 2017",100
liverpool,2988990.92,USD,OP-453488,"October 03, 2024",N/A,N/A
bbva méxico,4087607.63,EUR,OP-898765,2023-12-10,N/A,N/A
WALMART DE MÉXICO,892618.59,EUR,OP-136297,"July 26, 2025",N/A,N/A
grupo carso,8992151.5,MXN,OP-865407,08-May-2023,N/A,N/A
FEMSA,2603870.6,EUR,OP-141946,10-Mar-2025,N/A,N/A
pemex,537172.04,MXN,OP-936398,"August 19, 2022",N/A,N/A
GRUPO MÉXICO,7880469.1,MXN,OP-305338,"November 26, 2024",N/A,N/A
grupo méxico,6470142.57,EUR,OP-667269,2016-12-14,2018-02-19,432
AMÉRICA MÓVIL,842542.71,USD,OP-484868,2016-09-14,15-Dec-2023,2648
AMÉRICA MÓVIL,6643843.34,MXN,OP-186302,2016-08-19,"November 25, 2016",98
SORIANA,1332553.0,EUR,OP-566047,2020-03-23,2022-08-06,866
bbva méxico,7184308.34,MXN,OP-868584,"April 29, 2016",10-Nov-2024,3117
AMÉRICA MÓVIL,7213786.83,MXN,OP-352673,10-Oct-2023,N/A,N/A
TELMEX,756279.88,MXN,OP-571824,25/01/2018,08-Mar-2024,2234
WALMART DE MÉXICO,7185407.65,EUR,OP-619620,30/06/2017,N/A,N/A
GRUPO BIMBO,8414662.7,MXN,OP-961116,2019-05-22,2024-05-28,1833
grupo méxico,9549471.57,MXN,OP-250215,04-Sep-2015,"February 08, 2022",2349
grupo méxico,2278313.15,MXN,OP-633237,"July 31, 2018",N/A,N/A
BBVA MÉXICO,8889098.43,USD,OP-830521,"March 30, 2024",N/A,N/A
BBVA MÉXICO,946057.28,USD,OP-116263,16-May-2018,17/07/2024,2254
cemex,9540353.36,EUR,OP-532864,19/02/2020,N/A,N/A
banorte,7762956.59,MXN,OP-909602,2020-08-09,N/A,N/A
TELMEX,568043.45,EUR,OP-453583,"September 05, 2024",N/A,N/A
grupo carso,729882.45,USD,OP-144613,"December 01, 2023",N/A,N/A
soriana,2814201.7,EUR,OP-955639,2020-04-08,N/A,N/A
grupo carso,3597394.53,EUR,OP-610462,2023-11-19,N/A,N/A
telmex,7981524.09,USD,OP-434910,08-Mar-2022,16-Oct-2024,953
walmart de méxico,6676410.93,MXN,OP-224041,19-Dec-2023,N/A,N/A
soriana,2465992.02,MXN,OP-290484,"February 01, 2022",N/A,N/A
grupo carso,3504010.51,MXN,OP-205928,24/04/2021,N/A,N/A
GRUPO BIMBO,2822770.77,EUR,OP-905819,2019-11-29,N/A,N/A
BANORTE,9732478.02,MXN,OP-237027,2019-04-16,"April 17, 2019",1
grupo carso,9571841.98,EUR,OP-201908,17/03/2019,"January 09, 2025",2125
soriana,6207868.69,MXN,OP-302369,"September 24, 2016",N/A,N/A
BANORTE,311406.19,USD,OP-296488,27-Jan-2025,N/A,N/A
ALSEA,2028450.64,USD,OP-188305,2016-12-19,"August 12, 2025",3158
BANORTE,9833370.48,MXN,OP-754529,"October 13, 2017",14-Apr-2023,2009
grupo carso,4559757.3,USD,OP-791947,28/03/2025,N/A,N/A
GRUPO BIMBO,6783125.08,EUR,OP-662630,29/08/2022,N/A,N/A
WALMART DE MÉXICO,5881419.91,USD,OP-609494,"March 31, 2021",N/A,N/A
WALMART DE MÉXICO,8338567.2,EUR,OP-151010,"June 19, 2019",N/A,N/A
grupo lala,6889312.37,MXN,OP-963810,"September 28, 2017",N/A,N/A
SORIANA,5740536.07,EUR,OP-201123,"April 13, 2017",14-Jan-2018,276
femsa,5904104.65,USD,OP-531565,2019-12-22,N/A,N/A
bbva méxico,9689990.61,USD,OP-371522,"March 28, 2023",N/A,N/A
FEMSA,7793998.31,MXN,OP-283481,05/10/2024,N/A,N/A
telmex,6140366.7,USD,OP-995214,2018-07-13,14/07/2025,2558
ALSEA,1985377.75,USD,OP-880748,2022-05-06,N/A,N/A
soriana,5914270.19,USD,OP-300470,2023-05-30,N/A,N/A
grupo méxico,4200286.88,USD,OP-620263,"May 02, 2025",N/A,N/A
banorte,2592787.32,MXN,OP-169070,"October 30, 2017","December 06, 2022",1863
LIVERPOOL,5040866.31,USD,OP-799732,2025-06-14,N/A,N/A
PEMEX,1832305.34,USD,OP-216598,12-Dec-2020,N/A,N/A
cemex,8586923.16,EUR,OP-789460,19/02/2025,N/A,N/A
WALMART DE MÉXICO,4603581.57,MXN,OP-308874,2018-06-04,02/05/2025,2438
bbva méxico,8246075.42,MXN,OP-385726,2017-06-10,28/01/2024,2423
pemex,4864770.35,EUR,OP-780203,21-Aug-2025,N/A,N/A
femsa,6747445.13,EUR,OP-274422,07/09/2015,"October 08, 2016",457
banorte,9238267.59,MXN,OP-192340,28/04/2022,N/A,N/A
walmart de méxico,1378047.89,USD,OP-237120,23-Oct-2019,21-Jan-2022,821
grupo lala,8993693.11,USD,OP-444103,"April 13, 2016",N/A,N/A
femsa,2371329.77,EUR,OP-831442,"November 08, 2020","August 29, 2021",294
SORIANA,1836853.38,USD,OP-801196,21-Mar-2017,27-Dec-2020,1377
BANORTE,1185722.14,MXN,OP-376857,26-Sep-2017,2019-05-11,592
femsa,5877121.88,EUR,OP-432387,"August 25, 2022",2023-07-12,321
liverpool,1373859.56,USD,OP-653818,"September 13, 2017",20/03/2020,919
SORIANA,1805236.76,EUR,OP-679840,2016-10-27,2018-01-17,447
femsa,3348527.34,MXN,OP-466658,13/11/2020,N/A,N/A
FEMSA,9024255.03,EUR,OP-543314,2017-08-04,"April 11, 2024",2442
BANORTE,155873.73,USD,OP-872748,2017-04-30,2018-09-12,500
femsa,8620365.64,MXN,OP-471862,2017-05-02,25-Apr-2024,2550
telmex,6984992.76,EUR,OP-610260,2024-05-19,N/A,N/A
GRUPO BIMBO,4077904.31,EUR,OP-602093,2020-04-10,N/A,N/A
WALMART DE MÉXICO,9847010.53,EUR,OP-216156,2021-12-21,N/A,N/A
telmex,6833662.11,MXN,OP-631092,09/02/2025,N/A,N/A
banorte,2775791.75,USD,OP-948493,02-Aug-2019,N/A,N/A
cemex,3214458.88,MXN,OP-406576,10/07/2018,"March 26, 2022",1266
liverpool,5148336.06,USD,OP-501663,"July 09, 2016","April 23, 2019",1018
GRUPO CARSO,3436417.07,MXN,OP-307053,2024-08-26,N/A,N/A
CEMEX,7669291.0,EUR,OP-328324,2021-11-14,N/A,N/A
telmex,7763540.49,USD,OP-143669,2016-09-20,31-Oct-2018,771
banorte,5364570.2,MXN,OP-929275,"October 22, 2023",N/A,N/A
telmex,7305326.85,MXN,OP-887443,"May 23, 2023",N/A,N/A
femsa,7139601.64,USD,OP-526441,28/09/2017,N/A,N/A
GRUPO LALA,5426365.17,MXN,OP-820630,2018-06-03,2024-01-22,2059
femsa,803927.82,EUR,OP-129519,"December 06, 2020",N/A,N/A
cemex,4456475.6,MXN,OP-286901,09-Feb-2021,N/A,N/A
liverpool,7655010.54,USD,OP-956230,27-Jul-2024,N/A,N/A
PEMEX,5079345.83,MXN,OP-424213,2019-11-13,"December 02, 2020",385
BANORTE,3437765.54,MXN,OP-335925,02/03/2025,N/A,N/A
grupo lala,358293.87,EUR,OP-825451,2021-10-28,2021-10-29,1
grupo méxico,7214259.82,EUR,OP-457069,"January 19, 2021",N/A,N/A
pemex,3934646.32,MXN,OP-940999,15-Dec-2023,N/A,N/A
cemex,1377617.37,MXN,OP-936843,2022-11-16,N/A,N/A
WALMART DE MÉXICO,9402361.26,MXN,OP-636141,"July 10, 2020",N/A,N/A
grupo bimbo,2624014.41,MXN,OP-223391,29-Jun-2025,N/A,N/A
TELMEX,7006355.9,MXN,OP-850209,2025-07-22,N/A,N/A
TELMEX,8642142.63,USD,OP-411649,"July 29, 2020",N/A,N/A
GRUPO BIMBO,7538438.88,MXN,OP-583025,"August 17, 2018",16-Mar-2024,2038
banorte,2611239.52,MXN,OP-347480,2024-10-29,N/A,N/A
pemex,8410783.11,EUR,OP-108322,07/05/2024,N/A,N/A
PEMEX,9407023.08,EUR,OP-876081,2024-02-29,N/A,N/A
GRUPO MÉXICO,3850786.71,EUR,OP-921934,24-Aug-2025,N/A,N/A
GRUPO BIMBO,3606648.2,MXN,OP-860340,25-Mar-2024,N/A,N/A
GRUPO LALA,7024759.64,MXN,OP-438424,29/08/2022,N/A,N/A
banorte,1293957.08,EUR,OP-296353,06-Nov-2023,N/A,N/A
grupo bimbo,7931262.94,EUR,OP-835985,2017-07-20,N/A,N/A
SORIANA,7402219.11,EUR,OP-555245,27-May-2019,N/A,N/A
GRUPO BIMBO,9823420.4,MXN,OP-664568,"September 19, 2017",10/05/2020,1112
telmex,1219059.38,USD,OP-883086,30-May-2025,N/A,N/A
AMÉRICA MÓVIL,8115305.6,USD,OP-550714,25-Feb-2025,N/A,N/A
femsa,107652.7,MXN,OP-517073,"August 07, 2023",N/A,N/A
SORIANA,1323317.78,EUR,OP-849923,06-Jul-2020,N/A,N/A
AMÉRICA MÓVIL,3322893.98,EUR,OP-204472,30/07/2023,16/08/2023,17
AMÉRICA MÓVIL,9349629.03,MXN,OP-156497,"September 19, 2022",N/A,N/A
GRUPO CARSO,6524431.11,EUR,OP-916542,28/05/2020,N/A,N/A
grupo bimbo,2742025.28,EUR,OP-419938,11/04/2017,N/A,N/A
TELMEX,6068097.23,MXN,OP-755420,07/09/2020,04/08/2025,1734
alsea,1275063.56,USD,OP-568373,29/08/2024,N/A,N/A
walmart de méxico,892670.33,USD,OP-194714,27-Jun-2023,2025-02-20,604
GRUPO MÉXICO,3381886.43,MXN,OP-452505,2025-01-06,N/A,N/A
pemex,9118715.27,USD,OP-695821,17/10/2020,"January 17, 2022",457
BANORTE,9662542.26,USD,OP-500519,03/04/2023,N/A,N/A
PEMEX,4534175.86,MXN,OP-851972,"May 20, 2020",09/04/2023,1202
soriana,7745692.43,MXN,OP-158328,"August 03, 2019",2021-06-30,697
GRUPO MÉXICO,6324024.09,USD,OP-557687,07/10/2016,18-May-2020,1408
soriana,831594.42,MXN,OP-569092,25/11/2024,N/A,N/A
grupo lala,2726794.51,USD,OP-124850,20-Dec-2015,"January 23, 2016",34
SORIANA,9757777.19,USD,OP-894514,30-Aug-2016,2019-04-04,947
pemex,2263290.48,MXN,OP-743368,09-Jul-2018,N/A,N/A
banorte,4516187.07,MXN,OP-535567,11/12/2023,N/A,N/A
BANORTE,2521553.04,USD,OP-776032,"April 18, 2020",N/A,N/A
grupo bimbo,453335.42,USD,OP-301715,29-May-2018,26-Apr-2025,2524
BBVA MÉXICO,5067033.42,MXN,OP-840297,16/04/2024,N/A,N/A
GRUPO CARSO,5067722.23,USD,OP-611565,"November 28, 2024",N/A,N/A
pemex,8476810.61,EUR,OP-844978,"February 11, 2020","April 06, 2025",1881
walmart de méxico,9707728.66,USD,OP-100018,09/04/2020,10-Oct-2024,1497
GRUPO CARSO,8311116.14,USD,OP-668954,20/05/2016,31/05/2022,2202
GRUPO LALA,8127294.37,EUR,OP-196706,"June 24, 2023",N/A,N/A
GRUPO LALA,4748126.91,USD,OP-767938,2019-10-20,"January 24, 2025",1923
soriana,1521193.44,MXN,OP-332293,15/11/2016,"January 13, 2019",789
GRUPO CARSO,2471968.2,MXN,OP-369425,"May 06, 2025",N/A,N/A
telmex,5009109.42,USD,OP-845088,27-Dec-2015,21/01/2023,2582
cemex,1537617.53,MXN,OP-178312,19/02/2021,2024-10-23,1342
GRUPO LALA,652614.65,MXN,OP-223274,2023-03-06,N/A,N/A
liverpool,8643930.08,MXN,OP-732235,2020-12-09,"April 19, 2024",1227
femsa,3140739.22,USD,OP-535560,"September 18, 2015","October 30, 2015",42
pemex,4133717.46,USD,OP-541143,2023-12-20,N/A,N/A
telmex,672243.53,MXN,OP-232909,12/02/2021,2025-07-28,1334
FEMSA,5025971.79,EUR,OP-625059,2016-05-08,"August 12, 2018",826
alsea,1049452.29,EUR,OP-599723,05/05/2021,N/A,N/A
GRUPO BIMBO,2237098.39,EUR,OP-359726,27/04/2021,N/A,N/A
américa móvil,9567335.71,USD,OP-640272,03-Jun-2023,N/A,N/A
bbva méxico,7976457.43,MXN,OP-991129,"September 06, 2021",N/A,N/A
WALMART DE MÉXICO,4011931.95,MXN,OP-725044,20/07/2022,19/01/2025,914
GRUPO CARSO,9323331.25,USD,OP-568570,2017-08-31,25-Apr-2021,1333
walmart de méxico,6508553.48,EUR,OP-467926,"July 28, 2017","May 25, 2021",1397
grupo lala,3739628.59,USD,OP-935385,2016-07-18,2023-01-30,2387
GRUPO LALA,4531658.74,EUR,OP-996116,03/06/2020,21-Jul-2023,1232
cemex,5344617.33,EUR,OP-307736,22/03/2017,31-Mar-2018,374
BANORTE,7966044.26,USD,OP-393694,26/11/2017,N/A,N/A
femsa,6162593.37,EUR,OP-786599,20-Mar-2020,"March 04, 2025",1810
BANORTE,1653217.41,USD,OP-185028,2021-11-09,"June 20, 2022",223
WALMART DE MÉXICO,1233460.97,MXN,OP-465183,2020-10-09,N/A,N/A
BBVA MÉXICO,2548405.23,USD,OP-218447,25-Feb-2022,N/A,N/A
PEMEX,7735278.12,USD,OP-447965,12/01/2020,N/A,N/A
ALSEA,2231335.51,EUR,OP-204973,2024-04-08,N/A,N/A
américa móvil,7897193.04,MXN,OP-523468,2017-11-10,N/A,N/A
grupo bimbo,2143382.09,EUR,OP-118710,04/03/2019,N/A,N/A
liverpool,8170883.68,USD,OP-785336,"November 05, 2023",25-Feb-2024,112
grupo lala,680377.24,MXN,OP-982533,30-Jul-2021,N/A,N/A
GRUPO BIMBO,5247423.73,USD,OP-912008,2024-03-13,23/04/2024,41
GRUPO MÉXICO,4159027.3,USD,OP-905267,2025-04-10,N/A,N/A
soriana,545413.47,EUR,OP-810931,"July 12, 2022",N/A,N/A
BANORTE,752987.02,MXN,OP-378142,12-Dec-2018,N/A,N/A
grupo méxico,5464557.96,EUR,OP-938856,11-Nov-2023,N/A,N/A
GRUPO CARSO,6206485.43,EUR,OP-375671,2015-10-02,N/A,N/A
alsea,2628136.5,EUR,OP-713651,"August 07, 2020",N/A,N/A
GRUPO CARSO,5043740.45,MXN,OP-516550,"November 06, 2019",28-Dec-2024,1879
walmart de méxico,2991409.28,MXN,OP-615139,10/09/2017,28/08/2021,1419
PEMEX,1545350.75,EUR,OP-262124,26-Nov-2021,N/A,N/A
pemex,7385316.88,USD,OP-564380,26-Sep-2016,01-Apr-2024,2744
alsea,374151.56,MXN,OP-887120,17-Apr-2017,N/A,N/A
soriana,7954714.26,EUR,OP-923126,2020-11-28,2024-09-05,1377
alsea,9476645.92,MXN,OP-219528,12/09/2022,N/A,N/A
AMÉRICA MÓVIL,5902345.31,MXN,OP-621898,14-Aug-2022,N/A,N/A
SORIANA,2216064.73,EUR,OP-468923,"December 11, 2015",26-Apr-2024,3059
SORIANA,4752085.83,MXN,OP-837111,14-Jul-2018,N/A,N/A
BBVA MÉXICO,5435876.41,USD,OP-689851,"May 23, 2025",N/A,N/A
alsea,978499.73,MXN,OP-875630,2024-06-01,27-Jun-2024,26
liverpool,5388923.73,USD,OP-121557,2022-03-07,N/A,N/A
BANORTE,434707.17,EUR,OP-134277,2020-06-06,N/A,N/A
GRUPO CARSO,3371531.69,USD,OP-619279,17-Mar-2018,01-Jun-2022,1537
pemex,7211433.97,MXN,OP-452426,"August 02, 2024",N/A,N/A
AMÉRICA MÓVIL,3105388.02,USD,OP-642670,2019-12-30,N/A,N/A
pemex,217950.58,MXN,OP-219054,"May 25, 2021",N/A,N/A
BBVA MÉXICO,8465494.01,MXN,OP-198939,01/10/2016,"February 14, 2019",1131
liverpool,2119173.14,USD,OP-950957,"January 15, 2017",N/A,N/A
GRUPO CARSO,6207541.34,USD,OP-112040,"December 08, 2021",N/A,N/A
cemex,3080580.03,EUR,OP-822746,"January 08, 2021",N/A,N/A
AMÉRICA MÓVIL,3028896.28,USD,OP-909883,2022-06-12,N/A,N/A
ALSEA,9611983.42,MXN,OP-866009,2019-08-22,N/A,N/A
PEMEX,512012.3,EUR,OP-889199,2020-10-07,27/02/2024,1238
CEMEX,7294023.97,MXN,OP-780028,17-Oct-2024,N/A,N/A
GRUPO CARSO,3943287.47,USD,OP-537696,21-Aug-2023,N/A,N/A
grupo lala,4377050.62,MXN,OP-374072,"August 03, 2018",N/A,N/A
GRUPO MÉXICO,6906646.53,EUR,OP-219971,2019-09-04,"August 07, 2024",1799
grupo bimbo,2234466.21,EUR,OP-849607,2022-10-29,N/A,N/A
LIVERPOOL,1392141.6,MXN,OP-624566,15/04/2020,N/A,N/A
femsa,277103.81,USD,OP-477338,29/11/2017,N/A,N/A
SORIANA,814625.88,EUR,OP-400681,2018-08-10,18/09/2020,770
PEMEX,9868086.16,MXN,OP-507738,02-Apr-2021,N/A,N/A
liverpool,6221672.44,USD,OP-738147,08-Jun-2022,N/A,N/A
américa móvil,1501045.04,MXN,OP-587477,20-Aug-2019,N/A,N/A
telmex,835263.57,EUR,OP-566692,2018-05-30,N/A,N/A
cemex,3209942.85,MXN,OP-182295,"February 18, 2020",N/A,N/A
BANORTE,6943101.17,MXN,OP-996346,"November 22, 2023",N/A,N/A
pemex,6146556.14,EUR,OP-991327,"December 01, 2018",23-Jul-2019,234
CEMEX,1757530.57,MXN,OP-616862,2018-12-22,N/A,N/A
grupo bimbo,567387.11,EUR,OP-159478,"December 16, 2015","April 29, 2023",2691
grupo méxico,7409474.12,EUR,OP-490800,2017-07-27,N/A,N/A
GRUPO MÉXICO,6787848.38,MXN,OP-462385,17-Aug-2021,N/A,N/A
FEMSA,4802166.27,MXN,OP-700179,28-Sep-2020,09-Feb-2024,1229
grupo carso,8969691.17,MXN,OP-372693,17/06/2024,N/A,N/A
GRUPO BIMBO,1132483.15,MXN,OP-204699,12-Apr-2019,"September 29, 2021",901
liverpool,6388371.88,MXN,OP-121523,01-Dec-2018,N/A,N/A
telmex,1624713.67,MXN,OP-777110,"April 25, 2020",N/A,N/A
bbva méxico,7094005.77,MXN,OP-473818,"January 04, 2016","April 06, 2023",2649
TELMEX,5525212.45,MXN,OP-765454,26/06/2025,N/A,N/A
grupo méxico,7574750.43,EUR,OP-663470,01-Nov-2020,N/A,N/A
GRUPO MÉXICO,4237562.25,MXN,OP-496318,"January 12, 2022",17-Aug-2024,948
bbva méxico,425760.44,EUR,OP-887059,17-May-2019,10/05/2024,1968
GRUPO MÉXICO,3655934.85,MXN,OP-994163,01/06/2019,"January 09, 2022",1099
grupo méxico,8954617.91,EUR,OP-652143,"January 08, 2024",N/A,N/A
GRUPO LALA,1859638.01,EUR,OP-579859,"May 26, 2019",N/A,N/A
soriana,7799086.92,EUR,OP-271783,"February 21, 2024",N/A,N/A
FEMSA,8029430.89,USD,OP-175573,"September 15, 2017",18/06/2024,2468
femsa,1716616.78,MXN,OP-891378,2016-01-31,18-Oct-2018,991
BANORTE,868436.09,EUR,OP-102075,18/05/2017,2022-06-23,1862
walmart de méxico,8636956.08,EUR,OP-349822,29-May-2021,N/A,N/A
telmex,4301215.46,EUR,OP-347613,2022-01-10,N/A,N/A
grupo carso,9381708.38,USD,OP-161992,15-Feb-2023,N/A,N/A
liverpool,8195526.71,EUR,OP-372997,"June 13, 2020",N/A,N/A
banorte,6018923.42,USD,OP-578595,2021-07-05,N/A,N/A
grupo bimbo,309668.04,EUR,OP-392182,2018-11-28,2020-05-07,526
liverpool,7772527.52,EUR,OP-987492,09/11/2019,N/A,N/A
grupo lala,756176.34,EUR,OP-483244,2017-06-19,13/01/2020,938
telmex,9820743.34,EUR,OP-491599,2024-10-08,N/A,N/A
FEMSA,4869688.32,EUR,OP-697731,"June 09, 2016",2019-08-13,1160
TELMEX,8474825.63,USD,OP-788934,2022-05-19,N/A,N/A
TELMEX,9126998.6,USD,OP-762452,"November 24, 2024",N/A,N/A
PEMEX,1045876.89,EUR,OP-419321,17-Apr-2018,20/01/2021,1009
GRUPO BIMBO,4839690.35,EUR,OP-116549,"October 22, 2021",23-Apr-2024,914
AMÉRICA MÓVIL,6763010.75,MXN,OP-795191,13-Aug-2025,N/A,N/A
grupo bimbo,972833.89,MXN,OP-751999,16-May-2016,N/A,N/A
BBVA MÉXICO,7965546.01,MXN,OP-997359,05-Feb-2017,2025-08-20,3118
GRUPO BIMBO,1081916.04,EUR,OP-929887,21/03/2019,N/A,N/A
LIVERPOOL,2757046.82,MXN,OP-585516,20/03/2020,N/A,N/A
grupo carso,8664582.44,EUR,OP-527849,02/10/2022,2022-02-19,9
telmex,9919709.49,MXN,OP-466575,2021-01-04,"October 30, 2021",299
banorte,7976172.6,USD,OP-371300,"December 18, 2023",N/A,N/A
alsea,6476034.39,MXN,OP-151461,06-Jul-2024,N/A,N/A
femsa,8665023.47,MXN,OP-784969,2023-04-21,N/A,N/A
femsa,1619696.22,USD,OP-988940,16/05/2020,16/11/2021,549
soriana,2940176.76,EUR,OP-611088,2019-09-15,N/A,N/A
WALMART DE MÉXICO,1189025.22,MXN,OP-432527,13-Sep-2023,N/A,N/A
pemex,2345462.58,MXN,OP-243613,"March 28, 2022",N/A,N/A
CEMEX,8767085.35,EUR,OP-580239,"November 25, 2024",N/A,N/A
grupo carso,6063123.13,MXN,OP-553524,"June 08, 2023",N/A,N/A
pemex,3835388.77,EUR,OP-315511,"April 26, 2019",N/A,N/A
cemex,2069052.97,MXN,OP-686672,2019-04-03,N/A,N/A
PEMEX,3585637.69,USD,OP-396807,19/08/2025,N/A,N/A
grupo lala,1042691.26,MXN,OP-265272,"September 28, 2021",N/A,N/A
SORIANA,5353372.14,USD,OP-664569,22/01/2018,N/A,N/A
soriana,4042442.62,MXN,OP-956649,2016-01-21,"January 09, 2018",719
femsa,6373759.92,MXN,OP-353665,27-Jun-2024,N/A,N/A
GRUPO CARSO,2805533.9,MXN,OP-613930,"April 04, 2018",N/A,N/A
GRUPO LALA,2409150.89,MXN,OP-466845,"August 06, 2021","December 26, 2021",142
femsa,9261549.97,USD,OP-402631,"April 30, 2025",N/A,N/A
grupo carso,1302235.81,MXN,OP-802502,"June 08, 2020",N/A,N/A
américa móvil,9517560.14,MXN,OP-472151,"December 03, 2023",N/A,N/A
américa móvil,5479286.46,USD,OP-107987,07-May-2020,N/A,N/A
FEMSA,7550916.48,EUR,OP-600203,2019-09-20,N/A,N/A
GRUPO CARSO,5583934.88,EUR,OP-662739,05-Apr-2019,"June 17, 2022",1169
GRUPO MÉXICO,7592971.1,MXN,OP-686092,17-Feb-2025,N/A,N/A
cemex,557977.59,USD,OP-883666,2016-01-15,"February 19, 2017",401
grupo bimbo,2443257.84,MXN,OP-454792,04-Nov-2019,N/A,N/A
pemex,232945.02,USD,OP-461480,06/07/2025,N/A,N/A
cemex,4306785.17,USD,OP-410901,"November 27, 2024",13/05/2025,167
américa móvil,5129905.07,USD,OP-115050,2015-12-23,2016-06-07,167
alsea,4029829.98,MXN,OP-111086,2023-12-26,N/A,N/A
femsa,1342805.27,EUR,OP-355623,2019-02-20,N/A,N/A
WALMART DE MÉXICO,5861812.32,USD,OP-172907,2020-05-03,"October 16, 2021",531
WALMART DE MÉXICO,7981730.32,USD,OP-371767,17-Jan-2019,N/A,N/A
CEMEX,3082872.13,EUR,OP-124752,10-Jul-2016,11/01/2019,1209
GRUPO BIMBO,233536.71,EUR,OP-324137,"September 16, 2023",N/A,N/A
LIVERPOOL,7226206.3,USD,OP-266161,"April 30, 2020",11-Mar-2025,1776
PEMEX,9659570.13,MXN,OP-500460,21/04/2016,N/A,N/A
GRUPO BIMBO,275188.43,MXN,OP-571615,11/03/2019,N/A,N/A
cemex,2053423.01,EUR,OP-592930,2020-01-30,N/A,N/A
cemex,9612045.37,EUR,OP-982865,23/07/2024,N/A,N/A
TELMEX,4000420.77,MXN,OP-930294,"March 09, 2024",N/A,N/A
GRUPO MÉXICO,5306315.26,MXN,OP-879541,2017-12-21,N/A,N/A
SORIANA,1147116.26,EUR,OP-312036,"February 16, 2024",27/12/2024,315
cemex,8760992.2,EUR,OP-765232,08/09/2018,22/02/2025,2389
BBVA MÉXICO,7991815.92,USD,OP-682619,19/08/2025,N/A,N/A
GRUPO CARSO,5030516.13,EUR,OP-447705,"May 24, 2024",N/A,N/A
FEMSA,1308406.91,EUR,OP-698631,"June 05, 2024",N/A,N/A
walmart de méxico,8801061.0,EUR,OP-807366,2020-04-24,N/A,N/A
TELMEX,1918425.43,MXN,OP-912156,"November 14, 2019",08/12/2021,637
BBVA MÉXICO,1552761.2,MXN,OP-554554,08/11/2022,"October 27, 2024",808
femsa,4083305.65,EUR,OP-478879,2016-03-04,2017-08-29,543
GRUPO CARSO,4616104.49,USD,OP-669248,2017-03-26,2020-05-01,1132
SORIANA,7665432.08,USD,OP-957633,18/11/2020,16-Oct-2024,1428
ALSEA,338406.09,EUR,OP-840808,23/05/2019,2025-01-25,2074
BBVA MÉXICO,9855352.02,USD,OP-482502,31-Dec-2015,24-Jun-2016,176
grupo méxico,1709097.95,USD,OP-953871,18/10/2019,02-Aug-2023,1384
bbva méxico,3289899.25,USD,OP-624901,18-Mar-2021,N/A,N/A
GRUPO BIMBO,7834236.07,EUR,OP-501837,"September 15, 2016",18/05/2025,3167
grupo lala,345902.61,EUR,OP-364998,2019-11-22,19/03/2025,1944
banorte,6266990.91,EUR,OP-864798,14/09/2017,N/A,N/A
liverpool,5683771.51,USD,OP-614980,16-Oct-2019,N/A,N/A
telmex,2915282.23,EUR,OP-473183,05/09/2019,N/A,N/A
AMÉRICA MÓVIL,6122926.38,EUR,OP-271706,09-Jan-2017,30/06/2017,172
alsea,1366565.32,MXN,OP-954001,12/10/2020,N/A,N/A
grupo carso,6874743.2,MXN,OP-326622,26-Sep-2015,N/A,N/A
américa móvil,8034547.44,EUR,OP-314562,2017-02-23,N/A,N/A
alsea,4936445.27,EUR,OP-606635,14/01/2018,N/A,N/A
américa móvil,1411885.89,USD,OP-661874,03/09/2018,2023-05-29,1907
pemex,6537805.17,USD,OP-458473,13/01/2017,"April 17, 2021",1555
LIVERPOOL,6891618.5,MXN,OP-603942,"September 03, 2020",04/08/2023,947
TELMEX,3617919.34,MXN,OP-783566,"May 16, 2025",N/A,N/A
cemex,3450233.88,MXN,OP-704319,"August 25, 2017",N/A,N/A
femsa,760051.77,EUR,OP-374331,"November 13, 2015",27/11/2021,2206
femsa,3052466.86,EUR,OP-804663,2016-03-03,11-Mar-2017,373
CEMEX,4666875.61,MXN,OP-320596,03-Nov-2015,04/07/2019,1251
femsa,8965425.09,MXN,OP-858013,14-Sep-2023,N/A,N/A
grupo lala,5105082.69,USD,OP-129447,14-Feb-2019,16-Nov-2021,1006
TELMEX,9744011.21,MXN,OP-978894,11-Oct-2016,2020-04-17,1284
grupo méxico,9290681.84,MXN,OP-159381,03-Mar-2016,11-Feb-2020,1440
GRUPO CARSO,6167268.22,USD,OP-623701,23-Feb-2020,N/A,N/A
banorte,3006085.51,USD,OP-665484,"October 19, 2024",01-Aug-2025,286
banorte,3588221.46,MXN,OP-315598,30/04/2021,N/A,N/A
alsea,6808110.29,MXN,OP-821240,23-Sep-2015,"February 07, 2024",3059
ALSEA,2259716.56,USD,OP-313406,2022-10-16,N/A,N/A
SORIANA,3129488.09,USD,OP-456980,09/04/2017,N/A,N/A
grupo méxico,6489743.84,MXN,OP-504366,2019-03-17,2025-04-03,2209
walmart de méxico,3686757.52,EUR,OP-214672,08/04/2025,N/A,N/A
GRUPO BIMBO,7655906.43,MXN,OP-799475,03/03/2023,N/A,N/A
CEMEX,2209834.42,MXN,OP-560112,28-Nov-2024,N/A,N/A
femsa,856460.99,EUR,OP-409414,05-Jun-2024,N/A,N/A
grupo lala,975287.31,EUR,OP-258556,"February 09, 2022",2024-04-17,798
banorte,7060304.67,USD,OP-915378,01/04/2017,N/A,N/A
PEMEX,9145302.23,EUR,OP-570602,01-Jan-2024,N/A,N/A
LIVERPOOL,4272072.06,EUR,OP-113643,"January 03, 2023",N/A,N/A
banorte,862950.91,MXN,OP-339934,2022-07-19,N/A,N/A
soriana,7768678.85,EUR,OP-340103,"December 25, 2018",04-Jan-2024,1836
alsea,1681268.29,USD,OP-671657,2019-04-11,N/A,N/A
soriana,4133957.34,USD,OP-998584,02/04/2019,"November 02, 2019",271
banorte,5398176.99,EUR,OP-976439,08/12/2021,N/A,N/A
TELMEX,7384453.97,EUR,OP-647797,11-Sep-2017,N/A,N/A
GRUPO BIMBO,213086.47,EUR,OP-612249,15/11/2020,N/A,N/A
grupo méxico,5494901.48,MXN,OP-784407,06/03/2020,2021-01-16,227
grupo lala,4417758.42,USD,OP-596762,20-Aug-2018,12/01/2023,1929
PEMEX,7557817.71,EUR,OP-589706,22/10/2022,N/A,N/A
FEMSA,3573537.78,MXN,OP-352285,21-Oct-2016,N/A,N/A
GRUPO LALA,3329287.29,MXN,OP-345425,17-Feb-2019,04-Aug-2025,2360
GRUPO LALA,3085483.26,USD,OP-320075,2022-06-09,N/A,N/A
pemex,5776461.89,EUR,OP-309329,"May 25, 2020",2021-06-14,385
grupo carso,4628977.44,EUR,OP-420472,23-Sep-2020,N/A,N/A
telmex,4069009.6,EUR,OP-847038,2025-06-22,N/A,N/A
bbva méxico,8707197.2,MXN,OP-911232,2024-12-04,N/A,N/A
GRUPO CARSO,3356949.19,MXN,OP-666519,2024-10-28,N/A,N/A
grupo bimbo,2164039.11,MXN,OP-956469,"October 15, 2024",N/A,N/A
GRUPO BIMBO,891587.16,EUR,OP-779349,30-Apr-2018,N/A,N/A
soriana,1477235.99,MXN,OP-970247,19-Apr-2024,N/A,N/A
WALMART DE MÉXICO,3349553.53,MXN,OP-576012,2025-03-13,N/A,N/A
GRUPO CARSO,4945132.61,USD,OP-932326,22/06/2021,N/A,N/A
grupo carso,4696171.28,EUR,OP-552416,"May 03, 2021",30/04/2022,362
GRUPO CARSO,602944.05,USD,OP-861942,"October 03, 2015",31/03/2025,3467
soriana,5299928.09,USD,OP-900231,13/08/2019,N/A,N/A
alsea,1217275.48,USD,OP-646440,"November 22, 2022",N/A,N/A
cemex,6823879.98,EUR,OP-943310,10/02/2019,N/A,N/A
alsea,3961162.46,MXN,OP-754724,"April 05, 2023",N/A,N/A
GRUPO LALA,9956861.17,MXN,OP-839800,20-Jan-2023,N/A,N/A
FEMSA,3105325.02,USD,OP-810936,2020-12-25,N/A,N/A
CEMEX,7058779.99,MXN,OP-575582,22/04/2022,N/A,N/A
pemex,6904380.37,EUR,OP-765029,30/06/2022,N/A,N/A
WALMART DE MÉXICO,670119.17,MXN,OP-862081,05/07/2017,N/A,N/A
grupo bimbo,8412696.01,MXN,OP-161495,14/01/2025,N/A,N/A
TELMEX,8446699.44,USD,OP-147493,09-Sep-2015,N/A,N/A
grupo bimbo,9826555.12,USD,OP-332951,21-May-2018,20-Dec-2024,2405
grupo méxico,8884209.56,USD,OP-121615,"April 15, 2023",N/A,N/A
grupo lala,1461465.29,EUR,OP-512378,01-Feb-2019,2025-02-09,2200
BBVA MÉXICO,5656260.73,MXN,OP-694817,2025-02-13,N/A,N/A
CEMEX,1163262.25,EUR,OP-923587,"May 31, 2019",N/A,N/A
GRUPO LALA,6894673.88,USD,OP-960247,23-Jul-2025,N/A,N/A
AMÉRICA MÓVIL,516542.79,MXN,OP-908742,2018-12-09,N/A,N/A
BBVA MÉXICO,5744433.0,MXN,OP-697534,2018-01-29,N/A,N/A
bbva méxico,4693262.13,USD,OP-111318,19-Jan-2016,N/A,N/A
grupo lala,1739373.08,MXN,OP-348029,02/09/2019,14/06/2021,856
alsea,9789776.34,EUR,OP-557835,2018-02-12,08-Apr-2024,2247
GRUPO BIMBO,1870117.39,EUR,OP-496447,13-Aug-2021,"November 26, 2023",835
alsea,551059.14,MXN,OP-442663,16/08/2024,N/A,N/A
ALSEA,927148.98,MXN,OP-746021,2022-02-03,N/A,N/A
telmex,6731233.07,MXN,OP-486466,2021-09-21,2023-03-18,543
PEMEX,715556.79,EUR,OP-765232,"January 26, 2025",N/A,N/A
TELMEX,1333724.3,USD,OP-271799,06/06/2016,"August 16, 2017",436
grupo carso,9429531.59,MXN,OP-995085,2019-05-17,N/A,N/A
liverpool,2766636.3,USD,OP-324807,"August 19, 2021",N/A,N/A
soriana,1084977.03,EUR,OP-910036,31-Jan-2019,N/A,N/A
banorte,2772443.72,MXN,OP-205545,2018-07-05,N/A,N/A
liverpool,1606551.61,MXN,OP-412794,25/01/2025,N/A,N/A
ALSEA,1007092.55,USD,OP-197808,08/10/2024,N/A,N/A
SORIANA,2114688.8,EUR,OP-421150,2020-08-23,16/06/2025,1758
ALSEA,2805683.22,MXN,OP-703791,07-May-2021,2023-07-03,787
FEMSA,9140542.31,MXN,OP-418051,2017-07-01,N/A,N/A
alsea,3213335.59,EUR,OP-732300,"December 01, 2023",N/A,N/A
CEMEX,8863245.42,USD,OP-958459,16-Jun-2020,N/A,N/A
grupo bimbo,3118622.29,MXN,OP-431934,2016-12-24,2025-05-23,3072
PEMEX,7211260.95,MXN,OP-328825,13/10/2023,N/A,N/A
AMÉRICA MÓVIL,7569399.45,EUR,OP-379490,2017-05-11,"May 28, 2021",1478
soriana,6955040.3,EUR,OP-596470,"July 30, 2024",N/A,N/A
grupo carso,4416603.9,USD,OP-837422,2017-08-19,07-May-2021,1357
GRUPO BIMBO,583053.08,MXN,OP-906878,"August 24, 2019",N/A,N/A
femsa,7167948.21,USD,OP-184800,"November 19, 2016",04/09/2018,506
ALSEA,3634032.66,EUR,OP-605851,14/07/2023,N/A,N/A
grupo méxico,3919745.99,EUR,OP-308627,03/06/2018,"March 16, 2021",1106
femsa,1608642.29,MXN,OP-110830,2024-02-01,N/A,N/A
PEMEX,8555828.03,USD,OP-503948,19/02/2025,N/A,N/A
BBVA MÉXICO,1249158.75,EUR,OP-274184,2022-04-16,N/A,N/A
bbva méxico,2168239.97,EUR,OP-973829,05/05/2020,"January 13, 2024",1348
FEMSA,2673890.69,USD,OP-881816,20/04/2023,N/A,N/A
grupo bimbo,3680761.58,MXN,OP-402288,"September 29, 2021",N/A,N/A
grupo méxico,2213161.76,EUR,OP-242096,04-Apr-2024,N/A,N/A
GRUPO LALA,2045827.01,MXN,OP-711585,27/02/2023,N/A,N/A
cemex,7518858.77,EUR,OP-232840,11-Feb-2018,N/A,N/A
américa móvil,9361763.06,USD,OP-936153,"December 27, 2021",13-Mar-2023,441
ALSEA,8933818.3,MXN,OP-844879,08-Apr-2019,21-Mar-2023,1443
grupo lala,6124999.34,USD,OP-829183,2019-05-17,04/08/2025,2153
SORIANA,8028804.46,MXN,OP-171604,2016-10-17,N/A,N/A
WALMART DE MÉXICO,4774017.81,EUR,OP-464506,"December 14, 2021",N/A,N/A
GRUPO CARSO,5191344.86,USD,OP-313595,"January 27, 2022",04/12/2024,806
femsa,1537893.09,MXN,OP-395400,01-Mar-2016,N/A,N/A
femsa,3139518.06,EUR,OP-930363,08-Apr-2021,"August 17, 2023",861
soriana,7567787.03,USD,OP-812303,19/04/2016,10-Aug-2019,1208
liverpool,5788192.55,EUR,OP-376398,2020-08-14,2022-11-09,817
GRUPO MÉXICO,6747521.24,USD,OP-686477,"December 15, 2018",N/A,N/A
walmart de méxico,3739197.07,MXN,OP-580047,"September 30, 2018",01/05/2023,1558
PEMEX,8689317.47,MXN,OP-256339,23/06/2017,N/A,N/A
grupo bimbo,200811.14,EUR,OP-486956,2018-01-05,"November 15, 2019",679
bbva méxico,4361494.05,EUR,OP-611994,23-Mar-2020,05/08/2023,1141
liverpool,9621115.12,EUR,OP-815282,12/01/2025,N/A,N/A
américa móvil,2228365.17,USD,OP-779337,31-Mar-2020,2020-05-16,46
TELMEX,8197321.64,EUR,OP-159390,29-Jul-2024,N/A,N/A
ALSEA,8660692.22,USD,OP-852429,20-Feb-2021,"May 05, 2025",1535
banorte,3032760.28,EUR,OP-418122,29/10/2015,07/01/2019,1341
telmex,8704002.67,EUR,OP-641144,2020-04-25,N/A,N/A
GRUPO BIMBO,242367.24,USD,OP-878445,24/03/2023,N/A,N/A
telmex,2805562.55,USD,OP-665823,15-Dec-2015,N/A,N/A
grupo méxico,6124185.63,MXN,OP-667710,26/05/2016,"January 19, 2018",603
bbva méxico,2576189.63,EUR,OP-951352,"August 04, 2016",N/A,N/A
telmex,3279042.38,MXN,OP-767865,"July 09, 2017",19-Mar-2022,1714
FEMSA,3469376.64,EUR,OP-961161,01/09/2023,N/A,N/A
telmex,1104260.41,EUR,OP-547450,19-Feb-2025,N/A,N/A
SORIANA,8737928.19,USD,OP-837635,26/05/2025,N/A,N/A
AMÉRICA MÓVIL,2508988.18,EUR,OP-187828,2025-06-17,N/A,N/A
américa móvil,5705143.2,USD,OP-245455,23-Apr-2021,02-Mar-2024,1044
pemex,9207738.38,USD,OP-929256,04-Jul-2019,N/A,N/A
TELMEX,4249768.93,USD,OP-524103,"February 24, 2023",N/A,N/A
alsea,6111175.29,EUR,OP-561878,27-Feb-2022,11-Sep-2024,927
femsa,3831499.75,USD,OP-903344,"May 27, 2024",N/A,N/A
cemex,946471.55,MXN,OP-860248,08/12/2022,N/A,N/A
grupo méxico,3649741.23,USD,OP-919107,16-Jan-2016,2023-03-05,2605
walmart de méxico,6193749.45,EUR,OP-175391,2017-04-07,N/A,N/A
PEMEX,8276654.72,USD,OP-910021,2022-04-26,2025-08-12,1204
walmart de méxico,4993877.92,EUR,OP-821459,2019-01-10,N/A,N/A
GRUPO MÉXICO,7190843.09,EUR,OP-219797,18-Apr-2025,N/A,N/A
GRUPO LALA,5279117.63,MXN,OP-930341,25-Jan-2016,N/A,N/A
banorte,9534588.63,USD,OP-809434,2023-02-20,N/A,N/A
BANORTE,7570364.88,USD,OP-616199,2025-04-17,N/A,N/A
AMÉRICA MÓVIL,5758536.62,USD,OP-207596,05/12/2016,03-Jul-2021,1878
GRUPO CARSO,8642743.16,MXN,OP-455619,2018-04-29,"January 30, 2022",1372
banorte,2103602.74,USD,OP-275117,"November 11, 2018",26-Jan-2025,2268
grupo bimbo,3882373.16,EUR,OP-493853,"December 08, 2024",N/A,N/A
BBVA MÉXICO,2339599.27,USD,OP-270532,15/09/2022,N/A,N/A
BANORTE,8368037.73,MXN,OP-521487,05/01/2022,"February 08, 2023",283
femsa,1740377.29,USD,OP-529964,28-Dec-2018,N/A,N/A
grupo bimbo,5127201.44,MXN,OP-272698,2016-08-19,03-Jun-2023,2479
soriana,8622124.82,MXN,OP-803166,01-Apr-2022,24/02/2023,329
grupo méxico,6948023.64,USD,OP-921850,"June 24, 2023",N/A,N/A
ALSEA,1869689.09,EUR,OP-919512,2016-03-18,"May 17, 2018",790
BBVA MÉXICO,3074511.27,EUR,OP-401110,"November 26, 2022",N/A,N/A
BANORTE,5743384.38,EUR,OP-618251,2018-05-22,"September 14, 2024",2307
grupo lala,7656316.54,MXN,OP-967619,03/10/2024,N/A,N/A
SORIANA,2780589.89,MXN,OP-128833,16/03/2023,N/A,N/A
WALMART DE MÉXICO,2973360.07,USD,OP-891926,02-Dec-2024,N/A,N/A
grupo carso,946275.6,EUR,OP-312088,"November 26, 2021",09-Apr-2024,865
CEMEX,6340993.07,MXN,OP-512394,"February 02, 2023",N/A,N/A
GRUPO MÉXICO,6744767.27,MXN,OP-710449,19/05/2020,N/A,N/A
WALMART DE MÉXICO,6852701.8,MXN,OP-918415,2025-03-21,N/A,N/A
liverpool,8765548.65,USD,OP-163177,20-May-2020,2022-10-26,889
SORIANA,241528.34,MXN,OP-424423,26-Jul-2016,2018-04-14,627
bbva méxico,1625157.77,USD,OP-213309,16-Feb-2018,N/A,N/A
grupo carso,6190860.87,MXN,OP-565170,07/09/2018,05-Jan-2019,180
alsea,8003751.32,USD,OP-914060,08/08/2020,N/A,N/A
GRUPO MÉXICO,291476.1,MXN,OP-326829,"March 02, 2016",N/A,N/A
bbva méxico,8782832.29,MXN,OP-539353,04-Jul-2023,N/A,N/A
GRUPO CARSO,6342666.2,EUR,OP-484737,18-Sep-2015,N/A,N/A
TELMEX,5207640.07,USD,OP-849470,2022-01-23,N/A,N/A
pemex,8157181.67,EUR,OP-251581,21-Jan-2016,"September 26, 2017",614
TELMEX,9173509.93,MXN,OP-920842,06-Sep-2024,N/A,N/A
telmex,5990721.23,EUR,OP-556046,"November 22, 2018",08/10/2024,2088
grupo carso,826580.84,MXN,OP-349275,2018-12-26,2022-03-18,1178
CEMEX,2817133.95,EUR,OP-211588,2016-01-24,N/A,N/A
GRUPO LALA,9933737.83,USD,OP-763991,2016-08-10,14-Jul-2025,3260
telmex,7043652.5,MXN,OP-439845,24-Nov-2023,N/A,N/A
FEMSA,5553476.83,EUR,OP-931273,22/07/2020,"November 22, 2020",123
pemex,8460107.37,EUR,OP-706035,02-Jan-2017,09/11/2024,2809
pemex,8889213.15,MXN,OP-427163,24-Jan-2016,2019-12-28,1434
pemex,638760.71,MXN,OP-919071,08-Jan-2017,17-May-2022,1955
GRUPO CARSO,6937428.89,EUR,OP-919931,22-Nov-2016,27/10/2020,1435
FEMSA,5059463.36,EUR,OP-983787,25-Jan-2024,N/A,N/A
liverpool,1937766.3,MXN,OP-520099,"July 08, 2025",N/A,N/A
AMÉRICA MÓVIL,2656868.69,MXN,OP-181438,10-Mar-2020,N/A,N/A
liverpool,7828961.71,EUR,OP-547368,20/07/2025,N/A,N/A
bbva méxico,9306290.49,EUR,OP-672613,"April 23, 2016",17-Dec-2022,2429
TELMEX,6962181.33,EUR,OP-205357,22-Nov-2024,N/A,N/A
bbva méxico,5979364.3,EUR,OP-686215,20/12/2018,21/09/2023,1736
américa móvil,4571445.12,MXN,OP-329231,2022-02-26,24-Nov-2022,271
grupo carso,4728809.32,EUR,OP-758123,2020-07-06,N/A,N/A
TELMEX,7481479.88,USD,OP-698313,"February 18, 2025",N/A,N/A
GRUPO MÉXICO,2374943.97,MXN,OP-244932,2021-12-23,N/A,N/A
soriana,4166194.51,EUR,OP-287248,2022-02-13,N/A,N/A
AMÉRICA MÓVIL,9786643.96,MXN,OP-631776,"February 01, 2016",N/A,N/A
cemex,3077287.88,EUR,OP-396618,2022-06-28,N/A,N/A
telmex,6454398.1,USD,OP-915364,07/11/2015,"February 05, 2022",2401
LIVERPOOL,9525528.62,USD,OP-925497,04-Jun-2021,N/A,N/A
walmart de méxico,3930562.71,EUR,OP-795578,05-Jan-2019,N/A,N/A
SORIANA,5410611.37,MXN,OP-179586,27/06/2023,2024-01-04,191
LIVERPOOL,6743512.78,USD,OP-162472,08-May-2021,2025-04-25,1448
bbva méxico,6064072.53,EUR,OP-659640,30-Jun-2017,N/A,N/A
bbva méxico,4258611.5,USD,OP-998905,"November 19, 2024",N/A,N/A
pemex,9944632.03,MXN,OP-139659,13/11/2024,N/A,N/A
alsea,4825716.76,USD,OP-534654,"December 10, 2019",N/A,N/A
bbva méxico,6519700.55,MXN,OP-384775,28-Mar-2020,12-Jul-2023,1201
soriana,6986786.74,MXN,OP-368210,"October 27, 2023",N/A,N/A
grupo bimbo,6715960.88,EUR,OP-526624,23-Jun-2025,N/A,N/A
GRUPO MÉXICO,6259021.67,MXN,OP-750383,30-Sep-2024,N/A,N/A
banorte,3990459.33,USD,OP-478176,"July 30, 2016",12/10/2016,133
ALSEA,9240927.35,EUR,OP-306866,22-Dec-2018,2021-03-05,804
AMÉRICA MÓVIL,756447.1,MXN,OP-163253,12/09/2015,18/06/2019,1287
grupo lala,4711932.13,MXN,OP-394450,"July 14, 2024",N/A,N/A
CEMEX,8413630.81,USD,OP-368380,"March 24, 2025",N/A,N/A
BANORTE,5273982.18,MXN,OP-803999,"May 18, 2018",2020-07-30,804
américa móvil,2124425.32,MXN,OP-383844,2016-05-18,N/A,N/A
alsea,5114416.89,EUR,OP-408397,2016-04-15,06/01/2017,412
SORIANA,8596167.96,EUR,OP-926077,2021-03-02,N/A,N/A
liverpool,562690.83,MXN,OP-392269,14/06/2016,N/A,N/A
GRUPO MÉXICO,5427010.51,USD,OP-276602,"August 05, 2016",17/05/2023,2476
soriana,8033628.07,USD,OP-310683,2017-07-08,2018-02-08,215
telmex,7347776.48,MXN,OP-102291,13-Dec-2020,N/A,N/A
walmart de méxico,1177513.3,MXN,OP-677179,2021-10-15,N/A,N/A
pemex,4332327.31,USD,OP-720231,16-Jun-2016,11/12/2023,2705
GRUPO LALA,4834281.67,EUR,OP-990956,2022-02-11,N/A,N/A
telmex,1932291.77,MXN,OP-688336,"January 18, 2021",16/07/2025,1640
soriana,4651836.73,MXN,OP-483340,2020-04-26,N/A,N/A
soriana,3806106.06,EUR,OP-102291,10/10/2020,N/A,N/A
walmart de méxico,596741.66,USD,OP-815474,22/01/2016,N/A,N/A
GRUPO BIMBO,7842590.46,EUR,OP-601984,2016-08-28,28/01/2020,1248
soriana,8988337.42,EUR,OP-243735,"July 24, 2024",N/A,N/A
liverpool,3807111.18,EUR,OP-614052,01-Jun-2019,N/A,N/A
ALSEA,454085.21,EUR,OP-696151,13/03/2020,N/A,N/A
banorte,5899935.91,MXN,OP-600485,23/07/2020,15-Jul-2025,1818
liverpool,787021.02,USD,OP-280375,"February 11, 2025",N/A,N/A
cemex,7005438.31,MXN,OP-203634,2023-12-17,N/A,N/A
soriana,9235729.92,EUR,OP-784322,2022-04-12,N/A,N/A
BBVA MÉXICO,115802.4,EUR,OP-368207,"December 08, 2024",N/A,N/A
BANORTE,2692267.96,MXN,OP-771158,12-Dec-2019,N/A,N/A
ALSEA,625075.79,EUR,OP-322694,13/06/2016,2022-10-17,2317
grupo carso,5527602.26,MXN,OP-125230,2018-02-28,N/A,N/A
TELMEX,635063.21,EUR,OP-309825,2020-12-23,N/A,N/A
LIVERPOOL,8206437.63,MXN,OP-637594,"November 20, 2023",N/A,N/A
LIVERPOOL,5624001.08,USD,OP-588435,29-Jul-2017,N/A,N/A
CEMEX,6958676.91,MXN,OP-592574,"April 11, 2020",N/A,N/A
cemex,2478871.41,USD,OP-334765,"August 16, 2016",2025-03-21,3139
GRUPO LALA,2192766.12,USD,OP-287351,"December 04, 2022",21-Jan-2024,413
liverpool,6559319.57,USD,OP-979779,02/03/2023,"July 05, 2025",883
grupo méxico,9983069.23,EUR,OP-735875,"October 30, 2015",2025-06-15,3516
femsa,1240809.45,MXN,OP-883542,"June 26, 2016",10-Feb-2025,3151
BBVA MÉXICO,2658398.9,EUR,OP-172164,"February 25, 2016","January 20, 2018",695
BBVA MÉXICO,9805028.59,USD,OP-849689,"March 30, 2025",N/A,N/A
walmart de méxico,5670955.48,MXN,OP-435703,2018-07-22,"June 18, 2024",2158
américa móvil,5474941.88,MXN,OP-327965,2025-02-07,N/A,N/A
GRUPO MÉXICO,3993579.7,USD,OP-135667,22-Apr-2018,24-Feb-2019,308
liverpool,8522807.38,USD,OP-280834,24/11/2017,"May 23, 2023",2006
LIVERPOOL,2023971.34,EUR,OP-268458,"March 22, 2016",08/02/2022,2324
alsea,3904697.54,MXN,OP-983430,05/12/2020,N/A,N/A
grupo carso,107468.25,USD,OP-553485,01/09/2023,N/A,N/A
liverpool,2389291.43,MXN,OP-598477,21/02/2024,N/A,N/A
LIVERPOOL,8787100.5,USD,OP-927245,01-Mar-2021,N/A,N/A
AMÉRICA MÓVIL,5780718.94,EUR,OP-896000,02-Jan-2018,22/05/2019,505
cemex,2712074.71,USD,OP-443864,11-Dec-2017,N/A,N/A
FEMSA,1890053.52,EUR,OP-299549,09/11/2015,N/A,N/A
banorte,5106517.71,USD,OP-505770,2018-09-10,N/A,N/A
pemex,9479152.64,USD,OP-696803,18/02/2021,N/A,N/A
GRUPO LALA,3262541.85,EUR,OP-924118,"November 23, 2024",N/A,N/A
pemex,4255511.49,EUR,OP-225314,2020-02-14,N/A,N/A
ALSEA,926927.2,MXN,OP-711691,2018-04-20,11-Nov-2021,1301
banorte,1209426.26,EUR,OP-690795,"June 21, 2025",N/A,N/A
grupo méxico,8946694.81,USD,OP-315284,15-Jun-2025,N/A,N/A
PEMEX,5338497.08,EUR,OP-219792,04/11/2023,"June 16, 2025",797
grupo carso,3071957.22,MXN,OP-792814,2022-02-02,"October 24, 2023",629
GRUPO LALA,4154349.23,MXN,OP-456077,2025-05-01,N/A,N/A
liverpool,6695093.63,MXN,OP-284260,19/04/2023,14/11/2023,209
bbva méxico,5199018.07,EUR,OP-831613,08-Oct-2015,04/05/2024,3102
femsa,788710.29,USD,OP-211625,"May 23, 2020",16/11/2022,907
GRUPO LALA,9772143.32,USD,OP-183518,16/11/2023,N/A,N/A
américa móvil,7332162.11,MXN,OP-520595,11/10/2016,"June 03, 2017",205
TELMEX,5759654.81,USD,OP-312267,01/07/2019,N/A,N/A
cemex,4860219.63,USD,OP-987338,"April 09, 2021",N/A,N/A
grupo carso,6187424.8,MXN,OP-711909,"September 16, 2015",2024-02-10,3069
grupo lala,7690479.67,USD,OP-562543,30/09/2019,2021-02-16,505
pemex,6450185.17,EUR,OP-573133,"October 28, 2017",30-Nov-2017,33
banorte,4459126.66,MXN,OP-415839,16/04/2024,N/A,N/A
BANORTE,3605408.67,MXN,OP-476086,08-Oct-2019,N/A,N/A
WALMART DE MÉXICO,709404.48,USD,OP-736885,25/04/2023,N/A,N/A
telmex,250966.99,MXN,OP-862309,14/01/2024,N/A,N/A
grupo carso,5086092.45,USD,OP-476606,"November 01, 2018","August 07, 2020",645
grupo bimbo,5786014.44,USD,OP-487822,02/02/2017,21/01/2018,353
CEMEX,2669113.12,EUR,OP-286445,09-Feb-2024,11/04/2024,269
telmex,9101752.46,EUR,OP-619756,2015-12-15,2017-02-25,438
PEMEX,2037268.63,MXN,OP-293552,21-Aug-2017,2017-09-17,27
bbva méxico,8038497.98,USD,OP-896267,03-Feb-2018,N/A,N/A
SORIANA,9931121.36,MXN,OP-236237,03-Jan-2025,N/A,N/A
GRUPO MÉXICO,3098439.91,EUR,OP-747629,2017-07-30,2024-12-25,2705
GRUPO CARSO,7818646.04,EUR,OP-192009,10/04/2023,N/A,N/A
grupo carso,3657487.75,EUR,OP-991292,23/02/2021,N/A,N/A
walmart de méxico,8468767.84,USD,OP-629619,"October 15, 2017",07/12/2020,1001
LIVERPOOL,536363.84,USD,OP-323633,14-Sep-2021,N/A,N/A
grupo bimbo,9034453.93,MXN,OP-569991,29/09/2016,30/09/2019,1096
AMÉRICA MÓVIL,1639651.49,MXN,OP-984882,24-Dec-2022,N/A,N/A
GRUPO LALA,5534884.5,USD,OP-242559,01/12/2019,21/04/2019,99
BANORTE,7797342.15,USD,OP-325657,"April 04, 2018",16/11/2023,2052
GRUPO LALA,7584255.18,MXN,OP-469266,17-Mar-2021,2022-07-13,483
bbva méxico,170463.07,USD,OP-361505,"March 12, 2023",N/A,N/A
telmex,8276187.17,USD,OP-704806,"December 08, 2019",N/A,N/A
banorte,4623188.58,MXN,OP-686983,01-Dec-2022,N/A,N/A
ALSEA,914726.81,EUR,OP-350104,"September 09, 2018",N/A,N/A
grupo lala,904823.39,USD,OP-779204,2020-08-04,2022-07-02,697
SORIANA,6318697.19,USD,OP-315451,17-Mar-2021,N/A,N/A
GRUPO MÉXICO,7841995.58,MXN,OP-223607,22-Apr-2021,"August 11, 2024",1207
WALMART DE MÉXICO,5988156.32,MXN,OP-724555,2018-09-10,20-Apr-2020,588
soriana,9531799.24,EUR,OP-100014,22/04/2022,N/A,N/A
FEMSA,5053664.3,MXN,OP-493974,"February 18, 2022",N/A,N/A
telmex,2195900.0,EUR,OP-824395,2020-07-04,N/A,N/A
TELMEX,2854221.78,EUR,OP-935421,21-Jul-2020,N/A,N/A
liverpool,4723565.54,EUR,OP-390459,"August 26, 2022",N/A,N/A
WALMART DE MÉXICO,404146.13,EUR,OP-183244,"March 08, 2025",N/A,N/A
SORIANA,8260344.27,MXN,OP-427054,2020-08-22,"November 21, 2024",1552
grupo lala,4624909.2,EUR,OP-558651,2020-06-12,23/09/2022,833
WALMART DE MÉXICO,5223154.22,MXN,OP-615310,07-Jun-2020,N/A,N/A
banorte,5453260.2,USD,OP-170669,17-May-2017,N/A,N/A
banorte,2911158.85,MXN,OP-582941,"February 27, 2018",2023-12-27,2129
GRUPO LALA,5108471.94,MXN,OP-917303,"December 01, 2018",2021-03-17,837
cemex,5529515.68,MXN,OP-797054,19-Sep-2016,N/A,N/A
grupo carso,5449192.07,USD,OP-996980,2025-08-05,N/A,N/A
grupo bimbo,4628471.78,MXN,OP-820850,12/05/2018,"May 11, 2023",1618
GRUPO CARSO,6368343.46,USD,OP-194243,21-Apr-2023,N/A,N/A
grupo méxico,1987002.81,MXN,OP-369342,"June 23, 2018",30-Sep-2018,99
bbva méxico,2667316.36,EUR,OP-943091,2017-06-19,08-Sep-2021,1542
walmart de méxico,7478296.38,MXN,OP-261727,19-Aug-2018,N/A,N/A
FEMSA,4945365.16,MXN,OP-611039,05-Jan-2025,N/A,N/A
soriana,7340265.01,USD,OP-847491,2025-03-15,N/A,N/A
GRUPO MÉXICO,7947950.63,USD,OP-477606,2019-03-18,09/05/2020,537
telmex,3106249.51,EUR,OP-339038,01/11/2017,02-May-2025,3033
femsa,6636123.48,USD,OP-242200,2017-07-08,"December 19, 2022",1990
WALMART DE MÉXICO,7490447.13,EUR,OP-801611,2020-08-27,2023-04-20,966
soriana,4356715.77,USD,OP-178178,2025-03-02,N/A,N/A
grupo méxico,4020293.69,EUR,OP-496514,2020-05-24,N/A,N/A
GRUPO CARSO,5510026.39,EUR,OP-603881,"October 25, 2019",24/12/2024,1887
grupo carso,4879467.08,MXN,OP-450094,13/08/2023,N/A,N/A
grupo lala,7924536.84,MXN,OP-767587,11-Jun-2016,N/A,N/A
grupo bimbo,5530167.2,MXN,OP-993736,12/03/2023,N/A,N/A
grupo bimbo,9844511.64,USD,OP-467878,"April 07, 2019",2023-08-25,1601
GRUPO LALA,2585394.83,EUR,OP-948198,30/08/2017,2019-08-30,730
pemex,6726122.32,USD,OP-714992,"February 25, 2025",N/A,N/A
grupo carso,5358765.3,USD,OP-386962,13-Jun-2021,"May 14, 2025",1431
américa móvil,710683.47,EUR,OP-366635,23-Oct-2018,N/A,N/A
pemex,4326500.15,EUR,OP-857660,02/04/2025,N/A,N/A
grupo carso,5156353.36,MXN,OP-627836,29-Apr-2024,N/A,N/A
américa móvil,3717319.25,EUR,OP-311358,2019-11-25,N/A,N/A
BBVA MÉXICO,6305981.98,EUR,OP-289317,2021-01-19,07-Apr-2023,808
grupo carso,3510559.17,MXN,OP-691240,"September 11, 2017",09/03/2023,2183
soriana,8709043.56,EUR,OP-388491,2017-11-21,N/A,N/A
grupo lala,533779.96,MXN,OP-444860,2024-12-03,N/A,N/A
grupo carso,3083729.32,EUR,OP-219846,"November 18, 2023",N/A,N/A
grupo méxico,9509136.16,EUR,OP-134044,05/11/2020,N/A,N/A
grupo méxico,729262.18,MXN,OP-701762,12-Apr-2018,N/A,N/A
américa móvil,6432110.0,USD,OP-582717,11-Apr-2016,2019-09-10,1247
LIVERPOOL,1675234.56,USD,OP-528311,2023-04-09,N/A,N/A
TELMEX,1120368.24,USD,OP-180967,"March 11, 2021",24-Mar-2021,13
soriana,7084124.76,MXN,OP-910811,2024-12-02,N/A,N/A
soriana,2421065.56,MXN,OP-396640,22/02/2020,N/A,N/A
pemex,8415700.35,EUR,OP-656629,03/02/2019,N/A,N/A
telmex,4695078.31,EUR,OP-213609,09-Oct-2020,N/A,N/A
SORIANA,3235555.88,MXN,OP-561579,"November 14, 2023",N/A,N/A
GRUPO MÉXICO,3168130.55,MXN,OP-873075,14/03/2022,N/A,N/A
grupo bimbo,2014382.96,EUR,OP-700539,18/02/2023,14-Jan-2024,330
CEMEX,7138896.2,USD,OP-499241,2019-06-15,2021-10-25,863
bbva méxico,8302617.99,USD,OP-387618,"November 13, 2018",2024-06-26,2052
AMÉRICA MÓVIL,9013033.85,MXN,OP-695173,"November 07, 2020",2025-01-20,1535
grupo lala,1484515.83,EUR,OP-864724,"March 25, 2017",12/10/2018,625
grupo méxico,9551311.25,MXN,OP-961415,07-Jun-2018,27-Aug-2021,1177
telmex,5739230.43,MXN,OP-423448,26-Feb-2025,N/A,N/A
WALMART DE MÉXICO,5374880.74,EUR,OP-489033,30-Oct-2024,N/A,N/A
GRUPO MÉXICO,2205095.71,EUR,OP-981745,2020-12-13,N/A,N/A
femsa,4572336.74,USD,OP-565678,2017-08-27,17-Aug-2023,2181
CEMEX,651688.02,EUR,OP-231048,19/02/2018,2022-01-07,1418
telmex,6144851.74,USD,OP-342982,"November 25, 2021",N/A,N/A
AMÉRICA MÓVIL,964709.87,EUR,OP-419949,29/10/2016,N/A,N/A
grupo lala,2306814.04,MXN,OP-752225,"June 17, 2021",N/A,N/A
grupo lala,916974.72,USD,OP-565409,"December 10, 2019",N/A,N/A
alsea,6082678.91,EUR,OP-101974,"August 13, 2024",N/A,N/A
américa móvil,5956547.3,USD,OP-341802,"October 01, 2021",N/A,N/A
grupo carso,6319689.07,MXN,OP-338315,06/08/2019,N/A,N/A
grupo bimbo,8267385.09,EUR,OP-205841,05-Jan-2023,N/A,N/A
BBVA MÉXICO,646708.54,MXN,OP-100323,02-Feb-2019,31-Jul-2019,179
GRUPO BIMBO,9506008.4,USD,OP-513101,2021-10-26,22/02/2022,119
banorte,4335593.61,USD,OP-235535,23/02/2020,N/A,N/A
américa móvil,6799441.38,EUR,OP-408474,26-May-2018,N/A,N/A
GRUPO CARSO,8990366.25,USD,OP-755315,30/07/2017,06-Nov-2020,1195
BBVA MÉXICO,1421707.87,MXN,OP-237077,2018-10-30,N/A,N/A
cemex,731514.27,MXN,OP-740232,11-Apr-2017,19/06/2021,1530
GRUPO LALA,1402232.31,EUR,OP-319694,04-Jan-2019,N/A,N/A
grupo bimbo,8902964.68,MXN,OP-992135,22-Jun-2022,N/A,N/A
BANORTE,9511880.47,MXN,OP-506534,"November 10, 2017","September 07, 2018",301
FEMSA,6649103.8,MXN,OP-915716,26-Feb-2016,N/A,N/A
banorte,4044620.01,EUR,OP-174423,20-Oct-2017,N/A,N/A
femsa,6473890.29,EUR,OP-745266,"October 30, 2017",N/A,N/A
cemex,7469812.95,MXN,OP-211642,"November 11, 2020",N/A,N/A
grupo carso,4479627.77,EUR,OP-422666,2025-05-01,N/A,N/A
SORIANA,7754451.94,USD,OP-205742,25/08/2019,N/A,N/A
grupo carso,1000497.66,MXN,OP-764737,"August 30, 2015",N/A,N/A
BANORTE,1326156.89,EUR,OP-459903,"April 12, 2020",N/A,N/A
LIVERPOOL,5877575.1,USD,OP-886995,"May 26, 2018",N/A,N/A
AMÉRICA MÓVIL,8886729.5,MXN,OP-638517,04-Mar-2024,N/A,N/A
TELMEX,7279200.76,MXN,OP-875506,14/09/2021,11/07/2024,1150
CEMEX,5234520.51,USD,OP-465853,06-Nov-2017,N/A,N/A
AMÉRICA MÓVIL,9968241.45,MXN,OP-416254,2020-11-13,N/A,N/A
BBVA MÉXICO,6054472.28,MXN,OP-183246,2023-01-17,2023-09-03,229
telmex,1882342.48,EUR,OP-575866,"March 14, 2023",2023-04-23,40
telmex,9764811.23,USD,OP-980667,"May 29, 2020",N/A,N/A
FEMSA,9650571.41,USD,OP-210735,15-May-2023,N/A,N/A
GRUPO MÉXICO,5388193.34,EUR,OP-324466,30/06/2016,"August 17, 2017",413
BANORTE,7862733.69,USD,OP-247578,2017-05-29,09-Aug-2019,802
LIVERPOOL,9502252.61,USD,OP-705484,"December 23, 2022",N/A,N/A
WALMART DE MÉXICO,2997464.48,MXN,OP-530395,18/03/2022,N/A,N/A
grupo carso,8635955.54,USD,OP-745360,2022-02-27,N/A,N/A
PEMEX,4786854.4,EUR,OP-434933,15/05/2023,N/A,N/A
GRUPO LALA,4424402.98,MXN,OP-516625,"July 24, 2020",24-Mar-2021,243
pemex,2412385.9,USD,OP-937789,2024-10-05,N/A,N/A
PEMEX,4349754.89,EUR,OP-418681,"March 29, 2016",2025-03-16,3274
grupo lala,3730457.65,USD,OP-581277,"April 24, 2020",N/A,N/A
GRUPO BIMBO,522519.84,MXN,OP-706034,31/01/2018,N/A,N/A
grupo méxico,6394817.53,EUR,OP-942367,16/11/2020,N/A,N/A
banorte,2675236.56,MXN,OP-596178,29-Jun-2020,"November 14, 2023",1233
PEMEX,8558282.6,USD,OP-402234,2020-03-16,N/A,N/A
BBVA MÉXICO,6348508.42,USD,OP-950175,2022-12-08,N/A,N/A
grupo bimbo,9511613.82,EUR,OP-779421,03-Feb-2020,21/06/2020,139
grupo carso,1582814.73,EUR,OP-587173,17-Jul-2020,N/A,N/A
grupo méxico,2218883.2,MXN,OP-409377,13/03/2024,N/A,N/A
soriana,7019626.31,EUR,OP-436234,09/08/2022,N/A,N/A
soriana,2201138.6,MXN,OP-740308,07/12/2019,N/A,N/A
BBVA MÉXICO,7163772.85,EUR,OP-679421,"June 30, 2016",2018-01-02,551
cemex,5333564.89,USD,OP-999025,18-Apr-2020,N/A,N/A
TELMEX,9806457.28,EUR,OP-875499,23/12/2018,2024-11-02,2141
CEMEX,6167769.6,USD,OP-109413,2019-09-18,N/A,N/A
PEMEX,5633634.68,USD,OP-531188,"April 10, 2016",N/A,N/A
alsea,6645641.55,USD,OP-930228,2021-04-21,"December 25, 2024",1344
banorte,7829321.96,USD,OP-758742,2020-08-19,"December 27, 2023",1225
GRUPO BIMBO,1918586.04,USD,OP-903726,"January 18, 2023",N/A,N/A
BANORTE,2082818.92,USD,OP-707440,2022-01-05,N/A,N/A
CEMEX,3238275.7,USD,OP-998989,2021-05-31,"February 09, 2025",1350
alsea,1141960.74,USD,OP-744120,2024-03-28,N/A,N/A
pemex,7064130.58,USD,OP-982122,2024-08-28,N/A,N/A
PEMEX,5178957.08,EUR,OP-790862,2016-07-19,2019-06-01,1047
bbva méxico,6992851.99,USD,OP-510950,08/01/2018,30/11/2021,1217
GRUPO BIMBO,4288516.53,EUR,OP-318643,2021-12-27,2023-06-23,543
pemex,7222815.89,MXN,OP-737328,09-Apr-2018,"April 12, 2020",734
femsa,6871246.19,MXN,OP-750486,13/11/2015,N/A,N/A
GRUPO MÉXICO,2200191.26,MXN,OP-518306,17/08/2022,N/A,N/A
liverpool,1373649.8,USD,OP-403218,2024-04-18,N/A,N/A
GRUPO MÉXICO,8268959.83,EUR,OP-256261,15/07/2025,N/A,N/A
GRUPO LALA,5973171.38,EUR,OP-312898,"December 08, 2022",N/A,N/A
BBVA MÉXICO,4922553.67,USD,OP-656704,02/03/2022,2025-02-18,1111
liverpool,9717444.95,USD,OP-149121,21-Jun-2021,17-May-2022,330
FEMSA,1524464.82,EUR,OP-639642,"August 22, 2022",N/A,N/A
liverpool,5799986.28,USD,OP-806596,10/01/2020,2023-08-13,1046
FEMSA,7425228.99,USD,OP-974151,02-Jan-2024,N/A,N/A
CEMEX,8607574.13,USD,OP-701586,27-May-2019,16/06/2024,1847
bbva méxico,2400140.66,MXN,OP-944617,"May 26, 2018",N/A,N/A
FEMSA,1537746.79,USD,OP-531558,02-Mar-2024,N/A,N/A
cemex,7128276.06,MXN,OP-104880,"February 14, 2020",18/05/2022,824
GRUPO MÉXICO,6807615.58,USD,OP-590340,"March 25, 2022",N/A,N/A
FEMSA,6749316.05,MXN,OP-654520,2017-07-12,2024-11-26,2694
GRUPO CARSO,8249128.25,MXN,OP-398338,2019-08-31,N/A,N/A
SORIANA,1511097.27,EUR,OP-410319,"February 12, 2021",N/A,N/A
soriana,6771351.01,MXN,OP-337111,"September 23, 2020",N/A,N/A
bbva méxico,8752984.95,USD,OP-132096,"December 27, 2015","May 06, 2019",1226
bbva méxico,3279819.22,EUR,OP-667911,11-Jul-2019,"April 24, 2023",1383
GRUPO MÉXICO,4872096.33,EUR,OP-499097,14-Sep-2024,N/A,N/A
pemex,1395299.91,USD,OP-497586,2021-07-21,N/A,N/A
américa móvil,2664589.93,EUR,OP-904154,08-Feb-2023,N/A,N/A
TELMEX,3442342.88,USD,OP-685333,"September 09, 2017","September 17, 2020",1104
grupo bimbo,793023.87,MXN,OP-589398,2020-04-23,N/A,N/A
pemex,4177040.09,MXN,OP-851891,10/01/2024,N/A,N/A
CEMEX,4439318.2,USD,OP-140652,2020-05-18,N/A,N/A
SORIANA,3352774.87,MXN,OP-390931,2016-04-16,N/A,N/A
grupo méxico,2190904.32,MXN,OP-656245,"July 28, 2017","April 26, 2023",2098
SORIANA,7365501.88,USD,OP-399731,"January 27, 2018",N/A,N/A
américa móvil,2187549.88,USD,OP-450539,2024-12-21,N/A,N/A
soriana,7416132.99,MXN,OP-834476,"August 12, 2023",N/A,N/A
AMÉRICA MÓVIL,6445755.07,USD,OP-721440,21/11/2024,N/A,N/A
GRUPO MÉXICO,6198417.28,MXN,OP-195463,14/06/2022,N/A,N/A
alsea,6612970.27,EUR,OP-957950,2024-04-05,N/A,N/A
américa móvil,7927171.72,USD,OP-463295,26/11/2017,N/A,N/A
femsa,9473199.28,MXN,OP-126143,2019-09-18,"July 04, 2023",1385
GRUPO LALA,7660337.59,USD,OP-626466,"June 03, 2018",N/A,N/A
FEMSA,9425343.32,EUR,OP-688940,"October 13, 2017",20/06/2023,2076
CEMEX,7636334.17,EUR,OP-755337,02/01/2022,N/A,N/A
telmex,194216.82,MXN,OP-765433,"April 23, 2019",2020-09-28,524
FEMSA,641418.61,USD,OP-378675,28-Jun-2023,2024-04-05,282
grupo bimbo,2592114.17,EUR,OP-401843,16-Apr-2019,N/A,N/A
pemex,7023816.74,USD,OP-542551,2020-06-08,N/A,N/A
ALSEA,2018373.01,USD,OP-573939,02/08/2019,07-Feb-2020,364
telmex,7215713.83,EUR,OP-307722,04-Dec-2021,N/A,N/A
cemex,4616351.86,USD,OP-796808,"June 02, 2019",2019-07-25,53
GRUPO CARSO,1331716.0,MXN,OP-941382,2023-07-14,N/A,N/A
walmart de méxico,8336657.45,MXN,OP-956511,"February 22, 2018",N/A,N/A
GRUPO LALA,3830145.04,USD,OP-459657,08/06/2025,N/A,N/A
telmex,7180180.14,EUR,OP-741642,25/09/2016,N/A,N/A
cemex,3705275.97,EUR,OP-951142,18-Jul-2019,18-Oct-2019,92
banorte,4794011.56,MXN,OP-504475,2018-04-25,"January 20, 2024",2096
telmex,6523797.56,EUR,OP-859431,15/10/2020,N/A,N/A
américa móvil,9524047.85,MXN,OP-815033,29-Jul-2019,N/A,N/A
TELMEX,5711783.11,EUR,OP-628045,"April 17, 2016","October 26, 2022",2383
cemex,6902944.02,EUR,OP-552057,08-Aug-2025,N/A,N/A
BBVA MÉXICO,9876089.52,EUR,OP-599998,2015-11-07,21-Oct-2020,1810
liverpool,8599061.3,MXN,OP-179936,27-Dec-2015,N/A,N/A
grupo bimbo,2526216.71,MXN,OP-230764,2015-12-20,21-Mar-2019,1187
pemex,4096904.15,MXN,OP-915462,12-Dec-2024,N/A,N/A
PEMEX,4656384.05,EUR,OP-947150,2023-04-18,27/07/2025,831
BBVA MÉXICO,9569901.41,USD,OP-454369,2016-12-10,"April 07, 2020",1214
WALMART DE MÉXICO,5965986.55,USD,OP-946449,04/12/2015,08/03/2016,479
AMÉRICA MÓVIL,8292006.13,MXN,OP-575336,2017-11-28,2022-11-08,1806
GRUPO LALA,8225844.62,MXN,OP-629146,2020-09-08,"May 17, 2024",1347
soriana,9391359.95,EUR,OP-259021,"August 25, 2024",N/A,N/A
GRUPO MÉXICO,8406872.53,MXN,OP-828684,2023-05-01,N/A,N/A
grupo carso,4139732.48,MXN,OP-597492,18-Dec-2016,N/A,N/A
grupo carso,9380927.12,MXN,OP-303222,05-Oct-2018,N/A,N/A
PEMEX,9019107.44,EUR,OP-989912,"March 05, 2024",N/A,N/A
banorte,480456.93,EUR,OP-673215,"March 22, 2021","May 11, 2021",50
banorte,9303520.21,MXN,OP-314335,2024-10-17,N/A,N/A
GRUPO MÉXICO,5676805.53,EUR,OP-460570,2018-03-03,2023-08-23,1999
AMÉRICA MÓVIL,9577114.45,MXN,OP-622158,"November 21, 2021",N/A,N/A
grupo bimbo,5867772.58,EUR,OP-979173,21/08/2020,"August 13, 2022",722
SORIANA,3855692.08,EUR,OP-691498,2021-04-14,N/A,N/A
pemex,793476.55,USD,OP-365275,"July 04, 2020",N/A,N/A
soriana,1455176.16,MXN,OP-696204,2021-04-02,N/A,N/A
grupo carso,5805069.82,EUR,OP-860846,2023-06-14,N/A,N/A
américa móvil,7336950.21,MXN,OP-386605,2021-01-17,N/A,N/A
CEMEX,115180.52,USD,OP-690370,18-Apr-2021,N/A,N/A
ALSEA,113967.73,MXN,OP-859849,2022-03-12,N/A,N/A
FEMSA,2649539.65,MXN,OP-758552,2015-11-25,N/A,N/A
banorte,549260.44,EUR,OP-777845,"December 31, 2019",N/A,N/A
pemex,7689681.3,EUR,OP-497077,22/11/2024,N/A,N/A
SORIANA,7832372.69,EUR,OP-275062,27-Sep-2015,23/03/2019,1273
pemex,5820016.45,EUR,OP-304246,"June 05, 2024",N/A,N/A
PEMEX,8664242.49,MXN,OP-103779,"November 16, 2023",N/A,N/A
walmart de méxico,8161398.31,EUR,OP-219284,24-Jul-2018,2019-12-08,502
GRUPO CARSO,8350447.46,USD,OP-794749,"December 23, 2015","October 02, 2016",284
soriana,3556612.5,USD,OP-260354,2015-12-18,"April 30, 2025",3421
LIVERPOOL,261304.25,USD,OP-508845,2022-06-15,N/A,N/A
soriana,7084550.1,EUR,OP-651266,2020-08-04,"December 19, 2021",502
grupo bimbo,6274456.33,MXN,OP-302376,16/02/2016,24-Jun-2018,859
FEMSA,1981878.24,MXN,OP-925919,11/04/2016,N/A,N/A
LIVERPOOL,657910.74,MXN,OP-777139,"December 05, 2020",N/A,N/A
GRUPO LALA,5041806.61,USD,OP-173021,2022-02-06,N/A,N/A
WALMART DE MÉXICO,8970835.31,MXN,OP-188716,2022-09-20,N/A,N/A
TELMEX,1505266.89,MXN,OP-565677,2018-03-20,N/A,N/A
grupo lala,2920867.47,EUR,OP-359816,13-Nov-2018,13-Feb-2021,823
cemex,4845756.41,USD,OP-754001,03/05/2016,"March 23, 2024",2940
walmart de méxico,5442100.61,MXN,OP-758928,"October 04, 2017",N/A,N/A
grupo lala,377311.11,EUR,OP-356980,2021-07-08,N/A,N/A
TELMEX,4930595.9,USD,OP-340228,24/07/2024,N/A,N/A
SORIANA,7944836.9,USD,OP-420872,"February 28, 2025",N/A,N/A
femsa,1392398.9,EUR,OP-980590,"February 19, 2017",N/A,N/A
SORIANA,1694599.06,EUR,OP-601750,12/12/2022,N/A,N/A
américa móvil,8139467.19,EUR,OP-658914,2019-03-02,N/A,N/A
AMÉRICA MÓVIL,7538600.44,EUR,OP-858618,2024-05-19,N/A,N/A
banorte,5330942.64,USD,OP-980393,2025-08-14,N/A,N/A
alsea,4070626.66,USD,OP-385948,10/11/2023,N/A,N/A
GRUPO CARSO,6671279.86,USD,OP-417900,10/10/2023,N/A,N/A
CEMEX,8225254.26,USD,OP-812586,25/08/2022,N/A,N/A
grupo carso,2771607.06,USD,OP-746013,13-Apr-2022,N/A,N/A
grupo carso,2502283.65,USD,OP-689676,20-Mar-2020,04/05/2023,1111
CEMEX,6533556.38,USD,OP-994905,14/07/2023,N/A,N/A
GRUPO LALA,9868307.79,EUR,OP-837523,19/08/2020,31-Oct-2024,1534
BANORTE,7089977.35,MXN,OP-934424,12/03/2018,N/A,N/A
GRUPO MÉXICO,996274.54,USD,OP-215133,"June 22, 2018",N/A,N/A
grupo carso,9417427.57,USD,OP-939522,15-Nov-2024,N/A,N/A
pemex,2467814.64,MXN,OP-930110,"March 19, 2020",N/A,N/A
ALSEA,3090276.31,EUR,OP-363952,2023-12-11,N/A,N/A
GRUPO LALA,6621029.88,MXN,OP-160472,20/08/2022,N/A,N/A
CEMEX,8053403.18,USD,OP-969156,"October 01, 2016",2017-02-01,123
grupo lala,4897091.85,USD,OP-341145,2019-06-03,N/A,N/A
grupo méxico,7201175.34,EUR,OP-290030,06/01/2019,N/A,N/A
liverpool,7660511.49,USD,OP-267158,2021-09-30,N/A,N/A
AMÉRICA MÓVIL,2976705.04,MXN,OP-667163,2018-04-13,N/A,N/A
SORIANA,6173660.21,EUR,OP-552212,30-Dec-2019,N/A,N/A
LIVERPOOL,8313964.79,EUR,OP-842226,13-Aug-2023,01/03/2025,509
walmart de méxico,2395593.55,EUR,OP-873695,2023-09-13,N/A,N/A
WALMART DE MÉXICO,9873661.02,USD,OP-425302,29/08/2018,N/A,N/A
bbva méxico,4878398.77,USD,OP-670850,04/10/2018,N/A,N/A
telmex,7237656.24,EUR,OP-977780,"January 04, 2021",19/10/2021,288
LIVERPOOL,3572093.25,EUR,OP-990582,27/01/2020,2024-11-25,1764
soriana,2411753.11,EUR,OP-536855,01-Jul-2022,N/A,N/A
WALMART DE MÉXICO,2538239.79,USD,OP-256671,"December 23, 2020",2021-02-28,67
grupo méxico,7993575.16,USD,OP-557312,2024-03-13,N/A,N/A
walmart de méxico,4427049.03,EUR,OP-238254,23-Apr-2021,N/A,N/A
cemex,2668815.29,EUR,OP-735393,09-Jan-2016,"April 10, 2019",1187
GRUPO LALA,2167458.29,EUR,OP-449455,"November 24, 2019",N/A,N/A
TELMEX,5320038.9,EUR,OP-159818,"May 08, 2017","September 17, 2017",132
FEMSA,6395066.04,EUR,OP-636990,21/01/2022,N/A,N/A
grupo méxico,3869145.33,USD,OP-477199,2023-01-31,2023-05-21,110
telmex,7424427.96,EUR,OP-567773,2019-02-16,17-Apr-2024,1887
pemex,5301219.57,USD,OP-980732,2017-12-15,N/A,N/A
GRUPO LALA,4448280.16,EUR,OP-614533,08-Mar-2019,N/A,N/A
GRUPO MÉXICO,3624813.6,MXN,OP-149659,18-May-2022,N/A,N/A
ALSEA,3917203.56,EUR,OP-394982,07/04/2020,N/A,N/A
bbva méxico,7464058.26,USD,OP-388577,2017-09-12,N/A,N/A
BBVA MÉXICO,1646722.46,EUR,OP-559896,"March 29, 2019","April 17, 2020",385
grupo bimbo,1447040.48,EUR,OP-958618,28-Sep-2017,N/A,N/A
walmart de méxico,6558002.01,MXN,OP-127479,27/08/2023,N/A,N/A
GRUPO CARSO,8489811.43,USD,OP-588569,2020-03-03,"August 09, 2023",1254
grupo carso,7072968.38,USD,OP-694716,30-Nov-2023,N/A,N/A
AMÉRICA MÓVIL,6668463.73,EUR,OP-731292,"April 24, 2025",N/A,N/A
alsea,7377026.21,EUR,OP-715586,2021-09-04,2023-10-19,775
AMÉRICA MÓVIL,6283303.57,USD,OP-123087,2025-06-26,N/A,N/A
telmex,7601640.02,EUR,OP-526388,26-Jul-2024,15-Apr-2025,263
PEMEX,3267518.59,MXN,OP-828305,05-Sep-2021,N/A,N/A
GRUPO BIMBO,271053.96,MXN,OP-256494,2018-08-02,"July 22, 2024",2181
GRUPO CARSO,8059532.95,MXN,OP-510125,18-Jun-2024,N/A,N/A
GRUPO CARSO,6871482.79,EUR,OP-832849,2019-11-09,N/A,N/A
pemex,1594776.63,USD,OP-934726,12-Aug-2022,N/A,N/A
BBVA MÉXICO,8943962.12,MXN,OP-221671,20-Jul-2020,N/A,N/A
walmart de méxico,3946639.41,EUR,OP-978409,19-Aug-2016,N/A,N/A
alsea,3207393.7,MXN,OP-747329,2020-03-23,N/A,N/A
alsea,9876514.12,USD,OP-387431,16/07/2025,N/A,N/A
pemex,1170704.81,USD,OP-507935,"August 21, 2017",N/A,N/A
bbva méxico,3391121.09,MXN,OP-170862,2024-01-13,N/A,N/A
BBVA MÉXICO,2631282.06,MXN,OP-321261,"July 20, 2022",N/A,N/A
pemex,4001540.97,EUR,OP-410658,2017-02-15,2019-03-19,762
telmex,8454426.29,EUR,OP-326470,"June 02, 2022","August 20, 2023",444
telmex,6834783.01,MXN,OP-660635,2015-11-25,N/A,N/A
GRUPO MÉXICO,3608595.84,EUR,OP-839862,2022-05-11,N/A,N/A
banorte,4904909.29,EUR,OP-395893,"September 09, 2018",16/04/2022,1315
GRUPO LALA,4542195.26,MXN,OP-396391,26-May-2025,N/A,N/A
cemex,8007572.61,MXN,OP-154031,2016-09-23,07/11/2019,1021
banorte,7881475.16,USD,OP-442949,04/05/2019,"March 14, 2020",344
grupo méxico,8088388.46,EUR,OP-335791,03/11/2022,N/A,N/A
liverpool,6398844.22,EUR,OP-769927,30/01/2018,10/04/2023,2073
GRUPO CARSO,5567254.19,EUR,OP-653831,"June 20, 2019","February 18, 2023",1339
BBVA MÉXICO,2323753.28,EUR,OP-496923,2025-08-25,N/A,N/A
WALMART DE MÉXICO,106041.13,USD,OP-191744,19-Jul-2018,12-Mar-2019,236
GRUPO CARSO,1577210.76,MXN,OP-282679,"March 30, 2025",N/A,N/A
BANORTE,9050569.86,EUR,OP-861342,29-Oct-2023,N/A,N/A
PEMEX,4776404.32,EUR,OP-700276,03/03/2020,22/10/2020,233
grupo carso,3183447.95,MXN,OP-479910,06-Dec-2020,15-Dec-2022,739
FEMSA,6470247.97,MXN,OP-470532,"July 21, 2022",N/A,N/A
cemex,2923058.53,EUR,OP-505554,2018-08-12,18/03/2022,1314
soriana,1745065.12,USD,OP-304933,2021-09-12,N/A,N/A
grupo lala,4449501.78,EUR,OP-271321,22-Mar-2024,N/A,N/A
alsea,3052445.16,EUR,OP-399420,06-Jul-2024,N/A,N/A
TELMEX,3206241.98,MXN,OP-338632,22/05/2018,07-Oct-2023,1964
soriana,8721693.64,EUR,OP-998744,08/10/2018,N/A,N/A
liverpool,1049052.7,USD,OP-319796,11/08/2019,N/A,N/A
banorte,6933552.01,USD,OP-791343,23-Jan-2016,15-Jun-2023,2700
grupo lala,1068684.8,EUR,OP-628747,2025-06-07,N/A,N/A
GRUPO LALA,1464184.18,USD,OP-517546,30/01/2025,N/A,N/A
AMÉRICA MÓVIL,7237062.2,MXN,OP-113412,29/04/2021,N/A,N/A
PEMEX,6888295.55,EUR,OP-979870,29-Nov-2021,N/A,N/A
bbva méxico,3367378.61,MXN,OP-538362,"June 29, 2017","March 06, 2025",2807
GRUPO BIMBO,1966428.89,EUR,OP-447217,2019-02-23,N/A,N/A
AMÉRICA MÓVIL,6543338.07,USD,OP-850468,31/05/2019,N/A,N/A
grupo lala,3481178.01,MXN,OP-273209,14/07/2016,N/A,N/A
grupo méxico,4439943.67,EUR,OP-331187,03/07/2019,N/A,N/A
banorte,2688318.24,EUR,OP-350257,"December 16, 2024",N/A,N/A
bbva méxico,4304835.89,USD,OP-268281,2021-10-25,N/A,N/A
PEMEX,1474727.8,EUR,OP-448798,2025-07-13,2025-07-31,18
bbva méxico,8740337.76,MXN,OP-579959,"March 11, 2017","March 06, 2022",1821
grupo bimbo,7171519.87,MXN,OP-391268,01-Sep-2023,N/A,N/A
GRUPO MÉXICO,6869628.42,EUR,OP-796047,2024-01-31,N/A,N/A
SORIANA,2174659.94,EUR,OP-748901,22-Feb-2018,N/A,N/A
GRUPO MÉXICO,5999602.24,EUR,OP-976689,2021-01-16,"June 08, 2023",873
BANORTE,5272191.73,EUR,OP-253871,2023-08-26,N/A,N/A
WALMART DE MÉXICO,8551622.94,MXN,OP-194425,"June 10, 2017",2019-09-21,833
telmex,4281251.37,EUR,OP-419651,"December 10, 2015",2025-01-31,3340
BANORTE,9239842.52,EUR,OP-843385,08-Jan-2017,N/A,N/A
soriana,2279763.21,EUR,OP-442443,"September 28, 2023",N/A,N/A
américa móvil,4431191.74,USD,OP-116314,25-Sep-2015,"January 25, 2021",1949
ALSEA,2879263.01,EUR,OP-313257,2022-06-27,27-Jul-2022,30
SORIANA,1573736.55,EUR,OP-895964,19-Jun-2025,N/A,N/A
GRUPO BIMBO,8306728.52,MXN,OP-551976,"November 06, 2016",N/A,N/A
grupo bimbo,8065289.55,EUR,OP-999068,13-Feb-2025,N/A,N/A
PEMEX,9290054.9,MXN,OP-991465,2017-05-08,"May 24, 2023",2207
BBVA MÉXICO,1800330.11,USD,OP-864450,2015-09-29,24/04/2020,1669
FEMSA,5726154.94,MXN,OP-633488,13/02/2017,2022-11-12,2098
alsea,7233562.91,MXN,OP-938386,"December 13, 2023",2024-08-22,253
GRUPO LALA,3857066.59,EUR,OP-164830,05/03/2024,N/A,N/A
LIVERPOOL,472325.98,EUR,OP-317173,2020-11-11,N/A,N/A
LIVERPOOL,324044.31,MXN,OP-974549,"September 14, 2023",N/A,N/A
cemex,2675116.15,MXN,OP-160486,"June 14, 2025",N/A,N/A
grupo méxico,8514416.98,USD,OP-279346,2018-12-19,N/A,N/A
grupo carso,2690896.18,MXN,OP-184216,05/01/2023,N/A,N/A
grupo lala,8701281.85,EUR,OP-260949,04-Mar-2016,2018-08-23,902
LIVERPOOL,2974363.19,USD,OP-972224,2018-09-28,22/08/2021,1059
GRUPO BIMBO,2164453.52,USD,OP-497909,"December 26, 2019","May 31, 2021",522
grupo bimbo,5332211.39,EUR,OP-528390,20/09/2019,N/A,N/A
GRUPO BIMBO,5049155.26,EUR,OP-506981,2022-03-31,N/A,N/A
ALSEA,1745628.5,USD,OP-699337,"January 18, 2021",25/02/2022,403
BBVA MÉXICO,892823.67,MXN,OP-974405,08-Nov-2024,N/A,N/A
SORIANA,4910663.41,USD,OP-442318,"September 26, 2018",12/09/2018,74
grupo méxico,6992459.43,USD,OP-229706,23-Nov-2019,N/A,N/A
GRUPO LALA,118060.26,USD,OP-375164,"May 03, 2018",N/A,N/A
GRUPO BIMBO,3449129.39,USD,OP-496897,"March 08, 2025",N/A,N/A
WALMART DE MÉXICO,8440834.31,EUR,OP-898327,19-Feb-2025,N/A,N/A
LIVERPOOL,1524983.01,USD,OP-946586,03-Nov-2017,N/A,N/A
liverpool,2001441.81,MXN,OP-876490,08/05/2022,N/A,N/A
pemex,2044822.35,EUR,OP-468294,27/09/2017,29/11/2018,428
ALSEA,1051016.96,USD,OP-399245,2017-06-24,27-Aug-2024,2621
GRUPO MÉXICO,5919841.95,MXN,OP-126936,27/04/2019,2020-08-25,486
liverpool,4648133.44,MXN,OP-378602,2024-10-07,N/A,N/A
cemex,3304277.65,MXN,OP-213548,10-Dec-2015,2021-12-21,2203
grupo bimbo,2046090.62,MXN,OP-331338,29-Jul-2022,27/11/2024,852
ALSEA,9157874.36,USD,OP-660476,05/10/2017,2021-12-08,1673
AMÉRICA MÓVIL,4171615.97,EUR,OP-131337,2016-01-12,N/A,N/A
telmex,6943849.21,MXN,OP-377887,21-Aug-2021,N/A,N/A
pemex,5471713.11,USD,OP-572364,2017-05-23,N/A,N/A
grupo méxico,2171883.66,EUR,OP-116042,2019-08-04,"April 22, 2025",2088
grupo bimbo,8899719.98,MXN,OP-151811,11-Sep-2019,N/A,N/A
pemex,2750227.27,EUR,OP-227821,"November 09, 2018",N/A,N/A
TELMEX,6208165.2,MXN,OP-657956,01-May-2023,N/A,N/A
grupo lala,7276580.52,EUR,OP-151163,26/03/2022,N/A,N/A
GRUPO CARSO,7936344.22,EUR,OP-349210,"June 08, 2021",N/A,N/A
CEMEX,5463472.99,EUR,OP-636308,18-Aug-2021,N/A,N/A
GRUPO BIMBO,5273136.76,USD,OP-921919,2021-11-02,30/07/2022,270
banorte,8985995.11,MXN,OP-294780,"January 07, 2021",N/A,N/A
soriana,7690742.93,MXN,OP-502421,2024-08-21,N/A,N/A
BBVA MÉXICO,7864957.02,MXN,OP-103989,"December 03, 2024",N/A,N/A
bbva méxico,4416181.78,MXN,OP-696766,"January 15, 2025",N/A,N/A
GRUPO CARSO,7116206.79,MXN,OP-947953,2022-01-18,"March 04, 2022",45
grupo lala,3514257.56,EUR,OP-387759,17/02/2019,2022-07-11,1240
PEMEX,999545.12,EUR,OP-398624,13-Jun-2016,"March 27, 2021",1748
BANORTE,3591746.67,EUR,OP-324502,20/11/2024,N/A,N/A
grupo carso,9930168.51,MXN,OP-611631,2021-01-27,N/A,N/A
CEMEX,3187176.87,EUR,OP-186524,06-Jan-2019,N/A,N/A
grupo bimbo,6523145.92,EUR,OP-443769,2023-05-29,N/A,N/A
SORIANA,3850845.86,EUR,OP-271453,29-Mar-2016,"October 09, 2020",1655
BBVA MÉXICO,6782542.54,EUR,OP-550572,07-Mar-2023,08-Jul-2024,489
BBVA MÉXICO,185181.1,EUR,OP-880969,2015-12-09,"February 27, 2025",3368
soriana,7398926.34,EUR,OP-648709,"November 29, 2018",N/A,N/A
américa móvil,7566713.68,MXN,OP-274585,"January 08, 2022",N/A,N/A
BBVA MÉXICO,5000933.09,EUR,OP-461995,"August 22, 2020",N/A,N/A
FEMSA,4087465.37,MXN,OP-595367,2021-10-28,N/A,N/A
banorte,9192860.77,MXN,OP-342360,20-Jan-2024,N/A,N/A
grupo carso,1210249.77,USD,OP-680021,"May 15, 2020",09/08/2023,1211
CEMEX,8816547.45,MXN,OP-100726,22-Sep-2022,N/A,N/A
GRUPO CARSO,6226607.74,USD,OP-927419,26/07/2025,N/A,N/A
WALMART DE MÉXICO,4389489.12,EUR,OP-530814,04/12/2023,N/A,N/A
GRUPO LALA,6310486.57,USD,OP-750500,2017-04-06,27-Jun-2021,1543
GRUPO LALA,400870.87,USD,OP-246325,02-Oct-2020,04/11/2024,1287
telmex,704084.83,EUR,OP-426056,26/10/2024,"October 26, 2024",0
alsea,7081002.29,USD,OP-942063,"November 12, 2019",N/A,N/A
TELMEX,7871354.19,MXN,OP-120122,"December 23, 2022",N/A,N/A
telmex,924776.02,USD,OP-784833,"April 26, 2021",N/A,N/A
cemex,8737150.05,USD,OP-638574,02-Oct-2018,N/A,N/A
grupo méxico,1720710.22,MXN,OP-153643,14/05/2019,N/A,N/A
SORIANA,4633264.78,EUR,OP-334718,16-Sep-2019,N/A,N/A
SORIANA,5132841.63,EUR,OP-731579,"December 02, 2016","August 16, 2020",1353
walmart de méxico,6872714.03,EUR,OP-789070,19-Jul-2017,06/07/2025,2880
bbva méxico,4063841.72,USD,OP-105324,"February 04, 2016",N/A,N/A
alsea,9924759.34,EUR,OP-291815,11/02/2017,08-Jun-2020,949
grupo bimbo,6435251.55,USD,OP-947070,29-Aug-2021,15/04/2023,594
GRUPO MÉXICO,7604729.16,USD,OP-766210,"January 23, 2024",N/A,N/A
SORIANA,4133291.14,EUR,OP-302176,"July 01, 2019",16-Jan-2020,199
PEMEX,4060443.25,USD,OP-610423,28/01/2019,24/12/2023,1791
pemex,4558675.18,USD,OP-579023,"March 22, 2024",N/A,N/A
GRUPO BIMBO,3765813.82,MXN,OP-594410,09-Apr-2019,14-Mar-2022,1070
walmart de méxico,4093570.19,EUR,OP-976530,2019-01-06,01/11/2024,1831
GRUPO BIMBO,3586418.82,USD,OP-192838,17/10/2020,N/A,N/A
alsea,7796205.69,USD,OP-785627,22-May-2025,N/A,N/A
grupo méxico,5349328.5,USD,OP-754329,"August 02, 2021","July 24, 2022",356
banorte,4314819.37,EUR,OP-409368,"July 16, 2018",07/05/2023,1815
femsa,3383335.7,MXN,OP-268202,19-May-2019,23-Sep-2019,127
SORIANA,6338651.85,EUR,OP-565034,"September 21, 2017",01-Jan-2024,2293
BBVA MÉXICO,3271577.46,MXN,OP-458401,2021-06-05,N/A,N/A
GRUPO LALA,2382651.26,MXN,OP-168354,19/05/2017,04-May-2021,1446
ALSEA,5976790.08,MXN,OP-656336,29-Mar-2019,N/A,N/A
TELMEX,8131173.26,USD,OP-252446,"March 08, 2018",N/A,N/A
liverpool,1435505.44,USD,OP-275559,2016-03-18,N/A,N/A
bbva méxico,1953636.72,EUR,OP-543991,03/08/2025,N/A,N/A
grupo méxico,1715961.54,USD,OP-860982,"September 18, 2019",04-May-2022,959
telmex,9567774.93,MXN,OP-281152,2020-12-28,N/A,N/A
SORIANA,3766505.68,USD,OP-433076,2016-01-07,04-Nov-2021,2128
GRUPO LALA,6298291.72,MXN,OP-165256,23/04/2023,N/A,N/A
ALSEA,8309001.37,EUR,OP-593075,26/01/2024,2024-08-04,191
BBVA MÉXICO,4888213.56,MXN,OP-900633,06-Jan-2016,"November 06, 2022",2496
banorte,2709424.31,EUR,OP-528298,26/02/2017,N/A,N/A
grupo lala,4623844.12,MXN,OP-295104,09-Jan-2024,"August 21, 2024",225
LIVERPOOL,2064525.94,EUR,OP-361138,07-Jun-2016,N/A,N/A
PEMEX,1308745.74,MXN,OP-581359,11/11/2017,N/A,N/A
grupo méxico,5665464.16,USD,OP-227880,2022-09-20,N/A,N/A
FEMSA,7585929.83,EUR,OP-183767,22/07/2024,N/A,N/A
BBVA MÉXICO,989854.93,USD,OP-163967,06/07/2021,N/A,N/A
BANORTE,2779073.69,EUR,OP-835529,"June 10, 2025",N/A,N/A
grupo bimbo,2180694.54,MXN,OP-888414,16-Nov-2023,N/A,N/A
BANORTE,6341855.74,EUR,OP-402057,06-Oct-2021,N/A,N/A
grupo carso,8763849.71,USD,OP-363628,"September 13, 2020",2024-01-03,1207
grupo méxico,8927098.6,EUR,OP-146698,"November 10, 2016",2024-12-30,2972
BBVA MÉXICO,7072720.7,MXN,OP-560576,"December 13, 2019",N/A,N/A
telmex,2573019.42,USD,OP-367100,30-Dec-2021,08-Mar-2025,1164
grupo bimbo,5033707.97,MXN,OP-421544,"June 02, 2024",N/A,N/A
bbva méxico,1052262.27,USD,OP-653035,28-Oct-2020,2023-12-05,1133
BANORTE,9009282.08,MXN,OP-778613,13-Feb-2022,01-Mar-2022,16
WALMART DE MÉXICO,6209005.48,USD,OP-619993,12-Sep-2022,N/A,N/A
bbva méxico,6918835.21,EUR,OP-476414,29-Oct-2022,N/A,N/A
banorte,6563439.81,USD,OP-408896,2017-04-24,N/A,N/A
GRUPO LALA,5369286.27,USD,OP-748775,21/12/2020,12/02/2022,711
GRUPO CARSO,638144.48,USD,OP-188320,2021-07-19,2024-09-21,1160
CEMEX,6745067.29,MXN,OP-981942,"April 04, 2021",N/A,N/A
grupo méxico,7737491.79,USD,OP-821797,"December 12, 2019",N/A,N/A
GRUPO MÉXICO,1837472.53,EUR,OP-628911,"June 05, 2019",15-Jul-2019,40
ALSEA,1618483.95,MXN,OP-120387,"July 13, 2020",N/A,N/A
FEMSA,4010843.65,MXN,OP-306668,30/05/2016,2023-08-01,2619
CEMEX,4649068.13,EUR,OP-938398,03/05/2025,N/A,N/A
cemex,5008836.5,USD,OP-634646,19/11/2016,14-Sep-2017,299
WALMART DE MÉXICO,1233637.12,EUR,OP-611011,2022-12-22,N/A,N/A
PEMEX,9074680.12,MXN,OP-650432,04-Aug-2018,N/A,N/A
BBVA MÉXICO,172072.63,USD,OP-190349,05/04/2020,N/A,N/A
LIVERPOOL,4316296.61,MXN,OP-144495,"January 21, 2025",N/A,N/A
walmart de méxico,7486076.31,EUR,OP-266704,"September 29, 2015",22-Dec-2016,450
LIVERPOOL,9854950.97,USD,OP-566970,19/02/2019,08/05/2020,533
LIVERPOOL,3846322.07,EUR,OP-365497,09-Sep-2022,09-Nov-2022,61
TELMEX,922273.97,USD,OP-532348,"March 03, 2023",N/A,N/A
BBVA MÉXICO,7520781.09,MXN,OP-412982,"October 31, 2024",N/A,N/A
BANORTE,2450670.47,EUR,OP-711861,17/10/2015,30/04/2019,1291
pemex,5358447.63,MXN,OP-209616,"December 18, 2017",N/A,N/A
BANORTE,1400189.43,MXN,OP-698887,2025-07-15,N/A,N/A
pemex,6623561.12,EUR,OP-840390,27-Jan-2024,N/A,N/A
femsa,3850968.77,EUR,OP-109666,2016-10-28,"July 24, 2020",1365
alsea,2698134.13,MXN,OP-429957,29-Jan-2019,07-Jul-2023,1620
GRUPO BIMBO,4922756.02,EUR,OP-861820,2015-10-04,10-Aug-2025,3598
TELMEX,1546071.08,EUR,OP-627464,"February 15, 2024",N/A,N/A
BANORTE,6039935.49,USD,OP-303264,22-Jul-2017,"January 01, 2023",1989
américa móvil,4857350.4,MXN,OP-924035,19-Oct-2022,N/A,N/A
soriana,2764195.12,USD,OP-194471,"April 05, 2018",19/06/2025,2632
banorte,2404883.81,EUR,OP-370819,"May 19, 2020",2020-11-19,184
banorte,7912912.38,EUR,OP-887880,2017-07-11,22-Mar-2019,619
GRUPO MÉXICO,1346695.16,MXN,OP-568747,"November 24, 2016",N/A,N/A
liverpool,8189356.5,EUR,OP-133711,20-Jun-2022,N/A,N/A
banorte,4149462.89,USD,OP-348794,"July 29, 2019",19-Feb-2023,1301
SORIANA,3880889.96,USD,OP-170175,22-Apr-2021,05/06/2024,1110
GRUPO CARSO,1115289.42,MXN,OP-645054,25-Aug-2016,N/A,N/A
PEMEX,2242813.2,EUR,OP-907153,2024-04-20,N/A,N/A
GRUPO CARSO,8600663.07,MXN,OP-920517,2020-07-20,2024-09-30,1533
SORIANA,960435.29,MXN,OP-918882,10/10/2022,03-May-2024,571
FEMSA,3641341.85,MXN,OP-323934,31/08/2020,09-Nov-2024,1531
grupo bimbo,3272952.52,USD,OP-357967,11/01/2016,15-Apr-2024,2722
ALSEA,7462914.03,MXN,OP-333074,05-Aug-2018,13/01/2020,526
bbva méxico,4132967.68,USD,OP-175131,2018-12-06,29/12/2023,1849
CEMEX,1842429.96,USD,OP-351187,05-Nov-2018,"March 04, 2024",1946
soriana,8627892.16,EUR,OP-722073,"April 29, 2025",N/A,N/A
telmex,3653368.08,USD,OP-972312,"December 07, 2016","September 13, 2024",2837
femsa,4110139.62,EUR,OP-189013,23/09/2021,N/A,N/A
WALMART DE MÉXICO,2375074.76,USD,OP-399769,2018-08-17,"November 17, 2021",1188
grupo méxico,6941901.33,EUR,OP-613765,"July 15, 2018",N/A,N/A
banorte,4916569.56,EUR,OP-257291,"September 06, 2019",N/A,N/A
bbva méxico,2854495.98,EUR,OP-749225,08-Sep-2022,N/A,N/A
cemex,100345.43,MXN,OP-647424,"May 29, 2018",16-Oct-2018,140
BANORTE,8188561.81,MXN,OP-229168,"March 13, 2016",N/A,N/A
banorte,647036.24,MXN,OP-971318,"October 18, 2016",N/A,N/A
grupo bimbo,8177981.11,USD,OP-334722,26-Sep-2021,N/A,N/A
GRUPO BIMBO,9913604.99,EUR,OP-622660,10-Apr-2020,N/A,N/A
GRUPO BIMBO,6258489.0,USD,OP-490413,"November 02, 2018",N/A,N/A
ALSEA,5678339.25,EUR,OP-182694,11/04/2018,N/A,N/A
GRUPO MÉXICO,6803588.6,EUR,OP-213915,11/01/2019,26-Feb-2023,1213
LIVERPOOL,256995.68,MXN,OP-727241,"October 11, 2020",N/A,N/A
grupo lala,3746788.83,MXN,OP-522741,"January 01, 2023",N/A,N/A
LIVERPOOL,2381581.18,MXN,OP-304653,08/07/2016,11/11/2022,2287
GRUPO BIMBO,5318865.24,USD,OP-191523,23/04/2025,N/A,N/A
LIVERPOOL,7263319.28,USD,OP-738273,2025-06-21,N/A,N/A
grupo carso,6676965.47,EUR,OP-734376,"September 21, 2019",N/A,N/A
telmex,2001492.22,USD,OP-617935,30/09/2016,26/11/2023,2613
banorte,2243830.36,MXN,OP-781452,03/04/2021,N/A,N/A
liverpool,5434677.62,EUR,OP-361814,10-Sep-2021,N/A,N/A
banorte,5552501.33,USD,OP-669006,2019-07-24,26-Aug-2024,1860
grupo carso,728747.5,USD,OP-917648,2016-09-03,16/03/2019,924
FEMSA,234141.07,USD,OP-960100,22/08/2025,N/A,N/A
TELMEX,8205678.33,MXN,OP-342383,2022-02-24,N/A,N/A
grupo carso,4290977.72,MXN,OP-243821,10-Aug-2018,"July 01, 2020",691
GRUPO MÉXICO,9907404.57,USD,OP-163740,08-Mar-2017,N/A,N/A
walmart de méxico,3624978.62,USD,OP-160564,14-May-2017,N/A,N/A
BANORTE,7207006.24,USD,OP-955316,28-Feb-2017,"April 15, 2021",1507
BANORTE,4318362.96,MXN,OP-622239,"August 14, 2024",N/A,N/A
GRUPO LALA,8303898.56,USD,OP-550078,"January 18, 2018",N/A,N/A
TELMEX,2805234.14,USD,OP-936071,01-Jun-2018,N/A,N/A
américa móvil,2674145.17,EUR,OP-554039,2017-04-12,09-May-2023,2218
grupo carso,3192066.81,MXN,OP-972745,2024-09-06,N/A,N/A
femsa,4172503.23,USD,OP-224509,"March 31, 2020",08-Jan-2025,1744
soriana,7853547.61,USD,OP-396182,"August 06, 2016","March 31, 2019",967
cemex,2505772.09,USD,OP-558702,2024-02-22,N/A,N/A
AMÉRICA MÓVIL,3306493.35,USD,OP-172578,18-Dec-2020,N/A,N/A
américa móvil,2188394.65,USD,OP-256072,07/05/2018,N/A,N/A
ALSEA,2936947.64,USD,OP-380515,"December 05, 2016",18/01/2024,2600
grupo lala,3975532.39,MXN,OP-863231,2019-10-16,N/A,N/A
BBVA MÉXICO,2090476.47,MXN,OP-430112,28/02/2016,2024-12-28,3226
américa móvil,4530943.78,EUR,OP-316501,13-Sep-2021,N/A,N/A
cemex,9385372.98,USD,OP-932092,"May 07, 2018","June 21, 2018",45
grupo lala,2167035.48,MXN,OP-413207,"September 15, 2020",N/A,N/A
cemex,2770708.25,MXN,OP-129581,2017-08-07,09/09/2018,398
grupo carso,1681770.84,MXN,OP-970815,25/12/2023,N/A,N/A
GRUPO MÉXICO,4770314.44,USD,OP-297080,07-Jul-2024,16/08/2024,40
AMÉRICA MÓVIL,713418.87,EUR,OP-297752,2025-02-23,N/A,N/A
PEMEX,5892179.29,MXN,OP-555259,"June 02, 2022",N/A,N/A
AMÉRICA MÓVIL,8428761.65,USD,OP-410478,29/12/2020,N/A,N/A
grupo lala,964943.11,USD,OP-351785,12-Nov-2015,"February 13, 2018",824
GRUPO LALA,9882222.72,EUR,OP-613559,04-Jun-2024,N/A,N/A
FEMSA,2057008.94,USD,OP-141947,2019-01-20,2021-08-30,953
ALSEA,6050503.16,USD,OP-745138,19-May-2019,2020-12-15,576
GRUPO MÉXICO,8168170.75,MXN,OP-653316,2018-09-04,2021-05-16,985
GRUPO BIMBO,3235127.9,USD,OP-626566,11/12/2016,N/A,N/A
alsea,6958972.82,USD,OP-384642,"April 07, 2016","March 09, 2020",1432
américa móvil,614805.56,MXN,OP-538144,"November 20, 2023",N/A,N/A
soriana,4127412.83,USD,OP-577625,04/12/2015,31/03/2025,3641
GRUPO LALA,4395021.48,EUR,OP-171084,06/11/2019,16-Mar-2020,279
grupo lala,3995222.44,USD,OP-762238,"November 18, 2018",N/A,N/A
grupo méxico,3674381.92,EUR,OP-569083,14/05/2021,"October 14, 2022",518
liverpool,8793905.55,MXN,OP-423448,26/07/2024,N/A,N/A
SORIANA,637822.63,MXN,OP-415987,"August 08, 2019",N/A,N/A
alsea,3408111.97,USD,OP-445568,22/04/2016,31/07/2016,100
WALMART DE MÉXICO,3579349.85,MXN,OP-816086,25-Jan-2023,N/A,N/A
femsa,862706.91,EUR,OP-525610,13-Oct-2019,N/A,N/A
LIVERPOOL,4051493.6,EUR,OP-316115,11-May-2016,2021-12-16,2045
américa móvil,7500034.51,EUR,OP-831416,17-Aug-2018,"August 10, 2025",2550
BBVA MÉXICO,6776515.19,USD,OP-885000,02-Aug-2023,N/A,N/A
pemex,3791819.36,EUR,OP-823581,2019-09-20,2020-06-09,263
alsea,6288798.62,MXN,OP-157673,"July 23, 2024",N/A,N/A
liverpool,7135640.58,EUR,OP-363766,2024-10-20,N/A,N/A
grupo méxico,7471460.16,EUR,OP-494479,07/08/2020,N/A,N/A
walmart de méxico,9586984.49,USD,OP-965754,"October 02, 2019",2023-06-14,1351
GRUPO BIMBO,3831179.74,USD,OP-409297,"April 03, 2023",N/A,N/A
grupo lala,2846464.87,EUR,OP-253244,2019-04-29,19-Nov-2020,570
BBVA MÉXICO,1676327.36,MXN,OP-387354,17/07/2020,25-Aug-2020,39
soriana,328762.58,USD,OP-432845,2019-03-02,N/A,N/A
FEMSA,4504864.89,MXN,OP-327145,"December 15, 2015","December 14, 2016",365
grupo méxico,7920613.98,EUR,OP-224576,2022-03-07,2024-11-02,971
ALSEA,6141906.82,USD,OP-841413,2019-01-02,N/A,N/A
PEMEX,9339697.75,MXN,OP-147623,13/04/2022,N/A,N/A
GRUPO LALA,3833556.84,USD,OP-372936,06-Jul-2016,15-Apr-2017,283
GRUPO LALA,2758442.89,MXN,OP-657724,"February 24, 2023",17/04/2023,52
grupo lala,3011208.13,USD,OP-525882,24/02/2023,N/A,N/A
TELMEX,3906234.05,MXN,OP-186386,04-Oct-2019,"May 28, 2023",1332
CEMEX,2868835.02,MXN,OP-749984,2016-05-02,01-Jan-2018,609
telmex,9387968.81,EUR,OP-415540,"June 29, 2019",N/A,N/A
bbva méxico,2153646.55,MXN,OP-348021,28-Dec-2023,N/A,N/A
TELMEX,6763899.37,USD,OP-950025,07-Jul-2021,N/A,N/A
grupo carso,7066635.88,EUR,OP-183445,2020-01-09,N/A,N/A
banorte,632466.95,MXN,OP-724034,13/11/2022,N/A,N/A
liverpool,6908930.13,EUR,OP-615625,2021-10-02,N/A,N/A
PEMEX,2996418.47,MXN,OP-951984,04/10/2022,N/A,N/A
PEMEX,9450626.49,USD,OP-322929,23-Jun-2020,N/A,N/A
bbva méxico,3822466.44,MXN,OP-632873,14/06/2021,N/A,N/A
TELMEX,5343596.99,EUR,OP-657896,"November 10, 2019",13/07/2024,1707
WALMART DE MÉXICO,3323990.09,USD,OP-526684,"December 22, 2024",N/A,N/A
alsea,554083.74,USD,OP-130296,04/01/2020,05-Mar-2021,338
soriana,3651213.56,MXN,OP-912575,"July 02, 2023",2023-10-16,106
WALMART DE MÉXICO,8108749.36,EUR,OP-434274,"October 12, 2015",21-Mar-2016,161
telmex,4462695.09,USD,OP-824575,2016-11-03,13/10/2020,1440
cemex,4985943.87,MXN,OP-558401,05/11/2023,N/A,N/A
grupo méxico,8270076.41,MXN,OP-976031,15-Apr-2023,N/A,N/A
BBVA MÉXICO,2226694.36,MXN,OP-343922,2020-05-31,N/A,N/A
GRUPO LALA,3175298.89,EUR,OP-163998,16/02/2018,N/A,N/A
AMÉRICA MÓVIL,4353353.89,EUR,OP-644395,27/11/2022,N/A,N/A
grupo lala,5556231.86,MXN,OP-677810,26-Oct-2017,N/A,N/A
walmart de méxico,3145171.52,USD,OP-337366,16-Jul-2018,28-Jun-2025,2539
alsea,6730726.69,USD,OP-987635,05-May-2021,N/A,N/A
PEMEX,6616592.12,USD,OP-264076,2019-03-22,N/A,N/A
GRUPO BIMBO,8759429.67,EUR,OP-911172,16/03/2021,11/12/2021,241
soriana,2221098.31,USD,OP-579958,"July 10, 2020",2024-11-01,1575
grupo carso,3049667.39,MXN,OP-572115,"October 23, 2022","August 22, 2025",1034
telmex,557834.67,MXN,OP-619081,02/08/2019,N/A,N/A
alsea,4542397.74,USD,OP-692291,"June 06, 2024",N/A,N/A
grupo méxico,8809646.2,USD,OP-115995,2021-09-18,2023-04-04,563
WALMART DE MÉXICO,9129273.87,USD,OP-895602,"September 08, 2015",2015-09-18,10
femsa,840013.07,USD,OP-701511,2018-11-23,"May 04, 2019",162
GRUPO LALA,8672920.16,MXN,OP-878315,2019-06-10,10-Nov-2019,153
banorte,8707955.53,MXN,OP-527875,26/03/2022,N/A,N/A
WALMART DE MÉXICO,2496977.94,MXN,OP-546962,2016-03-15,26-Mar-2018,741
banorte,4238006.67,MXN,OP-827683,19/06/2021,N/A,N/A
TELMEX,2535129.07,MXN,OP-426038,06-Jul-2024,N/A,N/A
CEMEX,2627776.28,EUR,OP-777753,13/06/2025,N/A,N/A
ALSEA,9074914.39,USD,OP-953286,29-Oct-2022,N/A,N/A
PEMEX,4004810.35,MXN,OP-647683,"December 07, 2023",N/A,N/A
soriana,3557745.47,EUR,OP-617631,13/11/2021,N/A,N/A
telmex,7032955.56,MXN,OP-594676,"June 26, 2017",N/A,N/A
walmart de méxico,3197829.5,EUR,OP-510705,10/12/2022,N/A,N/A
SORIANA,6144221.9,USD,OP-268647,29-Apr-2021,N/A,N/A
américa móvil,8959666.19,USD,OP-588186,"July 31, 2016",11-Dec-2017,498
grupo bimbo,1342696.86,MXN,OP-573334,2015-12-23,11-Apr-2022,2301
grupo bimbo,7934294.51,EUR,OP-381000,16-Dec-2016,N/A,N/A
ALSEA,2554394.39,USD,OP-152556,13/11/2024,N/A,N/A
FEMSA,8902190.39,USD,OP-119768,2019-05-17,"March 08, 2024",1757
banorte,6224128.65,EUR,OP-731128,2019-01-27,16-Mar-2020,414
CEMEX,5214531.97,EUR,OP-771155,2018-06-13,N/A,N/A
alsea,4127277.68,MXN,OP-281431,03-Mar-2016,N/A,N/A
CEMEX,1758386.23,EUR,OP-798688,30-Sep-2024,N/A,N/A
BANORTE,8652581.05,EUR,OP-640497,"July 02, 2019",13/11/2021,865
femsa,6717266.22,MXN,OP-306206,"February 01, 2018",N/A,N/A
GRUPO LALA,8956996.16,MXN,OP-532122,08-Jun-2022,N/A,N/A
GRUPO MÉXICO,4951006.94,EUR,OP-413047,2020-10-15,2022-02-05,478
FEMSA,9268300.41,MXN,OP-517319,"August 10, 2017",N/A,N/A
TELMEX,3194863.14,EUR,OP-413546,23/01/2025,N/A,N/A
GRUPO CARSO,5441155.9,USD,OP-880019,2016-02-04,10/04/2019,1338
soriana,6665556.59,EUR,OP-331369,2024-02-15,N/A,N/A
GRUPO LALA,7760213.11,EUR,OP-720770,2017-04-17,N/A,N/A
grupo carso,460627.11,USD,OP-994185,"November 18, 2016",2020-06-25,1315
telmex,8025254.26,MXN,OP-495357,2015-10-20,08/08/2017,658
bbva méxico,6164333.34,USD,OP-729783,2025-03-23,N/A,N/A
banorte,7537091.63,EUR,OP-568526,26/11/2020,"December 22, 2022",756
grupo méxico,4932952.49,EUR,OP-417518,2021-02-26,14-Dec-2024,1387
LIVERPOOL,256590.83,EUR,OP-975671,"June 09, 2024",N/A,N/A
ALSEA,4158322.83,USD,OP-585631,2024-01-14,N/A,N/A
PEMEX,8113106.62,EUR,OP-373026,2016-11-11,N/A,N/A
WALMART DE MÉXICO,2254851.1,USD,OP-743451,03-Feb-2018,N/A,N/A
WALMART DE MÉXICO,7802255.77,USD,OP-454166,23/10/2021,N/A,N/A
banorte,7434336.57,EUR,OP-374504,"September 26, 2017",N/A,N/A
GRUPO MÉXICO,4203217.49,MXN,OP-632681,"October 19, 2024",N/A,N/A
CEMEX,8458945.33,USD,OP-671732,06-Sep-2015,N/A,N/A
BANORTE,2834449.37,USD,OP-660958,04-Apr-2016,27/01/2019,1028
cemex,9393760.15,USD,OP-465138,14/05/2018,N/A,N/A
SORIANA,9684991.01,USD,OP-105558,2020-11-28,N/A,N/A
GRUPO CARSO,2766715.45,MXN,OP-860165,"July 14, 2018",2019-11-29,503
banorte,5418683.01,USD,OP-963185,"August 01, 2024",N/A,N/A
alsea,6614546.24,USD,OP-759533,2020-08-02,N/A,N/A
CEMEX,3805108.61,MXN,OP-461260,18-Feb-2021,2024-03-10,1116
grupo bimbo,6356939.33,MXN,OP-144677,2022-05-25,2022-07-11,47
FEMSA,3277013.57,EUR,OP-832152,2018-08-19,N/A,N/A
BBVA MÉXICO,9012913.23,EUR,OP-369287,16-Oct-2017,N/A,N/A
BBVA MÉXICO,2965550.23,USD,OP-594363,"April 11, 2021",N/A,N/A
CEMEX,4721336.39,EUR,OP-740647,06/11/2019,2020-02-28,262
TELMEX,3523488.63,MXN,OP-297912,01/02/2018,N/A,N/A
LIVERPOOL,6473498.39,MXN,OP-492242,"July 09, 2024",23/11/2024,137
AMÉRICA MÓVIL,1154510.95,EUR,OP-844087,2017-04-11,2025-08-05,3038
grupo méxico,3432280.95,MXN,OP-164077,2022-10-23,N/A,N/A
BBVA MÉXICO,5146257.62,USD,OP-825513,19-Dec-2019,N/A,N/A
BBVA MÉXICO,5100658.47,USD,OP-873153,27/08/2020,15-Dec-2020,110
LIVERPOOL,739218.01,EUR,OP-916613,2024-06-07,N/A,N/A
GRUPO CARSO,5180630.13,EUR,OP-507751,03/11/2024,N/A,N/A
BBVA MÉXICO,2220805.79,EUR,OP-731046,"April 21, 2021",08-Mar-2025,1417
banorte,829764.84,MXN,OP-136711,10/03/2023,N/A,N/A
GRUPO LALA,2824725.57,MXN,OP-588009,2022-01-19,N/A,N/A
TELMEX,2452899.06,MXN,OP-302609,17-Jul-2018,2018-09-01,46
soriana,1846057.25,USD,OP-584153,"August 23, 2024",N/A,N/A
telmex,4867248.64,MXN,OP-649264,2024-03-23,"April 23, 2024",31
FEMSA,3750740.24,USD,OP-358515,2016-05-02,14-Feb-2023,2479
BANORTE,460252.73,USD,OP-146537,23-Sep-2024,N/A,N/A
TELMEX,3331679.84,MXN,OP-414648,2022-10-21,N/A,N/A
banorte,8348937.4,MXN,OP-702449,26/10/2022,2024-10-22,727
ALSEA,6849940.04,MXN,OP-404254,06/11/2021,N/A,N/A
grupo méxico,4317335.03,MXN,OP-468395,15/07/2019,2022-04-10,1000
grupo lala,6235022.0,USD,OP-143386,2024-07-16,N/A,N/A
pemex,8245033.61,USD,OP-587809,"April 25, 2025",N/A,N/A
liverpool,5761698.46,EUR,OP-656104,22/05/2024,N/A,N/A
BANORTE,6661475.64,MXN,OP-193481,"November 08, 2020",N/A,N/A
WALMART DE MÉXICO,2956248.72,MXN,OP-139719,"March 19, 2019",N/A,N/A
FEMSA,7924495.6,MXN,OP-683744,2020-03-22,2020-12-26,279
grupo carso,4421023.61,MXN,OP-855283,2015-12-22,N/A,N/A
grupo carso,4708147.04,MXN,OP-613898,14/05/2018,N/A,N/A
ALSEA,1971859.78,USD,OP-598850,"April 24, 2020","June 07, 2021",409
FEMSA,9373302.44,EUR,OP-265327,2024-04-13,N/A,N/A
telmex,8735651.26,EUR,OP-866060,2018-11-01,N/A,N/A
GRUPO MÉXICO,9398770.3,EUR,OP-806637,15/07/2021,N/A,N/A
grupo lala,738234.26,EUR,OP-999436,2016-04-07,06/10/2024,2986
grupo carso,9399242.68,EUR,OP-655977,2018-07-25,09/12/2022,1510
grupo bimbo,9595213.57,EUR,OP-891524,17/08/2020,N/A,N/A
grupo bimbo,6172369.69,EUR,OP-137166,2018-09-23,"November 02, 2022",1501
WALMART DE MÉXICO,665600.66,MXN,OP-724786,"May 28, 2020",N/A,N/A
TELMEX,7684907.59,MXN,OP-293164,"December 14, 2015",N/A,N/A
cemex,6296599.42,MXN,OP-364707,2022-02-03,09-Feb-2024,736
PEMEX,7714540.22,EUR,OP-969835,22/03/2023,2023-04-14,23
banorte,3007678.99,MXN,OP-564470,"August 20, 2018",05-Feb-2022,1265
alsea,4149737.27,MXN,OP-138194,2016-08-27,N/A,N/A
femsa,6668716.44,EUR,OP-689474,08-Oct-2024,N/A,N/A
grupo lala,9019878.5,USD,OP-183288,11/04/2024,N/A,N/A
FEMSA,8303616.13,USD,OP-265384,2024-04-26,N/A,N/A
cemex,605526.03,EUR,OP-135769,19/07/2023,N/A,N/A
WALMART DE MÉXICO,6928796.83,EUR,OP-324118,09-Feb-2023,N/A,N/A
américa móvil,2702381.88,MXN,OP-387955,"November 01, 2019",12-Mar-2021,497
BANORTE,7742072.25,USD,OP-557350,"August 05, 2024",N/A,N/A
GRUPO MÉXICO,9968828.3,EUR,OP-634580,23-Jun-2021,N/A,N/A
GRUPO LALA,1249723.22,MXN,OP-230056,13/02/2021,N/A,N/A
femsa,8018920.31,MXN,OP-978367,2018-08-31,N/A,N/A
CEMEX,2319989.24,EUR,OP-434998,04-Jun-2022,N/A,N/A
walmart de méxico,2481902.39,MXN,OP-666149,2016-08-24,09/05/2019,1107
WALMART DE MÉXICO,9017274.38,MXN,OP-770941,05/06/2016,23-Mar-2024,2878
BBVA MÉXICO,2672672.16,USD,OP-723491,28/09/2015,"April 04, 2018",919
WALMART DE MÉXICO,9595706.79,USD,OP-837210,29-Jul-2018,19/08/2019,386
GRUPO CARSO,7739936.05,EUR,OP-448112,28/12/2017,N/A,N/A
cemex,3181700.11,USD,OP-499789,2023-11-28,N/A,N/A
GRUPO MÉXICO,6080262.05,USD,OP-853403,05-Aug-2018,"March 22, 2020",595
bbva méxico,8202863.68,EUR,OP-260731,"January 17, 2017",20/02/2024,2590
AMÉRICA MÓVIL,5523526.87,MXN,OP-891494,31/05/2016,2019-09-27,1214
FEMSA,2401602.13,EUR,OP-893200,07-Oct-2021,"July 11, 2025",1373
WALMART DE MÉXICO,3032360.89,MXN,OP-198342,29/01/2021,N/A,N/A
grupo bimbo,961541.45,USD,OP-596042,03/05/2024,N/A,N/A
CEMEX,8986422.47,MXN,OP-651899,10-Oct-2016,N/A,N/A
femsa,1444661.61,USD,OP-802063,"June 18, 2018",16-May-2022,1428
pemex,2119486.62,MXN,OP-499209,"September 26, 2018",27/09/2021,1097
GRUPO BIMBO,8044203.01,EUR,OP-410680,"February 03, 2022",N/A,N/A
alsea,2032121.46,EUR,OP-615945,27/10/2017,22/12/2023,2247
américa móvil,674907.91,USD,OP-873338,09-Jun-2019,N/A,N/A
CEMEX,2588497.46,MXN,OP-137543,2017-02-08,N/A,N/A
SORIANA,6005318.55,EUR,OP-502935,02-Jul-2017,2023-07-06,2195
banorte,4598919.74,USD,OP-718216,11/06/2021,N/A,N/A
soriana,1869727.9,USD,OP-342905,2017-05-13,N/A,N/A
grupo lala,2265487.39,MXN,OP-871689,"February 19, 2025",N/A,N/A
cemex,343643.24,MXN,OP-580819,19-Jan-2021,"March 19, 2022",424
BANORTE,1013307.5,MXN,OP-350590,2025-07-05,N/A,N/A
telmex,9437835.9,MXN,OP-929090,2015-09-04,"October 16, 2017",773
grupo carso,4773863.34,EUR,OP-209758,23-Sep-2021,N/A,N/A
BANORTE,8894708.45,EUR,OP-790666,2024-10-04,N/A,N/A
GRUPO MÉXICO,2611565.31,USD,OP-176301,2016-04-22,N/A,N/A
grupo carso,1293787.3,MXN,OP-945856,06/06/2016,"January 24, 2025",3154
BANORTE,8712033.27,USD,OP-543857,13/08/2021,14-Jun-2024,1036
américa móvil,1135539.8,MXN,OP-522704,2019-12-17,N/A,N/A
alsea,425979.01,MXN,OP-779919,2017-05-11,N/A,N/A
grupo lala,2808914.15,EUR,OP-343725,"June 04, 2024",N/A,N/A
BBVA MÉXICO,6372314.09,MXN,OP-341811,02/11/2019,N/A,N/A
PEMEX,5236748.12,USD,OP-917877,"July 16, 2025",N/A,N/A
pemex,9561124.44,EUR,OP-599212,11/05/2017,"March 21, 2024",2328
AMÉRICA MÓVIL,8809441.26,EUR,OP-766390,05-Sep-2017,N/A,N/A
GRUPO BIMBO,2671719.01,USD,OP-403404,04/07/2022,N/A,N/A
BANORTE,8862237.72,USD,OP-200543,2017-07-11,20-Mar-2022,1713
banorte,7018724.5,EUR,OP-196335,27/05/2017,N/A,N/A
telmex,2887789.47,MXN,OP-569849,"June 18, 2018","February 03, 2019",230
banorte,5386752.31,EUR,OP-189923,2020-07-25,N/A,N/A
banorte,7271884.44,USD,OP-807026,2025-06-12,N/A,N/A
BANORTE,6709983.63,EUR,OP-353963,12/11/2021,N/A,N/A
soriana,5628244.58,EUR,OP-126513,30/06/2025,N/A,N/A
grupo lala,5266937.29,USD,OP-292887,19-May-2024,N/A,N/A
grupo carso,6628531.79,EUR,OP-490718,09/02/2023,N/A,N/A
walmart de méxico,3483288.63,EUR,OP-913049,17/03/2021,11-Jun-2023,816
bbva méxico,3716007.85,MXN,OP-660645,2025-07-21,N/A,N/A
FEMSA,4406515.3,EUR,OP-183703,"December 27, 2019",N/A,N/A
bbva méxico,2260301.35,MXN,OP-663052,2018-07-19,"February 28, 2021",955
grupo méxico,7192819.8,USD,OP-685394,"March 19, 2020",N/A,N/A
liverpool,7916768.95,USD,OP-846556,27/02/2023,N/A,N/A
CEMEX,5338324.15,USD,OP-242343,31/12/2015,03/02/2017,427
cemex,7441922.75,EUR,OP-901837,"February 06, 2021",25/04/2021,78
AMÉRICA MÓVIL,5617738.74,MXN,OP-641590,17/10/2021,N/A,N/A
américa móvil,4928183.21,EUR,OP-498296,03-Jan-2024,N/A,N/A
grupo carso,5512698.2,USD,OP-638178,02/08/2018,18-Aug-2018,191
grupo lala,9863394.36,EUR,OP-755554,2017-02-19,2023-01-16,2157
alsea,6852979.72,MXN,OP-500727,2016-02-05,09-Feb-2024,2926
walmart de méxico,9639648.45,MXN,OP-323091,2023-07-11,N/A,N/A
soriana,1861759.74,MXN,OP-422904,16/07/2022,N/A,N/A
WALMART DE MÉXICO,3436820.28,MXN,OP-803498,22/02/2022,N/A,N/A
grupo lala,2931161.01,MXN,OP-801108,"April 05, 2025",N/A,N/A
GRUPO MÉXICO,1068882.65,USD,OP-507474,"January 01, 2017",N/A,N/A
SORIANA,7539611.11,EUR,OP-298691,28-Apr-2022,N/A,N/A
alsea,6838498.97,MXN,OP-775235,18-Jan-2016,2021-06-07,1967
pemex,3158272.06,MXN,OP-622438,2023-06-04,N/A,N/A
FEMSA,5895676.24,USD,OP-370140,2024-05-13,N/A,N/A
telmex,7833208.67,EUR,OP-954908,"April 21, 2024",N/A,N/A
SORIANA,3571554.27,USD,OP-975721,31-Mar-2020,22-Sep-2022,905
soriana,4880796.56,EUR,OP-552545,2024-02-15,2024-10-01,229
grupo méxico,7212701.65,USD,OP-266192,"November 15, 2018",N/A,N/A
TELMEX,1836158.15,USD,OP-598650,"April 28, 2023",N/A,N/A
alsea,3637270.12,MXN,OP-326069,04-Apr-2019,2025-06-07,2256
bbva méxico,2472231.54,EUR,OP-565423,01/09/2022,N/A,N/A
grupo bimbo,3990062.03,EUR,OP-650116,2021-11-21,N/A,N/A
liverpool,7692486.01,MXN,OP-588255,25/12/2016,N/A,N/A
AMÉRICA MÓVIL,6039878.9,EUR,OP-787047,"February 16, 2018","March 08, 2020",751
LIVERPOOL,319499.78,MXN,OP-551252,14/09/2024,N/A,N/A
FEMSA,1631046.01,USD,OP-145412,2019-02-14,N/A,N/A
femsa,1794101.25,MXN,OP-449813,24/06/2019,N/A,N/A
FEMSA,4231510.32,USD,OP-494580,2024-05-12,N/A,N/A
grupo lala,6823083.87,MXN,OP-800011,12-Aug-2020,20/12/2020,130
grupo lala,3405194.1,EUR,OP-983076,"August 21, 2018",06/04/2021,1018
BANORTE,8259376.39,USD,OP-806360,23/03/2017,16-Oct-2023,2398
ALSEA,9322770.43,EUR,OP-995481,2023-01-10,N/A,N/A
grupo lala,2370715.34,MXN,OP-560454,"December 26, 2020",N/A,N/A
ALSEA,6747024.0,MXN,OP-750471,23/06/2016,N/A,N/A
BANORTE,3729637.12,EUR,OP-353584,2018-01-12,"September 17, 2019",613
PEMEX,2902241.6,USD,OP-188155,04-Jun-2024,N/A,N/A
GRUPO MÉXICO,3176182.59,EUR,OP-286794,"December 15, 2022",N/A,N/A
grupo méxico,9874288.08,EUR,OP-794205,04/02/2025,N/A,N/A
AMÉRICA MÓVIL,4153967.66,MXN,OP-592792,"April 08, 2020",2022-07-12,825
américa móvil,8740131.71,MXN,OP-988733,"January 16, 2017",N/A,N/A
TELMEX,7897191.92,EUR,OP-633139,2020-09-10,28/10/2022,778
alsea,7865435.07,EUR,OP-230110,2017-12-13,N/A,N/A
grupo lala,4185532.65,USD,OP-223129,28-Aug-2023,N/A,N/A
banorte,2261323.94,USD,OP-434537,2017-03-11,N/A,N/A
soriana,9040728.06,MXN,OP-413461,30-Nov-2016,2022-05-31,2008
bbva méxico,2597938.09,USD,OP-247806,27-Apr-2024,N/A,N/A
grupo méxico,7604005.3,EUR,OP-861549,"December 29, 2019",N/A,N/A
PEMEX,3439063.28,USD,OP-783060,2023-12-20,18/12/2024,364
FEMSA,9774557.47,USD,OP-255888,08-Mar-2019,N/A,N/A
SORIANA,6138785.33,MXN,OP-283939,22/10/2019,02-Nov-2020,377
liverpool,2734584.54,USD,OP-842919,13/04/2024,N/A,N/A
TELMEX,568713.86,EUR,OP-553211,2025-01-02,N/A,N/A
FEMSA,9809391.65,MXN,OP-507249,"March 30, 2019",20-Aug-2025,2335
bbva méxico,4353620.29,USD,OP-385779,2024-10-31,N/A,N/A
grupo bimbo,7398000.32,EUR,OP-517103,"December 21, 2019",N/A,N/A
FEMSA,9997625.86,EUR,OP-270749,28-Feb-2019,N/A,N/A
GRUPO CARSO,2002404.31,MXN,OP-412224,08-Dec-2023,N/A,N/A
soriana,6703865.43,EUR,OP-299630,"January 17, 2021",N/A,N/A
femsa,4818046.97,USD,OP-380725,22-May-2025,N/A,N/A
LIVERPOOL,7753331.38,USD,OP-891766,14/10/2020,"March 23, 2025",1621
CEMEX,3031614.73,MXN,OP-183131,29/06/2016,N/A,N/A
ALSEA,7050725.72,USD,OP-600647,"November 19, 2018",N/A,N/A
BBVA MÉXICO,2933364.36,MXN,OP-144533,"July 23, 2025",N/A,N/A
GRUPO LALA,1109041.29,EUR,OP-789371,2020-04-05,2021-06-26,447
femsa,3197685.2,USD,OP-572373,27/04/2016,N/A,N/A
soriana,9486201.14,MXN,OP-352355,18-Sep-2024,N/A,N/A
grupo carso,8871806.15,USD,OP-456592,26-Dec-2017,20/07/2021,1302
BBVA MÉXICO,2501680.18,EUR,OP-750118,08-Dec-2024,N/A,N/A
GRUPO CARSO,6563449.35,MXN,OP-117278,22/04/2025,N/A,N/A
FEMSA,7296498.77,MXN,OP-911109,2017-08-24,17/05/2018,266
SORIANA,8301530.87,EUR,OP-829276,11/02/2018,N/A,N/A
grupo méxico,4122261.57,MXN,OP-567993,2022-07-29,31-Jul-2024,733
GRUPO LALA,3672103.72,USD,OP-514300,2021-06-27,N/A,N/A
SORIANA,7150958.82,MXN,OP-237700,19-Jun-2021,N/A,N/A
GRUPO MÉXICO,3110158.37,EUR,OP-306291,2020-07-23,20/01/2022,546
grupo lala,9484969.52,USD,OP-780290,2023-04-01,N/A,N/A
américa móvil,8302431.25,EUR,OP-419836,"October 03, 2021",N/A,N/A
femsa,4813827.33,EUR,OP-180411,"May 08, 2024",N/A,N/A
liverpool,949072.95,USD,OP-890603,15-Apr-2020,N/A,N/A
TELMEX,7275064.07,EUR,OP-864735,26/07/2025,N/A,N/A
alsea,331426.41,EUR,OP-882504,24/09/2015,06/02/2017,617
GRUPO LALA,1658129.89,MXN,OP-140248,21/02/2022,N/A,N/A
GRUPO CARSO,4741900.2,EUR,OP-463668,2020-04-21,N/A,N/A
telmex,1019719.79,MXN,OP-415272,"November 07, 2020",N/A,N/A
AMÉRICA MÓVIL,2102544.92,MXN,OP-102613,2018-10-21,N/A,N/A
pemex,1592021.17,USD,OP-744888,14/09/2020,N/A,N/A
FEMSA,5781468.43,EUR,OP-493781,04/02/2016,N/A,N/A
femsa,2156951.96,MXN,OP-910307,27/08/2024,N/A,N/A
WALMART DE MÉXICO,9895203.19,USD,OP-664122,08/02/2021,"December 16, 2024",1232
GRUPO BIMBO,4413801.09,MXN,OP-976725,18/11/2019,31/12/2020,409
grupo carso,630463.7,EUR,OP-694060,2015-11-21,05/09/2018,900
femsa,2658367.9,MXN,OP-953830,2023-02-27,N/A,N/A
TELMEX,2323479.11,USD,OP-172257,"July 11, 2022",N/A,N/A
banorte,1237470.58,EUR,OP-227714,05-Jan-2017,10/01/2025,3191
BANORTE,5140036.63,EUR,OP-889611,17/02/2022,23/10/2023,613
PEMEX,9717674.29,USD,OP-414898,"April 20, 2023",N/A,N/A
TELMEX,2768982.5,MXN,OP-341513,05/12/2019,27-Dec-2020,595
PEMEX,2504493.63,USD,OP-383752,17/09/2021,22/03/2025,1282
TELMEX,1711043.98,EUR,OP-242199,"August 23, 2025",N/A,N/A
FEMSA,2376761.83,USD,OP-776345,2020-07-09,N/A,N/A
grupo méxico,3262897.9,EUR,OP-143742,"November 28, 2018",N/A,N/A
pemex,8584364.3,EUR,OP-309993,20-Oct-2017,N/A,N/A
pemex,4133342.53,USD,OP-125665,2020-02-19,18-Feb-2021,365
SORIANA,5116323.65,MXN,OP-575781,2021-04-15,N/A,N/A
AMÉRICA MÓVIL,7584995.34,USD,OP-814435,18-Oct-2018,"May 25, 2023",1680
GRUPO BIMBO,549364.91,EUR,OP-174153,"May 27, 2020",2023-02-17,996
cemex,9775709.5,EUR,OP-930107,27/04/2023,N/A,N/A
soriana,7094494.71,EUR,OP-921602,2016-08-19,19-Aug-2020,1461
FEMSA,8854693.81,MXN,OP-965205,18-Oct-2021,N/A,N/A
bbva méxico,8214365.49,MXN,OP-947661,11-Sep-2020,22/09/2023,1106
AMÉRICA MÓVIL,9352423.99,EUR,OP-438006,2021-09-25,N/A,N/A
grupo lala,2505282.28,USD,OP-276847,"December 30, 2017","July 18, 2021",1296
liverpool,5557783.02,USD,OP-279560,2024-04-28,N/A,N/A
grupo bimbo,9869691.08,USD,OP-566777,"August 06, 2017",2022-11-19,1931
banorte,150240.21,USD,OP-637835,27/08/2022,2023-05-02,248
telmex,8717864.92,MXN,OP-156019,2023-11-13,16/04/2025,520
GRUPO BIMBO,9070419.57,MXN,OP-734638,21-Jun-2019,N/A,N/A
PEMEX,7076142.85,MXN,OP-351565,2020-08-28,N/A,N/A
liverpool,376610.84,USD,OP-935961,2019-08-16,N/A,N/A
grupo carso,7485444.16,MXN,OP-845518,2022-05-22,N/A,N/A
telmex,5910744.27,USD,OP-874819,2021-10-25,N/A,N/A
liverpool,1018918.16,USD,OP-306071,28/09/2022,N/A,N/A
FEMSA,5503143.58,EUR,OP-591603,08-Jun-2023,21-Oct-2024,501
TELMEX,9251874.98,USD,OP-109821,26-Oct-2021,N/A,N/A
pemex,7361783.01,EUR,OP-779904,"August 08, 2016",N/A,N/A
SORIANA,3555235.24,MXN,OP-615968,06-May-2023,N/A,N/A
ALSEA,4982288.3,MXN,OP-665665,21-Mar-2022,N/A,N/A
WALMART DE MÉXICO,6817143.6,USD,OP-985530,2017-06-03,N/A,N/A
grupo bimbo,1049766.33,USD,OP-567123,22/07/2023,N/A,N/A
SORIANA,5563053.85,MXN,OP-328768,2022-08-28,N/A,N/A
GRUPO MÉXICO,2150254.52,USD,OP-119820,"October 20, 2015",N/A,N/A
FEMSA,8348935.08,MXN,OP-571333,"October 23, 2022",N/A,N/A
liverpool,9810388.15,USD,OP-723934,2016-01-24,12-Dec-2023,2879
ALSEA,2634029.92,USD,OP-350565,2023-12-27,N/A,N/A
BBVA MÉXICO,3952506.8,EUR,OP-649901,02/04/2020,N/A,N/A
AMÉRICA MÓVIL,7563035.97,EUR,OP-569159,01-Jul-2017,N/A,N/A
pemex,3555303.52,USD,OP-808144,"April 03, 2016",2024-06-20,3000
GRUPO BIMBO,8907007.13,EUR,OP-981578,25/12/2022,N/A,N/A
TELMEX,7579567.42,USD,OP-572794,2022-05-12,N/A,N/A
femsa,6170383.31,USD,OP-247966,06/01/2020,N/A,N/A
bbva méxico,2715061.68,USD,OP-877914,20-Apr-2023,N/A,N/A
grupo méxico,491639.56,EUR,OP-595763,"August 23, 2017",2019-02-16,542
FEMSA,3528084.26,MXN,OP-778132,"May 05, 2020",N/A,N/A
GRUPO LALA,8276685.42,USD,OP-898766,05/07/2023,N/A,N/A
walmart de méxico,5575536.17,MXN,OP-198310,2016-04-02,"June 20, 2017",444
grupo lala,7525965.34,EUR,OP-531430,"December 05, 2023",N/A,N/A
GRUPO BIMBO,9799649.33,USD,OP-849339,08-Aug-2020,02/06/2022,547
bbva méxico,4489163.73,EUR,OP-648898,04-Feb-2021,08/03/2024,1276
walmart de méxico,2456886.54,MXN,OP-707986,06/12/2015,N/A,N/A
SORIANA,7633073.18,EUR,OP-875690,2020-12-14,N/A,N/A
grupo carso,3558378.11,USD,OP-436618,"September 27, 2015","June 03, 2024",3172
walmart de méxico,4091352.9,EUR,OP-357948,2022-11-05,N/A,N/A
GRUPO BIMBO,8827285.51,USD,OP-645425,29/01/2023,31/03/2025,792
liverpool,7521122.46,USD,OP-356964,2019-05-05,N/A,N/A
GRUPO CARSO,912216.39,MXN,OP-156875,"November 18, 2017",23-Apr-2024,2348
LIVERPOOL,9820664.26,USD,OP-439745,2024-02-07,N/A,N/A
liverpool,2812909.57,USD,OP-934368,05/11/2018,N/A,N/A
soriana,1055501.01,EUR,OP-817417,08/08/2020,2021-11-28,477
banorte,5221425.26,EUR,OP-669500,24/06/2017,08/09/2024,2603
AMÉRICA MÓVIL,640697.98,MXN,OP-557243,2016-09-23,2024-11-01,2961
telmex,8617677.45,MXN,OP-451284,"October 03, 2016",18-Feb-2017,138
liverpool,3246294.99,EUR,OP-538814,30-Dec-2017,17-May-2024,2330
PEMEX,6080859.22,EUR,OP-682616,2022-10-23,"March 07, 2024",501
pemex,4651432.97,USD,OP-982213,2024-05-15,N/A,N/A
GRUPO LALA,247186.26,EUR,OP-730646,2020-08-13,N/A,N/A
SORIANA,1202316.44,MXN,OP-386196,20/10/2017,"January 22, 2023",1920
alsea,5717484.86,EUR,OP-222119,18-Jun-2024,N/A,N/A
AMÉRICA MÓVIL,4173692.37,MXN,OP-788277,"June 14, 2023",N/A,N/A
BBVA MÉXICO,3988585.36,MXN,OP-133590,"May 18, 2020",N/A,N/A
PEMEX,7337438.86,MXN,OP-624192,2017-01-22,22-Jun-2025,3073
cemex,2848677.47,MXN,OP-542759,"April 03, 2018",N/A,N/A
américa móvil,6906683.37,USD,OP-215243,"June 09, 2016",27-May-2018,717
bbva méxico,4301507.55,EUR,OP-181241,"June 11, 2017",17-Mar-2025,2836
SORIANA,5898354.02,EUR,OP-541905,24-Nov-2016,N/A,N/A
alsea,8888099.47,EUR,OP-283784,09-Oct-2015,2017-06-09,609
walmart de méxico,6386087.8,USD,OP-178017,03-Nov-2019,N/A,N/A
telmex,1476294.75,MXN,OP-954518,03/09/2017,12-Apr-2022,1860
pemex,3302119.26,EUR,OP-795576,"August 29, 2018",N/A,N/A
grupo bimbo,7683434.93,EUR,OP-403241,24-Feb-2019,N/A,N/A
AMÉRICA MÓVIL,5030506.27,EUR,OP-194258,17-Aug-2016,16/06/2021,1764
GRUPO CARSO,9163028.51,USD,OP-238263,25-Dec-2023,N/A,N/A
GRUPO MÉXICO,1845148.12,EUR,OP-908399,2019-11-11,N/A,N/A
cemex,8623539.23,MXN,OP-553842,"January 02, 2018",N/A,N/A
ALSEA,7687975.55,EUR,OP-374180,25-Oct-2024,N/A,N/A
SORIANA,5173920.19,MXN,OP-997020,"November 08, 2021",2024-05-25,929
femsa,7643213.86,EUR,OP-726860,"January 23, 2017",2021-07-24,1643
pemex,6056791.23,USD,OP-702822,2017-12-09,N/A,N/A
SORIANA,8018708.58,EUR,OP-688171,"February 06, 2017",N/A,N/A
BANORTE,6566463.7,MXN,OP-928647,"August 23, 2023",N/A,N/A
SORIANA,3201976.02,USD,OP-223017,10/07/2025,N/A,N/A
cemex,2480170.97,MXN,OP-854018,02/03/2023,N/A,N/A
banorte,3201375.08,USD,OP-266105,2020-01-20,01/01/2024,1442
GRUPO LALA,9822786.08,USD,OP-141976,2019-07-08,17-Dec-2019,162
femsa,4683445.89,USD,OP-829614,31-Jan-2025,N/A,N/A
GRUPO MÉXICO,6579530.48,MXN,OP-501793,2016-01-20,29/04/2020,1561
pemex,9050091.67,USD,OP-836732,"January 24, 2020","September 17, 2024",1698
telmex,9919518.54,USD,OP-935078,02/06/2017,N/A,N/A
BBVA MÉXICO,5446293.75,EUR,OP-296364,"April 23, 2017","May 13, 2025",2942
AMÉRICA MÓVIL,6945191.55,EUR,OP-686657,2024-02-11,N/A,N/A
walmart de méxico,5209222.26,EUR,OP-772233,13/08/2024,N/A,N/A
WALMART DE MÉXICO,6025509.08,EUR,OP-330789,08-Feb-2023,N/A,N/A
GRUPO BIMBO,7417161.52,USD,OP-441943,"December 26, 2021",N/A,N/A
CEMEX,3769649.57,EUR,OP-984515,"March 29, 2024",N/A,N/A
liverpool,5294641.78,USD,OP-354896,10-Oct-2022,N/A,N/A
soriana,1396637.67,USD,OP-440778,2018-03-14,"April 10, 2022",1488
grupo bimbo,841833.59,EUR,OP-701322,"April 10, 2019",01/08/2022,1004
cemex,9339374.4,MXN,OP-803100,2016-01-03,"November 10, 2019",1407
alsea,6855319.94,MXN,OP-704521,"March 10, 2022",N/A,N/A
banorte,3097872.55,MXN,OP-745026,2019-05-02,N/A,N/A
GRUPO LALA,3131153.88,USD,OP-945165,2020-07-15,"September 19, 2020",66
liverpool,6773275.43,MXN,OP-946835,26/09/2017,"January 29, 2023",1951
PEMEX,1612242.92,MXN,OP-420852,13-Jan-2022,N/A,N/A
telmex,4497258.0,MXN,OP-901921,12-Feb-2018,N/A,N/A
ALSEA,7314019.48,USD,OP-652714,2025-07-20,N/A,N/A
alsea,8868601.04,EUR,OP-674092,2019-04-03,N/A,N/A
ALSEA,8862266.3,USD,OP-317012,18/07/2016,N/A,N/A
FEMSA,2607104.11,EUR,OP-474809,"March 13, 2016","April 15, 2018",763
GRUPO BIMBO,179466.27,MXN,OP-970812,2016-04-29,N/A,N/A
BBVA MÉXICO,7599696.76,USD,OP-630860,25/07/2025,N/A,N/A
SORIANA,2141129.09,EUR,OP-245260,18/02/2021,"April 28, 2023",799
grupo bimbo,7816676.86,EUR,OP-420877,"March 12, 2022",N/A,N/A
grupo carso,9037820.01,EUR,OP-153937,"March 25, 2020","April 30, 2022",766
GRUPO MÉXICO,8637666.91,EUR,OP-829874,29/04/2016,"September 18, 2024",3064
CEMEX,8794536.11,MXN,OP-106066,"April 13, 2018",N/A,N/A
AMÉRICA MÓVIL,6056532.54,USD,OP-441652,2017-02-05,28/03/2018,416
femsa,2015006.63,USD,OP-777835,2022-04-15,N/A,N/A
PEMEX,8391223.47,EUR,OP-333242,26-Jan-2019,N/A,N/A
AMÉRICA MÓVIL,3332827.99,USD,OP-434826,2021-10-06,N/A,N/A
grupo méxico,3247355.46,USD,OP-190321,"December 25, 2024",N/A,N/A
GRUPO BIMBO,4893519.89,EUR,OP-534961,"May 22, 2019",N/A,N/A
BBVA MÉXICO,7380172.4,USD,OP-425438,20-Jul-2025,N/A,N/A
bbva méxico,2492691.96,MXN,OP-976785,2019-05-31,N/A,N/A
grupo lala,7829239.76,USD,OP-628675,22-Apr-2023,N/A,N/A
pemex,8340480.09,MXN,OP-790641,2018-03-12,"April 09, 2021",1124
walmart de méxico,6107827.2,USD,OP-904537,2023-12-19,N/A,N/A
PEMEX,2366243.98,MXN,OP-410056,"July 10, 2021",N/A,N/A
soriana,4923391.33,MXN,OP-544104,13/03/2016,N/A,N/A
BANORTE,6033309.2,MXN,OP-923473,"April 15, 2020",N/A,N/A
femsa,9537055.23,USD,OP-509209,23/06/2023,16-Apr-2024,298
grupo méxico,231523.55,EUR,OP-105918,22/07/2017,24-Jul-2023,2193
GRUPO BIMBO,4743647.72,EUR,OP-566732,2025-06-25,N/A,N/A
pemex,8630545.19,MXN,OP-829611,"April 22, 2017","October 17, 2019",908
alsea,1314655.19,USD,OP-775327,18/08/2020,N/A,N/A
liverpool,5287034.0,USD,OP-489463,2024-02-20,N/A,N/A
liverpool,5048186.32,EUR,OP-239800,03-Dec-2023,04-Feb-2024,63
grupo lala,7246263.65,USD,OP-644490,2020-05-21,N/A,N/A
femsa,6355970.27,EUR,OP-148138,"November 30, 2016",28/03/2022,1944
bbva méxico,4432954.86,USD,OP-738794,24-Nov-2021,"July 07, 2022",225
GRUPO CARSO,1560144.4,EUR,OP-528249,2023-08-01,N/A,N/A
GRUPO BIMBO,8961410.58,MXN,OP-608521,04/08/2024,N/A,N/A
américa móvil,460977.19,USD,OP-716925,10/07/2017,2023-09-05,2159
femsa,2709296.95,MXN,OP-625428,"April 05, 2017",08/08/2017,125
ALSEA,9891651.81,USD,OP-999043,10-Sep-2023,N/A,N/A
telmex,5036843.06,EUR,OP-759454,11/10/2019,N/A,N/A
walmart de méxico,5266288.15,USD,OP-192023,05/06/2024,N/A,N/A
PEMEX,326888.3,USD,OP-709507,"January 20, 2019",N/A,N/A
grupo carso,3408571.94,MXN,OP-826304,23-Mar-2024,10/01/2024,192
AMÉRICA MÓVIL,1668306.6,EUR,OP-859449,2022-10-13,08/12/2023,303
GRUPO CARSO,2507644.54,EUR,OP-629333,30-Apr-2025,N/A,N/A
grupo bimbo,6323600.47,MXN,OP-912973,17-Jan-2024,N/A,N/A
pemex,8079094.18,EUR,OP-390610,11-Apr-2024,N/A,N/A
TELMEX,711025.15,EUR,OP-301340,2016-03-13,2020-08-05,1606
TELMEX,892758.35,MXN,OP-922161,2018-03-07,N/A,N/A
GRUPO MÉXICO,4435179.73,MXN,OP-355196,2022-06-01,24-May-2023,357
grupo lala,3973881.69,MXN,OP-805609,13-Oct-2015,N/A,N/A
PEMEX,1925162.06,USD,OP-678979,2018-06-15,2019-09-29,471
GRUPO BIMBO,5800843.33,USD,OP-310188,2022-12-21,N/A,N/A
grupo bimbo,193388.03,USD,OP-202585,2023-04-01,08/10/2023,131
femsa,5761287.18,MXN,OP-919500,22-Feb-2019,N/A,N/A
GRUPO MÉXICO,6794762.46,EUR,OP-662451,30/06/2017,20/02/2021,1331
GRUPO BIMBO,3708783.91,EUR,OP-256428,"August 13, 2022",N/A,N/A
BBVA MÉXICO,4604550.38,USD,OP-428074,06-Feb-2022,N/A,N/A
LIVERPOOL,3700718.71,USD,OP-176072,24/03/2019,N/A,N/A
BANORTE,3414772.44,MXN,OP-603138,06-Sep-2024,N/A,N/A
ALSEA,8262885.51,EUR,OP-705065,"October 02, 2022",N/A,N/A
bbva méxico,8268486.64,MXN,OP-870497,27/01/2019,2024-08-16,2028
GRUPO BIMBO,8316963.94,MXN,OP-572750,05-Dec-2023,N/A,N/A
américa móvil,4797259.03,MXN,OP-887591,2016-05-14,N/A,N/A
FEMSA,630682.95,EUR,OP-841055,25-Jun-2021,N/A,N/A
telmex,1994463.87,USD,OP-549699,07-May-2023,N/A,N/A
LIVERPOOL,1149516.83,USD,OP-805517,2021-10-09,"June 16, 2022",250
GRUPO BIMBO,7543871.21,MXN,OP-357804,2021-02-15,N/A,N/A
FEMSA,3301769.68,EUR,OP-452550,2022-03-19,N/A,N/A
AMÉRICA MÓVIL,4729617.88,USD,OP-257534,25/02/2017,31-Jul-2017,156
GRUPO MÉXICO,6009445.65,USD,OP-888903,"March 30, 2017","July 26, 2018",483
GRUPO BIMBO,1408015.03,USD,OP-279544,2016-02-19,09/09/2021,2029
cemex,4228039.94,EUR,OP-884036,14/03/2025,N/A,N/A
GRUPO MÉXICO,326079.31,EUR,OP-790203,2017-02-03,N/A,N/A
PEMEX,6935660.26,EUR,OP-146090,"November 07, 2019",2023-07-03,1334
LIVERPOOL,380497.66,MXN,OP-151234,"June 13, 2016",09/07/2025,3373
LIVERPOOL,9363780.36,USD,OP-365562,02-Nov-2017,"July 31, 2018",271
soriana,622452.31,USD,OP-516692,"July 08, 2016",N/A,N/A
liverpool,2388997.5,MXN,OP-972392,02/10/2023,N/A,N/A
TELMEX,3968747.65,USD,OP-281474,06-Apr-2024,N/A,N/A
LIVERPOOL,2846650.12,USD,OP-738910,29/07/2024,N/A,N/A
GRUPO LALA,1491737.46,MXN,OP-201056,"March 28, 2019",N/A,N/A
bbva méxico,199765.98,EUR,OP-527610,2020-01-12,N/A,N/A
GRUPO CARSO,1109358.8,USD,OP-440683,24-Jun-2019,23-Dec-2019,182
liverpool,3681817.57,EUR,OP-887054,"December 28, 2018",N/A,N/A
pemex,7231686.9,EUR,OP-697536,"May 29, 2019",N/A,N/A
grupo carso,5300761.04,MXN,OP-872169,"April 30, 2019",10-Jun-2021,772
soriana,3761452.15,MXN,OP-732949,21/12/2021,N/A,N/A
FEMSA,2998588.87,MXN,OP-617020,"December 30, 2018",N/A,N/A
soriana,3811430.54,MXN,OP-181749,2018-12-16,09/12/2021,1001
femsa,7159737.86,EUR,OP-778167,"February 03, 2017",2024-04-09,2622
FEMSA,4634862.5,MXN,OP-835192,14-Apr-2018,2019-05-24,405
SORIANA,5694646.08,EUR,OP-687734,2020-04-10,N/A,N/A
grupo bimbo,6257144.71,USD,OP-409891,24/12/2018,2019-12-14,355
FEMSA,3588070.11,EUR,OP-732757,2022-07-22,N/A,N/A
telmex,3986107.14,EUR,OP-558654,05-Mar-2024,N/A,N/A
cemex,3171862.46,USD,OP-784259,"September 13, 2017",2023-09-03,2181
banorte,1357105.3,USD,OP-289059,27-Sep-2017,13-Jan-2021,1204
GRUPO CARSO,6929734.39,MXN,OP-940959,"July 15, 2019",N/A,N/A
GRUPO LALA,8632851.96,EUR,OP-536543,12/01/2021,N/A,N/A
BBVA MÉXICO,9872989.07,USD,OP-749301,04-Sep-2017,"November 26, 2022",1909
BANORTE,5344558.89,EUR,OP-803961,2023-08-02,N/A,N/A
GRUPO LALA,9332624.54,USD,OP-845730,2025-03-27,N/A,N/A
BBVA MÉXICO,9887628.57,MXN,OP-625603,10/12/2022,N/A,N/A
grupo méxico,7485983.4,MXN,OP-582518,"November 14, 2017",N/A,N/A
grupo lala,4618913.49,USD,OP-774603,2019-11-28,28-Aug-2020,274
LIVERPOOL,6598760.14,EUR,OP-599383,2025-07-28,N/A,N/A
soriana,4791754.97,MXN,OP-467492,11-Jun-2019,N/A,N/A
grupo bimbo,1758625.15,MXN,OP-998394,2020-05-17,N/A,N/A
ALSEA,1518744.47,MXN,OP-399104,2018-11-19,"June 11, 2022",1300
américa móvil,2814421.45,USD,OP-832907,10-Jul-2019,2025-08-01,2214
grupo méxico,9737011.64,MXN,OP-163523,07/05/2022,N/A,N/A
GRUPO CARSO,1652839.57,USD,OP-485070,"March 29, 2025","June 11, 2025",74
CEMEX,3893787.66,MXN,OP-813741,18-Oct-2019,17/12/2022,1156
femsa,3776266.67,MXN,OP-682302,17-Nov-2024,N/A,N/A
banorte,8362103.22,MXN,OP-426544,"September 22, 2020",N/A,N/A
liverpool,9179359.52,USD,OP-398408,16/02/2022,2025-01-11,1060
GRUPO LALA,3723022.32,USD,OP-968558,22/12/2019,N/A,N/A
BANORTE,1798911.84,EUR,OP-146445,2018-01-30,N/A,N/A
soriana,5886724.12,MXN,OP-356268,"June 07, 2022",17/11/2022,163
grupo méxico,8755369.42,USD,OP-719089,12-Nov-2024,N/A,N/A
pemex,8680953.62,EUR,OP-873078,"March 09, 2024",N/A,N/A
GRUPO BIMBO,4676624.14,EUR,OP-158844,01/10/2019,"March 11, 2023",1521
GRUPO MÉXICO,9452160.48,USD,OP-979728,2024-05-06,N/A,N/A
BANORTE,5185948.08,MXN,OP-126054,2018-04-19,N/A,N/A
WALMART DE MÉXICO,8652458.69,MXN,OP-666557,"January 05, 2022",N/A,N/A
soriana,9276164.94,USD,OP-412997,"April 17, 2020",17-Jul-2020,91
grupo lala,9335331.03,EUR,OP-850706,2018-03-16,2025-05-19,2621
CEMEX,8035542.02,USD,OP-333791,2016-08-19,N/A,N/A
BBVA MÉXICO,6758200.51,USD,OP-960675,2018-02-02,10/02/2021,1338
grupo carso,3626458.69,USD,OP-509790,10-Nov-2021,"March 25, 2023",500
FEMSA,5910091.3,USD,OP-240405,"May 30, 2018",N/A,N/A
banorte,1501830.74,EUR,OP-590382,"August 01, 2021",N/A,N/A
BANORTE,8324474.29,EUR,OP-115178,24-Apr-2021,2023-06-05,772
PEMEX,6035497.34,USD,OP-258197,18/09/2023,N/A,N/A
grupo lala,1612580.29,MXN,OP-917519,05-Mar-2020,"January 30, 2024",1426
grupo carso,8389012.58,MXN,OP-218926,06/02/2016,11-Dec-2020,1653
TELMEX,8693600.33,MXN,OP-964278,14/10/2021,"January 09, 2023",452
grupo méxico,4155403.11,USD,OP-584481,"March 14, 2024",N/A,N/A
grupo carso,3968876.27,USD,OP-913845,"August 01, 2017",2021-10-30,1551
grupo lala,2849524.8,MXN,OP-889783,2024-08-28,N/A,N/A
alsea,5279316.06,MXN,OP-733670,18-Jul-2017,05/04/2018,290
pemex,6731981.15,MXN,OP-728965,22/03/2018,N/A,N/A
LIVERPOOL,6976890.49,USD,OP-297322,"May 14, 2020",N/A,N/A
grupo méxico,1887699.24,USD,OP-781040,03-Apr-2017,"March 04, 2020",1066
bbva méxico,5182717.71,MXN,OP-766481,"November 05, 2015",2023-10-08,2894
CEMEX,3677428.87,EUR,OP-468296,"January 06, 2018",16-Jul-2024,2383
PEMEX,2270162.9,EUR,OP-546147,2020-10-20,"April 18, 2022",545
GRUPO BIMBO,7524557.56,USD,OP-876928,2021-10-15,2022-10-06,356
PEMEX,6742966.89,USD,OP-710165,03-Oct-2019,2021-04-13,558
TELMEX,3136608.94,MXN,OP-735781,2023-12-05,N/A,N/A
LIVERPOOL,1404145.74,USD,OP-637489,02/08/2019,01/06/2023,1428
BBVA MÉXICO,1410961.26,USD,OP-489896,15/12/2023,N/A,N/A
GRUPO CARSO,1836245.79,MXN,OP-728281,2016-02-17,N/A,N/A
soriana,1593534.62,EUR,OP-585788,05-May-2025,N/A,N/A
AMÉRICA MÓVIL,8137677.98,EUR,OP-140178,2019-05-27,2024-05-20,1820
GRUPO CARSO,1794213.05,USD,OP-366317,2023-08-24,N/A,N/A
CEMEX,9138404.78,EUR,OP-650321,"October 28, 2023",10/07/2025,710
soriana,8678936.6,USD,OP-467376,23-Nov-2024,N/A,N/A
GRUPO BIMBO,763619.55,USD,OP-174854,28-Feb-2020,2024-11-22,1729
ALSEA,2692872.89,MXN,OP-854442,02/06/2025,N/A,N/A
GRUPO CARSO,228890.74,MXN,OP-584478,15-Jan-2018,N/A,N/A
liverpool,4022659.36,EUR,OP-622393,02-Dec-2019,N/A,N/A
américa móvil,6065253.27,MXN,OP-129256,"February 04, 2021",23/01/2024,1083
américa móvil,4239915.02,USD,OP-405336,03/05/2021,N/A,N/A
américa móvil,2452387.87,MXN,OP-444831,2017-01-16,10/09/2023,2457
grupo méxico,4212809.62,USD,OP-737546,29/11/2020,"December 06, 2022",737
grupo carso,570151.33,MXN,OP-953034,26-Dec-2019,N/A,N/A
TELMEX,3452114.31,USD,OP-111093,25-Apr-2016,30-Dec-2016,249
liverpool,4685543.73,MXN,OP-107781,"September 21, 2019",N/A,N/A
alsea,7578989.35,EUR,OP-381343,30/05/2016,N/A,N/A
grupo bimbo,4556780.44,MXN,OP-828506,2025-01-08,N/A,N/A
femsa,9469458.28,USD,OP-326076,"April 14, 2017",N/A,N/A
LIVERPOOL,5310283.03,EUR,OP-781411,"October 13, 2015",2017-11-18,767
ALSEA,7979125.26,MXN,OP-614988,05-May-2018,17-Sep-2020,866
BANORTE,4359704.48,USD,OP-128385,22/09/2020,"June 24, 2024",1371
grupo méxico,9187969.5,USD,OP-411852,22-Nov-2024,N/A,N/A
GRUPO CARSO,6395451.56,USD,OP-131614,2017-05-23,N/A,N/A
GRUPO BIMBO,892814.2,USD,OP-252706,11/04/2020,N/A,N/A
américa móvil,8958614.37,EUR,OP-294217,23/02/2016,2020-12-14,1756
liverpool,8603342.77,EUR,OP-528735,"October 20, 2019",2023-10-19,1460
alsea,8364514.85,MXN,OP-210953,11/05/2022,N/A,N/A
pemex,7213779.99,USD,OP-665852,21/01/2020,N/A,N/A
liverpool,5056315.17,EUR,OP-240568,"December 09, 2015",2018-12-14,1101
grupo carso,8944685.41,EUR,OP-868264,08/06/2016,2017-09-18,408
grupo bimbo,9690747.09,USD,OP-700130,2021-09-02,N/A,N/A
GRUPO MÉXICO,6045850.82,USD,OP-296051,2022-03-28,"April 06, 2025",1105
GRUPO MÉXICO,4965618.79,MXN,OP-272106,"July 12, 2021",N/A,N/A
AMÉRICA MÓVIL,4584119.48,EUR,OP-926395,2021-11-12,10/09/2023,696
grupo bimbo,3256279.77,USD,OP-839315,2025-07-09,N/A,N/A
SORIANA,1423275.78,EUR,OP-955366,2016-09-22,24-Jun-2022,2101
CEMEX,8696578.93,MXN,OP-436255,2020-11-21,N/A,N/A
GRUPO LALA,9873983.51,USD,OP-129751,22-Mar-2020,2020-11-19,242
telmex,9713196.05,EUR,OP-329089,23/06/2016,2023-04-30,2502
BANORTE,1128325.07,EUR,OP-955100,19/02/2018,N/A,N/A
pemex,5565315.79,EUR,OP-351911,"May 08, 2018",N/A,N/A
grupo bimbo,655930.98,USD,OP-238477,08/05/2018,2025-04-09,2439
TELMEX,3545219.82,USD,OP-836301,"December 04, 2023",N/A,N/A
grupo lala,3036196.36,USD,OP-592953,21-Jun-2017,N/A,N/A
AMÉRICA MÓVIL,5110498.6,USD,OP-567498,"November 07, 2018",14/03/2024,1954
grupo bimbo,2022609.19,MXN,OP-557110,26-Jan-2025,01-Feb-2025,6
GRUPO CARSO,3666543.46,MXN,OP-796694,17-Dec-2017,N/A,N/A
ALSEA,1519597.69,EUR,OP-660709,06-Jul-2016,31/05/2021,1790
cemex,2807129.68,USD,OP-472610,"December 25, 2017",2025-06-25,2739
CEMEX,6177433.45,USD,OP-415599,06-Dec-2023,N/A,N/A
bbva méxico,4778286.69,EUR,OP-141591,30-Aug-2018,15-Nov-2021,1173
soriana,5467461.79,MXN,OP-910464,"November 24, 2021",08/12/2024,992
PEMEX,1460271.16,USD,OP-273861,06-Apr-2018,"January 18, 2024",2113
femsa,8204514.21,MXN,OP-166777,2022-04-05,11/02/2023,576
soriana,6411824.07,USD,OP-290252,"March 01, 2021",N/A,N/A
liverpool,8042999.63,MXN,OP-416320,28/10/2015,2023-06-02,2774
cemex,5629124.42,USD,OP-983120,"December 21, 2018",N/A,N/A
femsa,1171511.65,MXN,OP-502243,"June 18, 2016",12/09/2018,904
GRUPO MÉXICO,8152921.35,EUR,OP-238472,09/02/2019,N/A,N/A
BBVA MÉXICO,1836353.34,USD,OP-835079,"July 30, 2016",N/A,N/A
ALSEA,4147765.17,EUR,OP-381325,31/07/2016,N/A,N/A
LIVERPOOL,8024835.18,USD,OP-405284,15/08/2020,N/A,N/A
grupo carso,103356.76,EUR,OP-561600,"September 26, 2017",N/A,N/A
grupo carso,2805812.29,MXN,OP-977686,20/09/2016,2022-04-28,2046
bbva méxico,7625743.97,EUR,OP-502196,"September 17, 2019","October 18, 2024",1858
SORIANA,6604874.19,MXN,OP-946280,2024-05-02,N/A,N/A
américa móvil,3420122.68,USD,OP-204050,15/04/2016,2021-07-18,1920
WALMART DE MÉXICO,8436100.44,EUR,OP-849489,"March 30, 2017",01-Jan-2025,2834
PEMEX,9074693.49,EUR,OP-591032,2024-04-22,2025-02-10,294
pemex,2843517.08,MXN,OP-328317,"September 27, 2016",2018-01-10,470
CEMEX,5656381.4,EUR,OP-583167,2024-06-11,02/03/2025,237
telmex,3418685.16,MXN,OP-730202,09/08/2025,N/A,N/A
PEMEX,4621881.86,MXN,OP-152558,21-Aug-2020,N/A,N/A
AMÉRICA MÓVIL,1857667.65,EUR,OP-598523,"May 10, 2016",N/A,N/A
PEMEX,3881336.44,MXN,OP-709987,2015-09-30,"August 28, 2017",698
pemex,3521090.06,EUR,OP-365031,19/04/2019,N/A,N/A
grupo bimbo,327077.41,MXN,OP-333688,02-Nov-2018,"December 03, 2018",31
telmex,9615468.92,USD,OP-428765,08-Nov-2022,N/A,N/A
GRUPO LALA,8464427.26,MXN,OP-302882,"March 14, 2025",N/A,N/A
GRUPO MÉXICO,7035113.07,EUR,OP-955706,"September 28, 2019",19/05/2024,1695
GRUPO BIMBO,268653.51,MXN,OP-909193,15-Mar-2025,N/A,N/A
GRUPO CARSO,6967337.2,MXN,OP-296699,2017-04-17,N/A,N/A
AMÉRICA MÓVIL,8486844.24,USD,OP-987740,30-May-2019,N/A,N/A
grupo carso,3688066.84,EUR,OP-361685,12/11/2024,N/A,N/A
BBVA MÉXICO,2856077.96,MXN,OP-700669,24-Feb-2020,07/06/2020,133
LIVERPOOL,2139951.4,EUR,OP-444401,"September 23, 2023",N/A,N/A
femsa,6678733.46,USD,OP-859540,09-Dec-2021,26/10/2024,1052
grupo bimbo,6208647.41,EUR,OP-307580,2021-04-18,24-Mar-2023,705
AMÉRICA MÓVIL,8729799.45,EUR,OP-951580,06-Jul-2025,N/A,N/A
américa móvil,2253790.71,MXN,OP-576892,2024-10-27,N/A,N/A
grupo lala,1994185.81,USD,OP-328435,"July 07, 2018",N/A,N/A
AMÉRICA MÓVIL,7190289.87,MXN,OP-687757,21/06/2019,2024-09-28,1926
liverpool,1182523.57,USD,OP-575926,"May 07, 2017",N/A,N/A
TELMEX,6300488.15,EUR,OP-363012,"December 31, 2018",N/A,N/A
soriana,8072932.54,MXN,OP-707479,24-Feb-2018,15/06/2018,111
grupo lala,5657998.93,EUR,OP-734251,"August 07, 2020",2023-08-05,1093
ALSEA,6536910.35,EUR,OP-370689,"October 03, 2021",N/A,N/A
LIVERPOOL,4341835.42,USD,OP-982997,"June 18, 2022",N/A,N/A
soriana,4246712.29,MXN,OP-876097,15/08/2023,"January 16, 2024",154
ALSEA,5577325.58,EUR,OP-508284,2019-03-25,N/A,N/A
alsea,6322140.38,USD,OP-547956,"July 25, 2017","July 17, 2020",1088
alsea,3088165.04,USD,OP-490812,02/01/2020,N/A,N/A
américa móvil,7687335.77,MXN,OP-139982,11-Jun-2022,N/A,N/A
GRUPO BIMBO,6479129.82,USD,OP-660826,18-Nov-2015,18-Jun-2022,2404
grupo bimbo,5690803.57,USD,OP-567881,"May 07, 2022",2024-03-17,680
banorte,9268233.27,USD,OP-693404,23-Jan-2020,N/A,N/A
bbva méxico,7739248.48,MXN,OP-247820,2019-01-17,"February 17, 2024",1857
CEMEX,1127380.65,USD,OP-315943,"January 07, 2016","March 09, 2021",1888
grupo lala,2467475.7,USD,OP-102010,2022-08-30,31/07/2024,701
TELMEX,4258986.22,USD,OP-459497,2023-06-10,N/A,N/A
AMÉRICA MÓVIL,4727352.48,MXN,OP-924241,"January 07, 2025",N/A,N/A
liverpool,999843.61,MXN,OP-800870,2017-03-19,18-Jul-2024,2678
grupo bimbo,3921416.57,MXN,OP-338665,"January 22, 2018",N/A,N/A
BANORTE,1182621.13,MXN,OP-534402,09/05/2023,04/03/2024,211
BBVA MÉXICO,932461.75,EUR,OP-912128,26-Mar-2022,N/A,N/A
GRUPO LALA,2690473.64,EUR,OP-152563,"August 01, 2018",24/07/2025,2549
bbva méxico,5092336.61,USD,OP-611398,"September 09, 2020",N/A,N/A
liverpool,4859207.93,USD,OP-618172,"October 18, 2023",N/A,N/A
BANORTE,6805308.94,MXN,OP-676155,"February 03, 2025",N/A,N/A
telmex,8996995.13,MXN,OP-458965,2023-04-30,N/A,N/A
BBVA MÉXICO,7609204.18,USD,OP-203275,10-Feb-2024,N/A,N/A
femsa,9987810.57,MXN,OP-141047,"June 08, 2021",N/A,N/A
FEMSA,1582822.74,EUR,OP-836281,"December 16, 2022",N/A,N/A
BANORTE,9322541.94,EUR,OP-275283,2020-06-07,N/A,N/A
FEMSA,2791848.11,EUR,OP-734840,01-Mar-2021,"October 18, 2022",596
ALSEA,8984024.44,USD,OP-910493,"August 21, 2018",N/A,N/A
GRUPO BIMBO,802103.41,EUR,OP-328637,"November 08, 2018",2021-10-09,1066
walmart de méxico,7718271.71,EUR,OP-102359,"January 23, 2024",N/A,N/A
femsa,6635650.51,MXN,OP-911723,07/08/2017,N/A,N/A
BBVA MÉXICO,5183260.59,USD,OP-817194,28/07/2024,N/A,N/A
GRUPO BIMBO,6065114.11,MXN,OP-854795,28-Oct-2017,"December 05, 2023",2229
AMÉRICA MÓVIL,5139157.03,USD,OP-930987,2025-06-13,N/A,N/A
GRUPO LALA,4227316.81,EUR,OP-635995,18/06/2018,"April 28, 2021",1045
LIVERPOOL,1498692.28,EUR,OP-917204,14/08/2017,19/07/2024,2531
pemex,5974689.5,MXN,OP-280138,2022-11-13,N/A,N/A
grupo méxico,6427400.05,EUR,OP-840616,11/02/2017,N/A,N/A
CEMEX,6791149.83,EUR,OP-987282,"July 07, 2018",N/A,N/A
PEMEX,7818676.69,USD,OP-822218,"July 30, 2018",N/A,N/A
FEMSA,1816113.32,USD,OP-918326,2018-07-11,31-Oct-2019,477
soriana,4599247.28,EUR,OP-322740,30/11/2022,N/A,N/A
grupo bimbo,1027331.89,MXN,OP-331556,28/03/2018,N/A,N/A
grupo bimbo,5179794.94,USD,OP-881103,02-Dec-2022,"February 27, 2024",452
TELMEX,4183920.28,USD,OP-237168,16/11/2023,N/A,N/A
FEMSA,4555108.83,MXN,OP-521449,"February 26, 2024",N/A,N/A
banorte,2706458.23,USD,OP-918406,"May 23, 2017","February 02, 2018",255
GRUPO MÉXICO,654554.64,EUR,OP-184313,03/12/2019,N/A,N/A
grupo carso,4143354.8,USD,OP-770266,01-Jan-2019,N/A,N/A
alsea,6739411.02,EUR,OP-131190,"July 29, 2020",N/A,N/A
alsea,181269.04,MXN,OP-369250,28-May-2018,N/A,N/A
banorte,8742483.15,USD,OP-772662,01-Apr-2020,N/A,N/A
grupo bimbo,7630954.21,EUR,OP-120322,2023-07-11,N/A,N/A
CEMEX,4583121.19,MXN,OP-220360,"September 02, 2023",N/A,N/A
soriana,7043302.46,EUR,OP-593020,2022-10-03,26-Dec-2023,449
bbva méxico,1737654.9,EUR,OP-153195,"March 07, 2019",N/A,N/A
TELMEX,7197753.24,EUR,OP-736314,12/03/2023,"December 29, 2023",26
grupo bimbo,1607704.01,USD,OP-221466,"April 02, 2021",19/02/2022,323
pemex,688648.17,USD,OP-409859,15-Nov-2017,N/A,N/A
GRUPO LALA,7671316.87,MXN,OP-301389,"September 15, 2020",N/A,N/A
américa móvil,9864731.79,EUR,OP-862606,2025-01-26,N/A,N/A
PEMEX,2389473.7,USD,OP-479317,03-Dec-2018,N/A,N/A
grupo bimbo,6164806.39,MXN,OP-892282,"December 05, 2019",2023-06-03,1276
GRUPO LALA,5061165.23,MXN,OP-879301,2021-02-01,N/A,N/A
BANORTE,1996047.56,USD,OP-446150,03-Sep-2020,N/A,N/A
CEMEX,6350845.54,MXN,OP-247950,20/08/2016,"October 08, 2023",2605
grupo carso,8717003.74,USD,OP-549649,17/01/2023,N/A,N/A
soriana,6424375.3,EUR,OP-684812,19-Apr-2018,01/10/2022,1362
grupo méxico,5499959.85,USD,OP-467421,2023-11-06,N/A,N/A
FEMSA,6937636.53,EUR,OP-398743,10-Dec-2019,N/A,N/A
américa móvil,4095880.63,MXN,OP-789760,10-Oct-2016,22/05/2025,3146
PEMEX,4016028.78,MXN,OP-817314,18/05/2022,N/A,N/A
TELMEX,3559127.2,EUR,OP-151997,11/07/2024,N/A,N/A
GRUPO BIMBO,2725209.58,USD,OP-210925,28/12/2022,N/A,N/A
GRUPO LALA,169517.87,USD,OP-312674,23-Jul-2021,N/A,N/A
CEMEX,3041281.04,MXN,OP-906666,08/07/2017,N/A,N/A
BBVA MÉXICO,4053891.83,MXN,OP-619950,"April 04, 2021",N/A,N/A
BANORTE,3692933.12,MXN,OP-984048,2017-09-26,"July 17, 2018",294
grupo bimbo,4347104.61,USD,OP-266046,"November 15, 2020",N/A,N/A
alsea,2995874.46,EUR,OP-924070,"October 07, 2023",N/A,N/A
soriana,5144022.42,EUR,OP-972427,"August 04, 2022",N/A,N/A
CEMEX,5442796.47,MXN,OP-511389,"June 08, 2022","January 07, 2024",578
grupo lala,4237794.4,USD,OP-308574,19/06/2017,06-Sep-2017,79
GRUPO CARSO,5719697.86,MXN,OP-112428,"August 04, 2020",N/A,N/A
SORIANA,9578811.02,USD,OP-752609,13/11/2017,04/03/2018,141
CEMEX,8134079.74,MXN,OP-793372,15/09/2023,N/A,N/A
GRUPO BIMBO,1296444.16,MXN,OP-772565,31/07/2021,2022-01-17,170
GRUPO MÉXICO,8031434.42,EUR,OP-195885,2024-12-05,N/A,N/A
GRUPO CARSO,4493621.36,USD,OP-423857,2018-05-23,2023-12-02,2019
grupo méxico,5830410.22,MXN,OP-114032,"February 16, 2016",14/02/2023,2555
grupo méxico,5468613.27,USD,OP-764010,05/10/2020,N/A,N/A
GRUPO BIMBO,5569588.79,USD,OP-621162,2016-10-10,20-Jul-2018,648
GRUPO BIMBO,7588970.46,USD,OP-661889,"August 23, 2020",N/A,N/A
LIVERPOOL,2488963.22,EUR,OP-822439,"February 19, 2016",26-Mar-2019,1131
grupo lala,4555988.01,USD,OP-191963,"February 22, 2019",N/A,N/A
ALSEA,3942457.23,EUR,OP-955143,01/09/2021,N/A,N/A
SORIANA,4829381.5,USD,OP-506271,"June 03, 2017","August 22, 2019",810
GRUPO MÉXICO,2761304.42,USD,OP-313139,24-Nov-2015,18-Jan-2022,2247
soriana,9505613.14,EUR,OP-842484,16-Feb-2016,30-May-2016,104
pemex,4865230.24,USD,OP-427569,"December 28, 2022",N/A,N/A
ALSEA,8504939.03,MXN,OP-506287,2017-12-05,N/A,N/A
CEMEX,7760163.18,USD,OP-238108,2016-06-14,31/01/2020,1326
BBVA MÉXICO,669431.18,EUR,OP-802739,12/07/2016,"May 18, 2017",162
grupo bimbo,1331838.59,MXN,OP-870642,"October 29, 2016",15-Nov-2021,1843
grupo lala,316189.32,USD,OP-342594,04/11/2021,26-Mar-2025,1445
GRUPO MÉXICO,2056436.32,USD,OP-671816,2018-04-06,15-May-2020,770
pemex,9123187.14,MXN,OP-379643,"March 27, 2019",N/A,N/A
grupo méxico,7812531.81,USD,OP-813088,"September 10, 2016","July 27, 2022",2146
TELMEX,7011740.34,EUR,OP-302389,2021-03-24,28-Aug-2023,887
américa móvil,6576086.69,EUR,OP-867979,2018-06-25,N/A,N/A
cemex,1806122.98,MXN,OP-846684,22-Jan-2023,N/A,N/A
cemex,4016202.06,MXN,OP-142939,29/04/2022,04/04/2023,340
GRUPO CARSO,1791493.71,EUR,OP-145719,"March 31, 2016","December 11, 2023",2811
ALSEA,9136865.6,MXN,OP-388284,"June 12, 2021",N/A,N/A
soriana,5964532.79,MXN,OP-763773,09-Nov-2017,N/A,N/A
grupo lala,5654568.08,EUR,OP-233906,2023-10-15,N/A,N/A
AMÉRICA MÓVIL,2859619.72,MXN,OP-145691,"September 16, 2018",N/A,N/A
banorte,9447074.28,MXN,OP-734791,19/01/2022,N/A,N/A
CEMEX,3934064.96,MXN,OP-140229,2018-04-01,2019-07-30,485
grupo lala,1697763.25,MXN,OP-199710,2019-05-02,N/A,N/A
PEMEX,3286761.21,MXN,OP-181139,2023-02-07,N/A,N/A
américa móvil,7187454.74,EUR,OP-641597,30-Oct-2018,2024-06-19,2059
liverpool,4044605.05,USD,OP-624361,2016-08-23,"April 23, 2020",1339
telmex,6692460.64,MXN,OP-850909,2018-08-15,2021-04-30,989
GRUPO LALA,6418436.78,USD,OP-174280,2017-05-17,N/A,N/A
FEMSA,2576282.33,MXN,OP-981058,2020-07-01,N/A,N/A
walmart de méxico,4095794.41,MXN,OP-276445,2016-12-04,"May 10, 2025",3079
grupo méxico,2650276.14,MXN,OP-769047,2021-05-18,N/A,N/A
femsa,170277.77,MXN,OP-150666,11-Feb-2022,N/A,N/A
FEMSA,8592394.95,EUR,OP-943840,01/02/2023,N/A,N/A
bbva méxico,1293654.16,MXN,OP-218841,2018-03-28,2024-10-27,2405
TELMEX,8577960.72,MXN,OP-639776,"December 16, 2022",N/A,N/A
SORIANA,6105902.07,USD,OP-280759,2016-03-22,28-Jun-2019,1193
grupo lala,4314004.02,USD,OP-877780,20-Feb-2020,2024-02-09,1450
PEMEX,9377237.13,USD,OP-234009,08-Oct-2024,N/A,N/A
WALMART DE MÉXICO,2429998.76,EUR,OP-389305,2022-11-12,N/A,N/A
banorte,7623741.78,MXN,OP-640439,06-Aug-2018,06-Dec-2019,487
banorte,6548658.92,USD,OP-148439,07/03/2025,N/A,N/A
américa móvil,9752849.75,USD,OP-172138,15/09/2023,14/12/2024,456
SORIANA,2400461.11,MXN,OP-893430,"September 21, 2020",N/A,N/A
cemex,1590385.69,MXN,OP-869319,25/09/2016,2020-10-12,1478
bbva méxico,6899734.75,EUR,OP-231011,"October 25, 2018",24/12/2024,2252
GRUPO LALA,6107312.29,USD,OP-723525,"January 31, 2023",N/A,N/A
CEMEX,9882987.52,USD,OP-462575,05/04/2018,N/A,N/A
PEMEX,8949306.97,EUR,OP-273406,27/09/2023,"June 25, 2025",637
grupo lala,9713430.09,EUR,OP-232129,"August 19, 2023",N/A,N/A
pemex,1747457.46,EUR,OP-318229,"July 07, 2022",N/A,N/A
américa móvil,577484.89,EUR,OP-336220,2017-11-09,10-Apr-2024,2344
LIVERPOOL,8546190.68,MXN,OP-490608,27/11/2020,2023-08-31,1007
pemex,8446274.06,EUR,OP-534659,17/08/2022,N/A,N/A
PEMEX,6002571.16,USD,OP-566196,06-May-2017,2023-07-26,2272
GRUPO CARSO,9609626.93,EUR,OP-414419,2016-04-06,21-Jan-2025,3212
AMÉRICA MÓVIL,8683732.51,EUR,OP-399712,"June 23, 2018",10/12/2023,1937
AMÉRICA MÓVIL,9213326.82,MXN,OP-838576,01-Oct-2017,N/A,N/A
LIVERPOOL,1386313.63,MXN,OP-758221,15/10/2023,N/A,N/A
grupo méxico,4757909.05,MXN,OP-199069,15/05/2024,16-Aug-2024,93
GRUPO LALA,4402590.23,EUR,OP-641424,14/08/2016,N/A,N/A
ALSEA,3259727.36,EUR,OP-530979,08/08/2022,N/A,N/A
CEMEX,2324154.46,USD,OP-531910,2018-11-23,N/A,N/A
AMÉRICA MÓVIL,2903753.83,USD,OP-813726,"July 29, 2022",N/A,N/A
pemex,9840547.82,MXN,OP-409523,02-Oct-2023,N/A,N/A
SORIANA,4799253.53,EUR,OP-519454,"July 26, 2021",2021-12-01,128
AMÉRICA MÓVIL,3015495.56,EUR,OP-133873,13-Jul-2016,2021-04-12,1734
banorte,4614182.2,USD,OP-941214,"September 07, 2020",2025-02-25,1632
GRUPO LALA,4465342.62,USD,OP-443194,"October 07, 2022",N/A,N/A
grupo lala,1668396.33,EUR,OP-962968,"August 09, 2019",2021-08-27,749
femsa,2993411.81,MXN,OP-856517,2016-06-30,2017-09-06,433
ALSEA,8537892.04,EUR,OP-699622,2023-05-11,N/A,N/A
BANORTE,6700249.41,USD,OP-927982,15/05/2018,N/A,N/A
AMÉRICA MÓVIL,893794.56,EUR,OP-242829,"November 29, 2015",14-Oct-2020,1781
pemex,9606833.08,EUR,OP-730627,04/10/2023,N/A,N/A
GRUPO LALA,2991281.98,EUR,OP-285985,2025-06-26,"July 25, 2025",29
FEMSA,5153763.69,USD,OP-541088,2018-09-28,12/08/2025,2628
liverpool,524063.77,USD,OP-772555,2025-01-17,N/A,N/A
GRUPO LALA,7376793.45,MXN,OP-917613,"November 13, 2016",07/05/2021,1695
bbva méxico,4462856.0,EUR,OP-148639,17-Nov-2024,N/A,N/A
ALSEA,8292619.65,MXN,OP-719931,02/03/2016,N/A,N/A
BANORTE,7851000.58,MXN,OP-836007,19-Apr-2016,19/04/2016,0
PEMEX,8599192.32,EUR,OP-347817,01/04/2016,N/A,N/A
FEMSA,5865559.96,USD,OP-885927,"September 07, 2018",2025-07-31,2519
BBVA MÉXICO,667940.05,EUR,OP-343145,04/05/2021,N/A,N/A
grupo lala,6512778.6,EUR,OP-673747,25-Nov-2017,N/A,N/A
GRUPO BIMBO,651974.67,MXN,OP-945040,09-Feb-2020,30/08/2020,203
GRUPO MÉXICO,9007919.57,USD,OP-785851,2024-10-03,N/A,N/A
grupo lala,5401388.97,USD,OP-335695,08/04/2025,N/A,N/A
GRUPO BIMBO,8262947.06,USD,OP-707847,05/07/2024,N/A,N/A
alsea,5832378.82,MXN,OP-603144,2017-01-20,N/A,N/A
bbva méxico,5919075.81,MXN,OP-533330,2022-10-11,N/A,N/A
GRUPO MÉXICO,3179786.25,USD,OP-565667,20/01/2023,N/A,N/A
TELMEX,225808.02,EUR,OP-634844,20-Aug-2022,25-Mar-2025,948
CEMEX,9330653.92,EUR,OP-526601,11/07/2016,N/A,N/A
pemex,1406759.9,MXN,OP-148970,2022-07-20,N/A,N/A
TELMEX,4180016.51,EUR,OP-475119,18/12/2024,N/A,N/A
alsea,3204437.47,MXN,OP-550539,"September 02, 2020",2022-12-29,848
alsea,138066.7,MXN,OP-502505,10/05/2019,N/A,N/A
grupo lala,5902715.13,USD,OP-215294,2023-02-09,N/A,N/A
AMÉRICA MÓVIL,3720319.07,USD,OP-644316,20/09/2023,N/A,N/A
soriana,3679847.09,USD,OP-541058,"February 27, 2023",N/A,N/A
liverpool,6728407.18,USD,OP-373501,"April 25, 2025",N/A,N/A
TELMEX,5953996.26,USD,OP-465983,2020-10-03,N/A,N/A
pemex,3244247.1,USD,OP-637182,2019-08-02,N/A,N/A
telmex,2509107.25,USD,OP-396072,"December 29, 2024",N/A,N/A
grupo carso,1591861.17,EUR,OP-787571,2022-09-09,N/A,N/A
GRUPO MÉXICO,9411637.07,EUR,OP-172558,17/11/2016,"June 24, 2024",2776
LIVERPOOL,2108368.19,USD,OP-312854,"December 21, 2024",N/A,N/A
femsa,5252197.64,USD,OP-147489,07-Nov-2021,N/A,N/A
banorte,5885837.17,USD,OP-385499,16/07/2018,N/A,N/A
grupo lala,1380686.24,MXN,OP-930335,18-Jul-2023,N/A,N/A
grupo méxico,7631145.73,EUR,OP-760054,04-Jun-2020,N/A,N/A
GRUPO BIMBO,5691479.91,USD,OP-859972,08/02/2025,N/A,N/A
banorte,6905341.67,EUR,OP-639206,05-Nov-2016,"September 17, 2019",1046
TELMEX,8621721.47,USD,OP-616476,2023-01-26,N/A,N/A
FEMSA,7892059.86,MXN,OP-709885,11-Apr-2024,N/A,N/A
BBVA MÉXICO,4150240.72,USD,OP-186589,2022-10-12,N/A,N/A
banorte,1941849.19,USD,OP-260975,05-Dec-2016,2020-10-27,1422
AMÉRICA MÓVIL,3451752.45,USD,OP-297136,03-Aug-2018,21-Dec-2021,1236
walmart de méxico,9112580.99,USD,OP-235264,10-Mar-2018,"December 19, 2024",2476
pemex,8641302.02,MXN,OP-469646,2021-07-13,N/A,N/A
femsa,3017153.64,MXN,OP-595974,2016-08-26,N/A,N/A
PEMEX,506363.55,MXN,OP-270533,2024-07-11,N/A,N/A
SORIANA,5918494.51,MXN,OP-227710,04/09/2018,08/10/2023,1949
SORIANA,8738184.2,USD,OP-587486,"March 23, 2018",28/04/2019,401
américa móvil,8110821.43,MXN,OP-291746,2021-05-18,09/02/2023,837
banorte,8063455.18,USD,OP-288723,27/05/2018,15-Oct-2022,1602
BBVA MÉXICO,552249.13,MXN,OP-635114,2021-03-31,"October 26, 2022",574
femsa,8804985.89,MXN,OP-109252,2020-09-09,05/07/2024,1336
CEMEX,1559162.04,EUR,OP-121694,2024-03-18,N/A,N/A
AMÉRICA MÓVIL,4738614.12,MXN,OP-931104,13-Oct-2024,N/A,N/A
telmex,1421926.08,USD,OP-460835,"July 18, 2024",N/A,N/A
FEMSA,6769478.76,MXN,OP-917543,"February 03, 2024",N/A,N/A
LIVERPOOL,8899483.95,USD,OP-518797,2015-12-15,24/11/2020,1806
BBVA MÉXICO,6821165.57,EUR,OP-208599,"April 18, 2025",N/A,N/A
BBVA MÉXICO,278291.23,USD,OP-757913,27-May-2021,26-Dec-2023,943
TELMEX,3795394.14,MXN,OP-842875,"January 29, 2017",25/02/2025,2949
alsea,8630050.43,MXN,OP-758351,07/04/2018,N/A,N/A
américa móvil,9029598.73,MXN,OP-782370,"February 04, 2020",N/A,N/A
TELMEX,5787782.43,EUR,OP-481675,19-Dec-2019,01-Jun-2024,1626
alsea,2475837.31,EUR,OP-895415,"August 10, 2018",09/06/2021,1123
WALMART DE MÉXICO,4663386.36,MXN,OP-378184,04-Aug-2019,"May 29, 2025",2125
LIVERPOOL,119058.49,MXN,OP-243472,2017-10-20,05-Oct-2024,2542
femsa,9569999.71,EUR,OP-850722,"April 04, 2022",N/A,N/A
grupo méxico,3421731.89,MXN,OP-549491,05-Sep-2019,N/A,N/A
grupo méxico,1152147.15,USD,OP-291451,"July 16, 2020",N/A,N/A
SORIANA,4340034.63,EUR,OP-233813,12/04/2016,2025-08-20,3181
liverpool,5299430.02,EUR,OP-345576,11/04/2024,N/A,N/A
grupo carso,7597607.19,USD,OP-955354,01/08/2016,2023-05-06,2675
CEMEX,1671477.58,USD,OP-788574,04-Apr-2016,N/A,N/A
BANORTE,5767248.42,MXN,OP-633489,"October 05, 2018",N/A,N/A
alsea,9842719.99,MXN,OP-602184,"March 12, 2022","April 15, 2024",765
LIVERPOOL,4715676.64,MXN,OP-758521,2023-01-22,27/06/2025,887
PEMEX,5649580.7,MXN,OP-700603,2025-07-11,N/A,N/A
telmex,4876318.89,MXN,OP-483355,02-Sep-2016,N/A,N/A
GRUPO LALA,7324257.88,EUR,OP-995023,"November 15, 2023",N/A,N/A
soriana,4226940.52,MXN,OP-366523,31-Aug-2021,2024-02-14,897
grupo bimbo,8955430.31,EUR,OP-821309,02/08/2020,N/A,N/A
grupo méxico,7866513.94,MXN,OP-978976,21/02/2018,N/A,N/A
grupo bimbo,2660794.11,MXN,OP-521338,2020-06-09,N/A,N/A
ALSEA,1399717.93,USD,OP-372170,20-Aug-2023,N/A,N/A
CEMEX,4540059.28,EUR,OP-895716,2023-05-26,N/A,N/A
PEMEX,1992216.58,EUR,OP-158370,2018-12-14,N/A,N/A
AMÉRICA MÓVIL,7080013.58,MXN,OP-909095,2016-07-24,N/A,N/A
pemex,5167762.32,EUR,OP-246735,"May 14, 2025",N/A,N/A
alsea,9741661.36,USD,OP-109811,"December 24, 2018",29-Oct-2021,1040
bbva méxico,4040856.36,EUR,OP-512780,2019-11-25,"January 11, 2020",47
liverpool,4539314.33,USD,OP-868986,25/07/2018,N/A,N/A
telmex,3509167.47,MXN,OP-202351,24/07/2016,14/03/2017,233
FEMSA,6941190.96,MXN,OP-820939,"April 04, 2018",N/A,N/A
cemex,6381295.78,EUR,OP-383463,27/08/2022,N/A,N/A
FEMSA,3418431.28,USD,OP-268411,"April 15, 2021",N/A,N/A
LIVERPOOL,7644641.77,MXN,OP-569112,2018-12-28,21-Jan-2024,1850
liverpool,6335244.5,USD,OP-175753,2019-07-25,N/A,N/A
grupo lala,7011254.11,MXN,OP-409092,"March 21, 2017","September 16, 2017",179
grupo méxico,3578878.49,EUR,OP-684579,13/02/2022,26-Mar-2024,772
CEMEX,243440.04,USD,OP-724379,"August 09, 2018",N/A,N/A
BBVA MÉXICO,5947614.64,EUR,OP-833435,"August 10, 2021",N/A,N/A
GRUPO CARSO,6058300.92,EUR,OP-508104,11/09/2022,N/A,N/A
PEMEX,4070678.0,USD,OP-836238,23/11/2019,N/A,N/A
GRUPO CARSO,6335753.16,USD,OP-937343,16/07/2024,N/A,N/A
GRUPO CARSO,1343740.09,MXN,OP-553592,2020-12-31,2022-01-21,386
américa móvil,783676.88,MXN,OP-324139,31-Dec-2023,N/A,N/A
WALMART DE MÉXICO,7057950.16,MXN,OP-809318,29/10/2016,2023-09-05,2502
BANORTE,9194675.71,USD,OP-937068,24/01/2021,"September 23, 2022",607
LIVERPOOL,9611888.3,EUR,OP-674393,05/12/2016,N/A,N/A
soriana,6219709.02,MXN,OP-789506,15-Jul-2018,18-Jul-2018,3
soriana,1403464.2,USD,OP-311563,"May 12, 2025",N/A,N/A
américa móvil,3069946.71,EUR,OP-779682,2020-01-15,N/A,N/A
pemex,6909418.85,USD,OP-158540,2017-05-27,N/A,N/A
TELMEX,4807130.17,EUR,OP-820815,25-Apr-2020,N/A,N/A
bbva méxico,475902.74,USD,OP-876398,"July 10, 2021",N/A,N/A
bbva méxico,1897527.15,USD,OP-479732,24-Sep-2020,N/A,N/A
LIVERPOOL,245679.48,MXN,OP-312523,"June 18, 2024",N/A,N/A
GRUPO LALA,7838247.74,EUR,OP-527895,08-Mar-2019,16/03/2023,1469
CEMEX,5363785.86,USD,OP-349309,"January 07, 2025",N/A,N/A
ALSEA,4456549.2,EUR,OP-555355,"January 20, 2025",N/A,N/A
TELMEX,4149845.2,USD,OP-514898,"September 25, 2017",N/A,N/A
TELMEX,8227753.62,USD,OP-998015,2017-01-04,N/A,N/A
FEMSA,3657603.26,EUR,OP-475620,"June 19, 2021",N/A,N/A
telmex,4840345.52,EUR,OP-170233,"December 07, 2015",N/A,N/A
soriana,6488059.15,USD,OP-943152,2022-06-19,N/A,N/A
américa móvil,9166404.19,USD,OP-423166,15-May-2022,N/A,N/A
grupo carso,4263635.58,EUR,OP-735949,30/03/2019,N/A,N/A
ALSEA,9645379.2,MXN,OP-930659,04-Jan-2024,N/A,N/A
GRUPO CARSO,6914622.7,EUR,OP-441034,"July 21, 2024",N/A,N/A
bbva méxico,6880786.85,EUR,OP-354960,"December 19, 2021",N/A,N/A
alsea,7485261.9,MXN,OP-833512,2019-07-25,N/A,N/A
grupo méxico,304770.31,EUR,OP-971085,05-Apr-2023,N/A,N/A
AMÉRICA MÓVIL,4912462.0,USD,OP-261266,2021-01-16,N/A,N/A
GRUPO CARSO,2959643.01,USD,OP-626594,"February 05, 2017",N/A,N/A
BANORTE,3409693.94,EUR,OP-811194,2018-08-14,2022-07-04,1420
grupo méxico,4790495.04,USD,OP-249908,04/07/2024,N/A,N/A
GRUPO BIMBO,2359663.1,EUR,OP-106829,22/12/2021,N/A,N/A
GRUPO MÉXICO,276556.24,USD,OP-928596,2025-04-04,N/A,N/A
cemex,7677910.33,USD,OP-532886,"November 22, 2023",N/A,N/A
alsea,8963419.4,EUR,OP-864021,09-Feb-2019,04/11/2020,427
walmart de méxico,4320583.42,USD,OP-242230,20-Aug-2016,N/A,N/A
pemex,8581055.7,MXN,OP-147627,2023-10-16,N/A,N/A
LIVERPOOL,241502.98,MXN,OP-573989,"September 25, 2020",08/11/2022,685
GRUPO CARSO,3201977.82,USD,OP-426485,18/08/2022,N/A,N/A
alsea,4846910.98,EUR,OP-195531,2023-09-16,N/A,N/A
pemex,2679024.79,EUR,OP-987075,20-Dec-2020,N/A,N/A
GRUPO BIMBO,5866606.06,USD,OP-988902,07/01/2020,N/A,N/A
ALSEA,2804352.07,MXN,OP-527419,2025-04-18,N/A,N/A
grupo bimbo,3148242.96,USD,OP-144058,04/03/2016,28-Jul-2018,846
cemex,8358380.36,EUR,OP-310113,2020-03-21,14/03/2025,1819
femsa,8012409.59,USD,OP-166744,2024-05-11,N/A,N/A
grupo carso,9516144.88,EUR,OP-873545,2025-07-02,N/A,N/A
TELMEX,7157563.29,MXN,OP-228544,2018-09-16,"July 31, 2024",2145
CEMEX,1294675.2,EUR,OP-276167,28/10/2018,N/A,N/A
bbva méxico,6893850.95,MXN,OP-548114,22/06/2019,"March 03, 2020",255
walmart de méxico,9914691.92,MXN,OP-501105,03-Apr-2017,N/A,N/A
GRUPO CARSO,7614060.51,USD,OP-944712,2017-12-06,"August 08, 2020",976
PEMEX,1556327.35,USD,OP-842469,23-Nov-2023,N/A,N/A
GRUPO BIMBO,4609432.97,EUR,OP-314313,"December 13, 2022",N/A,N/A
TELMEX,7715937.5,EUR,OP-662494,29-Sep-2018,N/A,N/A
liverpool,1717677.16,USD,OP-415085,2022-07-01,13/10/2024,835
GRUPO MÉXICO,1176892.44,EUR,OP-657201,27-Jun-2021,N/A,N/A
grupo bimbo,8380260.97,EUR,OP-246147,"February 19, 2019",22/11/2019,276
soriana,2142520.34,MXN,OP-843606,"February 13, 2019",N/A,N/A
AMÉRICA MÓVIL,5598317.73,EUR,OP-702727,23/11/2022,N/A,N/A
ALSEA,3047416.42,EUR,OP-536243,"July 17, 2025",N/A,N/A
soriana,2747405.36,USD,OP-226125,25-Dec-2016,N/A,N/A
américa móvil,6578809.0,EUR,OP-577245,18-Feb-2018,"March 31, 2023",1867
américa móvil,9313407.27,MXN,OP-865258,"December 05, 2019",N/A,N/A
GRUPO MÉXICO,1689576.77,MXN,OP-870687,2024-04-06,N/A,N/A
pemex,8174812.69,MXN,OP-390639,04-Feb-2021,"June 14, 2024",1226
GRUPO MÉXICO,5482913.25,MXN,OP-132839,30-Mar-2019,N/A,N/A
soriana,9229978.17,MXN,OP-688952,18-Nov-2022,N/A,N/A
grupo bimbo,5970736.02,MXN,OP-609291,"August 23, 2023",N/A,N/A
BBVA MÉXICO,7768990.83,EUR,OP-428125,21-Aug-2020,N/A,N/A
GRUPO LALA,6217491.24,EUR,OP-986819,27/11/2022,N/A,N/A
ALSEA,6413067.72,EUR,OP-958981,12-Dec-2019,N/A,N/A
grupo méxico,7578075.82,USD,OP-820838,2025-03-08,N/A,N/A
liverpool,3441838.85,MXN,OP-188642,2018-07-23,31/10/2019,465
alsea,4107167.69,EUR,OP-769340,12/03/2021,N/A,N/A
GRUPO MÉXICO,6634717.49,EUR,OP-639271,11/12/2023,01-Jun-2024,202
soriana,6058546.37,USD,OP-323030,2018-04-20,04-Oct-2019,532
soriana,7290520.22,EUR,OP-338516,09/02/2021,2024-01-11,861
grupo lala,565383.43,EUR,OP-673667,14-Mar-2017,10-May-2025,2979
BBVA MÉXICO,1299965.8,USD,OP-528013,2025-06-21,N/A,N/A
pemex,256079.53,USD,OP-898920,"December 11, 2024",N/A,N/A
américa móvil,4283191.65,EUR,OP-538447,24-Oct-2019,N/A,N/A
GRUPO CARSO,6150559.12,MXN,OP-457339,23-Nov-2015,18-Dec-2024,3313
bbva méxico,1941844.66,EUR,OP-666240,21-Mar-2021,N/A,N/A
liverpool,808856.93,EUR,OP-801463,06/02/2025,N/A,N/A
BBVA MÉXICO,1309625.71,USD,OP-119668,2015-10-16,N/A,N/A
CEMEX,3187642.57,EUR,OP-463176,2016-12-14,16-Feb-2018,429
telmex,2862764.41,EUR,OP-195339,"February 23, 2020",N/A,N/A
LIVERPOOL,8832267.14,USD,OP-701199,20-Jun-2017,N/A,N/A
soriana,307459.99,EUR,OP-105776,22-Jun-2022,N/A,N/A
TELMEX,933451.97,MXN,OP-495111,"September 24, 2021","February 20, 2022",149
GRUPO CARSO,4824956.68,MXN,OP-615408,07-Dec-2018,2022-02-17,1168
grupo carso,9871549.84,MXN,OP-465312,2015-12-22,2017-04-14,479
walmart de méxico,7396247.47,MXN,OP-967557,17-Dec-2019,2021-05-19,519
liverpool,8478541.33,USD,OP-682568,2015-10-09,2024-11-03,3313
GRUPO MÉXICO,1401155.92,USD,OP-456560,29-Jun-2019,N/A,N/A
BBVA MÉXICO,9474130.3,EUR,OP-357936,"January 20, 2024",N/A,N/A
soriana,5372337.11,MXN,OP-775550,"January 20, 2022",21/05/2025,1217
grupo lala,7173111.12,MXN,OP-954806,"August 30, 2018",N/A,N/A
alsea,817131.92,USD,OP-611885,2025-04-20,N/A,N/A
SORIANA,9513699.76,MXN,OP-676598,13-Jan-2019,03/05/2023,1512
LIVERPOOL,985786.5,EUR,OP-545451,2017-10-15,N/A,N/A
femsa,3476961.26,MXN,OP-542335,28/06/2019,17-Feb-2022,965
PEMEX,6386616.25,MXN,OP-326545,24-Aug-2019,N/A,N/A
américa móvil,9156658.34,EUR,OP-229543,07-Jan-2019,2022-07-06,1276
SORIANA,7064509.65,USD,OP-902913,23-Jun-2016,"July 19, 2019",1121
BBVA MÉXICO,804053.91,USD,OP-757166,06-Dec-2015,N/A,N/A
walmart de méxico,4566706.75,EUR,OP-358388,17/04/2017,24/11/2023,2412
CEMEX,7651058.04,USD,OP-309099,2025-06-20,N/A,N/A
banorte,9209939.75,MXN,OP-748351,"March 16, 2020",2025-05-09,1880
ALSEA,2477922.77,MXN,OP-125043,13/01/2017,"September 01, 2017",231
GRUPO MÉXICO,6810417.12,USD,OP-661128,"November 15, 2018",10-May-2019,176
BANORTE,6094891.03,EUR,OP-465994,23/02/2024,"November 09, 2024",260
AMÉRICA MÓVIL,2938480.1,MXN,OP-858119,"December 09, 2016",2024-04-04,2673
FEMSA,8904773.43,MXN,OP-326587,2020-01-24,N/A,N/A
cemex,7706625.13,MXN,OP-238654,22/03/2017,19/10/2021,1672
SORIANA,5549075.79,MXN,OP-763888,2023-04-08,2024-07-12,461
CEMEX,868463.15,MXN,OP-888403,22-Aug-2024,N/A,N/A
TELMEX,4780470.9,EUR,OP-553542,04/07/2017,20/03/2020,1078
ALSEA,171942.31,EUR,OP-692901,11/06/2016,01-Sep-2021,1760
ALSEA,2683146.07,MXN,OP-280482,01/12/2019,29/07/2023,1659
walmart de méxico,8823636.7,EUR,OP-101034,2018-09-17,2024-01-21,1952
PEMEX,8452790.12,MXN,OP-469069,2024-05-01,N/A,N/A
américa móvil,4289151.93,MXN,OP-275478,2019-02-20,N/A,N/A
ALSEA,6172145.36,EUR,OP-212992,2021-11-16,N/A,N/A
pemex,5995729.95,EUR,OP-630684,23/06/2016,21/10/2022,2311
TELMEX,8866062.64,MXN,OP-861460,"March 04, 2024",N/A,N/A
GRUPO BIMBO,5140112.14,USD,OP-719653,14-Nov-2021,N/A,N/A
GRUPO CARSO,2858274.9,MXN,OP-246665,2024-02-05,N/A,N/A
GRUPO BIMBO,8840576.4,MXN,OP-822124,2024-06-02,N/A,N/A
banorte,7086060.03,USD,OP-268096,"August 26, 2018",N/A,N/A
pemex,2823792.62,USD,OP-677567,2025-02-13,N/A,N/A
cemex,1128688.65,USD,OP-303256,01/11/2019,N/A,N/A
GRUPO MÉXICO,2381592.56,EUR,OP-985236,"May 03, 2017",2019-05-12,739
américa móvil,9267181.08,EUR,OP-317152,06/02/2020,N/A,N/A
ALSEA,7045337.85,MXN,OP-611737,"June 27, 2025",N/A,N/A
TELMEX,8566476.28,USD,OP-372416,2018-06-24,N/A,N/A
LIVERPOOL,3315934.35,EUR,OP-745084,2016-10-23,22-Nov-2018,760
FEMSA,7873667.39,EUR,OP-533205,17-Jan-2022,29-Jun-2022,163
GRUPO BIMBO,6217049.88,USD,OP-210242,2018-04-04,N/A,N/A
alsea,215026.29,MXN,OP-647545,12/03/2023,N/A,N/A
grupo méxico,5554631.34,MXN,OP-116350,28-May-2019,15-Nov-2019,171
BBVA MÉXICO,9186623.47,EUR,OP-380291,24/09/2021,N/A,N/A
femsa,5971501.01,MXN,OP-607510,27/10/2021,N/A,N/A
AMÉRICA MÓVIL,6455467.59,EUR,OP-208722,"January 24, 2017",N/A,N/A
AMÉRICA MÓVIL,6191812.43,EUR,OP-868562,13-Jun-2020,N/A,N/A
bbva méxico,3083292.76,USD,OP-640017,"November 08, 2022",N/A,N/A
BANORTE,4928625.82,MXN,OP-755624,03-Feb-2022,N/A,N/A
grupo carso,2762009.29,MXN,OP-389493,"October 05, 2015",21/01/2018,839
ALSEA,4669090.61,MXN,OP-156940,25-Mar-2016,"February 26, 2025",3260
femsa,3250813.23,USD,OP-388371,12-Jul-2022,N/A,N/A
GRUPO LALA,1198326.55,MXN,OP-255228,"June 13, 2022",12/01/2023,536
FEMSA,9150108.39,USD,OP-598972,2023-10-01,N/A,N/A
alsea,2920319.76,MXN,OP-193218,24/09/2017,N/A,N/A
bbva méxico,1230199.82,EUR,OP-305628,16-Apr-2025,N/A,N/A
soriana,9877571.85,USD,OP-426862,"December 09, 2019","November 22, 2023",1444
GRUPO MÉXICO,7297754.22,USD,OP-231292,26-Feb-2019,"September 02, 2020",554
LIVERPOOL,3848063.27,EUR,OP-387066,"August 18, 2024",N/A,N/A
grupo bimbo,8571336.38,EUR,OP-989082,"June 12, 2016","January 07, 2021",1670
ALSEA,5404475.86,USD,OP-123239,18/08/2023,N/A,N/A
BBVA MÉXICO,5679778.64,MXN,OP-643257,11-Jun-2018,N/A,N/A
pemex,6353672.55,MXN,OP-779593,28-Oct-2022,04/08/2023,162
cemex,4313863.87,MXN,OP-906684,"October 28, 2015",N/A,N/A
PEMEX,4184643.34,USD,OP-977029,19/11/2016,"June 18, 2018",576
FEMSA,6263770.11,EUR,OP-885300,07-Sep-2022,25/02/2024,536
BANORTE,1195677.51,EUR,OP-572470,04-Jun-2016,N/A,N/A
grupo méxico,4780089.66,EUR,OP-931552,2021-02-06,N/A,N/A
TELMEX,2216746.09,USD,OP-969003,21-Sep-2019,N/A,N/A
GRUPO BIMBO,682915.15,EUR,OP-901664,11/02/2022,N/A,N/A
grupo bimbo,5985097.13,USD,OP-459977,20/12/2021,N/A,N/A
américa móvil,6199291.99,USD,OP-443279,"March 25, 2019",2021-05-19,786
GRUPO CARSO,9198635.83,MXN,OP-589940,07/04/2022,N/A,N/A
américa móvil,6257248.32,MXN,OP-205537,"May 22, 2021","January 13, 2022",236
GRUPO MÉXICO,3738097.38,MXN,OP-919393,02-Feb-2019,2019-03-19,45
GRUPO LALA,8458357.51,EUR,OP-676529,18/02/2024,2024-10-31,256
TELMEX,2637078.32,USD,OP-367780,2025-08-20,N/A,N/A
bbva méxico,7386792.92,EUR,OP-881246,22-Nov-2021,N/A,N/A
grupo bimbo,6747857.93,EUR,OP-322783,22-Jun-2023,N/A,N/A
bbva méxico,9991774.66,USD,OP-932996,"June 02, 2022",N/A,N/A
pemex,9361970.65,USD,OP-891663,"October 31, 2019",N/A,N/A
GRUPO MÉXICO,9669582.35,USD,OP-516847,28/04/2021,N/A,N/A
liverpool,3240467.08,EUR,OP-471709,02-Jan-2020,2023-10-23,1390
TELMEX,1285607.98,MXN,OP-600955,05-Nov-2024,N/A,N/A
banorte,5415507.35,MXN,OP-956990,09/04/2019,N/A,N/A
femsa,4207551.83,EUR,OP-819459,18-Oct-2020,N/A,N/A
GRUPO MÉXICO,2965942.78,MXN,OP-733614,2016-07-22,N/A,N/A
grupo lala,6913261.8,MXN,OP-831248,2021-01-20,2023-11-05,1019
GRUPO BIMBO,882099.74,USD,OP-992633,08-Nov-2021,N/A,N/A
alsea,2847187.7,EUR,OP-879903,05/08/2024,N/A,N/A
GRUPO LALA,7504320.89,MXN,OP-668278,19/07/2021,N/A,N/A
soriana,5369774.76,MXN,OP-320056,"July 17, 2016",N/A,N/A
CEMEX,7342103.63,USD,OP-466438,2024-04-09,N/A,N/A
GRUPO BIMBO,1634152.53,EUR,OP-597581,23-Feb-2023,N/A,N/A
GRUPO LALA,9263372.9,EUR,OP-250099,08-Aug-2017,2023-07-01,2153
GRUPO MÉXICO,6651478.92,EUR,OP-797684,18/09/2018,03-Jul-2019,288
grupo carso,5381609.51,MXN,OP-701374,"February 19, 2023",N/A,N/A
soriana,4892164.24,USD,OP-704675,"July 08, 2021",N/A,N/A
TELMEX,5653494.51,MXN,OP-525399,15-May-2024,N/A,N/A
TELMEX,1699180.58,USD,OP-888890,11-Dec-2023,2024-05-25,166
femsa,8603979.98,USD,OP-122038,2024-12-15,N/A,N/A
TELMEX,9328573.86,USD,OP-297937,25-Aug-2022,22/06/2025,1032
FEMSA,5708974.98,MXN,OP-981416,"August 15, 2025",N/A,N/A
GRUPO LALA,8630996.66,USD,OP-659132,2020-06-21,18/07/2021,392
liverpool,4705989.19,MXN,OP-130148,20/12/2019,N/A,N/A
soriana,113152.53,EUR,OP-587102,2017-04-20,20-Feb-2023,2132
pemex,7099993.23,MXN,OP-776668,11/09/2016,2024-01-09,2617
AMÉRICA MÓVIL,841574.11,USD,OP-380725,2018-12-04,N/A,N/A
telmex,929823.75,EUR,OP-903015,04/01/2016,29/05/2023,2614
SORIANA,5339454.3,USD,OP-790872,19/04/2021,N/A,N/A
LIVERPOOL,4584531.14,USD,OP-548134,13-Feb-2018,2020-10-25,985
SORIANA,6255584.22,EUR,OP-545975,"January 24, 2019",N/A,N/A
ALSEA,405919.78,USD,OP-505052,"June 02, 2017",07-Mar-2023,2104
américa móvil,8355978.41,MXN,OP-728265,18-Feb-2022,N/A,N/A
grupo méxico,7376078.11,EUR,OP-324664,31-Jan-2025,N/A,N/A
GRUPO CARSO,4383553.58,USD,OP-538076,"February 01, 2016",02/08/2017,373
GRUPO LALA,3563384.64,USD,OP-479915,2017-11-22,2022-06-06,1657
soriana,8334458.91,EUR,OP-431656,18/10/2015,2023-04-25,2746
alsea,6418467.28,MXN,OP-152399,24/07/2021,N/A,N/A
ALSEA,5315880.02,MXN,OP-448244,"March 25, 2020",N/A,N/A
grupo bimbo,8646856.85,USD,OP-258652,"March 18, 2020",N/A,N/A
pemex,3892140.5,MXN,OP-425223,"February 04, 2023",N/A,N/A
BANORTE,2866223.91,EUR,OP-680917,"January 15, 2018",N/A,N/A
CEMEX,3400753.43,USD,OP-554144,09/01/2017,N/A,N/A
TELMEX,5505977.8,USD,OP-172421,2019-10-20,N/A,N/A
pemex,7390166.43,EUR,OP-314713,2019-01-03,2020-12-22,719
soriana,1149788.68,EUR,OP-109925,30-Sep-2019,N/A,N/A
telmex,2679075.13,USD,OP-996626,2018-06-14,2022-07-02,1479
pemex,6606259.22,USD,OP-127871,15/08/2017,2022-04-18,1707
américa móvil,8263040.67,EUR,OP-454206,2017-03-20,2021-11-05,1691
grupo carso,3356031.35,USD,OP-778737,21-Aug-2020,"December 17, 2021",483
grupo bimbo,2040416.93,USD,OP-881587,"June 25, 2024",N/A,N/A
alsea,5448350.07,EUR,OP-413635,30/07/2016,15-Dec-2021,1964
GRUPO BIMBO,163845.69,USD,OP-622227,2023-12-03,N/A,N/A
telmex,8460808.2,MXN,OP-470416,"May 12, 2025",N/A,N/A
WALMART DE MÉXICO,5680101.31,EUR,OP-487969,"December 12, 2018",N/A,N/A
GRUPO LALA,3850445.24,USD,OP-128367,2016-11-18,04-Dec-2018,746
grupo bimbo,7848403.21,MXN,OP-248945,"November 21, 2023",N/A,N/A
américa móvil,291033.97,MXN,OP-298871,2020-07-07,N/A,N/A
AMÉRICA MÓVIL,5734721.0,USD,OP-971732,"September 17, 2016",13/02/2020,1244
banorte,1038202.3,EUR,OP-518320,13/07/2021,27/07/2022,379
pemex,2919161.08,USD,OP-494434,"March 17, 2019",27/07/2023,1593
GRUPO LALA,1551184.69,EUR,OP-311302,31/12/2019,N/A,N/A
BBVA MÉXICO,7560380.67,EUR,OP-183131,03/02/2022,N/A,N/A
PEMEX,6019427.53,EUR,OP-503367,"December 15, 2022",N/A,N/A
ALSEA,3253535.84,MXN,OP-905794,"July 15, 2018",N/A,N/A
alsea,1225873.94,EUR,OP-969002,21/06/2019,"July 07, 2023",1477
cemex,4126449.44,EUR,OP-833184,08-May-2016,2021-03-06,1763
PEMEX,3992457.58,MXN,OP-482826,25/01/2016,N/A,N/A
BANORTE,2878125.85,USD,OP-432450,"October 27, 2020","November 20, 2021",389
soriana,2414264.27,USD,OP-461684,"October 19, 2017",2019-07-26,645
GRUPO CARSO,9558054.07,MXN,OP-580580,2021-08-08,N/A,N/A
américa móvil,975090.19,USD,OP-158177,26/01/2016,"March 24, 2018",788
cemex,6989893.23,EUR,OP-218959,25-Nov-2021,N/A,N/A
GRUPO LALA,292452.37,MXN,OP-286271,2021-03-05,N/A,N/A
liverpool,469577.04,EUR,OP-554144,21/01/2022,N/A,N/A
bbva méxico,2405015.23,MXN,OP-667952,"October 06, 2017",N/A,N/A
FEMSA,7975596.55,EUR,OP-378223,13/07/2023,N/A,N/A
grupo lala,6772585.69,MXN,OP-272926,"August 27, 2019",N/A,N/A
alsea,2740375.13,USD,OP-240629,11-Nov-2015,14/07/2020,1707
FEMSA,4198549.9,EUR,OP-733246,2015-11-10,N/A,N/A
CEMEX,4466053.8,USD,OP-350251,07-Oct-2018,N/A,N/A
SORIANA,1035544.97,EUR,OP-699504,29-Oct-2021,N/A,N/A
telmex,2554862.75,USD,OP-831933,2021-10-02,29/08/2022,331
SORIANA,7970670.9,MXN,OP-325871,01/01/2020,N/A,N/A
soriana,451540.28,USD,OP-786288,11/09/2021,N/A,N/A
grupo carso,6263120.57,EUR,OP-946449,2020-10-12,13-Jan-2025,1554
GRUPO MÉXICO,3407817.45,EUR,OP-406674,20/05/2023,N/A,N/A
femsa,1336759.7,EUR,OP-779520,21/06/2017,2025-03-26,2835
grupo bimbo,6118396.35,EUR,OP-101350,"October 25, 2021",2023-11-07,743
PEMEX,3885655.44,EUR,OP-573530,02/11/2022,N/A,N/A
AMÉRICA MÓVIL,5199519.24,EUR,OP-506161,21/07/2025,N/A,N/A
WALMART DE MÉXICO,4466134.68,EUR,OP-331830,18-Feb-2022,"December 16, 2024",1032
walmart de méxico,1520945.19,USD,OP-132123,07-Dec-2019,N/A,N/A
bbva méxico,7195944.93,EUR,OP-589124,12-Jan-2020,24/08/2024,1686
femsa,800315.91,USD,OP-296782,28-Nov-2023,N/A,N/A
CEMEX,696491.04,USD,OP-304228,"November 21, 2015",25-Sep-2020,1770
bbva méxico,4853192.3,EUR,OP-351772,14/05/2021,N/A,N/A
pemex,3202960.92,USD,OP-581509,25-Jan-2021,N/A,N/A
grupo bimbo,1320300.26,USD,OP-981847,13/04/2021,N/A,N/A
GRUPO BIMBO,3398516.83,MXN,OP-503420,2021-03-15,N/A,N/A
alsea,1619054.55,USD,OP-234225,"September 05, 2018",2024-12-04,2282
LIVERPOOL,2356518.32,MXN,OP-183552,05-Feb-2016,"August 27, 2023",2760
banorte,9751797.0,MXN,OP-960452,"February 11, 2021",16/04/2023,794
GRUPO CARSO,5273066.48,USD,OP-413323,"January 02, 2025",N/A,N/A
FEMSA,2379309.38,EUR,OP-316032,26/02/2019,N/A,N/A
WALMART DE MÉXICO,9730737.71,MXN,OP-966225,"October 04, 2022",N/A,N/A
walmart de méxico,1105320.58,USD,OP-981141,20/07/2022,N/A,N/A
GRUPO BIMBO,4283249.26,USD,OP-702699,01-Dec-2019,N/A,N/A
TELMEX,943114.57,USD,OP-864701,17-Sep-2018,N/A,N/A
soriana,5011564.05,EUR,OP-925051,2020-07-14,2024-11-17,1587
TELMEX,6089954.24,MXN,OP-781385,2020-11-17,N/A,N/A
grupo bimbo,5385434.62,MXN,OP-151072,2022-01-21,2023-08-09,565
LIVERPOOL,2559476.7,MXN,OP-400973,29-Nov-2022,N/A,N/A
cemex,9760185.37,MXN,OP-219084,07-Feb-2021,N/A,N/A
grupo carso,6223728.18,MXN,OP-649913,04/11/2018,28-Jan-2022,1388
alsea,3804063.81,USD,OP-925971,"July 16, 2020",N/A,N/A
BANORTE,5948225.14,EUR,OP-462259,09-Jan-2025,N/A,N/A
banorte,2844729.96,USD,OP-796752,07-Apr-2024,N/A,N/A
grupo carso,2714881.04,EUR,OP-674733,22-May-2022,N/A,N/A
BANORTE,2920774.62,EUR,OP-898576,19/01/2025,N/A,N/A
cemex,9783715.55,USD,OP-701692,22/05/2016,N/A,N/A
grupo méxico,6473372.66,USD,OP-972329,"May 02, 2023",N/A,N/A
BANORTE,474355.27,EUR,OP-815566,"November 28, 2018",N/A,N/A
FEMSA,9329656.7,USD,OP-184108,"March 23, 2019",20-Mar-2024,1824
WALMART DE MÉXICO,2738166.38,USD,OP-382597,15-Mar-2018,2019-04-26,407
grupo carso,5407834.19,MXN,OP-317315,2021-05-27,N/A,N/A
TELMEX,8011630.47,MXN,OP-486404,"December 27, 2021",N/A,N/A
TELMEX,8859569.72,USD,OP-118462,"June 21, 2019",17/01/2023,1306
CEMEX,6774799.05,USD,OP-947687,15-Feb-2021,N/A,N/A
alsea,6810766.36,USD,OP-928390,06-Nov-2015,2017-09-08,672
WALMART DE MÉXICO,9757085.11,USD,OP-783978,2015-12-18,22-Jun-2022,2378
américa móvil,5203359.57,USD,OP-431059,28-Apr-2020,2021-11-15,566
cemex,9217542.83,EUR,OP-513117,2020-10-03,N/A,N/A
grupo lala,7200154.26,USD,OP-737975,07-Aug-2019,N/A,N/A
GRUPO MÉXICO,1783779.78,MXN,OP-455901,2020-04-03,N/A,N/A
GRUPO LALA,2102245.59,USD,OP-868088,"November 23, 2020",N/A,N/A
CEMEX,9926616.17,USD,OP-947203,"December 26, 2019",N/A,N/A
PEMEX,2117941.94,EUR,OP-708692,13/12/2024,N/A,N/A
femsa,2088540.92,USD,OP-417316,"March 31, 2023",N/A,N/A
AMÉRICA MÓVIL,4028407.26,MXN,OP-920505,"April 06, 2022",N/A,N/A
cemex,4479884.05,MXN,OP-308159,31-Jul-2022,N/A,N/A
LIVERPOOL,6152233.14,MXN,OP-753531,2017-12-09,N/A,N/A
telmex,7167317.48,MXN,OP-664625,2022-05-09,N/A,N/A
AMÉRICA MÓVIL,8803209.69,USD,OP-265388,"July 26, 2024",N/A,N/A
cemex,5798293.55,MXN,OP-355466,2016-08-15,26/03/2021,1684
cemex,2663881.79,USD,OP-146927,"July 04, 2019",08-Apr-2024,1740
GRUPO MÉXICO,887329.08,MXN,OP-935766,"June 15, 2018",23-Sep-2020,831
bbva méxico,3052890.63,USD,OP-772886,"April 03, 2019",2020-08-06,491
grupo lala,9841763.17,EUR,OP-752750,25-Oct-2024,N/A,N/A
pemex,5615897.84,EUR,OP-551196,01/12/2017,07-Sep-2017,238
banorte,5772369.51,EUR,OP-100796,2024-03-27,N/A,N/A
TELMEX,6724796.61,MXN,OP-665940,24/01/2021,2025-02-20,1488
américa móvil,3560543.35,EUR,OP-745393,2016-02-03,2016-10-09,249
TELMEX,274095.75,MXN,OP-226117,"January 31, 2019",N/A,N/A
SORIANA,1795271.51,EUR,OP-625910,29/02/2016,N/A,N/A
PEMEX,2177508.86,EUR,OP-794363,"February 19, 2019",N/A,N/A
FEMSA,226073.55,EUR,OP-914861,10/11/2023,N/A,N/A
GRUPO BIMBO,6304841.47,USD,OP-762022,07-Oct-2020,N/A,N/A
SORIANA,9365833.57,MXN,OP-141335,2017-04-10,"December 10, 2022",2070
PEMEX,2901019.92,USD,OP-103910,"December 05, 2021",N/A,N/A
CEMEX,7310355.59,USD,OP-576025,09-Nov-2019,22/01/2025,1901
ALSEA,4957347.83,MXN,OP-301583,"July 17, 2019",N/A,N/A
walmart de méxico,7415480.97,EUR,OP-637230,08/05/2023,N/A,N/A
grupo bimbo,7986399.89,USD,OP-977762,22/04/2021,27-Jul-2023,826
GRUPO BIMBO,2519964.46,EUR,OP-903305,19/10/2020,30-Oct-2020,11
grupo carso,2857781.53,MXN,OP-172861,21-May-2017,"January 30, 2025",2811
LIVERPOOL,7783679.9,MXN,OP-667195,2020-04-07,N/A,N/A
GRUPO LALA,3126195.08,USD,OP-635873,08-Jun-2024,N/A,N/A
walmart de méxico,5113021.41,USD,OP-104461,17-Mar-2025,N/A,N/A
alsea,8328455.8,MXN,OP-788239,28/05/2016,2025-06-11,3301
grupo lala,1298581.91,EUR,OP-815147,"October 12, 2020",N/A,N/A
FEMSA,9913510.43,MXN,OP-502339,"October 16, 2022",N/A,N/A
walmart de méxico,9763305.37,MXN,OP-214054,2022-07-28,N/A,N/A
BBVA MÉXICO,2636277.92,MXN,OP-821275,2022-11-19,N/A,N/A
femsa,3087628.59,EUR,OP-579835,26-Nov-2015,N/A,N/A
WALMART DE MÉXICO,5148828.8,EUR,OP-319680,01-Feb-2020,N/A,N/A
TELMEX,8330353.09,EUR,OP-988199,13/03/2022,N/A,N/A
ALSEA,3051025.36,EUR,OP-967069,19-Jul-2025,N/A,N/A
FEMSA,8091652.54,MXN,OP-688597,03-Apr-2016,2020-05-23,1511
BBVA MÉXICO,1530396.58,MXN,OP-358910,2020-02-02,N/A,N/A
bbva méxico,4001593.17,MXN,OP-965497,"November 29, 2018",29-Mar-2024,1947
grupo méxico,6770585.27,USD,OP-900786,2020-08-24,N/A,N/A
CEMEX,8806788.07,MXN,OP-517809,"November 30, 2018",N/A,N/A
liverpool,3904816.05,EUR,OP-480356,11/11/2019,N/A,N/A
américa móvil,5137415.12,EUR,OP-716656,2022-07-13,N/A,N/A
soriana,3672447.94,MXN,OP-796208,2023-08-07,N/A,N/A
banorte,7658934.85,USD,OP-371169,"October 22, 2021",22-May-2023,577
GRUPO MÉXICO,2883835.25,EUR,OP-119242,26/02/2022,N/A,N/A
WALMART DE MÉXICO,8014299.11,USD,OP-380896,"November 08, 2018",N/A,N/A
CEMEX,9366543.99,MXN,OP-546563,19/03/2019,N/A,N/A
LIVERPOOL,1535456.41,EUR,OP-758435,25/05/2024,N/A,N/A
soriana,8867435.27,USD,OP-633511,08-Mar-2024,N/A,N/A
cemex,8924953.52,USD,OP-993295,08-May-2024,N/A,N/A
BANORTE,8130658.54,EUR,OP-131124,13-Sep-2018,25/02/2022,1261
américa móvil,8919241.03,MXN,OP-200585,2018-05-18,2022-11-06,1633
alsea,124270.77,EUR,OP-629335,16/08/2018,16-Jul-2021,1065
cemex,2252749.52,USD,OP-918481,2016-06-24,2017-09-05,438
PEMEX,5867172.11,MXN,OP-447418,2015-12-17,"October 09, 2021",2123
LIVERPOOL,2918921.38,USD,OP-952318,28-Jul-2019,N/A,N/A
telmex,9872268.65,USD,OP-393030,"May 24, 2020",N/A,N/A
BANORTE,7221408.2,MXN,OP-335384,06/06/2016,22/02/2018,626
AMÉRICA MÓVIL,8649713.37,MXN,OP-661981,"November 10, 2021",10/07/2025,1427
grupo carso,8522457.06,USD,OP-550939,11-Jun-2022,N/A,N/A
GRUPO MÉXICO,2487255.44,USD,OP-291020,"October 09, 2023",N/A,N/A
grupo carso,1141184.98,MXN,OP-508871,"October 04, 2015",2020-12-26,1910
GRUPO BIMBO,5059059.98,USD,OP-123911,2023-07-28,N/A,N/A
CEMEX,299779.59,USD,OP-768161,09/09/2023,"September 28, 2023",19
BANORTE,548597.9,EUR,OP-864283,07/07/2024,N/A,N/A
ALSEA,6980312.82,USD,OP-496139,2019-12-09,18/06/2024,1653
GRUPO BIMBO,2735180.93,MXN,OP-808325,"January 02, 2017",N/A,N/A
FEMSA,4958944.08,EUR,OP-205717,"October 22, 2023",N/A,N/A
pemex,1322706.26,USD,OP-938895,"April 20, 2025",2025-07-13,84
grupo carso,1224213.51,USD,OP-429021,28-Apr-2016,"January 05, 2022",2078
CEMEX,2005252.91,EUR,OP-241071,"July 26, 2023",N/A,N/A
GRUPO CARSO,226914.02,USD,OP-940925,17-Jan-2017,N/A,N/A
WALMART DE MÉXICO,6205459.17,USD,OP-846171,2017-10-15,16-Apr-2019,548
ALSEA,1627551.55,EUR,OP-661496,2024-12-13,2025-02-16,65
ALSEA,4927606.82,USD,OP-144969,2020-04-25,N/A,N/A
banorte,3806483.11,USD,OP-782925,2023-06-15,"April 04, 2024",294
CEMEX,6952249.3,USD,OP-756518,2015-12-18,08-Mar-2019,1176
telmex,115164.88,EUR,OP-818027,25/04/2022,2024-04-10,716
grupo méxico,9872705.29,MXN,OP-480707,13-Jan-2018,N/A,N/A
banorte,5057551.52,MXN,OP-457257,"January 28, 2021",N/A,N/A
GRUPO LALA,3337115.92,MXN,OP-419458,16-May-2025,N/A,N/A
BBVA MÉXICO,854044.17,USD,OP-814491,02-Apr-2020,16-Jun-2020,75
soriana,9326231.91,EUR,OP-370572,29/09/2021,2025-03-01,1249
pemex,1518260.18,EUR,OP-339540,19-Jun-2018,N/A,N/A
SORIANA,4329585.28,USD,OP-472100,2015-12-11,N/A,N/A
LIVERPOOL,9545109.95,MXN,OP-921741,2024-12-11,N/A,N/A
cemex,7719467.22,EUR,OP-922114,2019-11-29,06/06/2023,1285
grupo bimbo,4864272.83,MXN,OP-228000,25-May-2025,N/A,N/A
SORIANA,7389809.05,USD,OP-824374,"January 23, 2021",N/A,N/A
GRUPO MÉXICO,154620.65,EUR,OP-319813,"September 01, 2015",N/A,N/A
PEMEX,3814608.13,USD,OP-606543,17/05/2024,N/A,N/A
walmart de méxico,7677090.5,USD,OP-775207,11-Jul-2021,2021-11-22,134
walmart de méxico,9490047.55,MXN,OP-490034,2022-04-19,N/A,N/A
américa móvil,7185169.49,EUR,OP-668295,05-Sep-2015,2024-03-07,3106
femsa,3968258.14,EUR,OP-340777,"March 26, 2017",N/A,N/A
AMÉRICA MÓVIL,198040.27,MXN,OP-392976,12/07/2023,N/A,N/A
GRUPO BIMBO,7579147.13,EUR,OP-267940,"January 01, 2024",N/A,N/A
GRUPO LALA,9462760.13,MXN,OP-672066,31-Mar-2021,N/A,N/A
alsea,1671708.27,MXN,OP-314457,23/05/2023,N/A,N/A
TELMEX,767899.6,MXN,OP-989687,2024-10-14,N/A,N/A
grupo méxico,8860983.15,MXN,OP-778635,26-Mar-2019,31-Oct-2019,219
bbva méxico,8637370.87,EUR,OP-655157,01/11/2021,"January 09, 2022",363
liverpool,9582562.59,USD,OP-305112,12-Aug-2018,N/A,N/A
liverpool,4861066.38,MXN,OP-404415,18-Jan-2019,"September 20, 2023",1706
BBVA MÉXICO,1285010.32,MXN,OP-139910,2022-03-24,N/A,N/A
BBVA MÉXICO,4602597.66,USD,OP-188379,18-Mar-2020,N/A,N/A
GRUPO CARSO,2134072.58,USD,OP-993816,2017-06-17,N/A,N/A
TELMEX,5174222.84,USD,OP-110680,"January 07, 2022","May 13, 2023",491
GRUPO MÉXICO,4832062.39,USD,OP-332160,03-Jun-2016,2022-10-15,2325
AMÉRICA MÓVIL,9968142.71,USD,OP-603293,"July 04, 2021",23-Nov-2021,142
AMÉRICA MÓVIL,3471384.71,MXN,OP-686822,08-Apr-2025,N/A,N/A
soriana,4670314.73,EUR,OP-908945,2021-02-09,N/A,N/A
américa móvil,5407111.46,MXN,OP-802442,14-Sep-2022,24-Nov-2024,802
alsea,1336879.94,MXN,OP-976228,"January 28, 2021",N/A,N/A
grupo méxico,7055092.06,USD,OP-305230,2018-08-11,N/A,N/A
CEMEX,4322011.46,MXN,OP-230984,2016-02-11,15-Dec-2019,1403
LIVERPOOL,145344.02,EUR,OP-197960,17/10/2020,N/A,N/A
LIVERPOOL,913239.7,USD,OP-176961,"December 31, 2022",N/A,N/A
banorte,2807018.74,EUR,OP-561939,2015-10-27,29-May-2021,2041
walmart de méxico,9917586.2,EUR,OP-496588,12/03/2019,N/A,N/A
BBVA MÉXICO,1122690.92,MXN,OP-797040,09/01/2019,10/08/2024,1864
grupo bimbo,1712882.69,EUR,OP-354738,"November 05, 2019",05/04/2024,1642
soriana,820654.02,EUR,OP-752828,03-May-2022,N/A,N/A
GRUPO LALA,3434410.93,EUR,OP-848576,16/01/2025,2025-03-27,70
cemex,2663819.49,EUR,OP-278453,03-Jul-2023,N/A,N/A
AMÉRICA MÓVIL,7239903.36,MXN,OP-808344,2019-06-23,N/A,N/A
SORIANA,2672088.81,USD,OP-750458,17/09/2024,N/A,N/A
soriana,216581.46,USD,OP-194983,"December 06, 2017",14/06/2019,555
GRUPO MÉXICO,6249364.3,USD,OP-457434,29/11/2022,N/A,N/A
walmart de méxico,2239025.81,MXN,OP-639471,"November 15, 2021",N/A,N/A
WALMART DE MÉXICO,5183267.04,EUR,OP-997932,"January 27, 2023",2025-03-03,766
GRUPO BIMBO,1378071.95,MXN,OP-547035,"January 31, 2023",N/A,N/A
CEMEX,2300257.89,USD,OP-878741,27/02/2021,N/A,N/A
femsa,2008437.58,USD,OP-627616,2022-07-27,N/A,N/A
PEMEX,6699754.29,EUR,OP-274135,2021-06-04,08/07/2021,64
AMÉRICA MÓVIL,4677427.85,EUR,OP-500646,28/01/2025,N/A,N/A
telmex,317048.01,MXN,OP-225355,18-Jan-2023,N/A,N/A
CEMEX,6694203.38,MXN,OP-980237,"August 09, 2020",06-Oct-2023,1153
alsea,9251063.12,MXN,OP-821489,05-Dec-2022,N/A,N/A
FEMSA,312042.31,EUR,OP-191025,2022-10-23,N/A,N/A
liverpool,5211109.38,USD,OP-367999,"July 30, 2025",N/A,N/A
ALSEA,6607346.91,MXN,OP-498494,28/02/2017,06-Mar-2025,2928
grupo carso,9070003.91,USD,OP-521584,2018-11-16,N/A,N/A
SORIANA,2605810.07,USD,OP-628119,"June 02, 2022",N/A,N/A
PEMEX,7408102.41,MXN,OP-299987,21/02/2024,N/A,N/A
pemex,4539679.42,MXN,OP-288309,"March 11, 2019",N/A,N/A
GRUPO CARSO,2535747.94,USD,OP-336822,08-Oct-2020,12/06/2022,789
femsa,5012275.81,USD,OP-240040,2023-03-14,N/A,N/A
soriana,9390877.48,MXN,OP-796820,"December 19, 2024",N/A,N/A
SORIANA,3746734.46,EUR,OP-144512,27/02/2025,N/A,N/A
soriana,5071868.26,MXN,OP-832207,2023-11-07,N/A,N/A
AMÉRICA MÓVIL,8116265.65,MXN,OP-357491,"June 30, 2019",09/08/2023,1531
liverpool,4569523.45,USD,OP-526154,2018-09-27,N/A,N/A
liverpool,8296789.25,MXN,OP-914341,17-Jun-2020,N/A,N/A
soriana,6523893.09,EUR,OP-452695,01-Jul-2020,N/A,N/A
TELMEX,5381806.81,MXN,OP-843973,26/05/2023,N/A,N/A
PEMEX,6175011.66,USD,OP-888709,29/06/2021,N/A,N/A
GRUPO CARSO,9952734.33,MXN,OP-292439,"March 12, 2024",N/A,N/A
liverpool,1065447.98,USD,OP-994550,13-Apr-2021,N/A,N/A
pemex,3442441.63,EUR,OP-785510,02/05/2022,14-Feb-2022,9
banorte,4180285.63,USD,OP-548219,2021-04-09,N/A,N/A
GRUPO CARSO,5358267.07,EUR,OP-532494,2018-03-03,2021-03-26,1119
PEMEX,4171034.46,EUR,OP-540262,2021-04-12,03/05/2025,1423
GRUPO BIMBO,6938903.27,MXN,OP-390815,08/09/2022,19/10/2024,802
femsa,6336991.56,USD,OP-292927,30/05/2021,"August 19, 2021",81
bbva méxico,5554748.67,EUR,OP-600936,18/04/2021,10/05/2022,535
soriana,8207510.89,USD,OP-633627,2019-11-28,N/A,N/A
LIVERPOOL,3320242.42,EUR,OP-245470,"September 16, 2019",N/A,N/A
pemex,4774227.13,EUR,OP-794734,22/03/2022,15-May-2023,419
BBVA MÉXICO,208246.44,MXN,OP-685381,25-Sep-2016,19-May-2024,2793
grupo méxico,9075447.69,EUR,OP-679506,03/04/2016,13-Sep-2024,3115
TELMEX,6365741.62,MXN,OP-235178,18/10/2020,17-May-2022,576
PEMEX,4785937.59,EUR,OP-651385,2016-02-15,"July 04, 2018",870
bbva méxico,8141783.55,MXN,OP-379664,"October 26, 2024",N/A,N/A
banorte,6904958.81,MXN,OP-342689,15-Jan-2022,N/A,N/A
GRUPO CARSO,7529552.54,EUR,OP-115680,2019-06-16,2019-10-22,128
cemex,2132173.22,USD,OP-477607,"August 31, 2022",2025-07-20,1054
PEMEX,860305.92,EUR,OP-937343,"March 27, 2017",16/07/2020,1207
LIVERPOOL,6176596.53,USD,OP-495963,17-Dec-2023,N/A,N/A
GRUPO MÉXICO,1606525.71,MXN,OP-339134,2019-04-02,16/11/2024,2055
liverpool,9468513.24,EUR,OP-917789,23-Aug-2018,2023-11-18,1913
FEMSA,7683783.46,USD,OP-622673,2018-03-05,2020-08-05,884
TELMEX,4024964.35,MXN,OP-679735,2017-11-28,N/A,N/A
BANORTE,8191752.23,USD,OP-700581,"February 22, 2025",N/A,N/A
SORIANA,984750.62,MXN,OP-695584,20/02/2021,N/A,N/A
américa móvil,5004069.45,USD,OP-914554,13-Oct-2024,N/A,N/A
FEMSA,4095285.35,EUR,OP-918471,"May 06, 2019",N/A,N/A
WALMART DE MÉXICO,4857654.5,EUR,OP-231938,30/09/2021,"March 13, 2025",1260
femsa,964186.74,USD,OP-453938,03/11/2019,02-Jun-2024,1910
CEMEX,8596448.57,USD,OP-165873,2019-06-22,N/A,N/A
AMÉRICA MÓVIL,7878695.45,USD,OP-151982,27/09/2020,N/A,N/A
alsea,5663449.76,EUR,OP-630611,2023-12-27,N/A,N/A
soriana,8031454.9,EUR,OP-304433,15-Sep-2016,N/A,N/A
CEMEX,5417277.68,EUR,OP-292019,03-Mar-2021,N/A,N/A
telmex,2028119.77,EUR,OP-661582,14-Apr-2021,21/01/2024,1012
WALMART DE MÉXICO,8356905.93,MXN,OP-166169,2025-07-13,N/A,N/A
GRUPO CARSO,1559101.6,MXN,OP-428581,"July 13, 2024",N/A,N/A
pemex,7574640.04,MXN,OP-168341,25-Oct-2022,N/A,N/A
liverpool,1712946.31,USD,OP-928887,"August 11, 2024",N/A,N/A
telmex,7823197.54,MXN,OP-120309,18-Aug-2016,2021-03-14,1669
cemex,7134708.6,MXN,OP-330414,2017-01-19,N/A,N/A
cemex,7500005.69,EUR,OP-591720,07-Jan-2018,"February 18, 2018",42
soriana,8401620.26,USD,OP-352091,"June 03, 2017","April 07, 2021",1404
alsea,1409670.7,USD,OP-265065,03/11/2016,10/03/2016,206
CEMEX,5599330.47,USD,OP-228142,2017-11-16,"March 13, 2019",482
CEMEX,6131449.25,EUR,OP-885384,25-Nov-2019,N/A,N/A
alsea,2063552.97,EUR,OP-718277,2018-12-28,19/04/2022,1208
soriana,3967229.55,MXN,OP-906781,17/02/2019,"March 14, 2021",756
GRUPO BIMBO,6591566.87,EUR,OP-489700,2020-04-29,N/A,N/A
BBVA MÉXICO,2306361.65,USD,OP-932120,2023-08-29,24-May-2025,634
grupo méxico,8845109.04,EUR,OP-162414,09-Sep-2020,13/10/2024,1495
TELMEX,9846256.37,EUR,OP-676977,"April 02, 2025",N/A,N/A
grupo carso,457317.41,MXN,OP-687476,17/11/2023,N/A,N/A
FEMSA,3658971.82,MXN,OP-977008,15-Feb-2025,N/A,N/A
TELMEX,4416975.96,MXN,OP-845147,26/05/2022,N/A,N/A
TELMEX,5736092.34,MXN,OP-182763,"July 23, 2023",18-Jan-2025,545
bbva méxico,3066418.78,USD,OP-484697,12-Sep-2019,18/07/2024,1771
GRUPO MÉXICO,3614641.43,USD,OP-306997,2015-09-12,2020-11-16,1892
GRUPO LALA,3046378.36,MXN,OP-129270,2019-04-06,N/A,N/A
banorte,6755726.54,EUR,OP-867523,2019-01-15,N/A,N/A
GRUPO MÉXICO,2403802.56,EUR,OP-512037,2023-05-22,N/A,N/A
grupo bimbo,8488973.1,EUR,OP-504983,18-Aug-2018,N/A,N/A
SORIANA,2532427.7,USD,OP-382165,2020-03-09,09-Aug-2023,1248
soriana,2058672.38,EUR,OP-291498,09-Nov-2016,"December 11, 2018",762
CEMEX,4093655.58,EUR,OP-174766,27-Apr-2019,N/A,N/A
GRUPO MÉXICO,7655371.38,EUR,OP-879632,2020-01-08,17/06/2023,1256
FEMSA,7292914.27,EUR,OP-948122,11-Feb-2025,N/A,N/A
WALMART DE MÉXICO,6729024.94,USD,OP-562754,"November 09, 2015",16/05/2016,189
PEMEX,474772.46,MXN,OP-974786,"December 21, 2017",10/01/2023,2110
SORIANA,2184913.68,MXN,OP-377762,"January 18, 2024","July 26, 2024",190
FEMSA,3988710.4,MXN,OP-682791,"May 12, 2024",N/A,N/A
AMÉRICA MÓVIL,5602331.29,MXN,OP-121310,30/12/2019,"May 09, 2021",496
pemex,2216956.87,MXN,OP-446847,"February 11, 2017",N/A,N/A
femsa,2768793.9,MXN,OP-406579,"October 20, 2020",N/A,N/A
bbva méxico,8005284.83,MXN,OP-282997,03-Aug-2019,2023-08-03,1461
femsa,3009383.15,MXN,OP-990521,"August 12, 2025",N/A,N/A
liverpool,5731946.16,MXN,OP-161141,17/01/2016,2019-09-02,1324
GRUPO BIMBO,9931613.78,USD,OP-921563,2023-07-26,N/A,N/A
GRUPO LALA,8879304.78,MXN,OP-309283,"February 19, 2020",N/A,N/A
AMÉRICA MÓVIL,7257469.64,MXN,OP-252021,2022-02-06,N/A,N/A
grupo méxico,4818912.32,MXN,OP-250064,"October 29, 2017",N/A,N/A
GRUPO BIMBO,612772.17,EUR,OP-934099,17/01/2023,N/A,N/A
TELMEX,732089.75,EUR,OP-459536,25-Mar-2024,"December 15, 2024",265
grupo carso,419662.49,EUR,OP-761078,14-Jun-2022,N/A,N/A
banorte,2754065.2,MXN,OP-129551,"February 13, 2017",16-Jul-2022,1979
grupo bimbo,7677011.81,USD,OP-832694,03/07/2016,01/01/2018,665
américa móvil,2465271.84,MXN,OP-887762,"May 22, 2022",N/A,N/A
grupo bimbo,8907160.49,USD,OP-382351,"June 27, 2017",N/A,N/A
banorte,9200044.49,EUR,OP-521232,2020-05-27,"July 27, 2025",1887
bbva méxico,6062723.62,MXN,OP-810270,27-Dec-2022,N/A,N/A
pemex,8778698.04,USD,OP-693647,23/12/2016,"March 03, 2020",1166
GRUPO CARSO,1975478.31,EUR,OP-159989,03-Apr-2019,N/A,N/A
GRUPO CARSO,6020423.78,MXN,OP-496699,23/10/2015,08-Nov-2020,1843
femsa,6745851.48,MXN,OP-901269,13/01/2021,N/A,N/A
CEMEX,6703872.88,USD,OP-535933,2024-12-08,N/A,N/A
GRUPO CARSO,5027811.12,USD,OP-517700,09-Jan-2016,N/A,N/A
GRUPO LALA,7971081.74,USD,OP-246501,2023-04-14,N/A,N/A
BBVA MÉXICO,6187309.02,EUR,OP-266042,2022-10-11,N/A,N/A
BBVA MÉXICO,629386.66,USD,OP-395358,"September 07, 2023",N/A,N/A
FEMSA,1181770.58,EUR,OP-528783,12/03/2016,22-Feb-2024,2637
GRUPO LALA,7475562.59,EUR,OP-674118,2022-04-09,N/A,N/A
CEMEX,2718424.27,MXN,OP-391531,02/05/2022,N/A,N/A
GRUPO MÉXICO,5036204.22,USD,OP-972927,2021-08-14,2024-07-27,1078
GRUPO CARSO,5472864.0,MXN,OP-153963,2019-06-01,2021-09-10,832
TELMEX,5564126.73,USD,OP-875851,"October 21, 2015",2016-03-04,135
bbva méxico,1057018.3,MXN,OP-293803,2017-08-12,2021-04-18,1345
WALMART DE MÉXICO,1287427.87,EUR,OP-903663,13/05/2023,N/A,N/A
GRUPO LALA,4058688.94,MXN,OP-725371,23/05/2020,N/A,N/A
TELMEX,1594240.74,MXN,OP-272824,2023-12-25,N/A,N/A
AMÉRICA MÓVIL,9557366.98,MXN,OP-105740,25-Sep-2017,"August 31, 2020",1071
soriana,6555398.43,USD,OP-612356,12/06/2023,N/A,N/A
alsea,9601912.12,EUR,OP-659394,05/04/2023,N/A,N/A
GRUPO CARSO,3116725.11,EUR,OP-177639,13-Sep-2015,N/A,N/A
banorte,6091306.6,EUR,OP-530816,2019-01-23,N/A,N/A
grupo carso,1199402.52,MXN,OP-556118,2024-01-31,N/A,N/A
LIVERPOOL,4762360.05,MXN,OP-616780,07/04/2020,N/A,N/A
américa móvil,7493555.9,USD,OP-754882,23/06/2021,2025-01-20,1307
GRUPO CARSO,2273979.17,EUR,OP-959321,11/08/2025,N/A,N/A
FEMSA,6812075.48,MXN,OP-632248,01/08/2022,26/03/2024,808
cemex,7229852.51,MXN,OP-543670,2018-08-26,N/A,N/A
walmart de méxico,9216194.11,USD,OP-727023,29/09/2018,N/A,N/A
PEMEX,2253730.34,EUR,OP-934613,11/01/2022,25-Feb-2025,847
AMÉRICA MÓVIL,9126116.82,EUR,OP-572032,2018-01-25,16-Mar-2025,2607
banorte,4453771.42,USD,OP-516309,28-Jun-2020,N/A,N/A
grupo carso,8163814.0,EUR,OP-743067,26/11/2021,N/A,N/A
femsa,5461358.68,USD,OP-450059,2017-11-15,"August 04, 2021",1358
soriana,3892305.8,EUR,OP-363363,2024-06-14,N/A,N/A
américa móvil,6901895.94,USD,OP-187366,"May 15, 2025",N/A,N/A
cemex,1569114.11,EUR,OP-285393,"November 12, 2015",2019-08-13,1370
grupo méxico,7978130.37,MXN,OP-338417,2021-04-16,N/A,N/A
walmart de méxico,9258288.42,USD,OP-211061,06/09/2017,"November 23, 2023",2358
bbva méxico,8211499.88,MXN,OP-729809,30-May-2024,N/A,N/A
ALSEA,8669159.38,USD,OP-488358,17-Dec-2016,N/A,N/A
walmart de méxico,544879.94,USD,OP-252065,02/10/2023,10-Aug-2024,547
GRUPO CARSO,3361005.37,EUR,OP-675008,"December 27, 2016",N/A,N/A
GRUPO CARSO,9946760.19,MXN,OP-235091,03/05/2016,19/07/2019,1231
liverpool,2551811.89,EUR,OP-120649,27-Sep-2023,N/A,N/A
walmart de méxico,2251475.98,MXN,OP-980526,"April 03, 2021",N/A,N/A
AMÉRICA MÓVIL,8802005.34,EUR,OP-922853,06-Nov-2019,26/08/2023,1389
grupo carso,9894302.69,MXN,OP-396798,2025-05-15,N/A,N/A
soriana,1672695.75,MXN,OP-517474,2021-07-30,N/A,N/A
TELMEX,6093453.77,EUR,OP-987707,"April 13, 2024",N/A,N/A
BANORTE,8943566.49,MXN,OP-571282,30-Nov-2015,07-May-2018,889
BANORTE,6817332.76,USD,OP-901710,2019-02-17,31-Mar-2022,1138
CEMEX,7953627.13,USD,OP-405072,2020-05-10,22-Dec-2021,591
GRUPO MÉXICO,7884511.91,EUR,OP-834055,2025-02-16,N/A,N/A
BANORTE,6303678.43,EUR,OP-106971,01/05/2018,N/A,N/A
alsea,3046100.33,MXN,OP-938210,17/06/2021,N/A,N/A
grupo méxico,4713963.21,MXN,OP-549774,2018-05-29,N/A,N/A
GRUPO BIMBO,4050243.76,EUR,OP-251031,2023-10-30,N/A,N/A
alsea,4315608.88,MXN,OP-259757,2019-02-26,N/A,N/A
grupo bimbo,1975582.33,EUR,OP-624282,2021-11-30,N/A,N/A
LIVERPOOL,714928.5,EUR,OP-287108,2021-10-24,N/A,N/A
TELMEX,8551173.79,USD,OP-789412,16-Sep-2015,2016-12-20,461
alsea,3766450.06,USD,OP-106963,22-Sep-2019,N/A,N/A
GRUPO CARSO,2834677.17,MXN,OP-636421,2019-01-05,N/A,N/A
AMÉRICA MÓVIL,6382077.26,USD,OP-933087,2020-04-11,02-Oct-2020,174
WALMART DE MÉXICO,4559655.86,USD,OP-221161,07/03/2016,N/A,N/A
femsa,3611613.59,EUR,OP-525446,2016-05-14,N/A,N/A
WALMART DE MÉXICO,3971714.74,EUR,OP-330712,2024-07-30,N/A,N/A
femsa,2029946.15,EUR,OP-402751,03-Dec-2015,"July 15, 2016",225
GRUPO CARSO,8893539.93,EUR,OP-946774,01/09/2015,2016-11-09,670
GRUPO CARSO,1406699.86,USD,OP-521020,2017-05-25,N/A,N/A
grupo carso,8334447.92,USD,OP-603400,"February 08, 2018",2021-09-21,1321
GRUPO BIMBO,4284570.43,USD,OP-418840,"November 01, 2018",N/A,N/A
CEMEX,9644067.65,USD,OP-364812,2016-12-18,N/A,N/A
alsea,3342519.09,USD,OP-531667,12/02/2019,"July 15, 2023",1321
cemex,7639839.33,EUR,OP-662027,20-May-2021,11-Mar-2022,295
grupo lala,1580772.39,EUR,OP-323695,14/10/2018,19/04/2022,1283
américa móvil,9264731.77,MXN,OP-293781,13/07/2019,N/A,N/A
GRUPO CARSO,9545852.0,MXN,OP-503669,06-Oct-2016,N/A,N/A
BANORTE,5772885.09,EUR,OP-536678,01/08/2016,2023-07-02,2732
CEMEX,8939916.8,MXN,OP-263561,20/08/2019,N/A,N/A
soriana,8820230.75,USD,OP-532254,2021-03-07,N/A,N/A
LIVERPOOL,8347419.09,EUR,OP-295338,2024-11-20,N/A,N/A
walmart de méxico,6079147.29,USD,OP-209137,"August 04, 2016",N/A,N/A
walmart de méxico,5095360.9,EUR,OP-124176,15-Oct-2024,N/A,N/A
walmart de méxico,7811499.36,MXN,OP-106754,"December 06, 2019","August 14, 2022",982
ALSEA,2220031.33,MXN,OP-884593,07-Jul-2024,N/A,N/A
grupo carso,9628381.8,USD,OP-158607,16/11/2020,N/A,N/A
grupo bimbo,9363040.17,USD,OP-744236,10/10/2018,21-Dec-2023,1898
FEMSA,2551841.02,EUR,OP-925961,"December 27, 2017",23-Feb-2025,2615
walmart de méxico,7002354.64,USD,OP-205233,23/08/2025,N/A,N/A
ALSEA,8699358.03,MXN,OP-196785,"December 04, 2023",N/A,N/A
grupo bimbo,5299988.69,EUR,OP-622498,2020-09-19,N/A,N/A
soriana,4418555.16,USD,OP-951350,2024-07-30,N/A,N/A
walmart de méxico,2946465.37,EUR,OP-216262,02-Nov-2022,30/05/2023,209
GRUPO CARSO,951592.39,USD,OP-685824,2020-09-28,N/A,N/A
GRUPO BIMBO,6930380.04,EUR,OP-173564,14/10/2021,N/A,N/A
BBVA MÉXICO,5084189.79,MXN,OP-467010,"August 09, 2017",N/A,N/A
cemex,6289006.61,EUR,OP-133712,2018-04-19,N/A,N/A
GRUPO MÉXICO,1448123.98,EUR,OP-813488,2022-01-30,N/A,N/A
telmex,6399823.15,USD,OP-666646,12-Jan-2020,29/11/2024,1783
LIVERPOOL,8319714.01,MXN,OP-305247,2017-08-19,N/A,N/A
GRUPO CARSO,2400039.33,EUR,OP-747189,2021-12-21,N/A,N/A
GRUPO CARSO,2813173.9,EUR,OP-848396,24/07/2021,N/A,N/A
grupo méxico,2104627.78,USD,OP-311529,"June 16, 2021",N/A,N/A
walmart de méxico,2392988.41,EUR,OP-815013,09/10/2016,2022-02-22,1991
cemex,6760252.71,EUR,OP-415393,2022-01-30,2023-04-10,435
banorte,7927469.13,USD,OP-555974,2016-05-15,N/A,N/A
femsa,4574157.45,USD,OP-972345,23-Mar-2018,N/A,N/A
PEMEX,6028445.15,EUR,OP-158192,"December 03, 2017",N/A,N/A
WALMART DE MÉXICO,1180472.78,EUR,OP-991838,2022-04-18,N/A,N/A
pemex,848850.37,MXN,OP-878740,2023-10-07,"May 16, 2025",587
grupo lala,1823552.99,EUR,OP-993301,"November 16, 2016",21/03/2017,125
walmart de méxico,5761788.72,USD,OP-469373,"November 01, 2024",N/A,N/A
WALMART DE MÉXICO,2106263.97,USD,OP-760056,05-Dec-2017,N/A,N/A
pemex,9164312.52,MXN,OP-717877,31/12/2023,N/A,N/A
pemex,4130630.25,USD,OP-827499,06-Nov-2016,"May 21, 2022",2022
GRUPO BIMBO,4750649.41,EUR,OP-369928,14-May-2023,N/A,N/A
banorte,9972979.62,MXN,OP-883067,09/04/2020,"August 12, 2022",707
grupo carso,2988710.18,EUR,OP-621146,26/02/2022,N/A,N/A
BBVA MÉXICO,3124316.52,USD,OP-365628,12-Oct-2015,17-Sep-2021,2167
walmart de méxico,6489597.82,MXN,OP-353193,2022-03-08,N/A,N/A
SORIANA,6778786.67,USD,OP-559462,13-Aug-2016,N/A,N/A
BBVA MÉXICO,6735794.63,MXN,OP-773429,"December 15, 2019",N/A,N/A
GRUPO CARSO,5951738.33,EUR,OP-890163,13-May-2016,10/01/2024,3063
TELMEX,8114542.41,USD,OP-624958,04-Dec-2024,N/A,N/A
ALSEA,9569230.5,EUR,OP-608837,"September 03, 2023",N/A,N/A
PEMEX,5627701.94,USD,OP-228463,30/08/2020,04/07/2025,1681
PEMEX,6892423.66,MXN,OP-506545,08/06/2021,N/A,N/A
grupo bimbo,457078.57,EUR,OP-916343,31-Jan-2022,N/A,N/A
américa móvil,3839078.19,USD,OP-791243,"December 11, 2018",20/11/2020,710
GRUPO MÉXICO,7238057.95,MXN,OP-646533,"October 26, 2019",N/A,N/A
telmex,2213134.04,MXN,OP-631824,2022-02-07,N/A,N/A
CEMEX,8129693.88,MXN,OP-744276,2017-12-09,N/A,N/A
grupo carso,7548955.72,USD,OP-171927,28/09/2015,"June 18, 2021",2090
CEMEX,6917245.35,USD,OP-740924,15-May-2024,N/A,N/A
GRUPO CARSO,4197267.0,USD,OP-933773,2023-09-21,N/A,N/A
WALMART DE MÉXICO,9820591.03,MXN,OP-522248,01-May-2022,N/A,N/A
américa móvil,6257043.59,MXN,OP-131134,2019-03-02,2020-07-24,510
grupo lala,2521838.14,USD,OP-507424,"February 02, 2020",N/A,N/A
BANORTE,5264618.57,MXN,OP-235045,"August 04, 2018",09/01/2018,28
GRUPO MÉXICO,1684278.29,USD,OP-318966,02/09/2019,28/10/2020,627
GRUPO CARSO,690477.0,EUR,OP-239027,2019-11-07,N/A,N/A
GRUPO BIMBO,2868582.91,MXN,OP-677306,2020-02-26,2020-12-02,280
PEMEX,7059627.8,MXN,OP-622458,13/07/2024,N/A,N/A
PEMEX,6256059.77,USD,OP-774770,2021-06-14,N/A,N/A
FEMSA,5115505.04,MXN,OP-213587,"July 19, 2022",N/A,N/A
cemex,1296606.73,MXN,OP-910022,"December 14, 2015",N/A,N/A
AMÉRICA MÓVIL,564925.95,EUR,OP-603133,2017-09-08,02/01/2021,1242
GRUPO LALA,1277959.81,USD,OP-981750,2022-03-01,N/A,N/A
CEMEX,5828199.82,USD,OP-101395,2017-01-23,"May 08, 2021",1566
grupo méxico,324650.73,MXN,OP-283899,01-Apr-2018,2018-05-18,47
ALSEA,8434423.43,EUR,OP-204030,"September 25, 2015",05/07/2017,590
américa móvil,7336075.55,USD,OP-419190,"December 20, 2018",13-Nov-2022,1424
grupo bimbo,4281113.69,MXN,OP-770481,2024-09-29,N/A,N/A
femsa,3842155.7,USD,OP-877623,2025-07-01,N/A,N/A
walmart de méxico,9895410.79,EUR,OP-330791,01/01/2017,N/A,N/A
cemex,6283335.44,USD,OP-367352,"April 21, 2025",N/A,N/A
BBVA MÉXICO,5199552.29,EUR,OP-608601,07/02/2019,2020-02-21,234
femsa,8286899.44,EUR,OP-652390,14-Jan-2023,N/A,N/A
GRUPO LALA,1669271.7,MXN,OP-561446,20-Nov-2017,16/01/2023,1883
LIVERPOOL,7381230.77,EUR,OP-966261,05/06/2018,N/A,N/A
CEMEX,1012012.07,EUR,OP-656441,2019-12-04,"January 14, 2021",407
ALSEA,682560.43,EUR,OP-251958,03/01/2016,N/A,N/A
femsa,2524601.93,EUR,OP-394887,2025-02-15,N/A,N/A
AMÉRICA MÓVIL,5150512.96,USD,OP-874876,"September 28, 2022",N/A,N/A
BBVA MÉXICO,965210.89,EUR,OP-625371,10/01/2020,17-Mar-2025,1628
soriana,6038261.28,USD,OP-531549,2024-11-11,N/A,N/A
alsea,3569316.26,USD,OP-834792,18-Jul-2021,N/A,N/A
TELMEX,2249442.19,MXN,OP-311486,13/04/2018,N/A,N/A
GRUPO BIMBO,5335702.26,MXN,OP-964329,18-May-2025,N/A,N/A
GRUPO CARSO,4969258.35,USD,OP-255195,23-Oct-2019,N/A,N/A
soriana,7383676.42,EUR,OP-486190,23/05/2017,N/A,N/A
américa móvil,4803549.91,EUR,OP-260059,"August 15, 2025",N/A,N/A
GRUPO CARSO,7429882.46,USD,OP-455837,"July 08, 2025",N/A,N/A
SORIANA,2427505.57,MXN,OP-789940,07-Oct-2020,N/A,N/A
GRUPO MÉXICO,2740914.54,MXN,OP-336402,"July 14, 2023",N/A,N/A
banorte,4944437.05,EUR,OP-734517,"September 20, 2017",15-Jul-2021,1394
GRUPO BIMBO,7504507.41,EUR,OP-436670,"January 21, 2024",N/A,N/A
BANORTE,8159030.19,USD,OP-171456,"February 05, 2021",06-Oct-2023,973
BBVA MÉXICO,7421258.99,MXN,OP-558727,2024-01-20,N/A,N/A
BBVA MÉXICO,8825504.56,EUR,OP-106409,"July 27, 2019","July 16, 2021",720
GRUPO BIMBO,9880946.9,MXN,OP-621870,07/09/2019,"December 02, 2022",1242
soriana,3234419.22,USD,OP-953417,14-Dec-2024,N/A,N/A
PEMEX,9047115.52,MXN,OP-126233,"January 08, 2016",11/01/2022,2489
banorte,3539923.95,USD,OP-981358,29-Oct-2020,2023-04-14,897
américa móvil,6860678.9,MXN,OP-110961,"June 23, 2018",N/A,N/A
LIVERPOOL,9416310.09,MXN,OP-574893,04/05/2023,N/A,N/A
grupo carso,6636531.92,MXN,OP-299595,"March 16, 2022",25/12/2024,1015
liverpool,8423045.22,MXN,OP-157199,2019-11-19,2022-04-02,865
pemex,5886164.15,USD,OP-351702,06-Jul-2018,N/A,N/A
CEMEX,8053549.18,USD,OP-658284,2022-04-19,23-Nov-2023,583
GRUPO MÉXICO,1775177.52,EUR,OP-541136,"May 10, 2021",N/A,N/A
PEMEX,6839880.66,USD,OP-854151,2019-12-24,N/A,N/A
alsea,8124623.28,EUR,OP-686198,09-Jul-2016,26-Mar-2019,990
bbva méxico,5871115.79,MXN,OP-576177,29-Jan-2017,19-Jun-2025,3063
cemex,4936672.91,EUR,OP-936447,"November 25, 2016",2019-02-12,809
grupo lala,3873542.7,MXN,OP-894250,09/08/2025,N/A,N/A
SORIANA,5262278.48,EUR,OP-382458,2019-06-30,N/A,N/A
SORIANA,9380199.55,EUR,OP-972117,27-Oct-2016,N/A,N/A
GRUPO LALA,4931503.29,USD,OP-142250,2021-06-04,N/A,N/A
TELMEX,5538537.87,USD,OP-759739,2019-03-08,26/03/2019,18
BBVA MÉXICO,7092450.24,MXN,OP-246453,2025-04-03,N/A,N/A
TELMEX,8327408.47,EUR,OP-435288,"May 16, 2020",N/A,N/A
alsea,3886483.35,USD,OP-962740,"August 20, 2023",23-Sep-2023,34
grupo bimbo,1726894.21,MXN,OP-656766,20/12/2023,N/A,N/A
SORIANA,2743251.96,MXN,OP-809414,31-Jan-2024,N/A,N/A
BBVA MÉXICO,970149.4,USD,OP-503927,29/03/2021,2022-11-22,603
bbva méxico,7405754.29,EUR,OP-814101,"January 01, 2019",N/A,N/A
grupo lala,6524247.78,MXN,OP-669155,"May 01, 2023",N/A,N/A
FEMSA,339664.11,USD,OP-706939,10/05/2025,N/A,N/A
AMÉRICA MÓVIL,6859362.63,USD,OP-120754,2022-12-30,N/A,N/A
ALSEA,6526548.94,MXN,OP-752246,"September 30, 2023",2023-12-13,74
PEMEX,2273981.36,EUR,OP-887148,"April 16, 2018","October 15, 2020",913
ALSEA,3043919.08,USD,OP-351929,"April 01, 2019",23-Apr-2020,388
walmart de méxico,872535.73,EUR,OP-707706,2019-06-02,N/A,N/A
grupo lala,9962137.03,MXN,OP-124699,"July 31, 2023",N/A,N/A
GRUPO CARSO,8675203.54,EUR,OP-743575,27/02/2021,N/A,N/A
SORIANA,3497113.91,EUR,OP-860805,2025-04-18,N/A,N/A
TELMEX,3160694.44,MXN,OP-523717,"May 01, 2019",N/A,N/A
GRUPO BIMBO,1367767.17,MXN,OP-585606,27/06/2016,N/A,N/A
soriana,5872642.03,MXN,OP-562887,2025-07-06,N/A,N/A
SORIANA,5436360.85,EUR,OP-121711,2016-06-06,N/A,N/A
GRUPO LALA,2660775.04,USD,OP-210121,2023-06-26,"November 06, 2024",499
GRUPO MÉXICO,5288033.78,EUR,OP-982048,2016-04-30,14/01/2023,2450
CEMEX,2469237.63,EUR,OP-482801,23/08/2020,2020-11-03,72
américa móvil,6132750.31,EUR,OP-189623,"May 26, 2024",N/A,N/A
CEMEX,7928124.95,EUR,OP-906399,"June 05, 2021",09-Aug-2021,65
CEMEX,9289029.94,MXN,OP-745233,2021-08-03,21/08/2024,1114
liverpool,3480177.55,MXN,OP-904641,05-Jul-2017,29-May-2025,2885
pemex,1010654.37,USD,OP-956805,12/04/2018,N/A,N/A
banorte,689081.88,EUR,OP-439042,01/10/2020,N/A,N/A
CEMEX,4618417.75,USD,OP-883552,"October 31, 2017",N/A,N/A
GRUPO CARSO,3390829.65,USD,OP-184272,05/04/2016,27/05/2024,2945
grupo lala,1093004.76,MXN,OP-360823,"November 24, 2015","August 22, 2021",2098
GRUPO LALA,8530482.12,EUR,OP-571897,2018-11-16,N/A,N/A
CEMEX,9923596.54,EUR,OP-468762,14/02/2022,N/A,N/A
cemex,3065630.8,MXN,OP-295606,2018-04-06,"July 24, 2022",1570
GRUPO MÉXICO,3703286.08,USD,OP-436424,14/03/2024,N/A,N/A
banorte,2304383.34,EUR,OP-191818,"February 23, 2017","April 07, 2024",2600
grupo lala,8969464.74,USD,OP-407213,2018-03-08,24-Oct-2020,961
CEMEX,5986379.31,EUR,OP-827628,06-Nov-2024,N/A,N/A
ALSEA,7770598.38,USD,OP-120282,22-Feb-2020,N/A,N/A
cemex,673826.48,MXN,OP-490369,26-Aug-2020,N/A,N/A
grupo méxico,8470981.16,EUR,OP-107712,20/09/2024,N/A,N/A
américa móvil,8250377.99,USD,OP-197727,27-May-2017,19/04/2019,692
CEMEX,6262767.74,MXN,OP-648996,"February 07, 2023",N/A,N/A
telmex,7663402.42,USD,OP-111718,2018-01-12,"December 25, 2018",347
BANORTE,1091205.18,USD,OP-513132,2024-08-08,N/A,N/A
liverpool,1669691.44,MXN,OP-589535,2020-10-11,N/A,N/A
cemex,1530197.86,USD,OP-194794,07/10/2016,04-Jun-2019,1059
soriana,8321073.72,MXN,OP-612320,"November 28, 2017",2021-07-16,1326
GRUPO MÉXICO,868986.86,USD,OP-524546,2023-05-15,N/A,N/A
BBVA MÉXICO,803748.79,MXN,OP-422039,24/03/2019,25-Nov-2023,1707
GRUPO CARSO,1361860.52,MXN,OP-519860,"June 05, 2020",2024-12-11,1650
grupo méxico,1378524.44,MXN,OP-266927,2021-01-14,N/A,N/A
banorte,3389911.65,EUR,OP-901335,18-Jun-2021,"June 09, 2025",1452
soriana,4016102.84,EUR,OP-485507,"June 03, 2016",2020-03-03,1369
GRUPO MÉXICO,8528241.69,USD,OP-269252,2024-06-24,N/A,N/A
banorte,9431487.78,MXN,OP-731035,2018-12-14,2024-07-19,2044
grupo bimbo,3160345.87,USD,OP-729565,2020-04-25,2024-11-02,1652
liverpool,5783788.38,USD,OP-964224,2024-03-19,N/A,N/A
PEMEX,8764494.43,USD,OP-188089,2021-07-05,N/A,N/A
LIVERPOOL,5239112.53,USD,OP-208696,"May 12, 2018",N/A,N/A
grupo méxico,577022.05,EUR,OP-878260,2021-10-11,N/A,N/A
telmex,5650362.08,EUR,OP-834088,01/06/2021,N/A,N/A
grupo lala,7693523.81,USD,OP-344771,2019-02-28,N/A,N/A
femsa,4001463.22,USD,OP-852465,21/07/2019,17-Aug-2022,1123
grupo carso,5421102.49,EUR,OP-135697,31-Oct-2024,N/A,N/A
pemex,282677.07,EUR,OP-892556,24-Aug-2020,N/A,N/A
GRUPO MÉXICO,5673738.94,MXN,OP-507398,"May 04, 2019",N/A,N/A
PEMEX,5582452.84,MXN,OP-751724,12-Oct-2020,N/A,N/A
ALSEA,4897192.69,USD,OP-960097,2023-12-13,N/A,N/A
walmart de méxico,2934278.54,EUR,OP-408222,2021-02-23,24/01/2022,335
WALMART DE MÉXICO,1112569.27,USD,OP-499328,"January 09, 2018",N/A,N/A
banorte,4555223.4,EUR,OP-800934,"September 29, 2020",N/A,N/A
GRUPO LALA,8908682.63,MXN,OP-676178,"May 12, 2023",N/A,N/A
GRUPO MÉXICO,4185207.68,MXN,OP-667160,03-Mar-2016,05/05/2016,63
femsa,149619.12,MXN,OP-939771,"December 31, 2023",N/A,N/A
cemex,9084414.51,EUR,OP-792348,03/07/2018,2024-06-26,2303
grupo méxico,8500165.93,MXN,OP-526697,"October 01, 2024","November 22, 2024",52
américa móvil,5197972.77,EUR,OP-548394,"October 29, 2023",N/A,N/A
ALSEA,9525910.22,EUR,OP-701074,18/03/2019,2020-02-23,342
LIVERPOOL,3495002.24,EUR,OP-249943,11-Aug-2019,N/A,N/A
ALSEA,6512990.24,MXN,OP-741935,2024-01-22,N/A,N/A
GRUPO BIMBO,740556.53,USD,OP-939374,"March 11, 2017","June 14, 2021",1556
BBVA MÉXICO,8629218.67,MXN,OP-497219,01-Aug-2019,N/A,N/A
BANORTE,9863285.77,MXN,OP-476970,"November 08, 2022",N/A,N/A
LIVERPOOL,9385722.86,USD,OP-511157,2019-01-24,N/A,N/A
femsa,2315465.81,USD,OP-562555,2016-05-04,20-Mar-2024,2877
pemex,6868484.03,USD,OP-361590,"April 10, 2019",N/A,N/A
grupo carso,4770624.17,USD,OP-912600,25/12/2019,11/06/2020,317
alsea,4221806.28,USD,OP-946181,2021-08-06,N/A,N/A
bbva méxico,3245682.55,EUR,OP-884108,16-Dec-2022,28-Dec-2024,743
banorte,3127857.93,USD,OP-113812,25-Aug-2023,"March 28, 2024",216
américa móvil,596641.57,USD,OP-229692,2020-12-21,N/A,N/A
américa móvil,1345920.27,USD,OP-309243,27/01/2023,"April 20, 2023",83
GRUPO BIMBO,9000753.25,USD,OP-876579,2023-12-17,N/A,N/A
grupo méxico,2736806.18,MXN,OP-186322,26-Aug-2024,N/A,N/A
femsa,1700772.8,USD,OP-718096,2022-05-04,"May 13, 2022",9
cemex,6863340.85,EUR,OP-717050,06/05/2022,N/A,N/A
GRUPO CARSO,1985615.32,USD,OP-468088,"December 06, 2023",N/A,N/A
soriana,3610763.77,MXN,OP-348792,25-Jul-2016,16-Aug-2017,387
SORIANA,6648126.17,MXN,OP-826181,2018-01-06,15-Jun-2018,160
TELMEX,8981586.09,USD,OP-835111,2016-04-17,N/A,N/A
grupo carso,7893848.54,EUR,OP-393369,2022-07-25,N/A,N/A
bbva méxico,6681475.63,MXN,OP-717074,13/06/2023,N/A,N/A
GRUPO CARSO,6594008.46,EUR,OP-297797,2024-02-16,N/A,N/A
BANORTE,724652.49,USD,OP-555823,2016-05-24,N/A,N/A
GRUPO LALA,2411751.13,EUR,OP-454352,"August 29, 2016",N/A,N/A
AMÉRICA MÓVIL,9208170.82,USD,OP-258988,13/06/2024,N/A,N/A
cemex,392526.9,USD,OP-348467,26-May-2018,N/A,N/A
soriana,5951109.79,MXN,OP-501510,25/10/2024,N/A,N/A
AMÉRICA MÓVIL,6126714.3,MXN,OP-468016,2017-02-01,N/A,N/A
grupo méxico,495430.72,USD,OP-573805,02/11/2018,2022-03-25,1503
femsa,4349207.26,MXN,OP-160320,2020-03-07,N/A,N/A
PEMEX,6518711.13,USD,OP-243334,2016-01-21,2017-10-24,642
cemex,4660453.02,EUR,OP-214025,16/04/2017,2023-04-17,2192
grupo bimbo,1447447.67,EUR,OP-769181,14-Oct-2015,"June 30, 2016",260
liverpool,1960156.91,USD,OP-213459,2015-10-16,N/A,N/A
CEMEX,6865698.25,MXN,OP-929520,28/04/2019,14-Mar-2024,1782
PEMEX,1275836.71,USD,OP-882097,25-Sep-2022,02-Oct-2022,7
américa móvil,5518226.07,EUR,OP-770788,2022-10-26,12/08/2025,1139
ALSEA,807992.72,MXN,OP-240381,18-Feb-2016,25/07/2019,1253
américa móvil,2994099.49,EUR,OP-129747,28-Jan-2020,N/A,N/A
GRUPO CARSO,9472104.77,EUR,OP-473822,22/10/2020,N/A,N/A
telmex,3140505.5,EUR,OP-357091,2015-11-14,2020-10-28,1810
liverpool,4184775.3,MXN,OP-220642,2016-11-26,N/A,N/A
alsea,3313593.19,EUR,OP-256960,26/08/2018,N/A,N/A
BANORTE,1072755.28,USD,OP-111447,05-Mar-2019,N/A,N/A
banorte,2016125.07,MXN,OP-795249,"August 10, 2018","February 11, 2020",550
CEMEX,2281798.25,USD,OP-581090,08/10/2023,N/A,N/A
grupo carso,8219275.54,USD,OP-674316,2015-11-15,10-Apr-2016,147
AMÉRICA MÓVIL,7760297.3,MXN,OP-823248,"March 15, 2019",N/A,N/A
grupo bimbo,1913533.12,EUR,OP-228183,2019-12-21,N/A,N/A
alsea,9194089.49,MXN,OP-810398,"August 10, 2016","December 25, 2016",137
américa móvil,7810601.81,MXN,OP-355748,13-Nov-2020,N/A,N/A
cemex,1877973.28,EUR,OP-620757,"October 01, 2017",N/A,N/A
GRUPO CARSO,5917729.41,USD,OP-414656,"July 02, 2023",N/A,N/A
PEMEX,6197380.34,MXN,OP-807139,2024-06-24,N/A,N/A
bbva méxico,1099582.95,EUR,OP-756697,06/07/2022,20-Dec-2024,927
liverpool,451424.85,USD,OP-629827,"March 23, 2022",N/A,N/A
grupo lala,4004966.96,EUR,OP-283041,"January 13, 2024",16/06/2025,520
BANORTE,6285708.48,EUR,OP-433037,07/02/2021,N/A,N/A
banorte,3670329.77,EUR,OP-340128,23/06/2024,N/A,N/A
AMÉRICA MÓVIL,7929472.4,MXN,OP-859287,24-Nov-2024,N/A,N/A
PEMEX,9532166.07,MXN,OP-513259,"April 18, 2020",N/A,N/A
GRUPO BIMBO,1496733.05,MXN,OP-975566,2018-06-22,N/A,N/A
femsa,7867307.72,USD,OP-270462,03/05/2020,"August 24, 2023",1267
alsea,3008610.24,USD,OP-591676,"December 28, 2022",23/09/2024,635
soriana,2100457.17,USD,OP-203341,2020-06-22,N/A,N/A
CEMEX,2570870.64,EUR,OP-151510,2020-06-30,N/A,N/A
GRUPO MÉXICO,2315377.66,EUR,OP-598857,26-Sep-2019,20/02/2022,878
BBVA MÉXICO,8478039.92,USD,OP-221193,18-Oct-2022,N/A,N/A
ALSEA,5212384.59,EUR,OP-781766,22/03/2016,21/05/2022,2251
banorte,8237741.05,EUR,OP-622092,22-Oct-2022,N/A,N/A
américa móvil,4317415.33,USD,OP-871375,"December 13, 2016",N/A,N/A
femsa,3100952.4,USD,OP-983112,"February 16, 2018",N/A,N/A
telmex,1936523.36,EUR,OP-226997,"September 10, 2022",N/A,N/A
soriana,5351774.6,USD,OP-292666,2023-12-09,N/A,N/A
GRUPO CARSO,5949758.12,EUR,OP-855892,23-Aug-2024,N/A,N/A
américa móvil,7013590.81,MXN,OP-354294,30-Apr-2021,"May 06, 2022",371
BANORTE,5673736.5,EUR,OP-809160,2018-12-06,"September 22, 2023",1751
GRUPO MÉXICO,4976870.7,MXN,OP-822175,"October 16, 2018",N/A,N/A
FEMSA,6322953.12,EUR,OP-400508,07/06/2017,"November 25, 2020",1238
grupo bimbo,4058363.07,MXN,OP-592657,13/02/2023,N/A,N/A
PEMEX,9997281.42,EUR,OP-861348,04-Nov-2016,N/A,N/A
américa móvil,2862689.58,EUR,OP-910429,24/02/2018,19-Mar-2025,2580
SORIANA,7322896.46,MXN,OP-414124,29-Mar-2021,N/A,N/A
TELMEX,9764562.21,EUR,OP-887857,30/01/2019,"February 05, 2024",1832
LIVERPOOL,7695057.03,EUR,OP-843751,"August 19, 2018",N/A,N/A
LIVERPOOL,3275437.72,USD,OP-320492,"November 15, 2020",N/A,N/A
alsea,6404939.71,EUR,OP-522975,"June 25, 2023",N/A,N/A
FEMSA,7389140.26,EUR,OP-241577,21-Apr-2022,N/A,N/A
GRUPO LALA,4371280.23,USD,OP-145519,26/03/2024,N/A,N/A
walmart de méxico,9302047.17,MXN,OP-754027,13/08/2019,N/A,N/A
ALSEA,774949.93,EUR,OP-463206,2017-01-14,09-Apr-2024,2642
AMÉRICA MÓVIL,7096378.77,MXN,OP-503838,12-Jul-2018,N/A,N/A
femsa,5277377.02,USD,OP-883197,27-May-2022,N/A,N/A
soriana,5698577.4,EUR,OP-518854,11-Sep-2024,N/A,N/A
PEMEX,3602658.45,USD,OP-139825,"December 25, 2018",N/A,N/A
TELMEX,1420341.28,MXN,OP-890855,"November 17, 2015",N/A,N/A
bbva méxico,9529679.04,USD,OP-730121,2021-06-18,N/A,N/A
TELMEX,8321943.84,USD,OP-890588,2024-03-22,N/A,N/A
femsa,3080392.41,USD,OP-771198,"September 28, 2021",N/A,N/A
GRUPO LALA,7537803.86,USD,OP-604184,19/01/2019,N/A,N/A
grupo bimbo,7725941.38,USD,OP-354371,2019-08-21,2022-01-12,875
alsea,2683676.55,USD,OP-647783,08-Oct-2019,N/A,N/A
AMÉRICA MÓVIL,1683564.43,EUR,OP-391694,"November 28, 2022","October 25, 2023",331
BANORTE,1937602.58,USD,OP-670202,"January 22, 2019",N/A,N/A
banorte,7643922.58,USD,OP-370369,09-Sep-2015,12-Sep-2021,2195
WALMART DE MÉXICO,1097993.75,EUR,OP-116588,18/08/2019,13/09/2022,1122
grupo lala,5836555.27,MXN,OP-839355,01/08/2017,2020-12-26,1448
femsa,4323686.98,MXN,OP-459094,"February 14, 2021",06-Aug-2024,1269
AMÉRICA MÓVIL,471627.1,EUR,OP-976327,2022-06-05,N/A,N/A
FEMSA,9792192.3,USD,OP-628657,2023-03-03,N/A,N/A
américa móvil,4296634.76,USD,OP-450624,26-Sep-2022,N/A,N/A
bbva méxico,9222334.09,MXN,OP-731188,"May 14, 2025",N/A,N/A
CEMEX,3032942.68,EUR,OP-253104,05-Jun-2018,10/05/2018,122
banorte,2368411.75,USD,OP-733797,2021-08-18,N/A,N/A
BBVA MÉXICO,6246407.62,EUR,OP-530122,"December 09, 2018",N/A,N/A
grupo lala,9632090.63,USD,OP-570818,2020-07-14,N/A,N/A
CEMEX,1819568.58,EUR,OP-964415,2015-11-17,N/A,N/A
grupo bimbo,7175008.03,EUR,OP-918232,26-Mar-2019,01/08/2022,1019
walmart de méxico,1442699.58,MXN,OP-876565,"May 19, 2022",N/A,N/A
pemex,4762895.42,EUR,OP-218753,28/02/2024,03-Oct-2024,218
pemex,6706051.2,MXN,OP-956321,01-Sep-2023,N/A,N/A
GRUPO CARSO,7801545.24,EUR,OP-962252,14/02/2020,N/A,N/A
GRUPO MÉXICO,5695012.94,MXN,OP-548234,07-Nov-2019,N/A,N/A
banorte,4262006.07,EUR,OP-230029,2021-11-23,N/A,N/A
PEMEX,3127880.32,MXN,OP-359608,2018-09-07,2022-03-05,1275
soriana,499939.31,EUR,OP-632440,04/08/2025,N/A,N/A
LIVERPOOL,4234055.74,EUR,OP-535076,"June 02, 2016",16/08/2024,2997
banorte,4744543.3,EUR,OP-521836,"December 08, 2016",N/A,N/A
PEMEX,8871879.97,EUR,OP-873876,"July 05, 2019","December 17, 2024",1992
TELMEX,8740912.66,MXN,OP-665856,"July 29, 2017",N/A,N/A
LIVERPOOL,7163359.37,MXN,OP-357764,2021-10-13,N/A,N/A
BBVA MÉXICO,7315471.92,MXN,OP-921865,"September 02, 2019","December 24, 2021",844
GRUPO MÉXICO,1217108.02,USD,OP-329479,22-Aug-2018,N/A,N/A
GRUPO BIMBO,5500389.38,USD,OP-461305,28-Nov-2023,N/A,N/A
femsa,7107336.3,USD,OP-590326,03/02/2022,01-Jun-2025,1187
grupo lala,3301493.12,EUR,OP-151036,25-Mar-2019,N/A,N/A
FEMSA,1974097.15,EUR,OP-742376,20-Oct-2018,07/08/2020,627
BANORTE,3366285.99,EUR,OP-527563,2018-04-22,N/A,N/A
ALSEA,5841096.37,MXN,OP-677935,28-Oct-2022,N/A,N/A
AMÉRICA MÓVIL,7785465.02,MXN,OP-105085,16/01/2022,N/A,N/A
BANORTE,5310810.92,USD,OP-981306,09/11/2017,N/A,N/A
telmex,1085812.35,USD,OP-550688,"September 09, 2017",18-Dec-2020,1196
américa móvil,2389579.1,EUR,OP-318143,"May 09, 2020",2022-07-30,812
pemex,7938993.08,USD,OP-308669,13/03/2019,N/A,N/A
alsea,8050645.42,USD,OP-672168,2015-12-22,N/A,N/A
femsa,6664348.32,MXN,OP-564909,2020-11-07,N/A,N/A
TELMEX,8080036.63,EUR,OP-127199,"June 06, 2021",N/A,N/A
GRUPO BIMBO,9410352.51,MXN,OP-744976,13-Feb-2016,14/04/2023,2617
femsa,6479241.87,EUR,OP-802183,17-Mar-2023,N/A,N/A
AMÉRICA MÓVIL,2524289.92,EUR,OP-858086,29/09/2017,N/A,N/A
grupo carso,7276592.0,USD,OP-729255,2018-08-26,N/A,N/A
cemex,5481156.42,MXN,OP-448036,23-Oct-2019,N/A,N/A
BANORTE,9082262.89,USD,OP-612019,21/04/2020,"May 09, 2024",1479
grupo carso,2764883.89,USD,OP-805829,04-Apr-2022,N/A,N/A
FEMSA,8306920.71,EUR,OP-474452,"January 01, 2018",N/A,N/A
soriana,683756.69,MXN,OP-261989,"June 18, 2017",N/A,N/A
SORIANA,3283096.92,MXN,OP-847177,27-Nov-2021,N/A,N/A
walmart de méxico,5545509.3,EUR,OP-954168,2023-03-24,12-May-2023,49
SORIANA,2890454.34,MXN,OP-812439,"May 20, 2022",29/04/2025,1075
FEMSA,4828533.35,EUR,OP-652972,13/07/2021,N/A,N/A
GRUPO LALA,6563880.56,USD,OP-575942,17-Mar-2023,N/A,N/A
soriana,8295774.17,MXN,OP-790199,"October 17, 2022",N/A,N/A
alsea,3336603.07,MXN,OP-918727,28/11/2022,N/A,N/A
AMÉRICA MÓVIL,3043483.74,USD,OP-286693,09-Aug-2024,N/A,N/A
bbva méxico,7340096.31,USD,OP-933936,2023-07-24,N/A,N/A
pemex,3834311.7,USD,OP-383387,"August 14, 2020",N/A,N/A
walmart de méxico,9796194.04,MXN,OP-998891,"October 15, 2015",2016-01-30,107
BANORTE,1322458.21,USD,OP-992271,17-Dec-2017,15-Feb-2018,60
grupo bimbo,6241332.42,EUR,OP-989791,11-Dec-2017,2019-12-13,732
GRUPO MÉXICO,3887437.64,EUR,OP-449288,02-May-2021,N/A,N/A
banorte,5648919.6,EUR,OP-362356,"September 26, 2021",2024-09-29,1099
cemex,5032601.1,USD,OP-634338,"December 09, 2021",N/A,N/A
TELMEX,7956464.2,MXN,OP-969588,15-Jan-2019,N/A,N/A
TELMEX,6628108.04,EUR,OP-659852,"June 25, 2018",N/A,N/A
soriana,1123469.35,MXN,OP-784036,14/12/2016,N/A,N/A
LIVERPOOL,4494881.15,EUR,OP-855080,2019-11-09,N/A,N/A
GRUPO CARSO,8881918.77,USD,OP-826468,03-Jan-2023,"May 26, 2023",143
CEMEX,8971175.05,USD,OP-872792,2021-06-02,N/A,N/A
banorte,9840918.17,USD,OP-864548,2023-05-31,N/A,N/A
alsea,7874547.65,MXN,OP-348935,"December 01, 2016",23-Jun-2025,3126
alsea,3198199.25,MXN,OP-224441,"August 02, 2021",N/A,N/A
WALMART DE MÉXICO,7170040.17,USD,OP-359100,"May 20, 2022","March 19, 2023",303
grupo lala,7964727.12,EUR,OP-739434,2022-07-04,N/A,N/A
CEMEX,1864828.88,USD,OP-896570,22/12/2018,19/03/2021,818
grupo lala,6704200.82,USD,OP-837678,04/12/2019,N/A,N/A
cemex,865645.97,USD,OP-464728,22/03/2022,2023-05-26,430
telmex,8307378.63,MXN,OP-611269,12/11/2020,N/A,N/A
PEMEX,1175467.13,EUR,OP-607576,2023-03-19,2023-11-01,227
banorte,639355.99,EUR,OP-131855,"May 28, 2018",2024-07-11,2236
BBVA MÉXICO,7220615.47,USD,OP-760847,"November 14, 2021",N/A,N/A
walmart de méxico,8530085.81,USD,OP-107706,29-Dec-2020,02/01/2025,1495
SORIANA,9121823.12,EUR,OP-708974,27/04/2018,N/A,N/A
PEMEX,9665089.33,MXN,OP-434222,19/06/2022,"February 08, 2024",599
femsa,3536757.78,MXN,OP-983834,25-Nov-2019,N/A,N/A
grupo bimbo,7986831.83,USD,OP-789813,04/11/2017,"March 30, 2020",1084
cemex,1037399.09,MXN,OP-711563,2020-09-16,"March 24, 2023",919
GRUPO CARSO,5344847.19,USD,OP-625200,2022-08-23,N/A,N/A
PEMEX,6363907.06,EUR,OP-142171,11-Sep-2022,N/A,N/A
américa móvil,243173.91,EUR,OP-152986,15-Jun-2025,N/A,N/A
femsa,5876108.36,USD,OP-783409,28-Apr-2025,N/A,N/A
soriana,5025654.13,EUR,OP-162550,05-Mar-2019,11-Aug-2019,159
AMÉRICA MÓVIL,2170367.06,USD,OP-871601,"September 13, 2015",2018-08-11,1063
grupo lala,7068516.09,MXN,OP-363915,2017-07-20,17/12/2019,880
WALMART DE MÉXICO,8987395.39,EUR,OP-352970,22-Nov-2018,N/A,N/A
FEMSA,4661338.75,USD,OP-423876,29/10/2019,"March 01, 2023",1219
BBVA MÉXICO,3813581.83,EUR,OP-332437,2016-11-18,"May 28, 2018",556
ALSEA,1927247.93,EUR,OP-974807,02-Oct-2016,N/A,N/A
GRUPO LALA,1423344.79,EUR,OP-275710,01-May-2025,N/A,N/A
pemex,1890925.06,MXN,OP-623352,2016-07-29,"January 29, 2017",184
BANORTE,1677530.89,USD,OP-752222,2023-08-19,N/A,N/A
alsea,5271243.38,USD,OP-125881,"February 25, 2018",N/A,N/A
TELMEX,6896575.8,USD,OP-350272,30-May-2016,N/A,N/A
bbva méxico,4930842.53,EUR,OP-827759,"March 28, 2016",N/A,N/A
FEMSA,9258990.97,MXN,OP-867752,29/01/2024,N/A,N/A
TELMEX,5690082.22,MXN,OP-744107,2016-06-20,N/A,N/A
AMÉRICA MÓVIL,8990292.91,USD,OP-692925,"January 24, 2025",N/A,N/A
GRUPO MÉXICO,1953348.04,EUR,OP-294623,01/11/2021,N/A,N/A
GRUPO BIMBO,2926577.48,MXN,OP-231498,22-Dec-2024,N/A,N/A
GRUPO LALA,7337165.38,USD,OP-210756,09-Dec-2024,N/A,N/A
telmex,7849146.85,EUR,OP-204854,2024-07-25,N/A,N/A
grupo méxico,3897764.47,EUR,OP-611241,"April 25, 2019","August 22, 2024",1946
FEMSA,9564260.37,EUR,OP-849596,"January 31, 2016",N/A,N/A
BBVA MÉXICO,270231.93,USD,OP-551379,"December 09, 2024",N/A,N/A
banorte,127310.09,USD,OP-201551,2023-12-12,N/A,N/A
grupo carso,3995368.99,EUR,OP-754432,22-Oct-2019,N/A,N/A
soriana,3786217.55,EUR,OP-136928,11/03/2023,N/A,N/A
PEMEX,1728731.14,USD,OP-767552,2020-10-16,N/A,N/A
telmex,6245052.51,USD,OP-732232,2022-12-28,N/A,N/A
FEMSA,6530364.63,MXN,OP-561273,06-Dec-2019,N/A,N/A
telmex,2084579.83,EUR,OP-480214,"July 15, 2019",N/A,N/A
grupo lala,2361067.47,EUR,OP-592547,"November 20, 2015",N/A,N/A
soriana,9324688.45,MXN,OP-903444,2023-07-25,N/A,N/A
WALMART DE MÉXICO,9368413.61,USD,OP-457107,"October 12, 2016","April 20, 2018",555
grupo carso,420652.11,EUR,OP-493828,"June 09, 2021",20/12/2021,194
pemex,4408958.35,MXN,OP-707882,2020-06-24,10/02/2024,1561
GRUPO CARSO,3053215.1,MXN,OP-763484,"November 03, 2023",N/A,N/A
GRUPO BIMBO,3597002.33,MXN,OP-151588,"July 27, 2024",N/A,N/A
WALMART DE MÉXICO,4152393.41,MXN,OP-351240,"December 22, 2022",05-Sep-2024,623
grupo méxico,8102347.12,EUR,OP-692192,30-Jun-2017,27/11/2017,150
GRUPO LALA,8569207.99,USD,OP-803577,2016-07-19,03-Feb-2018,564
GRUPO MÉXICO,392513.88,USD,OP-951258,2019-04-11,N/A,N/A
grupo méxico,2028582.16,EUR,OP-522187,12/07/2020,05/02/2021,146
liverpool,6183883.06,MXN,OP-100973,05/11/2023,N/A,N/A
ALSEA,3825966.93,MXN,OP-903126,31/10/2019,N/A,N/A
CEMEX,9520591.96,USD,OP-110799,2021-08-17,"December 26, 2021",131
cemex,8556210.14,USD,OP-114236,"January 14, 2022",2024-09-03,963
bbva méxico,4508649.77,EUR,OP-293975,24/11/2024,N/A,N/A
AMÉRICA MÓVIL,9634079.76,EUR,OP-821788,15/03/2021,N/A,N/A
grupo lala,4568872.68,EUR,OP-248584,22/04/2022,N/A,N/A
grupo méxico,2348567.47,USD,OP-832189,24-Feb-2023,05-Sep-2023,193
telmex,3587927.93,MXN,OP-898847,2017-10-18,N/A,N/A
walmart de méxico,2545733.31,MXN,OP-353686,19-Oct-2024,N/A,N/A
TELMEX,2147819.81,USD,OP-152698,24/03/2023,N/A,N/A
américa móvil,7040919.89,MXN,OP-261153,05-Sep-2015,12-Feb-2025,3448
bbva méxico,1984011.03,USD,OP-818996,"July 31, 2022",N/A,N/A
bbva méxico,844469.29,USD,OP-975926,22-Aug-2019,N/A,N/A
PEMEX,3268110.45,EUR,OP-154468,20-Sep-2018,N/A,N/A
FEMSA,6568029.24,USD,OP-757986,"December 30, 2018",22-Dec-2024,2184
grupo lala,8982609.4,EUR,OP-218576,"July 05, 2019",N/A,N/A
WALMART DE MÉXICO,3723935.79,MXN,OP-180260,"May 21, 2024",N/A,N/A
CEMEX,4815309.12,MXN,OP-368816,04-Mar-2018,N/A,N/A
TELMEX,7908253.65,USD,OP-875613,"January 23, 2021",03/12/2024,1144
américa móvil,7232728.01,MXN,OP-334734,2022-08-06,N/A,N/A
soriana,3738343.07,EUR,OP-465537,01-Jul-2018,N/A,N/A
grupo lala,4550675.48,EUR,OP-121945,28-Apr-2020,N/A,N/A
GRUPO CARSO,6765830.82,EUR,OP-725021,2017-11-29,N/A,N/A
BANORTE,4398182.5,USD,OP-562170,2024-04-10,N/A,N/A
ALSEA,4844335.26,MXN,OP-704010,2022-04-30,N/A,N/A
walmart de méxico,1178041.32,EUR,OP-939312,"May 30, 2019",N/A,N/A
GRUPO BIMBO,5648326.89,USD,OP-223365,06/09/2024,N/A,N/A
ALSEA,9143182.79,USD,OP-135057,2019-02-16,19-Jul-2021,884
grupo carso,4689517.51,EUR,OP-327524,2018-03-06,N/A,N/A
CEMEX,4855286.77,USD,OP-115010,18/03/2020,N/A,N/A
GRUPO CARSO,5084496.69,USD,OP-498879,"November 02, 2019",N/A,N/A
BBVA MÉXICO,5194359.23,EUR,OP-676801,25-Dec-2018,N/A,N/A
FEMSA,9030436.76,EUR,OP-111017,26/09/2018,10-Jun-2020,623
alsea,9992170.86,MXN,OP-466739,30-Jun-2022,N/A,N/A
GRUPO MÉXICO,8092282.68,MXN,OP-706745,"January 06, 2018",2025-05-15,2686
soriana,6566695.41,USD,OP-506410,19-Nov-2023,N/A,N/A
walmart de méxico,1380703.41,EUR,OP-547244,"February 05, 2020","May 24, 2022",839
soriana,2525090.82,USD,OP-209338,"November 16, 2016",31-Oct-2020,1445
liverpool,5662515.43,USD,OP-664598,27-Apr-2016,2023-04-18,2547
BANORTE,6805968.82,USD,OP-776630,02/01/2018,N/A,N/A
banorte,3995008.19,EUR,OP-732772,22/07/2018,N/A,N/A
AMÉRICA MÓVIL,1557900.67,USD,OP-985944,30/04/2017,06-Feb-2020,1012
AMÉRICA MÓVIL,6766772.68,USD,OP-157625,13-Sep-2021,N/A,N/A
BANORTE,2680496.26,EUR,OP-594061,30-Apr-2024,"November 06, 2024",190
BBVA MÉXICO,8758533.35,MXN,OP-336609,12/12/2020,22/12/2021,375
telmex,4182654.37,EUR,OP-220862,2020-12-04,N/A,N/A
walmart de méxico,6597481.11,USD,OP-167518,"May 30, 2016",29/04/2022,2160
WALMART DE MÉXICO,6672988.29,EUR,OP-778477,27-Dec-2017,2018-08-23,239
telmex,6710355.4,USD,OP-339327,2019-11-12,19/10/2020,342
ALSEA,4403363.05,MXN,OP-893398,2016-03-13,16-Jul-2018,855
FEMSA,9970207.12,MXN,OP-688983,"August 14, 2020",N/A,N/A
bbva méxico,7772975.12,USD,OP-945022,"December 22, 2015",05-Nov-2020,1780
cemex,739875.84,MXN,OP-210830,07/01/2025,N/A,N/A
SORIANA,998691.58,MXN,OP-560309,2020-04-16,N/A,N/A
GRUPO BIMBO,8879013.12,MXN,OP-217697,2019-07-04,N/A,N/A
TELMEX,2487103.54,MXN,OP-804384,2018-03-05,N/A,N/A
PEMEX,5357772.13,USD,OP-751141,"May 20, 2023",N/A,N/A
grupo carso,8040046.16,EUR,OP-310078,2018-03-05,N/A,N/A
SORIANA,2779985.52,USD,OP-320079,23-Feb-2020,15-May-2024,1543
GRUPO MÉXICO,4300045.9,MXN,OP-985337,22-Dec-2016,"March 12, 2018",445
BBVA MÉXICO,5774093.91,EUR,OP-824767,2022-08-16,N/A,N/A
soriana,2679749.09,MXN,OP-487375,"November 19, 2019",N/A,N/A
CEMEX,1338288.12,MXN,OP-551549,2023-04-15,N/A,N/A
PEMEX,8237004.98,MXN,OP-388654,26/11/2016,N/A,N/A
walmart de méxico,3618083.53,EUR,OP-115965,2018-12-31,N/A,N/A
AMÉRICA MÓVIL,8426233.25,EUR,OP-359054,2018-09-28,N/A,N/A
bbva méxico,3203014.07,EUR,OP-500002,"October 08, 2020",N/A,N/A
GRUPO MÉXICO,9607089.94,EUR,OP-103125,23/04/2024,N/A,N/A
BANORTE,6825270.83,USD,OP-293553,2017-12-06,N/A,N/A
pemex,1978408.1,EUR,OP-783397,2016-02-16,2019-01-30,1079
walmart de méxico,9113470.2,USD,OP-420599,"August 21, 2019",N/A,N/A
cemex,4651565.19,MXN,OP-583128,13-Mar-2023,N/A,N/A
cemex,7641916.73,EUR,OP-293998,"October 24, 2020",N/A,N/A
GRUPO LALA,2923216.85,MXN,OP-206920,2021-12-31,N/A,N/A
GRUPO BIMBO,1028976.69,EUR,OP-640683,05-May-2023,N/A,N/A
GRUPO BIMBO,8616141.95,MXN,OP-586870,05/11/2022,N/A,N/A
ALSEA,1916677.31,USD,OP-202219,05-Sep-2019,"October 29, 2019",54
SORIANA,625111.4,EUR,OP-462461,14/10/2015,2017-05-08,572
CEMEX,8790240.34,MXN,OP-305354,"April 29, 2019",N/A,N/A
BBVA MÉXICO,5250921.77,EUR,OP-106846,15-Dec-2023,N/A,N/A
ALSEA,5599200.25,MXN,OP-228432,19/04/2024,N/A,N/A
AMÉRICA MÓVIL,7878475.2,USD,OP-637945,2016-07-31,2018-01-24,542
banorte,7539324.38,EUR,OP-326280,2024-10-22,N/A,N/A
grupo carso,9011360.82,USD,OP-804682,20/02/2025,N/A,N/A
grupo lala,3069437.57,MXN,OP-746724,"March 29, 2023",25/08/2025,880
cemex,4786458.11,USD,OP-320311,"December 07, 2015",17/01/2022,2233
WALMART DE MÉXICO,4307982.66,MXN,OP-913801,2023-04-23,N/A,N/A
AMÉRICA MÓVIL,4585825.89,MXN,OP-958990,2023-05-14,N/A,N/A
grupo bimbo,1139583.48,MXN,OP-128394,2019-04-16,N/A,N/A
alsea,3930383.75,MXN,OP-119073,18/09/2023,N/A,N/A
telmex,442189.58,USD,OP-953972,20/02/2019,N/A,N/A
cemex,2844280.26,MXN,OP-288029,16/04/2023,N/A,N/A
soriana,1425329.9,USD,OP-730145,12/01/2017,"November 08, 2024",2534
BANORTE,3887969.19,MXN,OP-971436,"March 10, 2023",N/A,N/A
grupo lala,5281501.65,MXN,OP-233802,2022-06-19,N/A,N/A
soriana,6336588.76,EUR,OP-576736,"May 10, 2023",N/A,N/A
GRUPO CARSO,5883653.0,MXN,OP-980693,"November 12, 2015",N/A,N/A
GRUPO LALA,6383192.65,MXN,OP-303631,28/02/2018,05/03/2024,2256
banorte,5812582.06,USD,OP-193717,09-Nov-2021,N/A,N/A
PEMEX,3368539.8,USD,OP-206819,19/07/2025,N/A,N/A
PEMEX,2477893.51,EUR,OP-215506,"November 09, 2016","May 09, 2021",1642
alsea,6102718.56,MXN,OP-582810,"August 08, 2021",N/A,N/A
américa móvil,3416616.4,MXN,OP-898511,21/04/2021,"January 04, 2025",1354
cemex,7110622.19,MXN,OP-106691,27/12/2021,N/A,N/A
PEMEX,4695471.36,USD,OP-411216,2023-04-29,N/A,N/A
FEMSA,2938222.68,USD,OP-524157,2021-01-11,N/A,N/A
BANORTE,4639351.98,USD,OP-855326,2021-11-27,N/A,N/A
ALSEA,5066572.9,MXN,OP-296056,"March 22, 2020",2022-05-12,781
pemex,7452766.83,USD,OP-640492,"May 01, 2017","September 20, 2017",142
CEMEX,9109331.61,USD,OP-729861,2017-09-24,"March 25, 2022",1643
américa móvil,5673118.54,MXN,OP-353225,07/08/2019,N/A,N/A
femsa,7045730.87,EUR,OP-512245,"August 14, 2023",N/A,N/A
américa móvil,6071127.77,USD,OP-904396,22/01/2025,N/A,N/A
grupo lala,8526606.92,EUR,OP-145143,"October 24, 2017",N/A,N/A
SORIANA,3960584.8,USD,OP-302666,17/06/2025,N/A,N/A
grupo méxico,6759266.26,MXN,OP-616307,03-Feb-2018,N/A,N/A
TELMEX,7761510.28,EUR,OP-826655,06-Jul-2017,N/A,N/A
TELMEX,1729054.01,EUR,OP-636851,"May 17, 2020",N/A,N/A
BANORTE,6522363.18,USD,OP-637203,16/09/2020,N/A,N/A
TELMEX,1198311.18,MXN,OP-503450,"July 02, 2018",09/11/2018,71
telmex,1330680.09,USD,OP-271682,01/12/2015,N/A,N/A
walmart de méxico,4277939.98,EUR,OP-222262,2025-06-22,N/A,N/A
américa móvil,7827062.82,MXN,OP-383227,2015-11-28,N/A,N/A
CEMEX,2747022.01,MXN,OP-343899,"July 14, 2025",N/A,N/A
SORIANA,1979411.74,USD,OP-840730,2022-02-02,N/A,N/A
cemex,6635905.07,MXN,OP-992831,2018-06-06,"October 15, 2023",1957
ALSEA,622775.24,USD,OP-577048,2021-05-08,17/08/2021,101
FEMSA,8512143.38,USD,OP-731187,14/12/2019,2022-12-19,1101
grupo carso,5793245.55,MXN,OP-252247,13/07/2020,08-Apr-2024,1365
américa móvil,2251845.77,EUR,OP-688988,"November 02, 2022",N/A,N/A
ALSEA,6880178.66,EUR,OP-892927,2025-01-10,N/A,N/A
FEMSA,5551913.33,MXN,OP-327343,2022-08-30,N/A,N/A
CEMEX,1418847.49,USD,OP-877204,31-Mar-2018,14/10/2021,1293
bbva méxico,7944230.45,EUR,OP-488018,09/10/2017,13/06/2024,2468
grupo carso,3485902.01,EUR,OP-217291,25-Jun-2019,2024-05-02,1773
TELMEX,6600112.14,EUR,OP-607545,28/07/2025,N/A,N/A
américa móvil,3352582.03,USD,OP-735681,"July 25, 2023",N/A,N/A
GRUPO BIMBO,6044082.24,USD,OP-132042,2022-04-22,N/A,N/A
grupo carso,4704857.17,EUR,OP-105191,2024-06-01,N/A,N/A
GRUPO LALA,8260853.25,MXN,OP-947125,21-May-2020,17/01/2025,1702
GRUPO MÉXICO,5216659.72,MXN,OP-909581,12-May-2024,N/A,N/A
grupo lala,9827305.08,EUR,OP-367276,2024-07-29,N/A,N/A
GRUPO LALA,1624450.04,MXN,OP-244354,2019-11-19,2025-02-20,1920
CEMEX,200508.49,MXN,OP-740707,"January 10, 2020",N/A,N/A
BBVA MÉXICO,7026148.08,EUR,OP-649420,04/03/2017,05/12/2020,1135
PEMEX,5556887.62,EUR,OP-661209,17/01/2016,21/04/2024,3017
WALMART DE MÉXICO,7376041.08,MXN,OP-100930,29-Mar-2021,24-Nov-2023,970
liverpool,899760.45,EUR,OP-749540,2021-08-11,06-Oct-2022,421
WALMART DE MÉXICO,4387116.57,MXN,OP-128367,08/09/2024,N/A,N/A
grupo lala,4716077.05,MXN,OP-280054,2017-04-16,2022-01-31,1751
GRUPO BIMBO,3087083.31,USD,OP-954754,2020-01-20,03/02/2023,1137
CEMEX,6994120.78,USD,OP-951342,"October 01, 2020",N/A,N/A
WALMART DE MÉXICO,4580229.53,EUR,OP-258791,07/11/2019,"March 24, 2022",987
grupo méxico,9292898.03,MXN,OP-783191,12-Jul-2020,N/A,N/A
GRUPO LALA,4108945.8,MXN,OP-876737,20-Jul-2021,"September 26, 2024",1164
ALSEA,4422417.95,EUR,OP-274051,26/03/2022,01-Aug-2022,128
GRUPO LALA,5044082.67,EUR,OP-124966,"April 12, 2024",2024-11-26,228
GRUPO CARSO,4296892.53,EUR,OP-569948,"February 22, 2018",N/A,N/A
soriana,6556140.41,EUR,OP-448577,16/02/2016,01-Jan-2017,320
GRUPO CARSO,3497488.01,USD,OP-869546,06-Apr-2023,N/A,N/A
telmex,4876964.78,EUR,OP-564448,17/04/2022,08-Jun-2025,1148
telmex,2146794.2,MXN,OP-836766,07/09/2015,"December 16, 2017",891
grupo méxico,1236341.56,MXN,OP-158924,"August 27, 2017",21/04/2021,1333
walmart de méxico,6885744.21,USD,OP-689926,26-Oct-2017,2024-09-21,2522
grupo carso,9683935.47,MXN,OP-443134,17/12/2018,N/A,N/A
grupo lala,2181747.73,EUR,OP-252407,"March 31, 2017",N/A,N/A
cemex,164386.85,MXN,OP-896152,"August 25, 2025",N/A,N/A
SORIANA,2549151.04,EUR,OP-796513,30-Sep-2024,N/A,N/A
grupo carso,3157888.11,USD,OP-779859,2015-09-21,N/A,N/A
grupo bimbo,2482730.36,USD,OP-411873,12/01/2016,2021-03-19,1569
GRUPO BIMBO,3177927.2,USD,OP-605316,24-Oct-2022,N/A,N/A
pemex,8152334.55,EUR,OP-519927,01-Jun-2019,2019-08-19,79
pemex,9104614.15,EUR,OP-543420,"December 13, 2024",N/A,N/A
grupo lala,7267633.54,EUR,OP-545191,2024-10-27,N/A,N/A
LIVERPOOL,2786104.67,EUR,OP-123046,2018-02-08,N/A,N/A
bbva méxico,4273325.88,USD,OP-240599,"February 20, 2023",N/A,N/A
grupo lala,4854565.07,USD,OP-609308,"October 22, 2016",31/01/2025,3023
GRUPO CARSO,7661592.39,MXN,OP-601690,2020-01-15,N/A,N/A
TELMEX,8539442.91,USD,OP-241286,"May 05, 2017",N/A,N/A
LIVERPOOL,9198470.12,MXN,OP-374307,31/10/2019,N/A,N/A
walmart de méxico,1879626.97,MXN,OP-153135,"May 01, 2024",N/A,N/A
GRUPO CARSO,7643048.5,MXN,OP-273112,11-Oct-2022,N/A,N/A
américa móvil,5707709.01,MXN,OP-356880,16/04/2023,N/A,N/A
SORIANA,4374066.1,MXN,OP-923576,2023-12-23,N/A,N/A
bbva méxico,8359436.23,USD,OP-554417,03-Apr-2019,2021-06-03,792
PEMEX,5906343.83,USD,OP-868734,2019-12-03,2024-02-15,1535
GRUPO CARSO,836804.24,EUR,OP-600720,"October 12, 2017",N/A,N/A
GRUPO LALA,9500933.93,USD,OP-222591,18-Aug-2018,30/04/2024,2082
GRUPO LALA,6687067.68,EUR,OP-889062,"May 26, 2025",N/A,N/A
GRUPO MÉXICO,1461356.28,USD,OP-745205,04-Mar-2023,N/A,N/A
PEMEX,7464893.21,MXN,OP-581308,10/05/2022,09-Apr-2025,917
PEMEX,3892182.24,USD,OP-497799,"July 06, 2018",27-Dec-2018,174
soriana,212676.66,MXN,OP-677377,03/08/2017,N/A,N/A
alsea,5225257.85,EUR,OP-329690,2019-10-31,N/A,N/A
GRUPO LALA,5195692.33,EUR,OP-365806,27/07/2016,N/A,N/A
CEMEX,1562932.07,EUR,OP-531916,2016-02-15,N/A,N/A
pemex,5282474.45,EUR,OP-600155,23-Mar-2017,N/A,N/A
alsea,2969246.45,USD,OP-404858,2021-01-03,2024-12-07,1434
liverpool,2142383.97,EUR,OP-776803,02/07/2017,2022-10-16,2077
CEMEX,4663628.74,EUR,OP-642800,26/07/2023,N/A,N/A
SORIANA,442247.96,USD,OP-572627,2020-01-01,N/A,N/A
cemex,2816612.25,USD,OP-459768,2016-03-13,"January 16, 2024",2865
FEMSA,5889626.15,MXN,OP-128986,"November 18, 2019",N/A,N/A
telmex,2155064.28,MXN,OP-912081,2023-03-31,N/A,N/A
GRUPO BIMBO,9684286.25,MXN,OP-431627,15-Jan-2022,N/A,N/A
GRUPO CARSO,9757927.5,MXN,OP-464382,"August 16, 2025",N/A,N/A
BBVA MÉXICO,2055949.61,MXN,OP-711845,12/04/2025,N/A,N/A
FEMSA,5835046.71,MXN,OP-823396,2024-10-18,N/A,N/A
WALMART DE MÉXICO,7136751.01,EUR,OP-361103,"May 27, 2023",N/A,N/A
PEMEX,9734796.46,MXN,OP-526038,2025-07-10,25/08/2025,46
grupo bimbo,109698.01,MXN,OP-419003,2016-02-20,N/A,N/A
grupo lala,3315595.52,MXN,OP-455919,15/08/2017,2021-02-06,1271
GRUPO CARSO,6517763.65,EUR,OP-376426,"June 03, 2021",11/09/2024,1255
grupo méxico,2856259.93,EUR,OP-573306,2019-01-17,N/A,N/A
GRUPO CARSO,5904697.07,USD,OP-306876,"May 02, 2019","August 14, 2022",1200
SORIANA,6549562.22,EUR,OP-950507,15-Jun-2024,N/A,N/A
liverpool,1192473.59,EUR,OP-468384,20-Jul-2023,N/A,N/A
CEMEX,5446886.62,MXN,OP-266440,2017-06-19,N/A,N/A
grupo méxico,6676973.71,USD,OP-533057,20/10/2023,N/A,N/A
GRUPO LALA,7283691.06,EUR,OP-370109,12-Apr-2021,N/A,N/A
PEMEX,5680951.79,EUR,OP-639829,11/04/2021,N/A,N/A
GRUPO BIMBO,2944542.15,EUR,OP-941649,22/12/2018,05/09/2021,869
CEMEX,5803683.63,EUR,OP-572733,09/02/2020,2022-08-23,720
BBVA MÉXICO,4468114.32,MXN,OP-191988,"April 03, 2020",2022-01-12,649
américa móvil,5111675.84,MXN,OP-133094,23-Feb-2024,N/A,N/A
ALSEA,7970792.58,MXN,OP-967623,"July 04, 2016",08-Mar-2023,2438
BANORTE,4140109.01,USD,OP-571546,2025-03-31,10/05/2025,188
liverpool,9343188.0,EUR,OP-837534,"January 24, 2018",N/A,N/A
TELMEX,6966190.54,EUR,OP-161381,2021-07-30,"December 21, 2022",509
telmex,4085886.82,EUR,OP-299193,2025-02-15,N/A,N/A
telmex,7570162.46,MXN,OP-622777,03/06/2021,N/A,N/A
américa móvil,2342620.93,MXN,OP-488029,2025-06-26,N/A,N/A
BBVA MÉXICO,4228449.2,USD,OP-327226,2023-08-29,N/A,N/A
PEMEX,895968.77,MXN,OP-999870,"January 01, 2018",N/A,N/A
GRUPO LALA,6400424.54,USD,OP-410559,"October 25, 2017",N/A,N/A
ALSEA,2273741.87,MXN,OP-901622,"March 02, 2025",N/A,N/A
liverpool,8067904.4,EUR,OP-958672,"May 22, 2018","August 04, 2018",74
grupo lala,5952858.7,USD,OP-833396,25-Feb-2020,N/A,N/A
cemex,6859425.72,MXN,OP-421482,04-Feb-2016,05-Oct-2020,1705
TELMEX,9697220.53,EUR,OP-687733,30/04/2025,N/A,N/A
PEMEX,4340874.64,EUR,OP-822917,2024-02-18,N/A,N/A
CEMEX,4423365.2,USD,OP-139107,2025-06-20,N/A,N/A
liverpool,7844515.1,MXN,OP-574388,01/02/2016,N/A,N/A
GRUPO MÉXICO,8582997.66,USD,OP-218135,28/06/2021,N/A,N/A
alsea,3427150.66,EUR,OP-448334,29-Oct-2022,N/A,N/A
grupo bimbo,2372214.3,EUR,OP-264416,27-May-2021,N/A,N/A
alsea,6267673.13,EUR,OP-283321,15/11/2023,N/A,N/A
BBVA MÉXICO,6743510.57,MXN,OP-667037,2016-02-07,22-Sep-2020,1689
américa móvil,5958446.39,USD,OP-889419,20-Dec-2019,N/A,N/A
bbva méxico,7418546.36,MXN,OP-141080,10/09/2020,N/A,N/A
WALMART DE MÉXICO,1977971.28,USD,OP-956094,08-Feb-2024,N/A,N/A
pemex,1975351.0,USD,OP-325112,15-Oct-2019,24-Dec-2020,436
cemex,4127635.16,EUR,OP-306567,"November 17, 2015",N/A,N/A
grupo carso,5210908.59,EUR,OP-491962,08-May-2021,14-Jun-2024,1133
soriana,8869767.65,EUR,OP-939467,12-Jan-2021,2024-05-01,1205
ALSEA,9012296.51,MXN,OP-739579,2022-06-09,"June 15, 2025",1102
cemex,6805618.65,MXN,OP-790276,"March 12, 2018",2020-07-29,870
banorte,9374639.38,USD,OP-913056,2024-07-25,N/A,N/A
WALMART DE MÉXICO,6624916.15,USD,OP-738399,06/02/2018,2023-10-05,1951
liverpool,3385800.26,USD,OP-352234,21/05/2022,N/A,N/A
telmex,3180242.29,MXN,OP-541907,2017-09-23,"September 01, 2021",1439
WALMART DE MÉXICO,3374324.21,EUR,OP-593833,15-Dec-2019,N/A,N/A
grupo lala,2759090.32,USD,OP-403388,"February 10, 2022",05/04/2025,1179
walmart de méxico,6833312.65,MXN,OP-789440,15-Nov-2017,N/A,N/A
FEMSA,5077671.69,EUR,OP-650322,"November 14, 2023",N/A,N/A
walmart de méxico,4273082.44,EUR,OP-678569,2016-01-16,"October 01, 2017",624
SORIANA,2521744.5,EUR,OP-707402,2020-01-22,01/04/2025,1809
cemex,2382772.82,USD,OP-121481,"February 18, 2018",N/A,N/A
WALMART DE MÉXICO,6383434.48,USD,OP-314174,2025-04-28,N/A,N/A
grupo bimbo,4687902.33,MXN,OP-486005,"July 06, 2022",N/A,N/A
walmart de méxico,5551823.64,MXN,OP-953289,13/07/2023,N/A,N/A
walmart de méxico,372208.12,MXN,OP-743979,"February 23, 2019",N/A,N/A
FEMSA,2280966.37,EUR,OP-374797,25-Mar-2018,2025-02-07,2511
LIVERPOOL,2168606.84,EUR,OP-287993,2021-01-23,N/A,N/A
grupo carso,2180992.12,USD,OP-870220,"November 12, 2018",N/A,N/A
walmart de méxico,9188421.47,USD,OP-323118,17-Oct-2015,17/08/2016,305
LIVERPOOL,7190806.72,EUR,OP-220672,26/05/2020,N/A,N/A
GRUPO LALA,2123164.02,MXN,OP-286852,"March 14, 2024",N/A,N/A
bbva méxico,5138565.92,USD,OP-251512,26/10/2016,N/A,N/A
TELMEX,3999587.6,MXN,OP-946771,05/03/2017,"December 24, 2022",2061
GRUPO LALA,8235068.62,MXN,OP-589059,20/12/2023,N/A,N/A
ALSEA,6925120.65,USD,OP-723521,06/04/2022,N/A,N/A
CEMEX,7482413.46,EUR,OP-406120,07/05/2022,2023-07-04,364
AMÉRICA MÓVIL,792256.26,USD,OP-994711,"March 09, 2016",20/06/2024,3025
américa móvil,4788961.98,MXN,OP-805808,07-Oct-2020,"October 14, 2023",1102
WALMART DE MÉXICO,4128094.76,EUR,OP-713309,10-Jul-2025,N/A,N/A
grupo lala,7909913.66,MXN,OP-353048,01/05/2017,N/A,N/A
WALMART DE MÉXICO,8328924.41,MXN,OP-125762,2018-12-11,N/A,N/A
PEMEX,5422932.22,MXN,OP-588466,2025-02-17,N/A,N/A
banorte,4109406.33,MXN,OP-373586,"November 01, 2020",N/A,N/A
BBVA MÉXICO,1600121.97,USD,OP-301077,24-May-2016,18/08/2025,3373
TELMEX,4259822.21,USD,OP-484138,03/02/2024,2025-07-07,492
telmex,3045157.06,USD,OP-394491,"April 25, 2019",N/A,N/A
GRUPO CARSO,5706747.71,MXN,OP-435236,2019-07-17,N/A,N/A
soriana,2561455.04,EUR,OP-976994,2021-10-12,12/07/2024,1152
soriana,9893759.94,EUR,OP-627528,"November 30, 2021",N/A,N/A
grupo méxico,2689804.01,USD,OP-635239,06-Oct-2018,N/A,N/A
GRUPO CARSO,372323.58,USD,OP-863768,05/08/2018,N/A,N/A
grupo méxico,5895373.63,USD,OP-653154,15-Mar-2025,N/A,N/A
BBVA MÉXICO,7642352.64,MXN,OP-592964,2016-10-06,22/10/2016,16
BANORTE,641341.98,MXN,OP-634874,02-Aug-2021,N/A,N/A
ALSEA,6077855.92,USD,OP-447888,20-Oct-2019,"September 08, 2024",1785
pemex,1028578.27,USD,OP-410147,24-Oct-2018,"October 28, 2020",735
GRUPO CARSO,8277945.21,MXN,OP-914543,"July 19, 2021",N/A,N/A
SORIANA,6935776.52,EUR,OP-646876,19/06/2019,N/A,N/A
grupo méxico,5644148.39,EUR,OP-702055,15/07/2023,N/A,N/A
BANORTE,614193.43,EUR,OP-132372,"April 10, 2024",N/A,N/A
bbva méxico,4702875.12,USD,OP-514859,09-Jul-2023,N/A,N/A
PEMEX,6183020.22,EUR,OP-108139,27-Jul-2022,N/A,N/A
GRUPO BIMBO,8452495.45,USD,OP-597221,31-Aug-2024,2025-06-25,298
grupo lala,7379679.56,USD,OP-448649,2016-04-29,N/A,N/A
GRUPO LALA,1601102.3,MXN,OP-870486,"May 09, 2025",N/A,N/A
WALMART DE MÉXICO,8523675.04,EUR,OP-824249,12-Jan-2024,12/04/2024,327
CEMEX,7115467.94,EUR,OP-928592,31-Dec-2017,01/07/2021,1103
bbva méxico,2916885.87,USD,OP-152819,10/10/2019,N/A,N/A
SORIANA,5163220.45,EUR,OP-464575,2022-07-20,07-Aug-2022,18
grupo bimbo,2685453.71,MXN,OP-295233,21-Jul-2023,N/A,N/A
soriana,3242126.31,EUR,OP-776599,2019-06-11,"August 14, 2022",1160
PEMEX,8434789.91,EUR,OP-438279,"July 27, 2016",04-Dec-2021,1956
telmex,279485.3,MXN,OP-344355,2021-12-29,N/A,N/A
walmart de méxico,2506481.19,USD,OP-417367,02-Sep-2022,N/A,N/A
TELMEX,8480102.65,USD,OP-876437,"December 02, 2023",N/A,N/A
GRUPO LALA,1396592.95,USD,OP-243183,27/06/2025,N/A,N/A
ALSEA,8031319.29,EUR,OP-242930,26-Dec-2020,20-Feb-2021,56
GRUPO CARSO,7925402.52,MXN,OP-599343,"March 10, 2020",07/10/2024,1583
BBVA MÉXICO,172752.44,MXN,OP-789367,"October 09, 2017","December 26, 2020",1174
GRUPO CARSO,7988137.99,EUR,OP-410449,19-Mar-2018,N/A,N/A
ALSEA,8355077.63,USD,OP-219355,11-Jan-2017,N/A,N/A
liverpool,6006806.43,EUR,OP-887603,"May 16, 2024",N/A,N/A
alsea,1846367.03,USD,OP-463863,"August 05, 2022",N/A,N/A
banorte,8834286.4,MXN,OP-202765,"July 28, 2016","March 27, 2024",2799
femsa,5722652.86,EUR,OP-528384,2017-07-18,2022-12-09,1970
BANORTE,829096.45,MXN,OP-461035,"June 04, 2024",N/A,N/A
ALSEA,530106.89,EUR,OP-302928,"January 05, 2020",N/A,N/A
pemex,3806553.78,MXN,OP-198507,"November 01, 2020",N/A,N/A
grupo méxico,6624352.88,USD,OP-949977,"January 18, 2017",27/05/2019,859
AMÉRICA MÓVIL,3362672.04,USD,OP-547102,19-Nov-2016,"June 15, 2017",208
BBVA MÉXICO,6665486.44,USD,OP-919500,"July 09, 2018",18/03/2020,618
grupo bimbo,9230878.67,MXN,OP-873203,"June 19, 2021",N/A,N/A
banorte,3758607.78,MXN,OP-285094,"March 20, 2018",2025-06-04,2633
PEMEX,2763801.81,MXN,OP-377582,2020-08-18,N/A,N/A
CEMEX,5667516.68,MXN,OP-831984,2018-10-08,"April 24, 2023",1659
grupo carso,4877408.78,EUR,OP-264345,2025-06-10,N/A,N/A
bbva méxico,427190.12,MXN,OP-379200,"October 18, 2023",N/A,N/A
femsa,205015.4,USD,OP-571516,31/08/2024,N/A,N/A
grupo carso,2279515.49,EUR,OP-957052,2021-01-10,N/A,N/A
GRUPO CARSO,9094261.02,EUR,OP-226665,22/02/2024,N/A,N/A
LIVERPOOL,4484757.56,MXN,OP-313437,04/12/2017,18/07/2018,462
banorte,9738505.16,MXN,OP-257334,01/03/2020,26/07/2020,205
SORIANA,4403776.26,USD,OP-925713,28-Apr-2018,N/A,N/A
pemex,6442684.13,EUR,OP-849295,28-Oct-2017,2022-10-05,1803
ALSEA,1203539.87,MXN,OP-631543,24/09/2020,N/A,N/A
BANORTE,2596076.12,MXN,OP-492931,12-Oct-2021,N/A,N/A
BBVA MÉXICO,4853040.52,USD,OP-596306,2021-04-28,"May 11, 2025",1474
cemex,5845769.48,MXN,OP-127535,13/02/2019,N/A,N/A
GRUPO MÉXICO,4812301.51,MXN,OP-191684,2019-09-03,N/A,N/A
grupo bimbo,6595976.31,EUR,OP-503498,12/01/2021,N/A,N/A
PEMEX,7678945.28,USD,OP-798255,25-Sep-2017,N/A,N/A
FEMSA,322825.68,USD,OP-513468,"February 16, 2016",06-Jun-2016,111
AMÉRICA MÓVIL,8082530.03,USD,OP-312913,2019-07-30,N/A,N/A
GRUPO MÉXICO,1878052.45,USD,OP-764931,2015-11-09,N/A,N/A
grupo lala,4615066.73,USD,OP-341959,2019-01-21,02/02/2019,12
TELMEX,4548580.17,EUR,OP-476144,07/08/2022,N/A,N/A
banorte,6347706.77,USD,OP-362314,10-Mar-2017,2025-05-01,2974
GRUPO MÉXICO,9800257.34,MXN,OP-130418,21/05/2020,N/A,N/A
FEMSA,9749883.84,USD,OP-709258,"June 26, 2023",N/A,N/A
walmart de méxico,3242927.85,USD,OP-622721,"October 19, 2019",N/A,N/A
alsea,8995576.19,MXN,OP-354794,"July 16, 2017",N/A,N/A
BANORTE,428187.01,EUR,OP-316911,23-Aug-2018,N/A,N/A
WALMART DE MÉXICO,8113677.03,MXN,OP-339813,"June 03, 2016",25-Jun-2017,387
grupo bimbo,7593388.28,USD,OP-975967,08/07/2022,N/A,N/A
alsea,5554629.66,MXN,OP-853939,"December 15, 2020",N/A,N/A
CEMEX,6864157.56,EUR,OP-170475,"February 07, 2025",N/A,N/A
walmart de méxico,1542684.47,EUR,OP-351380,"March 28, 2019","December 25, 2024",2099
SORIANA,3456065.2,EUR,OP-798873,03/05/2021,N/A,N/A
BANORTE,6613486.64,EUR,OP-387494,01-Mar-2016,"August 04, 2021",1982
SORIANA,3218568.49,EUR,OP-455635,10/10/2022,N/A,N/A
cemex,6846863.81,EUR,OP-680687,04-Jun-2025,N/A,N/A
grupo bimbo,872081.32,MXN,OP-689004,"December 08, 2024",N/A,N/A
BBVA MÉXICO,2357057.98,EUR,OP-451929,"February 01, 2024",N/A,N/A
LIVERPOOL,7728310.59,EUR,OP-434777,11/03/2017,17/08/2018,287
banorte,3933935.0,MXN,OP-627936,2019-05-09,N/A,N/A
TELMEX,2266871.35,EUR,OP-729971,21/09/2022,N/A,N/A
pemex,2840442.64,EUR,OP-950253,26-May-2021,N/A,N/A
grupo lala,972130.21,EUR,OP-291027,24-Jul-2016,N/A,N/A
pemex,6748378.14,USD,OP-958497,2020-02-16,N/A,N/A
LIVERPOOL,5646533.9,USD,OP-118832,20/05/2016,"July 22, 2020",1524
grupo carso,1139244.69,EUR,OP-782115,2022-07-18,N/A,N/A
GRUPO CARSO,9229781.42,USD,OP-904815,15-Jan-2025,N/A,N/A
femsa,3570967.89,MXN,OP-254531,2020-11-21,N/A,N/A
ALSEA,3095428.29,EUR,OP-714179,08-Oct-2017,N/A,N/A
GRUPO LALA,9273878.05,USD,OP-529543,"March 22, 2018",N/A,N/A
liverpool,6588836.41,EUR,OP-668459,12-Nov-2020,"October 21, 2021",343
GRUPO CARSO,6635137.01,EUR,OP-194017,28/05/2018,N/A,N/A
femsa,4732373.95,USD,OP-723515,23/07/2018,N/A,N/A
GRUPO LALA,4286331.33,EUR,OP-238278,05-Mar-2023,N/A,N/A
bbva méxico,7476894.04,USD,OP-131909,03-May-2021,N/A,N/A
bbva méxico,7893699.15,USD,OP-664694,"March 11, 2018",2021-05-10,1156
telmex,6055480.6,EUR,OP-574961,02/07/2023,N/A,N/A
grupo méxico,8958138.52,MXN,OP-154769,14-Mar-2022,N/A,N/A
walmart de méxico,6351701.35,MXN,OP-587569,02-Jun-2020,"March 31, 2025",1763
liverpool,9767739.65,EUR,OP-488482,05/05/2022,N/A,N/A
grupo carso,1395425.16,USD,OP-148594,19/02/2021,N/A,N/A
grupo méxico,5393910.98,EUR,OP-992444,2021-02-20,N/A,N/A
grupo lala,3953050.24,USD,OP-378491,16-Oct-2024,N/A,N/A
grupo méxico,8049429.73,USD,OP-710709,17/09/2016,13-Sep-2018,726
cemex,8382771.69,MXN,OP-689849,24/05/2023,N/A,N/A
grupo carso,1315131.34,EUR,OP-543513,"October 16, 2016",N/A,N/A
GRUPO CARSO,6012604.48,MXN,OP-103359,"August 06, 2020",N/A,N/A
cemex,7549370.53,USD,OP-899393,03-Dec-2019,03/01/2023,1184
ALSEA,1727626.06,USD,OP-723511,"November 18, 2015",N/A,N/A
BANORTE,3428557.69,EUR,OP-195056,28/10/2019,N/A,N/A
grupo méxico,904452.59,MXN,OP-834522,2019-05-12,N/A,N/A
grupo bimbo,1461901.58,USD,OP-711334,"October 27, 2018",N/A,N/A
GRUPO LALA,3728388.03,USD,OP-473374,28/09/2016,19-Oct-2019,1116
alsea,7930407.61,USD,OP-597638,11-May-2023,N/A,N/A
grupo bimbo,680711.04,MXN,OP-775990,"September 30, 2015",15-Jan-2017,473
grupo carso,1772658.11,MXN,OP-631387,2024-12-24,N/A,N/A
PEMEX,3951599.13,MXN,OP-289871,03-Jan-2022,N/A,N/A
LIVERPOOL,6642368.36,EUR,OP-497388,23-Jun-2025,N/A,N/A
PEMEX,8941224.33,EUR,OP-285091,"March 15, 2020",N/A,N/A
cemex,4551896.75,MXN,OP-121018,"April 27, 2024",N/A,N/A
SORIANA,7384276.01,EUR,OP-214730,"August 07, 2025",N/A,N/A
grupo carso,5063596.14,EUR,OP-306999,2023-11-07,N/A,N/A
FEMSA,7260505.5,USD,OP-448613,20-Nov-2024,N/A,N/A
GRUPO MÉXICO,3392461.17,MXN,OP-104048,"August 20, 2019",N/A,N/A
AMÉRICA MÓVIL,5809561.84,USD,OP-125820,2022-11-12,N/A,N/A
américa móvil,6803848.08,EUR,OP-714354,"July 22, 2025",N/A,N/A
telmex,2470597.1,MXN,OP-588931,22/03/2023,N/A,N/A
GRUPO BIMBO,2462889.78,USD,OP-341306,"October 30, 2018",N/A,N/A
LIVERPOOL,8675808.82,MXN,OP-460611,"April 03, 2017",N/A,N/A
grupo bimbo,7769519.28,EUR,OP-628723,"March 11, 2021",N/A,N/A
grupo méxico,4959823.29,MXN,OP-447275,"April 23, 2025",N/A,N/A
WALMART DE MÉXICO,5112278.8,MXN,OP-341491,"June 18, 2016","August 15, 2019",1153
cemex,5537487.97,EUR,OP-174999,18-Aug-2019,N/A,N/A
bbva méxico,4013459.4,USD,OP-598407,14-Nov-2020,N/A,N/A
GRUPO BIMBO,6467847.61,USD,OP-791745,2017-06-19,19/11/2023,2344
bbva méxico,1669510.63,MXN,OP-997670,24-Jan-2016,"May 22, 2022",2310
SORIANA,4345299.87,USD,OP-164516,29/10/2015,05/03/2024,3109
walmart de méxico,9975768.2,EUR,OP-915160,20-May-2016,26-Dec-2017,585
soriana,1869813.37,MXN,OP-607436,31-Aug-2017,"April 21, 2018",233
grupo lala,8901438.66,USD,OP-214410,"November 07, 2017",15/07/2023,2076
liverpool,2048381.26,EUR,OP-377428,2020-06-10,N/A,N/A
grupo lala,7062312.16,USD,OP-467628,2025-02-24,N/A,N/A
GRUPO CARSO,9075371.32,MXN,OP-963026,"June 13, 2016",29-Dec-2020,1660
GRUPO MÉXICO,2524251.61,MXN,OP-853175,"September 02, 2018",N/A,N/A
CEMEX,812820.42,USD,OP-522670,03/01/2018,"December 30, 2019",669
soriana,8720935.35,USD,OP-102667,"April 18, 2025",N/A,N/A
FEMSA,6347701.69,EUR,OP-804218,13/04/2025,N/A,N/A
telmex,4595192.92,EUR,OP-606561,02-Aug-2022,N/A,N/A
GRUPO BIMBO,1490145.09,EUR,OP-773522,"October 13, 2023",N/A,N/A
PEMEX,9858478.3,EUR,OP-269002,2018-11-16,18-Sep-2020,672
pemex,4414099.45,MXN,OP-992190,04-Oct-2021,N/A,N/A
cemex,7963093.81,EUR,OP-898681,"October 10, 2018",N/A,N/A
LIVERPOOL,5811334.58,MXN,OP-895420,2020-11-05,N/A,N/A
WALMART DE MÉXICO,5346532.87,MXN,OP-363701,2022-03-10,N/A,N/A
alsea,2261872.0,MXN,OP-937826,20-Jan-2024,N/A,N/A
banorte,2394749.87,USD,OP-433326,13/02/2021,N/A,N/A
grupo carso,3612484.22,EUR,OP-652188,15-Apr-2022,"August 18, 2025",1221
PEMEX,8816544.65,USD,OP-663023,12-Jan-2020,20/03/2021,433
PEMEX,8367106.39,MXN,OP-668335,2021-12-09,N/A,N/A
soriana,4970661.17,USD,OP-749030,"June 15, 2016",N/A,N/A
pemex,7536156.57,USD,OP-661197,01-Jul-2023,N/A,N/A
GRUPO CARSO,6009689.0,USD,OP-805369,"June 19, 2024",N/A,N/A
walmart de méxico,8479184.47,USD,OP-430058,2016-03-27,"April 17, 2022",2212
grupo bimbo,9768780.7,EUR,OP-955209,11/04/2023,N/A,N/A
grupo méxico,4712458.49,USD,OP-117214,15-Jan-2023,N/A,N/A
TELMEX,3718378.48,MXN,OP-928450,09/02/2021,28-Oct-2023,786
WALMART DE MÉXICO,7601516.78,MXN,OP-269054,"October 02, 2017",2020-12-13,1168
AMÉRICA MÓVIL,1850342.26,USD,OP-802758,31/03/2020,N/A,N/A
BBVA MÉXICO,1684012.18,USD,OP-213502,14-Sep-2016,"January 07, 2019",845
TELMEX,9416562.11,USD,OP-164221,2020-05-02,N/A,N/A
grupo carso,1796882.81,MXN,OP-573702,23-Dec-2017,N/A,N/A
grupo carso,6947387.71,USD,OP-127807,"December 01, 2023",14/12/2024,379
TELMEX,6147302.72,MXN,OP-637688,25/04/2020,N/A,N/A
grupo bimbo,932756.43,MXN,OP-305522,23/01/2017,06-Aug-2019,925
pemex,9636544.54,EUR,OP-118116,2018-04-13,N/A,N/A
américa móvil,1092105.77,MXN,OP-250682,"May 13, 2023",N/A,N/A
GRUPO BIMBO,5251187.97,USD,OP-678389,03-Oct-2015,"November 18, 2023",2968
GRUPO BIMBO,9475571.1,MXN,OP-541164,"April 18, 2019",17-Feb-2024,1766
GRUPO CARSO,7434461.25,MXN,OP-919939,2017-12-27,2021-01-22,1122
BBVA MÉXICO,5986768.37,USD,OP-510716,2015-12-25,21-Apr-2019,1213
grupo carso,8173414.03,MXN,OP-810378,13/11/2021,N/A,N/A
américa móvil,667137.01,USD,OP-825293,10/09/2024,N/A,N/A
BBVA MÉXICO,4160407.34,EUR,OP-352958,24/01/2020,2021-12-23,699
GRUPO BIMBO,7376371.92,EUR,OP-839490,15-Feb-2018,13/05/2020,818
banorte,1326358.95,USD,OP-261135,2015-09-19,N/A,N/A
CEMEX,1331595.02,MXN,OP-721343,2025-08-25,N/A,N/A
cemex,1646254.47,EUR,OP-885507,2017-07-18,N/A,N/A
ALSEA,3249110.73,MXN,OP-378064,"August 22, 2023",N/A,N/A
BBVA MÉXICO,7301059.26,MXN,OP-824145,18/08/2022,N/A,N/A
grupo méxico,1129219.61,MXN,OP-578376,23-Oct-2016,N/A,N/A
alsea,3165852.24,EUR,OP-688971,12-Jul-2024,N/A,N/A
alsea,8349094.89,USD,OP-680042,09-Oct-2023,N/A,N/A
femsa,561452.43,USD,OP-757617,"February 19, 2021","November 11, 2022",630
ALSEA,6643405.93,MXN,OP-157119,2015-11-17,N/A,N/A
grupo méxico,4696521.65,MXN,OP-663604,14-Oct-2023,N/A,N/A
grupo bimbo,5411056.82,MXN,OP-340641,"June 10, 2017",06/02/2020,1088
CEMEX,2409281.48,MXN,OP-109144,28/02/2022,2023-04-04,400
TELMEX,9630039.71,USD,OP-627149,2017-01-03,"September 13, 2023",2444
SORIANA,3017227.48,MXN,OP-691739,"June 29, 2019",03/03/2020,248
TELMEX,7364101.96,MXN,OP-977621,22-Dec-2018,2019-01-02,11
SORIANA,5291648.33,MXN,OP-605227,2021-03-24,N/A,N/A
américa móvil,4940414.83,EUR,OP-517208,2025-05-24,N/A,N/A
banorte,461834.18,MXN,OP-982347,2015-11-21,2020-07-01,1684
cemex,751845.97,USD,OP-783864,15/06/2018,N/A,N/A
ALSEA,868055.98,USD,OP-376081,01/01/2019,N/A,N/A
cemex,9574831.0,USD,OP-508561,12/03/2018,2020-04-05,489
liverpool,9030998.55,EUR,OP-143353,04-Mar-2022,N/A,N/A
GRUPO BIMBO,3731718.2,EUR,OP-445985,08/06/2021,03-Jul-2022,331
BBVA MÉXICO,2783523.47,EUR,OP-423132,26-Jan-2020,N/A,N/A
grupo lala,4828346.59,MXN,OP-332503,"November 01, 2017",13-Jun-2025,2781
BANORTE,5877059.21,EUR,OP-948645,23-Jun-2016,N/A,N/A
soriana,971020.25,MXN,OP-567316,21/06/2024,N/A,N/A
bbva méxico,5698800.36,MXN,OP-270207,20/11/2020,15-Jun-2025,1668
LIVERPOOL,2757027.89,MXN,OP-259219,12/06/2017,N/A,N/A
alsea,1264130.25,MXN,OP-388961,2024-03-14,N/A,N/A
GRUPO LALA,3378130.29,MXN,OP-686113,2017-03-26,21/02/2023,2158
grupo carso,989653.32,USD,OP-189636,11-Dec-2016,N/A,N/A
alsea,6695885.07,EUR,OP-688439,21/03/2017,N/A,N/A
bbva méxico,9329565.69,EUR,OP-903602,29/03/2016,2020-08-13,1598
grupo méxico,3835691.99,EUR,OP-239049,2019-08-22,"April 03, 2025",2051
américa móvil,9795676.76,EUR,OP-672204,"January 13, 2016",18-Nov-2017,675
liverpool,6438718.64,EUR,OP-786705,2023-02-10,N/A,N/A
pemex,2634664.59,EUR,OP-418615,20-Jul-2022,N/A,N/A
walmart de méxico,6002349.81,USD,OP-856123,"November 28, 2017","May 01, 2022",1615
GRUPO LALA,5874530.37,USD,OP-617695,"August 21, 2018",N/A,N/A
grupo lala,6034524.87,USD,OP-912498,22/02/2018,N/A,N/A
banorte,9818001.28,MXN,OP-496863,28-Mar-2019,2022-02-02,1042
PEMEX,3010000.74,EUR,OP-307395,16-May-2016,N/A,N/A
AMÉRICA MÓVIL,3751864.97,EUR,OP-905500,"October 20, 2023",N/A,N/A
CEMEX,3918163.52,USD,OP-507526,23-Apr-2016,N/A,N/A
GRUPO BIMBO,2371569.38,USD,OP-754534,17/01/2021,N/A,N/A
soriana,2461020.93,MXN,OP-453332,2016-03-30,"June 06, 2018",798
PEMEX,1907003.28,EUR,OP-392566,10-Oct-2019,N/A,N/A
BBVA MÉXICO,5579757.71,USD,OP-716954,2023-02-07,"August 13, 2024",553
pemex,6374917.26,MXN,OP-490914,2020-05-08,"February 21, 2024",1384
grupo méxico,4800518.72,EUR,OP-512059,30-Jan-2016,2017-01-13,349
GRUPO MÉXICO,6337226.38,USD,OP-939513,27-Dec-2021,N/A,N/A
soriana,4131310.71,USD,OP-787755,16-Jan-2020,05/11/2021,481
GRUPO CARSO,3688790.1,USD,OP-817151,09/05/2025,N/A,N/A
grupo carso,3116720.09,USD,OP-457579,18-Jul-2023,N/A,N/A
GRUPO MÉXICO,9324058.89,EUR,OP-127056,"June 15, 2023",N/A,N/A
walmart de méxico,2737847.78,EUR,OP-854437,"September 29, 2017","November 18, 2024",2607
CEMEX,698507.54,USD,OP-277854,01/01/2019,04-Aug-2022,1311
grupo lala,8601558.34,EUR,OP-694196,14/11/2023,N/A,N/A
SORIANA,1858540.37,MXN,OP-111696,11-Apr-2024,N/A,N/A
TELMEX,1027213.29,MXN,OP-713625,18-Jul-2023,N/A,N/A
banorte,9329225.77,MXN,OP-343642,"November 21, 2020",N/A,N/A
grupo carso,7236652.05,EUR,OP-475702,30-May-2016,2018-08-31,823
bbva méxico,8847170.11,MXN,OP-985602,2023-08-07,"March 08, 2025",579
liverpool,4813079.97,EUR,OP-461209,05/03/2022,N/A,N/A
grupo carso,8686760.99,EUR,OP-718220,"September 01, 2022",N/A,N/A
grupo bimbo,3475964.3,EUR,OP-842388,12/11/2018,N/A,N/A
cemex,6603337.73,MXN,OP-285067,2018-11-01,N/A,N/A
GRUPO BIMBO,927425.14,MXN,OP-473944,19-Apr-2024,N/A,N/A
CEMEX,7461932.55,EUR,OP-193589,"December 18, 2015",04/12/2019,1211
WALMART DE MÉXICO,967495.11,EUR,OP-577540,"March 16, 2021",N/A,N/A
grupo carso,5477636.17,EUR,OP-373343,2024-10-26,N/A,N/A
BBVA MÉXICO,5453513.11,USD,OP-841686,16-Jul-2025,N/A,N/A
WALMART DE MÉXICO,5215025.09,MXN,OP-133069,"April 30, 2022",04/04/2025,1070
walmart de méxico,4145478.14,MXN,OP-988966,11/10/2017,14/11/2018,369
BBVA MÉXICO,9167059.68,USD,OP-893438,2025-05-12,N/A,N/A
WALMART DE MÉXICO,3849134.55,EUR,OP-248233,23/06/2018,07-Mar-2023,1718
LIVERPOOL,7459019.12,USD,OP-737288,"June 12, 2024",N/A,N/A
PEMEX,981324.62,USD,OP-332953,"July 21, 2021",N/A,N/A
BANORTE,6676997.82,MXN,OP-877218,2015-11-03,2019-07-01,1336
TELMEX,4461224.67,MXN,OP-765831,"September 20, 2022",N/A,N/A
grupo lala,490038.63,USD,OP-750391,27-Jul-2017,N/A,N/A
cemex,1945811.83,USD,OP-591580,"December 23, 2023",N/A,N/A
femsa,2937574.48,USD,OP-729827,"July 06, 2024",N/A,N/A
femsa,7684500.12,EUR,OP-747175,08/09/2021,N/A,N/A
PEMEX,8441546.91,USD,OP-764211,"November 09, 2024",N/A,N/A
GRUPO BIMBO,5662006.41,MXN,OP-710805,03-Feb-2016,10/09/2023,2805
BBVA MÉXICO,1787646.25,MXN,OP-306025,2022-10-17,N/A,N/A
GRUPO LALA,2471762.64,MXN,OP-136670,"November 05, 2017",2023-01-28,1910
américa móvil,9837764.35,MXN,OP-180309,"February 13, 2023",N/A,N/A
GRUPO CARSO,3142831.68,MXN,OP-258623,24-Apr-2016,N/A,N/A
femsa,2681296.64,USD,OP-756931,02-May-2022,"April 29, 2023",362
telmex,5682203.54,MXN,OP-134307,"October 24, 2023",N/A,N/A
grupo bimbo,2773700.73,MXN,OP-866388,2016-06-30,09/05/2016,67
alsea,2328325.35,EUR,OP-680175,24-Apr-2021,N/A,N/A
banorte,3766233.29,EUR,OP-381236,14-Sep-2015,2017-02-11,516
GRUPO MÉXICO,9746992.15,EUR,OP-343129,09-Apr-2021,N/A,N/A
pemex,1908702.21,USD,OP-618240,16/08/2017,"August 06, 2021",1451
femsa,1181396.22,MXN,OP-498567,16-May-2022,N/A,N/A
grupo bimbo,6339244.47,MXN,OP-711120,2022-04-25,N/A,N/A
CEMEX,9873177.65,MXN,OP-164651,04-Aug-2024,N/A,N/A
américa móvil,996515.42,MXN,OP-107156,18-Dec-2023,N/A,N/A
CEMEX,9636848.23,EUR,OP-661768,2017-04-29,2021-10-03,1618
BBVA MÉXICO,1928902.03,EUR,OP-442668,2023-05-19,N/A,N/A
PEMEX,8129966.23,MXN,OP-158816,23-Sep-2018,N/A,N/A
soriana,7607314.6,MXN,OP-957074,2017-09-09,17/10/2018,403
américa móvil,8151619.16,USD,OP-959804,11/09/2016,N/A,N/A
grupo lala,7626811.75,MXN,OP-328893,2025-05-04,N/A,N/A
BBVA MÉXICO,9449988.19,MXN,OP-800694,19-May-2020,N/A,N/A
alsea,5693690.9,MXN,OP-545397,04/09/2020,N/A,N/A
SORIANA,1405256.69,EUR,OP-590345,09-Jul-2025,N/A,N/A
grupo bimbo,5555341.54,EUR,OP-318097,04-Jul-2019,N/A,N/A
banorte,3343684.33,EUR,OP-536305,2021-11-29,N/A,N/A
pemex,115460.12,EUR,OP-166655,"January 06, 2022",N/A,N/A
WALMART DE MÉXICO,4958742.49,EUR,OP-928691,03-Jun-2024,N/A,N/A
CEMEX,5829460.23,USD,OP-928832,"November 12, 2018",N/A,N/A
américa móvil,4776027.01,USD,OP-400094,"April 11, 2023",N/A,N/A
LIVERPOOL,8348796.43,EUR,OP-826206,2018-02-17,07-Jun-2022,1571
BBVA MÉXICO,8080392.34,EUR,OP-844357,24/03/2021,N/A,N/A
CEMEX,8730824.88,MXN,OP-193170,01-Dec-2018,27-Mar-2020,482
grupo bimbo,9122328.71,USD,OP-813831,30/07/2025,N/A,N/A
GRUPO LALA,8597232.46,EUR,OP-719412,31-Dec-2016,2022-05-21,1967
grupo bimbo,1924181.0,EUR,OP-598341,15-Nov-2021,2022-12-26,406
cemex,7946004.65,USD,OP-927433,"November 12, 2016","August 16, 2020",1373
GRUPO CARSO,4080673.15,MXN,OP-523190,"December 01, 2020","August 31, 2021",273
pemex,1984386.1,MXN,OP-957922,28-Mar-2019,20/11/2021,968
AMÉRICA MÓVIL,8084840.16,EUR,OP-595029,2019-07-02,2024-04-29,1763
AMÉRICA MÓVIL,3300366.43,USD,OP-428827,15/01/2016,2017-09-18,612
TELMEX,3849141.94,EUR,OP-846522,"May 06, 2018",N/A,N/A
soriana,5157449.39,USD,OP-282256,2023-08-26,N/A,N/A
FEMSA,4176096.18,USD,OP-830919,2024-04-30,22/02/2025,298
banorte,8068971.5,EUR,OP-727381,17/11/2022,N/A,N/A
cemex,1081790.19,USD,OP-400805,01-Apr-2017,N/A,N/A
ALSEA,2272971.84,USD,OP-630058,2016-05-25,20-Dec-2024,3131
GRUPO CARSO,8173943.04,MXN,OP-818379,28-Nov-2023,24/01/2025,423
GRUPO MÉXICO,9048119.29,MXN,OP-678874,18-Nov-2020,06-Mar-2023,838
GRUPO LALA,2182146.57,EUR,OP-190573,10/07/2020,N/A,N/A
grupo méxico,2710478.43,USD,OP-603589,2016-12-20,N/A,N/A
liverpool,5483869.92,USD,OP-713356,"June 08, 2021",09/09/2023,823
PEMEX,250460.27,MXN,OP-322257,12-Jul-2021,N/A,N/A
grupo méxico,730951.55,MXN,OP-405535,12/11/2020,2025-03-16,1556
grupo carso,6194739.76,USD,OP-606280,"April 14, 2023",N/A,N/A
BBVA MÉXICO,4810877.28,MXN,OP-529463,17/04/2022,N/A,N/A
grupo carso,124290.12,USD,OP-454672,22/07/2021,N/A,N/A
GRUPO LALA,2960636.69,EUR,OP-451490,2020-01-20,11-Jul-2024,1634
femsa,8967748.26,USD,OP-827229,2015-12-22,11/09/2021,2149
GRUPO MÉXICO,2702419.16,USD,OP-364039,2018-01-19,28/02/2021,1136
américa móvil,6876829.74,EUR,OP-257811,"December 13, 2019",23/03/2023,1196
WALMART DE MÉXICO,1865334.98,MXN,OP-754810,29-Dec-2020,2023-04-03,825
telmex,2401445.72,USD,OP-917599,2024-09-22,N/A,N/A
grupo méxico,2117763.07,EUR,OP-738630,"July 18, 2016",N/A,N/A
telmex,9216106.88,EUR,OP-771787,04/08/2019,N/A,N/A
bbva méxico,4759551.02,MXN,OP-755228,2016-07-14,19-Sep-2020,1528
liverpool,4929169.5,USD,OP-761519,20-Jul-2022,N/A,N/A
BANORTE,8752881.37,EUR,OP-129915,2017-04-04,"November 27, 2022",2063
grupo lala,5988902.54,USD,OP-522492,25/09/2022,N/A,N/A
grupo lala,1443484.15,USD,OP-213218,2016-02-02,"November 02, 2017",639
FEMSA,5680740.14,EUR,OP-194678,20/11/2024,N/A,N/A
TELMEX,3591409.67,MXN,OP-559337,2022-05-24,15/12/2024,936
BANORTE,1349095.23,EUR,OP-286105,2018-07-04,N/A,N/A
alsea,9952381.32,MXN,OP-305270,18/06/2017,N/A,N/A
pemex,4503485.28,USD,OP-600200,27/05/2025,N/A,N/A
SORIANA,3193595.1,USD,OP-543804,2017-09-17,N/A,N/A
LIVERPOOL,9600897.6,USD,OP-932821,17/11/2017,N/A,N/A
liverpool,6307330.87,USD,OP-983047,"January 31, 2019",05-Apr-2019,64
banorte,2744762.25,MXN,OP-986363,15/08/2025,N/A,N/A
alsea,5613649.49,MXN,OP-942754,01-Oct-2018,31-Aug-2019,334
grupo bimbo,5844468.67,EUR,OP-880813,04/10/2016,N/A,N/A
WALMART DE MÉXICO,6316378.78,EUR,OP-747583,"May 16, 2018",N/A,N/A
walmart de méxico,2908907.42,MXN,OP-594600,18/01/2022,"March 20, 2024",792
banorte,5186520.23,USD,OP-681647,20/06/2023,N/A,N/A
américa móvil,6101988.34,EUR,OP-606222,"April 04, 2025",N/A,N/A
liverpool,8605853.7,EUR,OP-431379,"November 10, 2020",N/A,N/A
FEMSA,4102505.71,MXN,OP-220888,05-Dec-2015,29-Sep-2022,2490
GRUPO LALA,6183713.4,USD,OP-523949,2019-09-23,19/10/2020,392
GRUPO BIMBO,9176850.56,EUR,OP-540100,21/02/2020,"April 29, 2023",1163
TELMEX,7483315.76,EUR,OP-407704,05/06/2020,N/A,N/A
AMÉRICA MÓVIL,6211798.86,EUR,OP-214117,2023-08-08,N/A,N/A
PEMEX,3147709.49,USD,OP-966690,04-Sep-2016,N/A,N/A
GRUPO LALA,4360256.73,EUR,OP-732373,04/09/2017,04/11/2018,367
ALSEA,9480261.43,USD,OP-772384,2017-02-26,"August 04, 2017",159
alsea,7356438.01,EUR,OP-954101,"August 17, 2017",15-Oct-2017,59
telmex,7776173.7,MXN,OP-535824,2018-04-27,27-May-2025,2587
BBVA MÉXICO,2976137.06,USD,OP-898431,"January 01, 2024","January 18, 2024",17
BBVA MÉXICO,8410330.52,MXN,OP-428179,24/01/2017,2021-02-01,1469
PEMEX,658460.07,EUR,OP-873536,2021-10-21,"May 09, 2024",931
soriana,7825129.6,MXN,OP-695734,"April 08, 2025",N/A,N/A
ALSEA,5229967.34,EUR,OP-263676,2024-07-03,15-May-2025,316
pemex,431985.17,MXN,OP-885950,02/04/2023,N/A,N/A
alsea,4746667.88,USD,OP-304783,19/09/2024,N/A,N/A
pemex,588575.53,MXN,OP-880654,02/04/2016,2018-03-18,773
GRUPO CARSO,2724716.41,USD,OP-384346,"November 17, 2021",N/A,N/A
soriana,9986094.13,USD,OP-609214,12/03/2022,N/A,N/A
BANORTE,6270206.19,USD,OP-517764,"November 15, 2021",N/A,N/A
grupo carso,8941306.4,USD,OP-800491,24-Nov-2016,"January 10, 2024",2603
walmart de méxico,447503.85,MXN,OP-445899,"November 02, 2016",18/09/2022,2146
GRUPO LALA,9851437.49,MXN,OP-680419,2023-11-28,2024-10-29,336
cemex,1886110.7,MXN,OP-868276,21/01/2021,N/A,N/A
CEMEX,4641475.99,MXN,OP-906642,2017-05-18,20/03/2018,306
CEMEX,7335476.17,MXN,OP-664098,2025-06-30,N/A,N/A
femsa,7158886.11,EUR,OP-976072,22-Feb-2024,N/A,N/A
grupo méxico,1193478.38,USD,OP-478826,05-Jul-2023,"February 15, 2024",225
grupo lala,4849594.35,MXN,OP-914355,03-May-2018,21-Jun-2025,2606
SORIANA,346326.42,EUR,OP-672932,2016-02-12,N/A,N/A
GRUPO MÉXICO,6233183.8,USD,OP-179717,"June 25, 2022",N/A,N/A
walmart de méxico,3249305.96,EUR,OP-927237,2024-11-13,N/A,N/A
soriana,8210138.14,USD,OP-622995,19/09/2021,N/A,N/A
TELMEX,4966863.22,EUR,OP-264188,01/12/2016,13/12/2021,2162
FEMSA,4458989.56,MXN,OP-845471,"March 13, 2018",08-Mar-2019,360
GRUPO CARSO,1324691.35,EUR,OP-542122,19-Feb-2019,2019-03-10,19
grupo lala,4722392.96,EUR,OP-189067,2016-09-16,"March 14, 2025",3101
PEMEX,4283025.72,MXN,OP-432075,"April 30, 2017",2017-07-08,69
bbva méxico,9152048.55,MXN,OP-547862,2023-06-25,N/A,N/A
GRUPO MÉXICO,2973968.0,MXN,OP-841943,2025-08-06,N/A,N/A
GRUPO CARSO,2664606.91,EUR,OP-424414,24/04/2017,28-Jun-2022,1891
GRUPO LALA,6700753.16,EUR,OP-722623,23/10/2021,N/A,N/A
pemex,4705822.71,USD,OP-119655,2020-08-23,N/A,N/A
GRUPO CARSO,6075527.59,EUR,OP-966165,2025-06-16,N/A,N/A
BBVA MÉXICO,8298036.61,EUR,OP-431631,"March 10, 2020",2023-01-22,1048
pemex,9907161.34,MXN,OP-152922,"November 14, 2018",N/A,N/A
grupo carso,2659551.92,MXN,OP-901623,09/08/2021,N/A,N/A
grupo carso,379045.89,MXN,OP-115781,06/04/2023,N/A,N/A
alsea,171928.5,USD,OP-518915,"January 27, 2021",20/01/2024,1088
bbva méxico,5344661.71,USD,OP-757014,2022-11-16,N/A,N/A
pemex,3317882.31,MXN,OP-162288,09-Apr-2021,N/A,N/A
GRUPO BIMBO,6118266.29,MXN,OP-759718,"July 27, 2016","November 23, 2019",1214
ALSEA,1259221.26,EUR,OP-513808,2019-07-06,N/A,N/A
GRUPO CARSO,2521909.55,EUR,OP-191719,23-Aug-2020,"May 01, 2025",1712
banorte,1957911.27,MXN,OP-947880,11/05/2020,N/A,N/A
grupo méxico,4953557.52,EUR,OP-247416,2024-06-29,N/A,N/A
américa móvil,680382.55,USD,OP-337992,"August 08, 2017","July 23, 2025",2906
BBVA MÉXICO,6700119.3,USD,OP-176245,25-Dec-2020,N/A,N/A
BBVA MÉXICO,6587967.22,USD,OP-210305,24-Apr-2018,06/01/2019,403
telmex,6960235.23,USD,OP-120426,14-Jan-2020,19/01/2024,1466
BBVA MÉXICO,417438.03,EUR,OP-386413,06/02/2021,N/A,N/A
GRUPO MÉXICO,2316499.82,EUR,OP-963626,25/04/2025,N/A,N/A
grupo lala,2388025.48,MXN,OP-426867,15-Apr-2022,N/A,N/A
FEMSA,3065328.64,USD,OP-855767,"January 13, 2020",N/A,N/A
grupo lala,7678821.35,MXN,OP-831534,10/05/2021,N/A,N/A
telmex,1000592.86,EUR,OP-572997,"August 19, 2022",N/A,N/A
FEMSA,9734893.01,MXN,OP-968415,03-Dec-2024,N/A,N/A
alsea,7619568.03,MXN,OP-709875,11-Oct-2018,2022-04-22,1289
FEMSA,3742380.33,EUR,OP-581167,2018-05-14,N/A,N/A
grupo lala,4285683.79,MXN,OP-622659,"May 22, 2022",N/A,N/A
femsa,1846010.31,MXN,OP-564040,23-Apr-2023,N/A,N/A
cemex,6860702.69,USD,OP-748204,"August 16, 2021",N/A,N/A
pemex,2409055.32,USD,OP-554447,2020-04-18,N/A,N/A
américa móvil,6883147.43,MXN,OP-568398,"April 29, 2024",N/A,N/A
BANORTE,9907012.41,USD,OP-378945,02-Oct-2022,N/A,N/A
soriana,9639749.18,USD,OP-841033,2016-04-21,2020-09-28,1621
ALSEA,3686238.06,USD,OP-552555,20-Feb-2019,N/A,N/A
ALSEA,3525644.46,MXN,OP-544065,"January 16, 2019",N/A,N/A
SORIANA,6327091.37,EUR,OP-621338,05-Feb-2019,N/A,N/A
GRUPO CARSO,4682584.49,MXN,OP-608063,18/03/2023,N/A,N/A
BBVA MÉXICO,2989561.7,EUR,OP-839792,2021-03-07,N/A,N/A
pemex,7685132.25,USD,OP-429298,14-May-2022,N/A,N/A
telmex,1723780.74,EUR,OP-180795,"March 26, 2020",N/A,N/A
GRUPO MÉXICO,952362.98,EUR,OP-760589,15/06/2017,2020-07-19,1130
GRUPO MÉXICO,5740807.56,MXN,OP-803731,"September 20, 2015",13-Feb-2021,1973
PEMEX,629888.01,USD,OP-970034,2025-02-06,N/A,N/A
GRUPO CARSO,9077761.27,MXN,OP-253788,16-Aug-2021,N/A,N/A
grupo carso,9946366.92,EUR,OP-191619,31-Dec-2024,N/A,N/A
AMÉRICA MÓVIL,8999621.9,MXN,OP-156697,2020-07-10,24/01/2021,198
GRUPO LALA,9380676.69,MXN,OP-975091,08-Sep-2020,N/A,N/A
PEMEX,4263275.49,EUR,OP-325315,16-Jan-2024,"March 31, 2024",75
GRUPO LALA,5291559.96,USD,OP-939622,"November 24, 2024",N/A,N/A
WALMART DE MÉXICO,4821011.6,MXN,OP-920395,2018-01-10,23/04/2019,468
WALMART DE MÉXICO,5771744.86,EUR,OP-824193,14/02/2019,"November 09, 2022",1364
soriana,3650033.96,MXN,OP-839324,05-Oct-2020,N/A,N/A
GRUPO MÉXICO,322039.28,USD,OP-353925,"October 15, 2016",N/A,N/A
GRUPO BIMBO,7148505.87,MXN,OP-757385,22-May-2021,N/A,N/A
banorte,448573.17,MXN,OP-443857,2017-04-30,2022-11-13,2023
liverpool,9248998.47,MXN,OP-131807,"December 02, 2020",2022-01-15,409
GRUPO BIMBO,4391028.29,MXN,OP-799286,2021-10-08,N/A,N/A
GRUPO LALA,690868.52,MXN,OP-756269,2019-02-09,N/A,N/A
grupo carso,397612.11,EUR,OP-181648,11-Apr-2018,2023-08-10,1947
BANORTE,9223232.91,EUR,OP-593506,22-Jan-2020,11/06/2024,1750
grupo bimbo,4157813.31,MXN,OP-868195,03-Feb-2019,27-Nov-2021,1028
PEMEX,2788637.15,MXN,OP-481871,"September 02, 2023",N/A,N/A
banorte,5548297.34,EUR,OP-900437,14/03/2019,2019-09-23,193
BBVA MÉXICO,4883599.2,MXN,OP-558704,2024-02-28,N/A,N/A
AMÉRICA MÓVIL,3342014.06,USD,OP-178997,2022-07-17,N/A,N/A
BANORTE,7857525.99,MXN,OP-284936,22/01/2018,N/A,N/A
FEMSA,9612300.03,MXN,OP-255323,15/04/2019,"March 03, 2021",688
cemex,4246052.34,USD,OP-430384,"July 26, 2019",N/A,N/A
banorte,418222.55,USD,OP-272476,"March 21, 2023",20-Jul-2023,121
alsea,9253054.46,MXN,OP-123314,"April 08, 2024",N/A,N/A
cemex,7242591.17,USD,OP-544723,07-Oct-2017,N/A,N/A
femsa,802522.85,EUR,OP-283915,2016-09-03,"January 14, 2022",1959
LIVERPOOL,5990162.65,MXN,OP-669101,19-Oct-2022,04/09/2023,172
GRUPO CARSO,2151996.43,MXN,OP-354995,2021-03-02,19-Mar-2024,1113
grupo bimbo,5993573.46,USD,OP-106403,2020-05-14,N/A,N/A
GRUPO LALA,2898179.55,EUR,OP-697564,01-Dec-2018,2019-05-23,173
alsea,5954838.68,USD,OP-708395,02-Mar-2024,N/A,N/A
alsea,113577.13,MXN,OP-722692,"December 30, 2016",N/A,N/A
américa móvil,4527363.07,MXN,OP-446320,30-Jun-2022,N/A,N/A
GRUPO BIMBO,4867075.83,MXN,OP-353608,14/08/2018,22/09/2024,2231
soriana,1057109.0,MXN,OP-707606,"January 23, 2024",N/A,N/A
pemex,3822491.53,USD,OP-755170,09/12/2021,N/A,N/A
FEMSA,7609379.78,MXN,OP-759971,"May 02, 2025",N/A,N/A
telmex,8646951.25,EUR,OP-244850,08/01/2021,N/A,N/A
grupo carso,8431141.36,USD,OP-316425,12-Nov-2018,24/07/2021,985
pemex,5794572.99,USD,OP-584769,27-Nov-2023,N/A,N/A
banorte,7037103.29,EUR,OP-488318,28-Oct-2021,N/A,N/A
liverpool,3690370.13,EUR,OP-193885,21-Nov-2023,N/A,N/A
soriana,6751866.49,EUR,OP-879635,03/02/2020,N/A,N/A
pemex,3881316.61,MXN,OP-825668,"February 26, 2020",N/A,N/A
BANORTE,3053794.76,EUR,OP-872457,"August 10, 2025",N/A,N/A
PEMEX,5688903.02,USD,OP-368207,"March 25, 2025",N/A,N/A
CEMEX,5106676.83,USD,OP-666304,2020-08-30,N/A,N/A
banorte,7548895.43,MXN,OP-910370,23-Oct-2021,N/A,N/A
walmart de méxico,5337685.62,USD,OP-964959,11-Jul-2022,N/A,N/A
TELMEX,2489610.25,USD,OP-476925,"April 07, 2024",N/A,N/A
telmex,3203644.16,USD,OP-248105,14-Mar-2019,"April 14, 2021",762
liverpool,9186080.72,EUR,OP-243621,30/07/2022,N/A,N/A
telmex,7073296.19,MXN,OP-589805,2018-11-02,N/A,N/A
bbva méxico,4095899.85,EUR,OP-721684,2024-03-13,N/A,N/A
soriana,9651749.88,USD,OP-246766,"October 09, 2020",N/A,N/A
TELMEX,6150072.08,EUR,OP-381114,2024-08-08,N/A,N/A
américa móvil,6175599.18,EUR,OP-585747,16-Jul-2022,N/A,N/A
GRUPO MÉXICO,1854933.72,EUR,OP-546356,"December 19, 2016",18-Jun-2024,2738
liverpool,4655379.64,EUR,OP-758447,08/12/2016,2019-04-23,984
GRUPO BIMBO,8320038.13,USD,OP-325780,01-Oct-2019,N/A,N/A
cemex,1899374.18,USD,OP-777116,"July 20, 2024",N/A,N/A
FEMSA,8791515.66,USD,OP-171629,03/12/2019,27/09/2021,930
grupo bimbo,4990735.57,MXN,OP-716833,14/11/2015,04/01/2024,3061
telmex,9255670.29,EUR,OP-940613,05/04/2018,N/A,N/A
FEMSA,7806137.01,USD,OP-295350,2021-04-26,N/A,N/A
GRUPO MÉXICO,6499373.11,USD,OP-136716,11/07/2019,N/A,N/A
banorte,3530875.15,EUR,OP-188708,21/04/2019,24/05/2022,1129
grupo carso,9948078.34,USD,OP-801160,13-Feb-2021,N/A,N/A
ALSEA,6412718.55,MXN,OP-356801,06-Jun-2016,27-Jul-2021,1877
pemex,429543.44,EUR,OP-678268,2024-10-03,N/A,N/A
cemex,3141336.75,EUR,OP-709244,"March 31, 2019",N/A,N/A
CEMEX,9907572.92,EUR,OP-775646,2021-08-22,01-Jun-2025,1379
grupo lala,224510.87,USD,OP-204368,19/02/2021,N/A,N/A
CEMEX,6570365.68,MXN,OP-719748,"September 20, 2021",N/A,N/A
grupo lala,9700350.03,MXN,OP-954465,"July 25, 2016","May 05, 2022",2110
femsa,1571078.82,USD,OP-966953,"February 07, 2021",N/A,N/A
ALSEA,3813925.75,EUR,OP-396977,12-Sep-2015,N/A,N/A
telmex,6759009.68,USD,OP-658261,"November 11, 2024",N/A,N/A
GRUPO MÉXICO,9411138.14,MXN,OP-548287,"May 23, 2022",N/A,N/A
grupo bimbo,3094628.23,EUR,OP-129983,08-Jun-2025,N/A,N/A
GRUPO BIMBO,7139229.03,MXN,OP-959163,23-Mar-2025,N/A,N/A
bbva méxico,7387685.94,EUR,OP-624329,23/01/2018,"March 17, 2018",53
LIVERPOOL,236779.79,MXN,OP-975189,"January 19, 2020",N/A,N/A
bbva méxico,4602319.32,EUR,OP-272983,02-May-2016,06-Mar-2017,308
AMÉRICA MÓVIL,7981730.56,EUR,OP-521252,2025-06-01,N/A,N/A
ALSEA,7543388.39,USD,OP-638223,2020-11-14,N/A,N/A
SORIANA,3164641.41,EUR,OP-883586,08-Nov-2017,29-Apr-2024,2364
grupo méxico,8048912.52,EUR,OP-638380,"November 02, 2015","October 28, 2022",2552
femsa,4058884.75,USD,OP-471093,2021-08-11,N/A,N/A
FEMSA,9737625.75,MXN,OP-529721,23/06/2016,2022-06-05,2173
CEMEX,9021044.97,EUR,OP-393808,2025-03-08,N/A,N/A
ALSEA,8281838.03,EUR,OP-837577,"March 09, 2019",24/02/2024,1813
grupo carso,2973875.97,MXN,OP-303997,2019-12-16,N/A,N/A
CEMEX,1796635.53,MXN,OP-403253,2021-09-19,N/A,N/A
bbva méxico,363922.28,MXN,OP-319473,"April 18, 2025",N/A,N/A
ALSEA,8981289.27,MXN,OP-684121,30/03/2018,N/A,N/A
TELMEX,176102.5,MXN,OP-581078,06/05/2022,N/A,N/A
TELMEX,7797348.96,USD,OP-342846,2016-03-12,02/09/2024,2890
LIVERPOOL,6425682.58,MXN,OP-362572,2018-11-30,N/A,N/A
grupo lala,7108969.76,MXN,OP-324119,2016-06-17,N/A,N/A
soriana,6073656.89,USD,OP-988336,07/11/2018,10-May-2022,1399
BANORTE,2433248.46,MXN,OP-348344,"June 09, 2020","April 21, 2023",1046
soriana,7957876.2,MXN,OP-197731,"September 07, 2015",10-Sep-2015,3
FEMSA,4555653.51,EUR,OP-640981,2022-01-25,2024-07-23,910
américa móvil,2842774.72,MXN,OP-186082,15-Sep-2024,N/A,N/A
cemex,911770.08,EUR,OP-252121,19-Mar-2018,"February 24, 2019",342
cemex,2528672.21,USD,OP-149545,13-Jan-2023,N/A,N/A
banorte,2522276.11,MXN,OP-111449,07/12/2020,2020-10-02,82
BANORTE,4228589.92,MXN,OP-655366,08/04/2024,N/A,N/A
LIVERPOOL,6813761.27,MXN,OP-512654,03-Mar-2017,N/A,N/A
soriana,5374383.96,USD,OP-798656,2016-05-25,"March 19, 2024",2855
GRUPO LALA,2743387.86,EUR,OP-975965,2019-10-31,2024-03-06,1588
BBVA MÉXICO,5776262.02,MXN,OP-443885,2019-10-05,N/A,N/A
grupo bimbo,334401.06,MXN,OP-519309,02-Mar-2017,17/11/2017,260
GRUPO LALA,1267011.46,MXN,OP-921437,"May 06, 2016",N/A,N/A
GRUPO CARSO,9417302.16,USD,OP-558175,"March 02, 2023",30/07/2023,150
GRUPO BIMBO,9041805.1,EUR,OP-160813,"August 14, 2017",05/07/2018,266
FEMSA,7384663.22,EUR,OP-858127,2017-11-20,18-Jul-2022,1701
GRUPO CARSO,7514464.67,MXN,OP-933389,22-Mar-2020,N/A,N/A
CEMEX,7582981.34,MXN,OP-209709,2025-01-18,N/A,N/A
liverpool,3757165.41,EUR,OP-998985,"July 23, 2021",N/A,N/A
walmart de méxico,7425871.14,MXN,OP-586832,10/10/2020,20/07/2023,1013
GRUPO LALA,5153184.4,EUR,OP-143391,25-May-2018,N/A,N/A
grupo bimbo,5922091.51,USD,OP-345621,02-Jul-2024,N/A,N/A
grupo méxico,2313272.0,USD,OP-535370,"October 01, 2024",N/A,N/A
BBVA MÉXICO,3321391.45,EUR,OP-823405,29/12/2023,N/A,N/A
alsea,4371211.51,MXN,OP-539445,08-Nov-2015,N/A,N/A
telmex,2179508.31,USD,OP-748329,11/11/2022,N/A,N/A
liverpool,680150.5,MXN,OP-489205,17-Nov-2015,14-Sep-2020,1763
ALSEA,6443808.05,USD,OP-960824,2019-09-08,"December 28, 2020",477
FEMSA,6333018.53,MXN,OP-505488,08-Sep-2016,N/A,N/A
grupo carso,1425236.85,MXN,OP-400206,27/06/2021,N/A,N/A
GRUPO BIMBO,2281696.42,USD,OP-953687,2024-08-25,N/A,N/A
GRUPO CARSO,5478479.33,MXN,OP-508758,23/10/2022,N/A,N/A
bbva méxico,1473622.14,USD,OP-161339,02-Aug-2022,18/09/2022,47
BBVA MÉXICO,4769042.45,EUR,OP-807238,2023-02-03,28-Mar-2025,784
BANORTE,7732197.2,MXN,OP-994364,2025-07-20,N/A,N/A
GRUPO MÉXICO,1769109.3,MXN,OP-680283,12-Sep-2020,N/A,N/A
AMÉRICA MÓVIL,4935333.78,EUR,OP-575226,2021-06-09,N/A,N/A
BANORTE,3854904.03,EUR,OP-969030,"April 29, 2022",N/A,N/A
walmart de méxico,1521000.69,MXN,OP-102538,18-Jul-2020,02/04/2025,1662
grupo lala,8581894.77,USD,OP-123678,2017-12-19,16/01/2022,1489
LIVERPOOL,6277041.4,MXN,OP-879524,2019-11-03,2021-07-12,617
GRUPO MÉXICO,6910193.5,USD,OP-115785,"May 10, 2024",N/A,N/A
PEMEX,1267041.07,MXN,OP-339945,11/11/2015,N/A,N/A
GRUPO CARSO,2399783.31,MXN,OP-674368,2024-11-17,N/A,N/A
FEMSA,1452545.04,USD,OP-526951,"September 15, 2022",N/A,N/A
FEMSA,8220283.6,MXN,OP-348826,2022-02-01,N/A,N/A
GRUPO LALA,493381.02,USD,OP-731790,"July 26, 2025",N/A,N/A
LIVERPOOL,9817552.05,EUR,OP-649291,24/02/2023,N/A,N/A
TELMEX,5334215.17,MXN,OP-861764,2025-07-22,N/A,N/A
pemex,4261981.8,EUR,OP-106041,09-Jul-2023,N/A,N/A
SORIANA,7054419.32,USD,OP-456449,22-Jan-2025,N/A,N/A
PEMEX,4015049.84,MXN,OP-626721,"January 20, 2018",N/A,N/A
FEMSA,6150515.4,USD,OP-238654,25/06/2020,"November 14, 2021",507
TELMEX,5800276.29,EUR,OP-560772,29-Mar-2020,N/A,N/A
banorte,2123543.02,EUR,OP-845845,2025-03-10,N/A,N/A
telmex,433413.11,MXN,OP-664025,01/07/2021,29-Mar-2025,1542
grupo bimbo,9467619.79,USD,OP-364889,"July 21, 2022",N/A,N/A
GRUPO CARSO,6190247.21,USD,OP-893339,21-Jun-2019,29/07/2022,1134
grupo méxico,803389.5,MXN,OP-627906,06/07/2023,N/A,N/A
femsa,6137479.82,USD,OP-347356,15/08/2025,N/A,N/A
GRUPO CARSO,8569797.44,EUR,OP-249650,2018-02-02,"May 03, 2021",1186
BANORTE,7778743.15,USD,OP-965629,2022-04-26,N/A,N/A
AMÉRICA MÓVIL,849457.59,EUR,OP-379390,2021-02-19,"September 03, 2021",196
grupo lala,4424231.21,EUR,OP-899156,30/12/2020,N/A,N/A
pemex,837453.76,USD,OP-130205,22-Mar-2018,"February 24, 2020",704
walmart de méxico,2831262.15,EUR,OP-395796,12/03/2016,2024-01-14,2598
AMÉRICA MÓVIL,8425721.0,EUR,OP-668502,2019-11-15,N/A,N/A
bbva méxico,3836857.74,USD,OP-525815,01-Dec-2017,"February 17, 2019",443
grupo bimbo,4725576.41,USD,OP-483675,"February 16, 2021",N/A,N/A
BANORTE,8804456.71,EUR,OP-237603,2019-05-12,N/A,N/A
BBVA MÉXICO,7026292.81,USD,OP-389087,"August 20, 2025",N/A,N/A
GRUPO MÉXICO,5587596.64,EUR,OP-746878,12-Mar-2025,N/A,N/A
grupo bimbo,2243942.61,MXN,OP-899129,2024-02-18,N/A,N/A
alsea,9252050.73,EUR,OP-407951,30-Jun-2016,04/05/2023,2470
SORIANA,8319541.67,MXN,OP-531586,2024-12-14,N/A,N/A
LIVERPOOL,6342000.17,USD,OP-977836,22-Mar-2020,"April 28, 2023",1132
grupo lala,2750539.4,MXN,OP-803824,01/12/2021,N/A,N/A
grupo carso,585353.27,EUR,OP-134866,13/11/2015,"April 08, 2017",512
grupo lala,6892678.67,MXN,OP-406580,"August 12, 2020",N/A,N/A
BBVA MÉXICO,9956045.94,MXN,OP-162104,"December 22, 2019",N/A,N/A
TELMEX,8322560.03,USD,OP-795417,2021-06-07,2025-04-09,1402
walmart de méxico,4232291.11,MXN,OP-107698,2019-09-05,N/A,N/A
GRUPO MÉXICO,3785019.06,USD,OP-631563,"January 20, 2020",N/A,N/A
telmex,7510262.6,EUR,OP-795138,19/08/2024,N/A,N/A
BANORTE,996758.83,MXN,OP-892824,21-May-2016,25/07/2018,795
walmart de méxico,2137463.85,USD,OP-135777,2022-02-14,N/A,N/A
soriana,9381986.97,EUR,OP-167518,"June 25, 2023",2023-11-25,153
telmex,2991045.65,MXN,OP-471934,"November 16, 2023",N/A,N/A
bbva méxico,2664622.82,USD,OP-359838,2017-05-21,N/A,N/A
BANORTE,5984430.72,MXN,OP-143844,16/01/2017,N/A,N/A
BANORTE,7776799.32,EUR,OP-383871,2024-11-18,07-Dec-2024,19
liverpool,6045903.2,USD,OP-161484,01-Jun-2016,"June 17, 2019",1111
pemex,1376303.56,EUR,OP-421195,2025-07-05,N/A,N/A
cemex,5705239.83,MXN,OP-237734,18-Jun-2021,"April 01, 2024",1018
SORIANA,5092687.12,USD,OP-576608,"August 06, 2024",N/A,N/A
américa móvil,4975380.71,MXN,OP-242256,2016-04-03,22/03/2024,2910
FEMSA,9990241.91,USD,OP-705679,2022-06-16,N/A,N/A
grupo méxico,1516106.06,MXN,OP-119713,12/07/2016,2019-05-21,895
pemex,964687.38,MXN,OP-250609,"March 30, 2019",22/07/2024,1941
bbva méxico,2518690.75,MXN,OP-929946,17/08/2025,N/A,N/A
GRUPO MÉXICO,2534192.79,USD,OP-398472,09-Apr-2019,19/09/2023,1624
grupo méxico,6717986.63,MXN,OP-214739,2023-01-19,N/A,N/A
grupo carso,794896.82,MXN,OP-911915,2022-12-23,N/A,N/A
AMÉRICA MÓVIL,974016.55,USD,OP-937446,08-May-2016,N/A,N/A
bbva méxico,5882373.3,EUR,OP-148739,02/03/2022,N/A,N/A
liverpool,8057899.99,USD,OP-712348,2019-12-24,12/06/2021,713
walmart de méxico,7185030.77,USD,OP-940603,"June 12, 2021",N/A,N/A
FEMSA,5585349.5,EUR,OP-962589,18/07/2022,N/A,N/A
alsea,5425078.28,MXN,OP-691481,06-Apr-2025,N/A,N/A
bbva méxico,5044078.93,USD,OP-825916,20/01/2019,2023-06-24,1616
BANORTE,9600771.63,USD,OP-135986,07/07/2023,N/A,N/A
GRUPO MÉXICO,715723.06,USD,OP-816488,15-Feb-2019,N/A,N/A
femsa,903044.7,EUR,OP-603213,"August 15, 2020",2024-10-09,1516
FEMSA,9069650.2,MXN,OP-157424,"April 17, 2017",N/A,N/A
pemex,2099399.49,MXN,OP-898195,31-Jul-2019,N/A,N/A
PEMEX,1867365.48,EUR,OP-522774,"June 23, 2016","July 23, 2025",3317
banorte,4226567.0,MXN,OP-458574,22-Jun-2019,2021-06-21,730
grupo lala,7539191.11,MXN,OP-405193,03-Dec-2022,N/A,N/A
GRUPO LALA,705999.75,EUR,OP-561976,12-Apr-2021,N/A,N/A
alsea,3105081.54,MXN,OP-621166,2022-08-25,N/A,N/A
américa móvil,7691931.18,USD,OP-980291,19-Oct-2024,N/A,N/A
ALSEA,6520483.24,USD,OP-365654,25/02/2019,N/A,N/A
BANORTE,6248814.26,MXN,OP-816103,17/02/2019,N/A,N/A
liverpool,418066.12,USD,OP-892612,20/09/2017,03/04/2025,2722
grupo carso,7053087.44,USD,OP-321203,"January 30, 2024",N/A,N/A
GRUPO MÉXICO,306722.01,USD,OP-659266,27/10/2022,N/A,N/A
LIVERPOOL,9300270.29,EUR,OP-969236,2016-10-15,02-Aug-2023,2482
américa móvil,7576591.8,EUR,OP-793091,05-Nov-2018,N/A,N/A
SORIANA,7163939.39,USD,OP-157116,"May 01, 2017",24/06/2019,784
pemex,4929564.28,EUR,OP-867063,12-Jan-2018,2025-07-06,2732
TELMEX,9670495.46,EUR,OP-988702,17/02/2022,N/A,N/A
GRUPO LALA,9909741.52,USD,OP-644253,"February 13, 2019",2022-04-24,1166
walmart de méxico,3939087.51,USD,OP-774701,25/01/2018,08/11/2018,198
grupo lala,8354196.52,MXN,OP-470588,2017-09-23,N/A,N/A
grupo bimbo,5432577.79,EUR,OP-716944,29/11/2020,N/A,N/A
ALSEA,8450817.29,MXN,OP-473040,02/08/2023,N/A,N/A
bbva méxico,3669542.2,USD,OP-827854,06/09/2023,N/A,N/A
GRUPO LALA,220897.12,USD,OP-394635,05-Feb-2025,N/A,N/A
PEMEX,3657792.99,EUR,OP-594033,21-Apr-2023,N/A,N/A
LIVERPOOL,8243075.23,MXN,OP-273767,27/09/2019,N/A,N/A
alsea,3268916.86,MXN,OP-763581,15-Jul-2017,2018-03-18,246
américa móvil,4388382.76,USD,OP-170235,28-Aug-2020,N/A,N/A
GRUPO LALA,5692155.19,EUR,OP-315212,2021-04-13,N/A,N/A
pemex,1107265.1,MXN,OP-552515,"September 23, 2020",N/A,N/A
femsa,7090955.73,EUR,OP-817297,2019-09-06,27-Jul-2023,1420
bbva méxico,7167941.93,EUR,OP-392516,2020-12-28,N/A,N/A
bbva méxico,3022944.22,EUR,OP-316453,2024-05-26,N/A,N/A
liverpool,2991327.3,MXN,OP-196139,"August 18, 2023",N/A,N/A
AMÉRICA MÓVIL,5570052.59,EUR,OP-736029,21/03/2019,N/A,N/A
PEMEX,1476017.08,EUR,OP-467833,2022-06-08,N/A,N/A
bbva méxico,4625480.28,USD,OP-917656,01-Feb-2019,N/A,N/A
femsa,6562547.59,EUR,OP-419604,01/06/2025,N/A,N/A
grupo carso,8465661.06,USD,OP-611564,28-Sep-2019,"July 08, 2023",1379
SORIANA,1516086.39,USD,OP-356993,"September 19, 2017",N/A,N/A
CEMEX,3904314.0,USD,OP-254731,01/08/2022,N/A,N/A
banorte,5725124.14,EUR,OP-989331,2025-03-12,N/A,N/A
BBVA MÉXICO,7598345.07,USD,OP-419985,05-Oct-2015,2018-01-08,826
américa móvil,4079279.63,EUR,OP-956486,07/11/2015,18/03/2023,2807
GRUPO LALA,604967.63,EUR,OP-325616,2024-04-17,N/A,N/A
banorte,6639175.52,EUR,OP-409450,15/05/2017,2018-11-05,539
soriana,9741518.61,MXN,OP-103617,12/01/2023,N/A,N/A
soriana,5120597.78,EUR,OP-377738,"December 24, 2015",N/A,N/A
américa móvil,8775110.77,MXN,OP-538297,2022-06-13,N/A,N/A
ALSEA,9398492.25,MXN,OP-274404,"June 28, 2019",13/12/2024,1995
bbva méxico,2783887.19,EUR,OP-184874,2019-12-25,N/A,N/A
LIVERPOOL,6095389.55,EUR,OP-992470,07-Nov-2019,N/A,N/A
TELMEX,4730663.95,EUR,OP-768575,02/11/2022,02-Jan-2024,690
CEMEX,7159288.62,USD,OP-969932,19-Nov-2018,04-Jun-2024,2024
BBVA MÉXICO,4904557.38,MXN,OP-775958,16/08/2017,21/11/2023,2288
grupo bimbo,3883402.16,EUR,OP-924527,14/01/2018,2020-07-10,908
bbva méxico,4915426.15,USD,OP-772896,26-Aug-2021,N/A,N/A
AMÉRICA MÓVIL,6266753.13,USD,OP-116556,24/05/2019,N/A,N/A
banorte,9024789.11,EUR,OP-297986,07/03/2020,N/A,N/A
GRUPO MÉXICO,959806.53,EUR,OP-472593,2019-02-05,25/12/2022,1419
ALSEA,7975281.61,MXN,OP-871453,26-Oct-2018,31-Dec-2022,1527
walmart de méxico,8787580.47,MXN,OP-413107,"June 26, 2023",N/A,N/A
GRUPO CARSO,5179358.31,EUR,OP-404313,2020-09-13,N/A,N/A
alsea,4156421.8,USD,OP-768797,"July 22, 2020",N/A,N/A
grupo bimbo,9278288.54,MXN,OP-383411,07/01/2023,N/A,N/A
BBVA MÉXICO,6174511.79,EUR,OP-850780,27-Mar-2022,N/A,N/A
banorte,2476767.63,MXN,OP-515549,28-Jan-2023,N/A,N/A
GRUPO MÉXICO,8604195.44,EUR,OP-121573,13-Jun-2019,N/A,N/A
grupo carso,6524099.99,USD,OP-344532,2019-05-16,N/A,N/A
walmart de méxico,5154326.62,MXN,OP-523064,11/07/2025,N/A,N/A
soriana,2080082.93,MXN,OP-847594,"May 27, 2020",07/04/2025,1864
alsea,8897176.64,MXN,OP-897237,25-Oct-2021,"May 25, 2022",212
américa móvil,8261714.57,USD,OP-854343,03-Aug-2023,N/A,N/A
BBVA MÉXICO,4394587.52,USD,OP-194263,12/12/2024,N/A,N/A
GRUPO MÉXICO,6620784.57,USD,OP-527104,30-Sep-2024,N/A,N/A
AMÉRICA MÓVIL,4285324.66,MXN,OP-495060,04/02/2021,N/A,N/A
cemex,3410772.02,USD,OP-760589,"January 07, 2017","March 13, 2020",1161
PEMEX,7856216.79,MXN,OP-999201,2021-10-20,N/A,N/A
bbva méxico,8379066.4,EUR,OP-756543,23/06/2023,N/A,N/A
grupo carso,4366710.06,MXN,OP-611038,2022-07-22,N/A,N/A
bbva méxico,7960012.41,MXN,OP-814458,11/07/2017,11/10/2017,3
LIVERPOOL,5318448.28,EUR,OP-496488,17-Aug-2023,21-Nov-2023,96
bbva méxico,2007010.19,MXN,OP-979380,23-Dec-2021,N/A,N/A
pemex,4045906.72,EUR,OP-160559,04-Jan-2018,2023-12-29,2185
pemex,1684047.69,EUR,OP-894813,19/11/2020,N/A,N/A
GRUPO MÉXICO,1631676.07,USD,OP-694380,24/06/2025,N/A,N/A
grupo carso,4173958.08,MXN,OP-206572,26-Oct-2022,N/A,N/A
grupo lala,6949337.59,USD,OP-940286,08-Oct-2019,25/11/2023,1509
telmex,5870829.14,USD,OP-790731,25-Sep-2024,N/A,N/A
ALSEA,4160892.22,MXN,OP-749858,2019-10-15,2023-10-19,1465
cemex,9228008.7,USD,OP-278052,29/09/2023,N/A,N/A
AMÉRICA MÓVIL,651386.48,MXN,OP-222859,29/09/2017,25/04/2023,2034
LIVERPOOL,532926.34,USD,OP-547924,06/07/2021,N/A,N/A
telmex,5958147.53,MXN,OP-720601,"June 16, 2017",N/A,N/A
pemex,8969369.79,USD,OP-614200,"December 24, 2021",N/A,N/A
PEMEX,9403176.03,USD,OP-776416,2024-09-07,N/A,N/A
liverpool,7209137.09,EUR,OP-739659,2016-07-31,2016-10-31,92
GRUPO BIMBO,7259587.53,EUR,OP-536382,28/05/2022,2022-06-22,25
banorte,5395602.0,EUR,OP-902410,16-Feb-2025,N/A,N/A
walmart de méxico,3263357.23,EUR,OP-420248,2022-12-16,N/A,N/A
grupo carso,8849211.72,USD,OP-148174,06/08/2020,19-Aug-2021,437
GRUPO CARSO,1868396.15,EUR,OP-303015,2020-07-03,07/03/2020,0
BANORTE,8802454.45,EUR,OP-589489,15-Aug-2024,2025-02-15,184
banorte,7985403.63,EUR,OP-950833,"November 12, 2018",2024-10-04,2153
grupo carso,9887158.68,USD,OP-378189,06-Jan-2020,N/A,N/A
pemex,2119630.12,EUR,OP-709085,2017-09-22,N/A,N/A
SORIANA,2623628.16,MXN,OP-974376,13/02/2022,N/A,N/A
grupo carso,3566743.62,MXN,OP-214987,01-Dec-2023,N/A,N/A
soriana,5715101.25,USD,OP-662870,"October 08, 2017",2018-06-05,240
AMÉRICA MÓVIL,247517.99,USD,OP-420331,"October 26, 2018",N/A,N/A
soriana,3998440.08,MXN,OP-639109,"January 01, 2020",N/A,N/A
GRUPO LALA,5673226.13,MXN,OP-643703,10/10/2021,N/A,N/A
CEMEX,6581043.61,EUR,OP-376180,"January 12, 2018",N/A,N/A
LIVERPOOL,1440035.28,MXN,OP-250477,01-Dec-2018,"October 05, 2024",2135
WALMART DE MÉXICO,1333489.75,USD,OP-498131,2016-02-14,2019-10-25,1349
CEMEX,4638541.17,EUR,OP-535232,2019-10-13,N/A,N/A
telmex,1850663.16,USD,OP-821367,06/03/2025,N/A,N/A
WALMART DE MÉXICO,4075687.08,USD,OP-569677,"September 21, 2016",12/11/2023,2637
AMÉRICA MÓVIL,4351485.89,USD,OP-112021,"October 27, 2019","October 23, 2023",1457
GRUPO LALA,7016546.99,MXN,OP-299823,"April 01, 2021",N/A,N/A
LIVERPOOL,5783851.95,USD,OP-539323,2018-11-10,11-Jun-2025,2405
BANORTE,2707582.51,USD,OP-539857,2025-04-09,N/A,N/A
LIVERPOOL,7254721.38,EUR,OP-805008,04/06/2020,03/07/2024,1431
grupo carso,3648361.22,USD,OP-218174,11/08/2019,02-Sep-2023,1394
grupo bimbo,7675553.58,MXN,OP-648497,2018-06-07,N/A,N/A
GRUPO LALA,5951488.0,MXN,OP-449137,2016-03-03,N/A,N/A
liverpool,1766715.12,USD,OP-284926,2022-06-26,N/A,N/A
BANORTE,1369283.24,MXN,OP-736545,14/01/2023,N/A,N/A
CEMEX,8945712.34,MXN,OP-980511,22/06/2016,N/A,N/A
ALSEA,8576162.67,EUR,OP-701923,2021-10-07,N/A,N/A
bbva méxico,7608602.45,USD,OP-795317,28-Feb-2016,11/12/2021,2084
ALSEA,6783289.12,MXN,OP-124577,27/12/2021,N/A,N/A
grupo carso,8687568.77,EUR,OP-999258,24/05/2020,N/A,N/A
grupo bimbo,5198743.52,EUR,OP-224498,2018-09-13,N/A,N/A
GRUPO LALA,6337643.51,EUR,OP-685880,2022-03-09,25/03/2022,16
GRUPO MÉXICO,8528018.82,MXN,OP-268454,"July 17, 2025",N/A,N/A
BBVA MÉXICO,2157245.57,EUR,OP-345272,"January 02, 2021","March 01, 2025",1519
ALSEA,3339407.73,USD,OP-534752,08/12/2015,2024-01-11,3074
cemex,4222752.11,USD,OP-402343,"July 06, 2022",14-Aug-2023,404
grupo carso,2603333.56,EUR,OP-273019,"September 10, 2015","May 10, 2024",3165
alsea,4212368.16,USD,OP-193574,2020-05-21,N/A,N/A
femsa,9276350.12,USD,OP-468853,2020-10-23,N/A,N/A
pemex,1852474.17,EUR,OP-346757,04/04/2023,19-May-2025,776
WALMART DE MÉXICO,9952537.72,USD,OP-764925,10/02/2024,N/A,N/A
banorte,5373282.17,USD,OP-299144,11/05/2016,2018-01-06,427
telmex,2619226.98,MXN,OP-510584,"October 27, 2017",30/04/2023,2011
alsea,7898850.13,EUR,OP-860794,03-Jun-2017,04/02/2024,2495
banorte,2984086.14,USD,OP-747890,28/02/2025,N/A,N/A
ALSEA,8334244.77,MXN,OP-749011,05/06/2020,N/A,N/A
liverpool,3228803.53,MXN,OP-113861,30/01/2022,"April 30, 2024",821
pemex,8003966.32,EUR,OP-595481,2018-05-23,2019-10-21,516
SORIANA,3278231.72,USD,OP-970050,2018-08-14,N/A,N/A
pemex,1510917.38,EUR,OP-601702,07-Feb-2025,N/A,N/A
BANORTE,1710198.72,EUR,OP-547763,07/03/2023,2023-07-27,24
GRUPO CARSO,2925105.23,EUR,OP-707145,09-Dec-2021,N/A,N/A
ALSEA,2693472.5,MXN,OP-363442,24-Jan-2017,N/A,N/A
ALSEA,8841553.58,EUR,OP-394666,2017-03-10,N/A,N/A
soriana,8836026.8,MXN,OP-624533,"June 14, 2024",N/A,N/A
walmart de méxico,3061484.56,MXN,OP-657971,19/11/2022,N/A,N/A
alsea,6662375.77,EUR,OP-875762,28/11/2022,N/A,N/A
américa móvil,7833855.87,MXN,OP-337426,24/01/2022,07-Aug-2023,560
américa móvil,3177917.04,USD,OP-639249,17-Jul-2018,2020-02-02,565
CEMEX,6918902.94,MXN,OP-422758,"April 12, 2019",26-May-2024,1871
ALSEA,7610169.08,MXN,OP-756035,22/04/2018,2020-02-20,669
bbva méxico,9164182.5,EUR,OP-587046,2018-02-11,10-Dec-2021,1398
liverpool,2454084.83,MXN,OP-385556,22/06/2019,2024-03-20,1733
LIVERPOOL,967014.91,MXN,OP-623191,"April 01, 2019",N/A,N/A
LIVERPOOL,6535734.05,EUR,OP-639693,"September 17, 2019",18/05/2024,1705
GRUPO BIMBO,2757164.06,MXN,OP-606859,22-Dec-2015,"October 01, 2016",284
bbva méxico,6157639.38,MXN,OP-120633,"November 13, 2017",N/A,N/A
américa móvil,6680812.06,USD,OP-896046,"April 07, 2022",N/A,N/A
bbva méxico,5479229.94,MXN,OP-456136,16-May-2017,N/A,N/A
FEMSA,7131269.36,EUR,OP-869326,2019-09-03,N/A,N/A
femsa,6555640.84,EUR,OP-807138,"January 10, 2021",N/A,N/A
grupo lala,4374899.01,EUR,OP-986116,"July 23, 2025",N/A,N/A
BBVA MÉXICO,3294953.94,USD,OP-743317,"April 07, 2021",N/A,N/A
GRUPO BIMBO,1373483.88,EUR,OP-957000,16-Feb-2019,16-Oct-2019,242
GRUPO MÉXICO,5015598.62,USD,OP-539515,2020-04-15,N/A,N/A
CEMEX,6414202.25,USD,OP-830176,2016-04-01,24/03/2022,2183
BANORTE,8062740.41,USD,OP-831418,2020-01-30,2024-12-10,1776
AMÉRICA MÓVIL,9911125.13,MXN,OP-878780,2021-11-02,N/A,N/A
TELMEX,8539262.29,EUR,OP-773951,"March 21, 2021",N/A,N/A
bbva méxico,4330680.4,EUR,OP-344907,"September 16, 2017",N/A,N/A
BANORTE,6649513.22,MXN,OP-849013,13/06/2018,N/A,N/A
telmex,4791695.38,MXN,OP-337107,16/03/2017,N/A,N/A
pemex,5330970.95,EUR,OP-457290,2016-08-26,N/A,N/A
grupo lala,8181411.73,MXN,OP-869584,2018-05-28,N/A,N/A
GRUPO CARSO,4114975.26,EUR,OP-777606,30/06/2023,N/A,N/A
grupo lala,2432172.76,MXN,OP-627545,30-Jul-2024,N/A,N/A
telmex,6825751.66,MXN,OP-472811,"July 30, 2017",N/A,N/A
pemex,4991436.83,MXN,OP-372344,09-Jul-2021,N/A,N/A
WALMART DE MÉXICO,5973313.98,MXN,OP-226423,2018-07-04,03/09/2020,614
GRUPO LALA,7831171.98,USD,OP-777388,2021-03-06,N/A,N/A
ALSEA,4729859.46,USD,OP-269632,19/06/2024,N/A,N/A
CEMEX,191036.24,USD,OP-800993,2024-05-20,N/A,N/A
grupo bimbo,3853811.64,MXN,OP-124659,"April 12, 2021","June 28, 2023",807
grupo méxico,4159532.23,MXN,OP-317146,09/09/2015,08/08/2019,1429
GRUPO BIMBO,9343239.23,USD,OP-345952,09/02/2024,N/A,N/A
alsea,2806318.15,USD,OP-143598,07/02/2020,N/A,N/A
soriana,3285542.66,USD,OP-722013,15-Nov-2022,N/A,N/A
grupo méxico,669337.64,MXN,OP-865608,08-Jan-2021,2022-08-31,600
telmex,6827773.08,MXN,OP-997731,27/02/2024,11/06/2025,618
grupo méxico,1643941.7,EUR,OP-393080,"January 16, 2016",N/A,N/A
grupo lala,6112650.71,EUR,OP-917111,"December 04, 2021",N/A,N/A
cemex,7826121.82,USD,OP-894052,"February 20, 2020",30-Oct-2020,253
PEMEX,9393081.03,USD,OP-468859,06/03/2024,N/A,N/A
FEMSA,6707176.06,USD,OP-305981,14-Apr-2019,N/A,N/A
grupo bimbo,5047142.32,USD,OP-796663,2022-01-07,N/A,N/A
grupo méxico,2799553.51,USD,OP-298877,04/03/2017,"April 03, 2022",1826
ALSEA,1735600.56,USD,OP-298371,"February 25, 2017",N/A,N/A
grupo bimbo,1296917.78,USD,OP-260905,15-Jan-2019,N/A,N/A
WALMART DE MÉXICO,3518910.74,USD,OP-227488,01-May-2025,N/A,N/A
grupo lala,8582543.76,EUR,OP-522362,08-Jun-2017,2020-05-09,1066
femsa,9399581.99,USD,OP-177329,2023-09-25,2025-06-06,620
grupo méxico,605834.39,USD,OP-430526,02/06/2018,N/A,N/A
TELMEX,3379964.32,EUR,OP-825732,"May 20, 2018",N/A,N/A
liverpool,4085395.32,MXN,OP-802733,"December 21, 2021",N/A,N/A
ALSEA,5333757.35,USD,OP-559418,2022-06-11,N/A,N/A
telmex,751912.49,MXN,OP-917034,20-May-2019,N/A,N/A
grupo lala,7403833.83,USD,OP-542467,"October 15, 2020",N/A,N/A
banorte,3426369.4,MXN,OP-902517,"September 22, 2024",N/A,N/A
grupo méxico,5095525.4,USD,OP-779005,20-Jan-2022,2023-03-16,420
BBVA MÉXICO,7361691.69,EUR,OP-229556,2016-08-10,04-Aug-2018,724
ALSEA,6497948.79,EUR,OP-325943,04-Aug-2021,N/A,N/A
grupo lala,574466.13,USD,OP-587295,04-Aug-2022,25/05/2023,294
femsa,8675691.34,EUR,OP-133044,23/10/2015,24-Oct-2017,732
telmex,6001950.47,EUR,OP-780390,18-Mar-2021,2023-02-13,697
walmart de méxico,6188354.27,USD,OP-180574,"July 28, 2019",2022-01-27,914
banorte,5184729.93,USD,OP-485822,2017-06-29,07-Sep-2018,435
FEMSA,6271769.44,EUR,OP-529318,2017-02-26,N/A,N/A
GRUPO LALA,5866851.95,EUR,OP-595193,27-Sep-2018,N/A,N/A
grupo carso,4832304.45,USD,OP-431320,"November 30, 2021",N/A,N/A
grupo bimbo,7722398.27,EUR,OP-824437,"September 27, 2018",2023-04-04,1650
GRUPO MÉXICO,8396117.84,USD,OP-686824,2020-12-09,"March 21, 2024",1198
grupo méxico,8960630.91,MXN,OP-387774,"March 29, 2023",N/A,N/A
cemex,7590353.99,USD,OP-281056,09/05/2022,06-Jun-2023,274
grupo lala,2351169.22,MXN,OP-703796,17-May-2019,N/A,N/A
SORIANA,5235328.43,USD,OP-584409,10/06/2021,N/A,N/A
telmex,2765317.76,MXN,OP-975285,02-Jun-2022,N/A,N/A
GRUPO MÉXICO,636023.95,USD,OP-405873,"July 27, 2025",N/A,N/A
grupo bimbo,826236.06,USD,OP-846858,21/11/2015,N/A,N/A
GRUPO LALA,8410206.8,MXN,OP-591669,07-Jul-2017,24-May-2021,1417
pemex,938396.3,MXN,OP-703694,07/06/2019,N/A,N/A
pemex,743851.5,MXN,OP-277532,2016-03-13,2022-07-01,2301
liverpool,3120361.66,EUR,OP-153919,2022-12-04,N/A,N/A
BANORTE,5696379.86,USD,OP-154366,2020-07-20,"March 13, 2024",1332
alsea,7594440.86,MXN,OP-525113,27/03/2017,17/09/2023,2365
AMÉRICA MÓVIL,1869751.21,EUR,OP-483080,2019-12-18,"March 12, 2020",85
ALSEA,9625614.91,EUR,OP-935108,2022-04-13,N/A,N/A
LIVERPOOL,4375921.39,MXN,OP-670486,10/03/2023,N/A,N/A
bbva méxico,5637916.67,USD,OP-248908,2019-03-30,2023-11-06,1682
AMÉRICA MÓVIL,7798206.28,MXN,OP-921503,2024-11-11,N/A,N/A
BBVA MÉXICO,4918987.38,MXN,OP-814287,2021-11-06,N/A,N/A
GRUPO LALA,1317088.96,USD,OP-737391,22-May-2021,11-Aug-2021,81
grupo carso,6183670.66,EUR,OP-162646,"January 26, 2023",N/A,N/A
GRUPO LALA,4317846.96,USD,OP-595466,"October 29, 2022",N/A,N/A
PEMEX,7113283.19,MXN,OP-937091,2020-04-18,01/10/2023,997
GRUPO LALA,297858.82,MXN,OP-152030,2023-01-06,N/A,N/A
GRUPO CARSO,2115029.35,USD,OP-651016,05-Oct-2022,N/A,N/A
TELMEX,8926359.95,USD,OP-594251,"December 15, 2023",N/A,N/A
grupo carso,5936113.56,EUR,OP-471404,"July 12, 2018",N/A,N/A
AMÉRICA MÓVIL,5168428.34,USD,OP-204565,18-May-2021,23/06/2023,766
soriana,2457656.22,MXN,OP-134615,"January 27, 2021",11/09/2024,1382
liverpool,1326382.41,USD,OP-917592,2017-06-17,16/03/2025,2829
grupo méxico,8208512.55,USD,OP-498911,2024-01-15,N/A,N/A
alsea,3792686.85,USD,OP-657181,27-Jun-2017,22/02/2020,970
GRUPO CARSO,408572.52,USD,OP-406476,2018-11-29,23-Mar-2022,1210
bbva méxico,4855031.33,MXN,OP-654222,05-Jan-2019,N/A,N/A
PEMEX,9703739.68,MXN,OP-791063,16/02/2021,N/A,N/A
WALMART DE MÉXICO,6500182.73,MXN,OP-777361,2024-07-06,N/A,N/A
pemex,1279690.43,MXN,OP-334988,08/05/2021,"November 13, 2022",465
CEMEX,7974968.23,USD,OP-800360,2018-06-21,N/A,N/A
GRUPO CARSO,5985190.74,EUR,OP-619932,"July 25, 2020",2021-01-05,164
telmex,5926274.69,EUR,OP-509718,06/07/2017,N/A,N/A
bbva méxico,9291173.08,MXN,OP-754388,18-Dec-2024,N/A,N/A
SORIANA,2868336.88,EUR,OP-602366,"February 04, 2025",N/A,N/A
FEMSA,4437753.73,MXN,OP-480636,2017-01-10,N/A,N/A
GRUPO CARSO,8169758.84,EUR,OP-388547,25-Mar-2024,N/A,N/A
walmart de méxico,3452044.38,USD,OP-824810,27/09/2017,"September 17, 2023",2181
FEMSA,8036655.46,MXN,OP-898192,2016-06-09,08-Apr-2019,1033
SORIANA,7002650.27,MXN,OP-567501,2022-12-22,"April 25, 2025",855
BANORTE,9617010.66,USD,OP-583595,"May 18, 2025",N/A,N/A
FEMSA,3854111.13,MXN,OP-408270,23-Jan-2023,N/A,N/A
FEMSA,2620561.95,USD,OP-516062,"February 20, 2016",18/04/2016,58
GRUPO BIMBO,2847968.8,MXN,OP-167977,"December 31, 2020",N/A,N/A
grupo bimbo,8209778.45,MXN,OP-314018,24/08/2017,2018-01-16,145
banorte,351072.87,EUR,OP-808870,"June 22, 2023",N/A,N/A
GRUPO BIMBO,9262686.37,USD,OP-972183,24/08/2022,N/A,N/A
CEMEX,1277324.19,EUR,OP-716831,23-Sep-2023,N/A,N/A
liverpool,4927008.21,MXN,OP-806440,2017-11-29,17/01/2018,49
AMÉRICA MÓVIL,5984546.68,MXN,OP-202572,18/11/2018,N/A,N/A
SORIANA,8164154.07,USD,OP-799101,16-Aug-2016,27/07/2017,345
alsea,8517600.12,USD,OP-432474,28/10/2020,18-Dec-2024,1512
alsea,6180451.39,MXN,OP-444046,13-May-2017,2021-10-20,1621
FEMSA,1943464.22,USD,OP-663122,2017-08-22,N/A,N/A
WALMART DE MÉXICO,9412702.76,USD,OP-946451,2025-03-24,N/A,N/A
SORIANA,1194443.4,MXN,OP-245478,"April 08, 2024",N/A,N/A
GRUPO MÉXICO,359665.87,EUR,OP-190405,"January 30, 2024",N/A,N/A
GRUPO BIMBO,6879489.37,EUR,OP-565158,2024-03-25,N/A,N/A
grupo carso,6061634.19,EUR,OP-410659,2020-10-30,N/A,N/A
grupo méxico,8853587.58,USD,OP-851524,"January 22, 2020",N/A,N/A
bbva méxico,5460970.07,EUR,OP-916868,"February 23, 2018",N/A,N/A
grupo méxico,8552241.47,EUR,OP-630920,"June 16, 2022","August 31, 2024",807
FEMSA,1765121.09,MXN,OP-875957,"August 04, 2018",N/A,N/A
pemex,2956691.53,EUR,OP-552202,30-Dec-2023,N/A,N/A
grupo méxico,1672310.27,EUR,OP-616179,"May 27, 2022",N/A,N/A
grupo bimbo,8453197.44,USD,OP-419930,28/05/2020,N/A,N/A
grupo lala,9437945.83,USD,OP-406716,2016-02-20,2024-07-14,3067
américa móvil,9374031.41,USD,OP-696064,"December 25, 2020",N/A,N/A
GRUPO MÉXICO,6490804.88,MXN,OP-211448,28/12/2022,N/A,N/A
alsea,619017.35,USD,OP-480981,31/10/2023,"January 15, 2024",76
GRUPO MÉXICO,7381688.6,MXN,OP-910876,12-Apr-2024,N/A,N/A
CEMEX,1090542.99,EUR,OP-821901,"August 18, 2020",N/A,N/A
walmart de méxico,9970395.61,EUR,OP-340484,2017-12-05,N/A,N/A
femsa,9161482.44,MXN,OP-365708,"October 07, 2015",25-Dec-2022,2636
SORIANA,3567905.89,MXN,OP-850789,09-Jun-2025,N/A,N/A
grupo lala,2435622.9,EUR,OP-243066,2017-08-27,N/A,N/A
banorte,7870170.36,USD,OP-841328,"December 11, 2017",N/A,N/A
TELMEX,5840057.06,USD,OP-810195,08-Dec-2022,N/A,N/A
américa móvil,900203.76,USD,OP-975920,15-Apr-2019,N/A,N/A
grupo carso,5662507.35,MXN,OP-478611,15-Nov-2021,07-Aug-2024,996
TELMEX,6167856.88,EUR,OP-256620,"August 11, 2022",N/A,N/A
LIVERPOOL,6647733.41,USD,OP-632175,15-May-2016,N/A,N/A
banorte,2787116.65,USD,OP-240681,21-Sep-2024,N/A,N/A
bbva méxico,5109749.58,MXN,OP-230897,26/07/2018,30/11/2022,1588
pemex,2360269.18,EUR,OP-480186,09-Mar-2023,N/A,N/A
grupo carso,7533849.59,EUR,OP-619421,2018-03-17,N/A,N/A
walmart de méxico,7676072.76,EUR,OP-675847,"March 16, 2021",21-Mar-2022,370
femsa,7165740.6,USD,OP-502079,21-Apr-2019,"August 17, 2025",2310
WALMART DE MÉXICO,8039549.86,MXN,OP-481913,2021-08-27,N/A,N/A
BBVA MÉXICO,4541941.46,USD,OP-227378,"June 26, 2024",N/A,N/A
walmart de méxico,8874433.86,EUR,OP-713603,15-Jul-2025,N/A,N/A
LIVERPOOL,3712658.54,MXN,OP-766366,"June 06, 2022",N/A,N/A
banorte,9911741.22,EUR,OP-126006,20/05/2019,"September 19, 2019",122
cemex,3217692.15,MXN,OP-282016,06/08/2017,N/A,N/A
femsa,745403.42,EUR,OP-155705,2020-03-25,N/A,N/A
GRUPO CARSO,377852.41,EUR,OP-595234,17/07/2021,N/A,N/A
telmex,2897415.55,EUR,OP-433550,"December 07, 2015",2017-05-01,511
AMÉRICA MÓVIL,6168360.56,EUR,OP-195738,2025-04-06,N/A,N/A
GRUPO CARSO,5742247.78,USD,OP-510533,06-Aug-2017,"December 19, 2019",865
américa móvil,3233988.08,EUR,OP-262488,10-Jan-2016,19/06/2016,161
walmart de méxico,9557250.54,EUR,OP-632221,05/01/2022,N/A,N/A
alsea,7398011.85,MXN,OP-208370,09-Aug-2021,N/A,N/A
grupo lala,9075417.37,EUR,OP-953274,"July 28, 2020",N/A,N/A
GRUPO LALA,6777424.44,MXN,OP-894397,"March 24, 2018",29-Oct-2021,1315
grupo bimbo,4319881.57,EUR,OP-833195,2022-01-11,25-Aug-2022,226
grupo méxico,2935275.36,EUR,OP-701849,"May 25, 2021",16-Jun-2022,387
grupo carso,3879921.61,EUR,OP-453894,2023-08-21,N/A,N/A
grupo lala,1417554.89,EUR,OP-407056,14-Aug-2021,N/A,N/A
pemex,8030977.14,USD,OP-906039,2020-01-12,N/A,N/A
telmex,3525394.67,USD,OP-931279,"September 24, 2016",2018-11-10,777
femsa,2195275.04,EUR,OP-235037,2019-08-19,2024-04-12,1698
GRUPO CARSO,1543162.79,MXN,OP-549860,"December 13, 2015",06-Feb-2022,2247
walmart de méxico,8113033.09,USD,OP-195890,03/01/2023,N/A,N/A
grupo méxico,8033350.68,EUR,OP-877841,2024-05-21,N/A,N/A
bbva méxico,266671.86,EUR,OP-986025,2024-01-17,N/A,N/A
femsa,4608377.04,EUR,OP-350924,12-Feb-2020,06-Jun-2021,480
pemex,5772497.11,EUR,OP-707761,07-Aug-2018,"February 11, 2020",553
GRUPO BIMBO,614250.15,EUR,OP-578765,08/09/2015,N/A,N/A
FEMSA,1403282.05,MXN,OP-240878,10-Jul-2019,"January 02, 2021",542
cemex,209264.37,MXN,OP-851478,"February 25, 2017",21-Mar-2020,1120
BBVA MÉXICO,1569670.76,EUR,OP-149121,2020-08-15,N/A,N/A
GRUPO BIMBO,7138822.87,USD,OP-459988,04/07/2017,22-Feb-2018,321
ALSEA,8737118.81,USD,OP-321870,2025-05-06,N/A,N/A
grupo lala,1961268.84,EUR,OP-131785,21-Apr-2024,N/A,N/A
grupo carso,5644734.75,USD,OP-216898,13/05/2021,N/A,N/A
FEMSA,8612852.56,MXN,OP-935364,"February 17, 2019",N/A,N/A
CEMEX,6400315.22,EUR,OP-601112,2023-09-19,N/A,N/A
ALSEA,6443366.96,EUR,OP-914599,2023-12-03,N/A,N/A
soriana,354937.72,EUR,OP-839021,08/11/2020,N/A,N/A
alsea,2571977.4,USD,OP-166606,26/12/2020,N/A,N/A
cemex,3256844.15,MXN,OP-853945,24/07/2025,N/A,N/A
grupo méxico,8941854.51,MXN,OP-433751,30/08/2019,N/A,N/A
liverpool,1787424.24,MXN,OP-270074,25/01/2019,N/A,N/A
grupo carso,6265651.53,USD,OP-831996,22-Apr-2025,N/A,N/A
GRUPO LALA,7508623.66,MXN,OP-402066,09-Jan-2016,2018-09-20,985
SORIANA,2142140.74,EUR,OP-128679,10/11/2016,N/A,N/A
pemex,3297094.71,MXN,OP-884388,"January 17, 2019","October 09, 2021",996
grupo méxico,6952137.01,MXN,OP-676986,"February 02, 2024",N/A,N/A
BBVA MÉXICO,2724801.67,MXN,OP-363809,"March 30, 2017",N/A,N/A
pemex,8795736.1,MXN,OP-481264,08-Nov-2019,N/A,N/A
alsea,4371974.88,MXN,OP-179707,04/12/2021,N/A,N/A
GRUPO BIMBO,430002.35,USD,OP-173648,"May 12, 2022",N/A,N/A
américa móvil,7739963.56,USD,OP-756986,"January 10, 2017",24/07/2024,2752
grupo lala,2406065.63,USD,OP-680528,11/08/2019,07-Feb-2025,1918
WALMART DE MÉXICO,5529301.5,EUR,OP-845315,"April 06, 2023",N/A,N/A
américa móvil,9262969.55,USD,OP-995695,12-May-2017,"November 01, 2024",2730
CEMEX,7925330.33,EUR,OP-336737,2023-10-17,N/A,N/A
GRUPO CARSO,5390502.7,USD,OP-176695,06-Dec-2015,31/10/2023,2886
CEMEX,8132490.7,USD,OP-349750,22/11/2023,N/A,N/A
GRUPO MÉXICO,6104907.27,USD,OP-885005,21-Nov-2021,N/A,N/A
liverpool,4288260.72,USD,OP-272957,2017-12-25,"January 11, 2020",747
FEMSA,2726606.54,EUR,OP-755184,"October 01, 2023",N/A,N/A
GRUPO MÉXICO,9089648.28,EUR,OP-450222,"March 12, 2017","September 26, 2022",2024
américa móvil,9873879.15,USD,OP-927844,2017-07-21,"April 22, 2018",275
femsa,2832503.48,USD,OP-190570,"September 20, 2015","November 30, 2023",2993
walmart de méxico,5766727.61,MXN,OP-187738,17-Sep-2015,16/02/2017,518
GRUPO CARSO,9696635.35,MXN,OP-981460,04/08/2018,N/A,N/A
américa móvil,9832221.6,EUR,OP-339048,10-Aug-2016,"June 17, 2024",2868
américa móvil,3657500.18,USD,OP-544731,2018-01-31,N/A,N/A
grupo bimbo,4109793.15,USD,OP-322937,01/05/2020,N/A,N/A
alsea,2083265.0,USD,OP-230583,2023-08-25,N/A,N/A
AMÉRICA MÓVIL,8143540.57,EUR,OP-384327,2022-02-02,N/A,N/A
PEMEX,8414225.49,EUR,OP-674800,2018-07-01,30-May-2022,1429
cemex,200930.37,EUR,OP-300004,12-Oct-2022,N/A,N/A
TELMEX,7961399.13,MXN,OP-742562,"October 08, 2019","December 07, 2019",60
banorte,1069164.71,USD,OP-142919,31/05/2022,19-Sep-2023,476
GRUPO MÉXICO,3859246.01,USD,OP-773473,19/11/2021,18-Dec-2024,1125
ALSEA,9828770.8,EUR,OP-941740,"September 01, 2024",N/A,N/A
GRUPO BIMBO,4652269.38,MXN,OP-819853,2022-12-04,N/A,N/A
telmex,9060908.52,MXN,OP-323395,"April 09, 2020",N/A,N/A
grupo bimbo,5499474.67,EUR,OP-519446,29/06/2024,N/A,N/A
grupo bimbo,7674170.31,EUR,OP-262584,2020-02-21,N/A,N/A
PEMEX,8913457.01,MXN,OP-459591,"July 05, 2017","September 05, 2021",1523
FEMSA,5382317.94,USD,OP-351722,01-Aug-2019,N/A,N/A
SORIANA,3929580.73,EUR,OP-850479,"September 06, 2016",2017-01-04,120
PEMEX,1543371.77,USD,OP-499026,26-Sep-2022,N/A,N/A
cemex,7227308.98,EUR,OP-108421,26-May-2024,N/A,N/A
ALSEA,1356232.05,MXN,OP-325308,12/02/2022,N/A,N/A
SORIANA,9741616.93,MXN,OP-978353,2018-12-18,N/A,N/A
SORIANA,5626065.58,MXN,OP-401232,03-Feb-2021,2022-04-23,444
BBVA MÉXICO,4720298.92,MXN,OP-618574,04/02/2024,N/A,N/A
BBVA MÉXICO,1294640.86,EUR,OP-184316,2018-02-02,N/A,N/A
BANORTE,9171723.2,USD,OP-143870,2021-09-09,N/A,N/A
alsea,3354606.39,MXN,OP-663062,2022-12-02,N/A,N/A
GRUPO MÉXICO,803931.64,USD,OP-850197,10-Mar-2018,05/04/2022,1516
alsea,5045570.88,MXN,OP-179628,"December 17, 2016",2024-07-27,2779
BBVA MÉXICO,5913709.99,USD,OP-904982,2021-05-19,26/05/2023,737
liverpool,2359118.67,MXN,OP-768298,14/11/2024,N/A,N/A
cemex,9770591.69,EUR,OP-896463,09-Sep-2016,13-Jan-2022,1952
WALMART DE MÉXICO,6460840.42,USD,OP-990564,"July 30, 2024",N/A,N/A
liverpool,5796145.51,USD,OP-483135,27-Jun-2023,N/A,N/A
walmart de méxico,4675922.18,EUR,OP-881821,2018-02-19,N/A,N/A
pemex,9654388.2,USD,OP-476889,19-Feb-2018,N/A,N/A
telmex,8004933.21,EUR,OP-431103,2018-05-25,N/A,N/A
GRUPO CARSO,4801727.24,EUR,OP-765197,"November 13, 2019",12/09/2022,1122
grupo méxico,5626856.19,EUR,OP-883411,03/10/2022,N/A,N/A
grupo lala,2009392.88,USD,OP-969407,"December 28, 2016","December 18, 2022",2181
cemex,2633255.23,EUR,OP-188954,2017-12-07,N/A,N/A
grupo carso,3779938.84,MXN,OP-902367,2020-04-28,N/A,N/A
BANORTE,4233890.92,MXN,OP-927205,04/02/2023,N/A,N/A
BBVA MÉXICO,9377056.02,EUR,OP-171285,"April 08, 2024",N/A,N/A
GRUPO BIMBO,747245.48,USD,OP-282865,"August 31, 2015",29-Oct-2018,1155
soriana,447326.84,MXN,OP-305551,2017-07-05,08/03/2017,29
WALMART DE MÉXICO,9243180.82,MXN,OP-205603,05-Dec-2018,2020-12-12,738
soriana,2099083.93,EUR,OP-123942,20-Jun-2016,N/A,N/A
ALSEA,638632.81,MXN,OP-485828,31-Mar-2018,"June 20, 2022",1542
GRUPO MÉXICO,4220754.1,USD,OP-259368,21-Jan-2020,2022-12-10,1054
AMÉRICA MÓVIL,1834176.5,USD,OP-327880,04/02/2025,N/A,N/A
LIVERPOOL,3189624.29,USD,OP-161660,"May 27, 2016",N/A,N/A
FEMSA,5463584.34,USD,OP-140053,13/03/2025,N/A,N/A
grupo bimbo,9813947.79,USD,OP-471622,"June 14, 2017",N/A,N/A
BBVA MÉXICO,3206324.48,USD,OP-639547,"May 31, 2023",N/A,N/A
PEMEX,1671065.14,USD,OP-110227,26/04/2020,N/A,N/A
SORIANA,7700775.87,USD,OP-633125,30/06/2019,23/04/2025,2124
WALMART DE MÉXICO,158412.01,EUR,OP-943778,12-Mar-2025,N/A,N/A
LIVERPOOL,9517666.98,USD,OP-571307,09/05/2022,N/A,N/A
SORIANA,7749921.19,USD,OP-239370,2018-12-07,2025-05-31,2367
GRUPO CARSO,5322452.31,MXN,OP-905433,"April 14, 2018",N/A,N/A
TELMEX,4076072.34,EUR,OP-462940,31/10/2024,N/A,N/A
FEMSA,5077406.93,EUR,OP-653677,"April 01, 2018",2018-10-10,192
GRUPO CARSO,8953255.95,MXN,OP-521114,17-Jun-2018,29-May-2024,2173
grupo lala,6630368.85,USD,OP-948890,"October 26, 2022",N/A,N/A
GRUPO LALA,2047173.86,USD,OP-823453,2020-06-02,N/A,N/A
femsa,6851091.41,USD,OP-846279,"April 27, 2020",N/A,N/A
grupo bimbo,2959881.21,EUR,OP-524411,"January 16, 2018",19-Feb-2018,34
BANORTE,142843.75,EUR,OP-267194,"March 14, 2018",N/A,N/A
AMÉRICA MÓVIL,6788215.87,EUR,OP-169066,"April 15, 2025",N/A,N/A
liverpool,3853686.02,MXN,OP-539947,01/03/2018,"June 17, 2018",165
ALSEA,8603379.46,MXN,OP-556892,2021-09-29,N/A,N/A
SORIANA,9497857.63,EUR,OP-306993,"March 09, 2019",2019-11-06,242
telmex,7153027.64,MXN,OP-198361,24/10/2018,N/A,N/A
WALMART DE MÉXICO,9320287.82,MXN,OP-571327,2022-04-20,N/A,N/A
grupo méxico,828927.93,USD,OP-356591,2025-06-28,N/A,N/A
américa móvil,4865615.05,USD,OP-174345,13-Jan-2021,N/A,N/A
BANORTE,5871023.35,USD,OP-135056,"May 31, 2017","May 03, 2025",2894
ALSEA,2065732.18,EUR,OP-427929,"December 06, 2019",15-Mar-2020,100
pemex,8614886.65,MXN,OP-344115,18/06/2023,2023-08-19,62
grupo bimbo,204193.21,EUR,OP-185982,2017-10-19,20/07/2018,274
cemex,3382163.58,MXN,OP-524498,15/07/2017,2019-03-28,621
américa móvil,3048565.21,USD,OP-319437,"March 15, 2023",N/A,N/A
cemex,7980472.32,EUR,OP-690390,15/07/2016,19/09/2021,1892
CEMEX,9575296.93,USD,OP-419497,14-Jan-2020,N/A,N/A
BBVA MÉXICO,4711141.78,USD,OP-893588,31-Aug-2024,N/A,N/A
GRUPO LALA,8591991.23,USD,OP-540507,30-Sep-2021,N/A,N/A
grupo lala,6674266.86,MXN,OP-117902,"August 28, 2024",N/A,N/A
bbva méxico,7913793.64,MXN,OP-490480,08/04/2021,N/A,N/A
SORIANA,8275420.57,EUR,OP-828980,"May 14, 2020",N/A,N/A
grupo lala,2635160.55,MXN,OP-291775,"August 30, 2017",2017-10-20,51
cemex,3904719.19,EUR,OP-400131,"January 11, 2017",2020-06-10,1246
CEMEX,1857020.72,USD,OP-261351,16-Aug-2017,N/A,N/A
PEMEX,7725333.03,MXN,OP-961081,14-Jul-2024,N/A,N/A
TELMEX,200089.5,EUR,OP-607284,30/04/2020,N/A,N/A
CEMEX,5972148.51,MXN,OP-484472,2021-08-30,N/A,N/A
grupo lala,3111459.21,USD,OP-111260,31/05/2017,N/A,N/A
bbva méxico,3910484.6,EUR,OP-141616,29/01/2023,N/A,N/A
BBVA MÉXICO,2220357.77,USD,OP-181606,10-Feb-2017,"January 04, 2023",2154
bbva méxico,2274139.31,USD,OP-943387,"January 27, 2022","January 15, 2023",353
grupo méxico,4498935.92,MXN,OP-245134,11/03/2016,"March 08, 2023",2316
américa móvil,9327375.52,EUR,OP-304702,"April 08, 2020",05-Oct-2023,1275
femsa,6593328.66,MXN,OP-539725,21/01/2024,N/A,N/A
banorte,1935102.16,EUR,OP-720396,2019-08-18,N/A,N/A
grupo carso,3719229.08,EUR,OP-353704,"July 31, 2023",N/A,N/A
ALSEA,7141777.39,MXN,OP-575135,08-Mar-2024,N/A,N/A
soriana,3271818.38,EUR,OP-555975,2018-02-08,"April 25, 2023",1902
femsa,7732323.18,MXN,OP-237676,2019-11-14,"June 27, 2021",591
BBVA MÉXICO,7272388.83,EUR,OP-571673,"August 26, 2020",12/05/2021,466
américa móvil,7346535.47,USD,OP-561007,"March 03, 2023",30-May-2023,88
grupo carso,3934929.14,EUR,OP-984618,"October 19, 2023",N/A,N/A
banorte,1893172.82,MXN,OP-892828,"December 22, 2022",N/A,N/A
BANORTE,3659510.94,EUR,OP-162145,2016-11-23,N/A,N/A
GRUPO BIMBO,7661104.37,USD,OP-677469,25-Jun-2025,N/A,N/A
telmex,9081850.54,EUR,OP-280702,12/10/2015,N/A,N/A
TELMEX,2933044.18,USD,OP-869715,"February 06, 2024",N/A,N/A
walmart de méxico,1555782.35,MXN,OP-486024,11/02/2024,N/A,N/A
BANORTE,8188243.45,MXN,OP-497794,"May 18, 2019",N/A,N/A
FEMSA,9588126.84,USD,OP-526423,11-Apr-2024,N/A,N/A
américa móvil,2153980.9,EUR,OP-112647,08/12/2020,"November 28, 2023",1203
grupo lala,9970013.01,MXN,OP-675896,2017-09-16,N/A,N/A
AMÉRICA MÓVIL,9686718.91,USD,OP-127969,17-Apr-2017,N/A,N/A
femsa,9258591.59,EUR,OP-422451,01-Sep-2023,N/A,N/A
liverpool,8775711.35,EUR,OP-781444,2022-07-18,21-Dec-2022,156
walmart de méxico,8021588.96,EUR,OP-147377,"March 20, 2023",N/A,N/A
grupo carso,7779690.71,EUR,OP-666534,18/10/2016,N/A,N/A
FEMSA,2704616.4,EUR,OP-612314,"September 02, 2016",24/02/2025,3097
grupo méxico,6767106.68,EUR,OP-127730,2022-03-08,N/A,N/A
BANORTE,3669325.1,EUR,OP-779467,17-Dec-2018,N/A,N/A
TELMEX,5159855.07,MXN,OP-653151,"June 10, 2020",N/A,N/A
grupo lala,4273510.87,MXN,OP-586835,20-Sep-2024,N/A,N/A
PEMEX,9597294.18,MXN,OP-256295,2018-12-18,"April 26, 2025",2321
banorte,9046200.83,EUR,OP-313861,16/10/2023,N/A,N/A
walmart de méxico,5765428.29,USD,OP-414280,"June 05, 2018","April 13, 2019",312
AMÉRICA MÓVIL,5854640.34,USD,OP-901841,2016-11-27,N/A,N/A
WALMART DE MÉXICO,8745767.5,MXN,OP-376513,01/06/2016,"January 26, 2025",3308
GRUPO LALA,7946773.96,MXN,OP-332407,2024-07-10,"November 14, 2024",127
liverpool,3575653.87,EUR,OP-708269,2019-02-11,N/A,N/A
pemex,9634365.25,EUR,OP-278976,25/03/2016,N/A,N/A
GRUPO LALA,6845854.47,EUR,OP-558242,2018-12-25,N/A,N/A
liverpool,6039561.9,USD,OP-898824,2016-09-01,2025-01-09,3052
pemex,9914839.48,EUR,OP-147273,2023-05-30,N/A,N/A
walmart de méxico,3156144.0,USD,OP-254608,"March 29, 2025",N/A,N/A
CEMEX,9504211.98,USD,OP-543946,16/09/2023,N/A,N/A
FEMSA,1777170.29,USD,OP-968736,2022-02-08,N/A,N/A
banorte,9505366.5,MXN,OP-905202,11/09/2015,N/A,N/A
alsea,4368361.7,MXN,OP-855662,12-Mar-2024,N/A,N/A
telmex,4440184.2,EUR,OP-483215,"October 21, 2017",N/A,N/A
GRUPO LALA,9349392.89,EUR,OP-802211,10/09/2022,N/A,N/A
cemex,3984072.52,MXN,OP-284033,2015-12-31,2022-02-04,2227
liverpool,4649080.33,MXN,OP-170689,"May 18, 2023",N/A,N/A
LIVERPOOL,5783362.78,EUR,OP-274140,2016-06-08,16-Nov-2019,1256
alsea,5974268.71,EUR,OP-772851,29/05/2025,N/A,N/A
FEMSA,4237737.02,MXN,OP-732621,10/06/2017,N/A,N/A
GRUPO LALA,4854222.34,USD,OP-228559,04/06/2018,N/A,N/A
américa móvil,2067334.79,USD,OP-764951,02-May-2018,N/A,N/A
PEMEX,396484.67,USD,OP-490834,"July 11, 2019","October 22, 2024",1930
pemex,5154068.58,EUR,OP-247731,31-Dec-2023,2024-11-06,311
femsa,3794874.46,MXN,OP-261245,2025-01-29,N/A,N/A
TELMEX,6296587.97,MXN,OP-844243,"May 13, 2022","January 06, 2023",238
GRUPO BIMBO,231053.19,MXN,OP-228020,29/08/2018,06-Oct-2018,38
GRUPO MÉXICO,8093246.78,USD,OP-421842,21-Jun-2018,N/A,N/A
CEMEX,2103472.89,MXN,OP-836558,20-Jan-2023,26-Dec-2024,706
GRUPO BIMBO,4368546.43,USD,OP-465236,2018-02-06,N/A,N/A
BBVA MÉXICO,1664063.71,USD,OP-173182,2024-12-13,N/A,N/A
soriana,4047664.83,MXN,OP-455761,2017-11-14,2023-05-10,2003
pemex,5660286.03,EUR,OP-866739,28/05/2019,2023-11-27,1644
walmart de méxico,3537034.47,MXN,OP-809560,13-Apr-2023,25/02/2025,684
GRUPO LALA,1257426.26,EUR,OP-398963,2019-11-25,22-May-2023,1274
BBVA MÉXICO,663921.72,MXN,OP-775542,"July 05, 2024",N/A,N/A
GRUPO LALA,9379658.29,MXN,OP-383558,06-Jan-2017,"August 19, 2021",1686
américa móvil,1622488.38,MXN,OP-968731,"March 04, 2017",09-Oct-2019,949
GRUPO CARSO,6766316.69,EUR,OP-603172,"June 09, 2020",2023-09-21,1199
cemex,1455154.14,USD,OP-939650,16-May-2016,N/A,N/A
GRUPO MÉXICO,9904737.93,EUR,OP-660381,07/01/2017,N/A,N/A
grupo méxico,5851223.61,USD,OP-236668,2019-09-17,28/11/2021,803
grupo bimbo,2672520.19,MXN,OP-172464,"March 04, 2017",31/03/2017,27
soriana,7307120.45,USD,OP-224002,14/06/2019,30-Dec-2020,565
BBVA MÉXICO,2701651.71,EUR,OP-247448,2022-12-28,N/A,N/A
américa móvil,5775943.08,EUR,OP-133525,20-Sep-2021,N/A,N/A
grupo carso,9724803.23,USD,OP-641706,2016-01-03,14-Sep-2019,1350
alsea,7570562.83,EUR,OP-565459,21-Apr-2018,N/A,N/A
banorte,1523371.78,EUR,OP-505276,21-Nov-2021,N/A,N/A
AMÉRICA MÓVIL,5944514.62,MXN,OP-687112,"September 09, 2023",N/A,N/A
liverpool,9286271.8,USD,OP-293829,09/02/2021,02-Jun-2025,1369
CEMEX,5740676.61,USD,OP-713812,2017-06-24,N/A,N/A
CEMEX,4094916.53,USD,OP-297646,27/06/2024,N/A,N/A
grupo méxico,1242589.06,MXN,OP-313295,17-Sep-2017,N/A,N/A
FEMSA,9642767.79,EUR,OP-271339,29/12/2020,N/A,N/A
SORIANA,8262080.83,MXN,OP-739767,02-May-2022,N/A,N/A
walmart de méxico,5406461.24,MXN,OP-992353,2020-01-26,02-Dec-2023,1406
LIVERPOOL,4421772.35,USD,OP-835558,"December 17, 2019",N/A,N/A
pemex,8174416.48,USD,OP-705476,09/01/2021,N/A,N/A
GRUPO MÉXICO,3515014.79,MXN,OP-301745,27-Apr-2016,N/A,N/A
PEMEX,7556383.34,USD,OP-777471,"September 17, 2017",N/A,N/A
alsea,3819344.79,MXN,OP-652506,04/11/2024,N/A,N/A
grupo carso,6522212.67,USD,OP-840916,08/06/2019,N/A,N/A
CEMEX,275963.34,EUR,OP-955109,"July 12, 2021","March 17, 2024",979
SORIANA,6147828.13,MXN,OP-908932,"November 26, 2022",N/A,N/A
TELMEX,8431696.19,MXN,OP-246817,04/04/2023,26/04/2025,753
walmart de méxico,5072420.22,USD,OP-434797,"February 21, 2020",N/A,N/A
TELMEX,4125188.88,EUR,OP-389278,"June 01, 2022",N/A,N/A
femsa,5626027.81,USD,OP-773092,2022-12-24,N/A,N/A
FEMSA,5583583.23,EUR,OP-588526,13-Feb-2022,N/A,N/A
GRUPO CARSO,7976221.84,MXN,OP-318871,18-Mar-2024,N/A,N/A
BBVA MÉXICO,8388223.86,EUR,OP-615888,15-Nov-2015,21-Jan-2023,2624
LIVERPOOL,5254236.47,USD,OP-285064,17/07/2025,"August 06, 2025",20
bbva méxico,2579011.09,USD,OP-928951,30-Nov-2019,11/12/2024,1809
grupo bimbo,6057341.04,EUR,OP-866739,2016-09-01,2019-04-29,970
CEMEX,4350493.88,USD,OP-359816,02-Jul-2024,N/A,N/A
FEMSA,1523598.18,EUR,OP-901799,19/07/2020,N/A,N/A
PEMEX,7722941.71,EUR,OP-748242,13-Jul-2020,N/A,N/A
BANORTE,349172.66,EUR,OP-400749,12-Jun-2016,"March 03, 2023",2455
GRUPO LALA,7041206.89,USD,OP-105603,25-Apr-2019,"October 13, 2020",537
soriana,3663407.25,USD,OP-828659,26/07/2016,03/11/2020,1324
CEMEX,8631277.18,MXN,OP-249560,"July 27, 2019",N/A,N/A
CEMEX,3113034.25,USD,OP-661253,11/05/2020,N/A,N/A
CEMEX,8688785.88,EUR,OP-849876,20/10/2023,N/A,N/A
ALSEA,6212336.06,MXN,OP-557627,02-Apr-2021,N/A,N/A
liverpool,3494266.16,USD,OP-828659,19/12/2019,N/A,N/A
TELMEX,673992.67,EUR,OP-817823,"May 03, 2024",N/A,N/A
grupo bimbo,5178692.19,EUR,OP-987576,"July 13, 2024",N/A,N/A
BBVA MÉXICO,1764685.25,USD,OP-764039,19-Oct-2019,"February 07, 2020",111
grupo méxico,3714176.2,USD,OP-788874,06/05/2020,"October 28, 2020",145
LIVERPOOL,9689781.47,USD,OP-328471,2015-10-08,"November 26, 2023",2971
FEMSA,2705908.95,EUR,OP-584458,04-May-2024,2025-04-14,345
GRUPO MÉXICO,5826804.22,USD,OP-413675,"April 18, 2017","September 28, 2024",2720
grupo lala,540759.2,EUR,OP-419158,15/01/2024,N/A,N/A
BBVA MÉXICO,5746398.1,EUR,OP-680067,2023-04-24,2024-01-10,261
cemex,1775543.99,EUR,OP-990460,15-Jan-2018,10/08/2023,2092
TELMEX,9422789.59,MXN,OP-777485,2019-11-15,N/A,N/A
banorte,3470627.98,MXN,OP-862335,04/09/2023,23/04/2024,380
TELMEX,933336.23,EUR,OP-578702,21-Sep-2017,02/10/2019,507
GRUPO LALA,6024676.48,EUR,OP-167035,09/04/2018,N/A,N/A
pemex,8174261.45,EUR,OP-360221,"February 28, 2024",N/A,N/A
LIVERPOOL,9241519.65,MXN,OP-166554,2018-08-03,N/A,N/A
TELMEX,7951569.55,USD,OP-727125,13/08/2025,N/A,N/A
banorte,2450732.5,USD,OP-843997,2017-07-15,N/A,N/A
grupo méxico,9772791.6,EUR,OP-493370,2017-09-14,07-Jul-2019,661
alsea,2916693.31,EUR,OP-839269,17-Jul-2016,01-Aug-2018,745
telmex,7463100.1,USD,OP-342271,"August 07, 2022",12-Aug-2023,370
CEMEX,4772240.55,USD,OP-252930,10/07/2023,N/A,N/A
GRUPO BIMBO,5229369.16,EUR,OP-131075,"June 26, 2020",N/A,N/A
alsea,3699859.72,MXN,OP-593389,13/10/2017,"July 24, 2018",284
BANORTE,3384627.69,USD,OP-260226,2021-11-25,08/02/2023,615
walmart de méxico,1202641.54,USD,OP-118874,2017-04-17,N/A,N/A
liverpool,4247509.9,USD,OP-747140,2023-02-06,N/A,N/A
grupo carso,9141588.41,USD,OP-374712,15/07/2019,N/A,N/A
BBVA MÉXICO,656459.55,EUR,OP-855975,29-Mar-2025,N/A,N/A
grupo carso,2342617.56,USD,OP-763916,2020-04-15,N/A,N/A
GRUPO CARSO,637195.94,USD,OP-475905,"September 06, 2015",15/05/2024,3174
banorte,2755920.41,EUR,OP-275278,2024-06-04,N/A,N/A
bbva méxico,2975762.9,EUR,OP-865179,"September 27, 2016",N/A,N/A
bbva méxico,3650182.48,MXN,OP-758703,27/11/2018,2024-01-18,1878
pemex,2388489.61,MXN,OP-682180,23/12/2019,N/A,N/A
femsa,8737818.42,MXN,OP-496945,09/09/2022,N/A,N/A
grupo méxico,3061245.12,MXN,OP-232141,2020-03-19,N/A,N/A
CEMEX,4331113.71,MXN,OP-907530,25/09/2019,N/A,N/A
BANORTE,2469174.96,USD,OP-872466,"April 27, 2019",17/07/2025,2273
grupo bimbo,3926792.23,USD,OP-138129,22/02/2016,"October 30, 2020",1712
GRUPO MÉXICO,347161.46,MXN,OP-287815,30/06/2018,12/05/2024,2350
américa móvil,5907711.9,USD,OP-486379,2019-09-24,N/A,N/A
GRUPO CARSO,661565.59,EUR,OP-490278,2025-02-18,N/A,N/A
alsea,1975478.38,USD,OP-697778,04-Aug-2016,2019-05-08,1007
PEMEX,6820081.14,EUR,OP-843368,21/09/2022,N/A,N/A
grupo méxico,5413743.01,MXN,OP-675488,07-Nov-2015,2025-03-02,3403
pemex,2012572.12,MXN,OP-229026,2017-04-10,N/A,N/A
SORIANA,3053884.41,MXN,OP-630090,"September 01, 2020",N/A,N/A
LIVERPOOL,6396983.72,USD,OP-111960,2022-11-26,2023-11-08,347
BANORTE,664647.44,MXN,OP-676685,02/09/2018,N/A,N/A
grupo bimbo,2335121.78,MXN,OP-621087,12-Jun-2024,N/A,N/A
GRUPO LALA,2867627.86,EUR,OP-157565,08/02/2025,N/A,N/A
SORIANA,1701406.72,USD,OP-580912,20-Mar-2022,N/A,N/A
grupo bimbo,503104.3,USD,OP-361142,10-Jun-2023,N/A,N/A
GRUPO BIMBO,2260332.52,MXN,OP-140342,"October 13, 2020",N/A,N/A
alsea,2692579.05,MXN,OP-697798,03/09/2020,N/A,N/A
GRUPO MÉXICO,4303167.09,EUR,OP-283022,2018-02-21,N/A,N/A
liverpool,8477047.06,USD,OP-702545,2023-03-25,N/A,N/A
AMÉRICA MÓVIL,8682463.59,EUR,OP-693322,01-Aug-2021,"June 13, 2024",1047
bbva méxico,8321153.13,EUR,OP-564631,14-May-2018,N/A,N/A
grupo méxico,6389010.88,USD,OP-426517,25/11/2019,N/A,N/A
BBVA MÉXICO,8894500.93,MXN,OP-501685,"April 09, 2018",N/A,N/A
BANORTE,733635.15,MXN,OP-457699,"June 28, 2020",N/A,N/A
walmart de méxico,3851491.48,USD,OP-796119,"May 29, 2021",N/A,N/A
BANORTE,4003830.67,MXN,OP-336017,"January 27, 2022",11/10/2023,652
GRUPO LALA,3728622.07,EUR,OP-316915,25-Aug-2021,"August 29, 2023",734
telmex,4004933.22,EUR,OP-518293,2020-03-27,N/A,N/A
grupo bimbo,5585384.37,USD,OP-663285,11-Jan-2023,N/A,N/A
grupo bimbo,631460.91,USD,OP-786994,06/04/2019,30/06/2024,1853
GRUPO LALA,323895.43,MXN,OP-979155,29-Sep-2016,N/A,N/A
pemex,1077359.42,USD,OP-147489,2024-02-04,N/A,N/A
LIVERPOOL,6107290.93,EUR,OP-373333,2023-10-15,N/A,N/A
cemex,5728561.81,USD,OP-983861,2025-06-15,N/A,N/A
GRUPO CARSO,7673537.68,EUR,OP-381151,"August 12, 2022",N/A,N/A
GRUPO BIMBO,7912087.24,USD,OP-342047,25/12/2015,14/07/2021,2028
BBVA MÉXICO,880340.27,USD,OP-631314,2021-01-10,N/A,N/A
grupo bimbo,713733.03,EUR,OP-310007,20-Feb-2019,11/07/2022,1356
ALSEA,9783097.87,USD,OP-728557,"September 14, 2020",2021-11-07,419
pemex,1722909.77,USD,OP-512141,05/02/2022,N/A,N/A
walmart de méxico,7728547.22,MXN,OP-424603,"October 30, 2022",N/A,N/A
GRUPO CARSO,3755079.95,EUR,OP-706297,10/05/2019,2020-10-13,374
BANORTE,8088731.72,EUR,OP-523328,24/05/2023,11/05/2023,165
grupo carso,4247098.88,MXN,OP-540516,09-Dec-2022,N/A,N/A
telmex,8564897.57,MXN,OP-627088,12/04/2016,N/A,N/A
BBVA MÉXICO,4800974.73,USD,OP-144248,2020-08-19,N/A,N/A
SORIANA,8063387.29,EUR,OP-527499,07/08/2025,N/A,N/A
liverpool,3408211.48,MXN,OP-434391,16/03/2019,29-Dec-2023,1749
grupo lala,4007115.73,MXN,OP-781275,2024-04-28,2025-07-08,436
BANORTE,8591468.64,EUR,OP-412395,16-Dec-2015,N/A,N/A
telmex,3430350.45,MXN,OP-251451,13/11/2016,"February 22, 2023",2292
GRUPO MÉXICO,4723271.19,EUR,OP-747566,"April 20, 2022",N/A,N/A
liverpool,6143739.04,USD,OP-434614,03/12/2022,N/A,N/A
SORIANA,1388019.69,MXN,OP-627809,2024-04-11,N/A,N/A
grupo carso,3544118.13,MXN,OP-414289,06-Aug-2024,N/A,N/A
grupo méxico,3338016.74,EUR,OP-772387,2019-05-28,N/A,N/A
BBVA MÉXICO,3002429.6,USD,OP-977037,2016-06-16,21-Oct-2021,1953
alsea,4903601.53,USD,OP-155392,2018-02-14,"February 15, 2021",1097
grupo méxico,777830.59,MXN,OP-893839,"November 01, 2019",13/08/2020,286
telmex,4898724.58,EUR,OP-122390,"March 27, 2016",N/A,N/A
GRUPO MÉXICO,9853281.82,USD,OP-213495,17-Jan-2017,N/A,N/A
WALMART DE MÉXICO,9382242.49,MXN,OP-921425,"April 23, 2018",N/A,N/A
américa móvil,1295733.83,MXN,OP-340922,05-Jun-2016,"September 18, 2019",1200
PEMEX,673851.47,EUR,OP-576511,"February 27, 2019","July 14, 2025",2329
walmart de méxico,9190183.5,MXN,OP-646288,2019-05-29,05-Mar-2024,1742
cemex,2562932.55,USD,OP-885013,2016-12-22,"July 09, 2022",2025
soriana,4589416.99,EUR,OP-691627,09/01/2021,N/A,N/A
femsa,2728804.3,MXN,OP-830229,11/09/2015,13/05/2023,2742
WALMART DE MÉXICO,6761038.28,MXN,OP-985764,2017-06-21,2021-12-04,1627
pemex,1370826.27,EUR,OP-742355,10-Sep-2016,N/A,N/A
AMÉRICA MÓVIL,2917098.71,USD,OP-180847,06-Mar-2019,"August 20, 2022",1263
GRUPO LALA,7329667.91,EUR,OP-461360,"September 20, 2021",N/A,N/A
cemex,3290986.6,EUR,OP-190469,20-Nov-2024,N/A,N/A
alsea,4392535.44,MXN,OP-724403,2015-10-10,2023-04-15,2744
CEMEX,5011105.01,USD,OP-414719,"October 24, 2020",N/A,N/A
GRUPO LALA,175954.3,EUR,OP-389080,2017-12-07,18/11/2022,1807
grupo lala,7195506.29,USD,OP-926650,2024-05-15,N/A,N/A
pemex,8145202.16,MXN,OP-583935,25-Mar-2019,N/A,N/A
alsea,7269415.02,MXN,OP-248745,"February 23, 2018",N/A,N/A
banorte,5795082.28,MXN,OP-346003,2016-12-27,21/02/2024,2612
CEMEX,5125482.33,USD,OP-732835,2017-03-26,N/A,N/A
GRUPO BIMBO,5320736.55,USD,OP-715979,2024-11-15,N/A,N/A
TELMEX,7356140.54,MXN,OP-348965,"February 25, 2025",N/A,N/A
soriana,3117296.91,EUR,OP-105945,02-May-2017,07-Sep-2019,858
GRUPO CARSO,6030025.37,USD,OP-333083,12-Jan-2021,N/A,N/A
WALMART DE MÉXICO,214069.36,USD,OP-140801,16-Jul-2025,N/A,N/A
cemex,7314826.82,USD,OP-327510,04/08/2020,N/A,N/A
soriana,7263304.02,USD,OP-293434,30/03/2021,N/A,N/A
pemex,6295207.77,MXN,OP-345266,15/09/2021,N/A,N/A
femsa,8498214.91,EUR,OP-694670,12-Jan-2022,N/A,N/A
walmart de méxico,6993104.03,USD,OP-884885,2016-05-13,"October 31, 2018",901
WALMART DE MÉXICO,8329874.42,EUR,OP-741246,20-Oct-2018,2023-11-30,1867
ALSEA,1370068.27,MXN,OP-319556,09-Nov-2020,2020-12-09,30
banorte,4205070.1,MXN,OP-560096,09/12/2021,2024-07-30,1052
PEMEX,987680.71,MXN,OP-705279,07-Jan-2016,18/08/2020,1685
pemex,4740697.99,EUR,OP-394686,08/10/2021,N/A,N/A
WALMART DE MÉXICO,8451132.6,MXN,OP-358852,29/08/2021,08/05/2025,1437
alsea,7517568.66,EUR,OP-297759,28/01/2025,N/A,N/A
GRUPO BIMBO,5859614.41,EUR,OP-459360,2018-11-12,N/A,N/A
CEMEX,4540018.02,USD,OP-533673,"April 24, 2020",N/A,N/A
SORIANA,6913867.62,USD,OP-408095,2023-09-28,N/A,N/A
banorte,2309881.99,EUR,OP-680338,"June 24, 2022",N/A,N/A
GRUPO BIMBO,5111223.45,EUR,OP-556028,16-Jan-2020,14-Dec-2021,698
GRUPO MÉXICO,3612026.18,EUR,OP-677377,"November 12, 2020",N/A,N/A
TELMEX,4617577.73,EUR,OP-381656,09-May-2016,N/A,N/A
AMÉRICA MÓVIL,2218100.07,MXN,OP-534069,01-Nov-2023,N/A,N/A
FEMSA,9482968.95,USD,OP-322437,19/10/2021,N/A,N/A
pemex,5280545.84,MXN,OP-705254,2022-01-17,N/A,N/A
banorte,4213757.05,MXN,OP-526149,25/04/2016,01-Jul-2023,2623
AMÉRICA MÓVIL,4327881.78,MXN,OP-748174,21/09/2021,2022-07-04,286
BANORTE,8723108.68,MXN,OP-967718,"September 11, 2017",N/A,N/A
banorte,8860170.51,MXN,OP-588908,08/06/2018,N/A,N/A
GRUPO MÉXICO,7184699.8,EUR,OP-963138,2024-07-28,10/04/2024,68
GRUPO MÉXICO,1778141.05,USD,OP-838124,"March 14, 2024",N/A,N/A
bbva méxico,313972.74,USD,OP-882223,2016-02-01,16/06/2017,501
SORIANA,9777815.83,MXN,OP-479033,"May 12, 2019",25/08/2020,471
PEMEX,6478603.78,EUR,OP-615104,2023-10-17,N/A,N/A
telmex,6183161.67,EUR,OP-753903,25/04/2021,2022-07-30,461
pemex,2442120.37,USD,OP-671060,11-Aug-2016,30-Mar-2023,2422
banorte,629286.4,EUR,OP-805789,09/12/2018,2019-08-14,336
grupo lala,8354304.48,EUR,OP-930067,2019-04-25,16-Nov-2022,1301
liverpool,9085659.31,EUR,OP-585056,2019-04-18,2023-08-07,1572
GRUPO BIMBO,9038476.54,MXN,OP-808714,"March 25, 2024",N/A,N/A
alsea,9978204.98,USD,OP-704742,05-Feb-2016,2022-10-28,2457
grupo lala,8104953.32,USD,OP-508888,2021-04-10,25-Aug-2023,867
telmex,7437707.01,USD,OP-584694,16/12/2016,17-Aug-2019,974
pemex,794427.64,MXN,OP-172107,27-Dec-2021,N/A,N/A
CEMEX,3534051.94,USD,OP-811712,20-Jan-2016,"February 16, 2016",27
GRUPO MÉXICO,9317097.95,EUR,OP-849189,"March 10, 2022",2025-02-06,1064
femsa,3136617.83,EUR,OP-402557,14/08/2019,02/01/2020,171
walmart de méxico,3767987.24,EUR,OP-775205,"June 25, 2024",N/A,N/A
WALMART DE MÉXICO,526694.34,USD,OP-950545,2024-06-22,N/A,N/A
grupo carso,5295851.79,USD,OP-488072,2025-01-06,N/A,N/A
SORIANA,5870249.78,MXN,OP-857078,19-May-2020,N/A,N/A
PEMEX,7212668.57,MXN,OP-709564,"June 14, 2025",N/A,N/A
ALSEA,683974.32,USD,OP-145931,12/09/2020,N/A,N/A
grupo bimbo,5996641.55,USD,OP-419448,"March 01, 2025",N/A,N/A
CEMEX,1853761.25,USD,OP-507368,2025-05-11,N/A,N/A
grupo lala,1059890.08,MXN,OP-427790,2024-09-24,N/A,N/A
SORIANA,190998.54,EUR,OP-917925,2018-08-31,2025-05-03,2437
PEMEX,3105867.43,MXN,OP-212988,2017-01-17,N/A,N/A
LIVERPOOL,1198007.6,MXN,OP-919468,28/11/2018,N/A,N/A
grupo carso,1329442.14,USD,OP-494290,2025-01-19,N/A,N/A
cemex,5922870.9,EUR,OP-621201,2016-08-10,03/01/2021,1664
femsa,4529316.1,USD,OP-251098,"May 21, 2025",N/A,N/A
telmex,608379.46,USD,OP-638852,"May 24, 2016","November 11, 2023",2727
grupo bimbo,8608775.99,EUR,OP-188055,"November 27, 2023",N/A,N/A
grupo méxico,3143047.08,EUR,OP-293249,2021-07-08,N/A,N/A
grupo méxico,1072718.4,EUR,OP-197120,2023-02-04,N/A,N/A
telmex,7667764.53,USD,OP-577262,13-Apr-2021,2021-09-29,169
telmex,7414482.2,USD,OP-955177,22/04/2016,19-Apr-2019,1092
liverpool,2647254.9,MXN,OP-546093,"November 25, 2021",N/A,N/A
CEMEX,4525619.98,USD,OP-136408,07-Apr-2016,N/A,N/A
soriana,1982762.55,EUR,OP-449187,2024-05-12,N/A,N/A
CEMEX,968356.56,MXN,OP-673163,16-May-2022,N/A,N/A
pemex,2905574.32,USD,OP-218013,"October 06, 2018",N/A,N/A
GRUPO BIMBO,8717074.94,MXN,OP-911427,26/08/2019,N/A,N/A
liverpool,985750.69,MXN,OP-212094,2016-06-10,26-Jul-2018,776
liverpool,7101978.79,USD,OP-411501,24-May-2020,18-Feb-2023,1000
GRUPO MÉXICO,1149210.56,MXN,OP-740578,27/06/2017,"December 06, 2021",1623
AMÉRICA MÓVIL,2721592.02,USD,OP-957474,2025-08-08,N/A,N/A
femsa,703274.59,EUR,OP-497985,"April 09, 2018","July 27, 2025",2666
walmart de méxico,7411159.96,EUR,OP-498096,"November 20, 2019",N/A,N/A
PEMEX,7635124.09,USD,OP-367251,18/06/2016,2025-05-12,3250
soriana,703341.79,USD,OP-874383,"October 02, 2022",N/A,N/A
américa móvil,648126.11,USD,OP-928119,2018-05-10,"February 25, 2019",291
WALMART DE MÉXICO,5582286.6,MXN,OP-148040,"January 04, 2020",04-Sep-2021,609
FEMSA,328632.41,EUR,OP-847698,"September 24, 2023",N/A,N/A
soriana,6849021.77,MXN,OP-666770,"March 12, 2022","March 26, 2025",1110
BANORTE,6279401.92,USD,OP-391736,26/10/2022,N/A,N/A
grupo méxico,1695041.15,MXN,OP-660698,31/08/2017,2022-11-02,1889
GRUPO MÉXICO,338446.16,USD,OP-171940,10/02/2025,N/A,N/A
soriana,4216386.11,EUR,OP-527576,"January 05, 2017",N/A,N/A
grupo méxico,1230512.64,MXN,OP-260634,12-Jun-2016,"November 15, 2022",2347
GRUPO BIMBO,7053348.07,MXN,OP-597422,2020-01-03,N/A,N/A
WALMART DE MÉXICO,351316.78,MXN,OP-904096,16/04/2022,N/A,N/A
GRUPO BIMBO,6949898.89,MXN,OP-305533,2020-01-07,N/A,N/A
ALSEA,994864.94,USD,OP-320766,2024-11-25,03-Feb-2025,70
pemex,8095091.15,USD,OP-487057,"July 26, 2020",N/A,N/A
grupo lala,6720867.03,EUR,OP-803174,27/06/2021,N/A,N/A
BBVA MÉXICO,8938062.71,EUR,OP-898157,10/06/2025,N/A,N/A
bbva méxico,1227696.32,EUR,OP-156159,"April 13, 2022",N/A,N/A
TELMEX,9060376.32,USD,OP-784567,"September 12, 2022",N/A,N/A
grupo carso,9747153.71,USD,OP-662222,"November 05, 2023",N/A,N/A
ALSEA,3728495.94,MXN,OP-645547,"July 07, 2017",29/06/2019,722
grupo carso,7420517.83,MXN,OP-687061,21/08/2019,"October 17, 2019",57
femsa,955627.59,USD,OP-284275,23-Jan-2018,2020-09-04,955
soriana,2503556.73,MXN,OP-984507,"December 15, 2017",2021-11-16,1432
PEMEX,4007593.27,USD,OP-647199,"June 29, 2017","September 24, 2023",2278
bbva méxico,9071769.28,MXN,OP-155903,24-Aug-2023,30-Sep-2024,403
walmart de méxico,2384016.85,EUR,OP-169028,28/12/2023,N/A,N/A
WALMART DE MÉXICO,2204619.45,MXN,OP-762282,"December 31, 2024",N/A,N/A
telmex,6871961.26,USD,OP-821496,24-Aug-2024,N/A,N/A
femsa,8600445.04,USD,OP-894996,06-Mar-2025,N/A,N/A
CEMEX,9258495.82,MXN,OP-815855,24-Apr-2024,N/A,N/A
WALMART DE MÉXICO,795123.43,USD,OP-856763,2019-05-17,N/A,N/A
cemex,4302249.38,EUR,OP-845787,"January 25, 2017",N/A,N/A
AMÉRICA MÓVIL,1954608.98,USD,OP-229807,2019-06-02,N/A,N/A
soriana,4038358.74,MXN,OP-841830,"November 05, 2020",N/A,N/A
soriana,5742472.27,USD,OP-844806,"April 20, 2018",N/A,N/A
CEMEX,2417536.44,USD,OP-314286,11/04/2017,2023-08-02,2097
BBVA MÉXICO,9344349.96,USD,OP-257027,23-Apr-2020,25-Mar-2021,336
LIVERPOOL,9221941.92,USD,OP-956741,25/02/2022,N/A,N/A
grupo lala,2266028.11,MXN,OP-598403,06/10/2021,N/A,N/A
GRUPO MÉXICO,7653566.38,MXN,OP-227266,19/03/2016,N/A,N/A
américa móvil,2674260.94,USD,OP-738959,2016-11-24,"August 07, 2020",1352
AMÉRICA MÓVIL,3049434.48,MXN,OP-222168,"February 28, 2023",N/A,N/A
bbva méxico,9377615.06,USD,OP-547347,2023-12-22,N/A,N/A
GRUPO LALA,1738394.59,MXN,OP-346930,"July 04, 2017",31-Dec-2023,2371
bbva méxico,9034260.55,MXN,OP-545457,2018-06-05,N/A,N/A
grupo bimbo,4354135.25,EUR,OP-986723,17/05/2021,N/A,N/A
grupo bimbo,276829.61,USD,OP-194643,2019-06-20,"August 27, 2024",1895
BBVA MÉXICO,2581968.42,USD,OP-742229,2019-07-01,2020-03-27,270
walmart de méxico,7304747.29,USD,OP-349747,"February 05, 2023",N/A,N/A
grupo méxico,370622.56,EUR,OP-504117,20-Dec-2023,N/A,N/A
GRUPO LALA,1606748.71,USD,OP-190198,28-Feb-2023,N/A,N/A
PEMEX,6597240.29,USD,OP-139046,10/07/2017,29-Jul-2025,2852
soriana,5691011.66,MXN,OP-302761,11/10/2022,N/A,N/A
GRUPO MÉXICO,3954947.78,MXN,OP-451033,07-May-2019,04-Apr-2021,698
grupo bimbo,8991080.88,EUR,OP-945258,12-May-2021,N/A,N/A
ALSEA,7533796.29,EUR,OP-148237,2023-10-02,N/A,N/A
walmart de méxico,636939.33,USD,OP-355045,"August 13, 2019",13/07/2023,1430
grupo méxico,6287620.25,USD,OP-532077,2019-03-31,"June 22, 2020",449
walmart de méxico,9220673.51,EUR,OP-431600,17-May-2025,N/A,N/A
TELMEX,1557852.67,USD,OP-527712,"May 05, 2021",N/A,N/A
telmex,734282.49,EUR,OP-703140,"March 15, 2024",N/A,N/A
grupo carso,4013096.6,EUR,OP-782223,2023-12-11,N/A,N/A
liverpool,7840179.47,MXN,OP-200404,"November 12, 2020",N/A,N/A
bbva méxico,167555.12,USD,OP-755789,27-Oct-2018,2025-06-10,2418
WALMART DE MÉXICO,6235929.39,MXN,OP-672695,2022-11-22,N/A,N/A
américa móvil,1155116.35,MXN,OP-576478,22-Jan-2017,N/A,N/A
grupo méxico,1600438.59,EUR,OP-467370,2023-09-30,26/06/2024,270
CEMEX,1493278.07,MXN,OP-298685,2018-03-29,N/A,N/A
PEMEX,9677657.75,USD,OP-971079,2017-12-12,"May 25, 2020",895
GRUPO LALA,1539077.54,EUR,OP-318502,"July 03, 2019",13-Feb-2021,591
soriana,6129948.61,MXN,OP-388971,"June 07, 2018",N/A,N/A
liverpool,9043785.72,EUR,OP-594528,12-Sep-2021,20-Apr-2023,585
TELMEX,1078103.24,MXN,OP-925722,"July 17, 2017",2018-04-11,268
bbva méxico,6861550.56,EUR,OP-245941,"February 06, 2021","September 30, 2024",1332
grupo carso,5341258.31,MXN,OP-756519,07-Oct-2023,N/A,N/A
TELMEX,1957127.24,USD,OP-948347,"May 03, 2022",N/A,N/A
SORIANA,8403772.99,USD,OP-733057,2023-01-10,N/A,N/A
bbva méxico,4776083.97,EUR,OP-162128,"October 25, 2018",N/A,N/A
liverpool,246937.99,EUR,OP-731589,22/10/2016,09-Oct-2022,2178
grupo lala,5485197.5,MXN,OP-575870,2017-05-17,25/10/2024,2718
TELMEX,7055667.68,EUR,OP-720541,06-Oct-2020,N/A,N/A
cemex,4758498.44,USD,OP-279511,11/05/2019,N/A,N/A
GRUPO BIMBO,9271142.51,EUR,OP-747146,2016-03-31,01-Jul-2020,1553
alsea,9054847.94,USD,OP-850283,28-Feb-2016,01-Jun-2021,1920
cemex,9836863.12,MXN,OP-124143,08-Jan-2017,N/A,N/A
grupo carso,8726838.69,EUR,OP-744377,"September 26, 2024",N/A,N/A
BANORTE,8459652.4,USD,OP-703426,"July 05, 2021",N/A,N/A
AMÉRICA MÓVIL,7209994.1,EUR,OP-708641,2018-12-15,02-Dec-2022,1448
alsea,7279589.84,MXN,OP-592461,2020-11-23,N/A,N/A
FEMSA,6804853.22,USD,OP-160103,2022-10-11,N/A,N/A
BANORTE,9764779.99,USD,OP-671579,29/03/2024,N/A,N/A
liverpool,8607653.95,EUR,OP-870254,31/12/2020,N/A,N/A
GRUPO BIMBO,8398842.07,USD,OP-272569,31-Jan-2023,N/A,N/A
alsea,9821508.03,EUR,OP-399550,03/09/2017,2022-02-26,1815
SORIANA,1024598.64,EUR,OP-450831,22/03/2018,"May 05, 2018",44
ALSEA,9513442.81,USD,OP-501514,"April 13, 2024",N/A,N/A
GRUPO CARSO,9421778.62,MXN,OP-385524,"April 07, 2021",21-Jul-2023,835
FEMSA,8115322.43,EUR,OP-762101,18-Aug-2025,N/A,N/A
banorte,5497093.23,EUR,OP-874694,"September 25, 2016",N/A,N/A
LIVERPOOL,3665240.58,MXN,OP-928820,12/09/2024,N/A,N/A
ALSEA,9762067.92,MXN,OP-596534,29/01/2023,N/A,N/A
grupo lala,1399936.9,EUR,OP-495627,"May 08, 2019",N/A,N/A
GRUPO CARSO,7779486.79,EUR,OP-606931,2025-05-24,N/A,N/A
walmart de méxico,5638619.06,EUR,OP-303771,13-Dec-2018,N/A,N/A
GRUPO BIMBO,3112485.06,EUR,OP-420048,"March 17, 2022",N/A,N/A
GRUPO LALA,3807269.09,MXN,OP-975756,25/08/2018,N/A,N/A
soriana,5358814.21,USD,OP-489967,"September 05, 2020",N/A,N/A
GRUPO CARSO,7313598.67,USD,OP-416115,02-Oct-2018,N/A,N/A
FEMSA,2712379.76,MXN,OP-930098,13/12/2016,2017-08-23,253
grupo méxico,7361611.09,USD,OP-663966,07/05/2019,N/A,N/A
BBVA MÉXICO,1179689.91,EUR,OP-810279,"May 24, 2025",N/A,N/A
TELMEX,8634931.68,EUR,OP-398478,2023-02-12,N/A,N/A
liverpool,4749871.35,USD,OP-432767,2024-10-09,N/A,N/A
GRUPO MÉXICO,6914529.83,USD,OP-643621,16-Mar-2016,"April 22, 2016",37
femsa,1940007.84,USD,OP-194299,2024-06-12,N/A,N/A
banorte,3753666.43,EUR,OP-392005,2019-04-06,N/A,N/A
GRUPO MÉXICO,4284888.14,MXN,OP-865045,27/07/2019,N/A,N/A
GRUPO BIMBO,3333101.59,USD,OP-830597,"October 06, 2023",N/A,N/A
BANORTE,403924.09,USD,OP-613042,09/09/2020,13/09/2020,4
WALMART DE MÉXICO,6296280.24,EUR,OP-713169,2023-12-04,N/A,N/A
LIVERPOOL,5083155.87,MXN,OP-163085,09-May-2022,N/A,N/A
WALMART DE MÉXICO,9571278.42,EUR,OP-683576,06-Nov-2024,N/A,N/A
cemex,1427639.59,MXN,OP-224715,16/10/2023,23/10/2023,7
grupo bimbo,9595374.78,MXN,OP-294839,"March 23, 2022",N/A,N/A
WALMART DE MÉXICO,5089015.78,MXN,OP-626861,28/03/2023,N/A,N/A
AMÉRICA MÓVIL,6362865.52,USD,OP-447901,19/02/2022,04-Dec-2022,288
ALSEA,3653965.73,EUR,OP-321009,23-Mar-2025,N/A,N/A
GRUPO LALA,715779.36,MXN,OP-355209,2021-12-22,"July 26, 2024",947
ALSEA,4096820.13,EUR,OP-814684,15-Oct-2021,N/A,N/A
grupo carso,256758.46,USD,OP-979013,"October 02, 2022",N/A,N/A
pemex,7684213.19,USD,OP-890842,03-Jul-2019,N/A,N/A
pemex,8917106.47,MXN,OP-793742,19/08/2017,28/09/2018,405
grupo lala,2415310.47,EUR,OP-405215,2022-07-04,N/A,N/A
GRUPO LALA,4269251.24,USD,OP-783871,"December 20, 2019",24/11/2022,1070
banorte,742210.67,USD,OP-390318,27/05/2024,N/A,N/A
GRUPO MÉXICO,755282.57,MXN,OP-782863,2018-11-26,2020-01-11,411
soriana,1871145.96,MXN,OP-191495,2024-02-12,18/10/2024,249
soriana,8176832.91,MXN,OP-353465,2017-08-03,20/10/2021,1539
femsa,1844969.61,MXN,OP-471538,"August 14, 2022","March 18, 2025",947
SORIANA,206849.88,MXN,OP-389085,"May 28, 2023",N/A,N/A
walmart de méxico,1691443.88,MXN,OP-673452,2025-03-29,N/A,N/A
pemex,7611594.01,MXN,OP-260021,"January 06, 2020",08-Aug-2020,215
GRUPO MÉXICO,9596133.87,MXN,OP-365185,10/06/2024,N/A,N/A
BANORTE,2482013.84,EUR,OP-666582,13-Jan-2016,13/05/2020,1582
grupo carso,3727776.35,EUR,OP-663666,15-Dec-2016,N/A,N/A
banorte,4735777.62,USD,OP-658181,30-Oct-2022,N/A,N/A
AMÉRICA MÓVIL,2617072.83,EUR,OP-548267,"June 15, 2020",N/A,N/A
banorte,7711641.47,MXN,OP-557591,2022-02-14,N/A,N/A
telmex,2897085.79,EUR,OP-755114,2016-09-05,N/A,N/A
BANORTE,8710368.11,EUR,OP-777945,2023-03-09,N/A,N/A
grupo carso,1063917.87,USD,OP-480964,20/01/2023,N/A,N/A
GRUPO CARSO,2316194.51,USD,OP-626074,28/05/2019,29-Mar-2025,2132
femsa,2644825.38,USD,OP-838883,2019-05-06,15/07/2024,1897
TELMEX,5130389.14,EUR,OP-830636,"October 21, 2022",N/A,N/A
banorte,6642718.36,USD,OP-471369,20/01/2021,N/A,N/A
banorte,404406.23,MXN,OP-841403,2018-12-30,N/A,N/A
liverpool,3726659.01,MXN,OP-849534,"July 22, 2024",N/A,N/A
GRUPO LALA,303500.36,MXN,OP-511948,19-Jun-2018,"May 21, 2021",1067
grupo carso,8232988.69,USD,OP-756801,"April 06, 2025",N/A,N/A
femsa,3647783.27,USD,OP-372479,22/02/2016,N/A,N/A
PEMEX,7941911.56,USD,OP-603374,24/05/2024,N/A,N/A
AMÉRICA MÓVIL,558041.99,MXN,OP-349535,05-Jul-2020,N/A,N/A
grupo carso,7192358.94,MXN,OP-657818,2025-03-28,N/A,N/A
grupo carso,8607620.64,MXN,OP-166034,"February 18, 2022",N/A,N/A
liverpool,7085331.26,USD,OP-404718,17/11/2023,"March 22, 2024",126
grupo bimbo,9163190.26,USD,OP-917831,26-Jul-2023,21-Sep-2024,423
AMÉRICA MÓVIL,7879046.57,USD,OP-734721,26-Aug-2022,N/A,N/A
WALMART DE MÉXICO,4019721.02,MXN,OP-901491,2024-04-15,N/A,N/A
BBVA MÉXICO,134045.07,EUR,OP-191138,"October 16, 2018",24/01/2024,1926
grupo carso,1195094.34,EUR,OP-453962,22/02/2024,N/A,N/A
FEMSA,8299282.31,MXN,OP-198418,08/01/2016,19/03/2018,595
grupo bimbo,5173214.87,MXN,OP-518807,09-Oct-2020,2021-06-24,258
CEMEX,2056176.79,USD,OP-598773,2019-09-03,2022-07-09,1040
BANORTE,1841586.85,EUR,OP-732484,07-Jan-2023,N/A,N/A
pemex,207188.62,USD,OP-540376,"September 27, 2020",N/A,N/A
soriana,7062568.79,MXN,OP-597060,30/04/2024,N/A,N/A
alsea,5037016.37,EUR,OP-133111,"August 13, 2018",N/A,N/A
bbva méxico,7513412.6,MXN,OP-142965,29-Feb-2020,N/A,N/A
grupo bimbo,3747217.79,MXN,OP-685713,07-Dec-2015,N/A,N/A
grupo lala,8045729.67,USD,OP-124293,"November 18, 2017",N/A,N/A
WALMART DE MÉXICO,9926343.02,EUR,OP-631815,2017-07-19,08/01/2022,1839
GRUPO LALA,6304788.01,MXN,OP-941031,02/07/2021,N/A,N/A
ALSEA,2056837.35,MXN,OP-869918,2020-09-12,N/A,N/A
grupo méxico,948905.5,USD,OP-847211,10-Mar-2019,07/07/2025,2311
grupo méxico,7678429.43,USD,OP-557517,"March 24, 2018",N/A,N/A
américa móvil,9138776.99,MXN,OP-177865,02-Feb-2019,2021-01-18,716
TELMEX,5927165.99,USD,OP-386869,15/03/2023,N/A,N/A
grupo lala,8019154.11,USD,OP-396499,"May 14, 2019",18-Apr-2020,340
alsea,646500.67,MXN,OP-714416,03/12/2024,N/A,N/A
BANORTE,8057332.67,EUR,OP-532164,02-Sep-2019,"June 04, 2025",2102
FEMSA,9682840.67,MXN,OP-669159,2021-03-01,N/A,N/A
alsea,2191202.81,EUR,OP-958595,26/07/2022,N/A,N/A
GRUPO MÉXICO,8870130.64,EUR,OP-687654,05/10/2022,N/A,N/A
CEMEX,9846929.21,MXN,OP-408621,08/03/2016,2019-03-12,951
BBVA MÉXICO,8577316.02,USD,OP-145959,2022-04-02,N/A,N/A
bbva méxico,1427217.74,USD,OP-166983,"April 27, 2018",N/A,N/A
grupo carso,1376409.21,EUR,OP-881278,21/11/2016,12/07/2018,746
BANORTE,9446881.56,USD,OP-431517,"July 19, 2018",N/A,N/A
walmart de méxico,5375828.64,MXN,OP-796123,2018-11-09,08/08/2023,1733
PEMEX,4906019.57,EUR,OP-997891,29-Apr-2018,N/A,N/A
grupo méxico,2638357.1,EUR,OP-925979,12-Mar-2020,2024-05-07,1517
femsa,4654866.9,USD,OP-432913,02/07/2023,N/A,N/A
walmart de méxico,3172928.78,MXN,OP-651895,24-Feb-2017,25-May-2021,1551
AMÉRICA MÓVIL,7938741.15,EUR,OP-448858,"September 05, 2022",N/A,N/A
grupo méxico,3023076.54,MXN,OP-969441,"January 16, 2019",10-Apr-2021,815
ALSEA,2049182.09,USD,OP-218503,12-Nov-2016,01-Dec-2020,1480
banorte,2087622.82,MXN,OP-665368,15/10/2024,N/A,N/A
grupo méxico,2975821.83,USD,OP-331296,04/11/2019,N/A,N/A
TELMEX,1412309.07,MXN,OP-218255,2022-03-08,N/A,N/A
PEMEX,4056533.66,USD,OP-210873,04/06/2016,"November 12, 2020",1681
GRUPO LALA,6535458.49,USD,OP-322287,13-Nov-2018,N/A,N/A
soriana,496832.4,EUR,OP-125628,08-Mar-2018,24/07/2024,2330
SORIANA,6935479.47,MXN,OP-903546,"September 24, 2021",N/A,N/A
LIVERPOOL,2432309.16,MXN,OP-122046,24/03/2018,N/A,N/A
liverpool,9548259.29,USD,OP-288896,20/10/2018,N/A,N/A
grupo méxico,8292106.0,MXN,OP-847928,2018-02-09,04/07/2020,788
BANORTE,1193559.87,USD,OP-146690,26/11/2020,N/A,N/A
liverpool,5563186.76,USD,OP-689888,2019-08-07,2022-08-15,1104
walmart de méxico,308638.66,MXN,OP-882611,13-Aug-2023,N/A,N/A
GRUPO BIMBO,1940359.5,EUR,OP-871597,09/09/2021,N/A,N/A
walmart de méxico,9771688.04,EUR,OP-868907,"October 07, 2021",N/A,N/A
telmex,895491.09,EUR,OP-380023,27-May-2024,N/A,N/A
FEMSA,4928600.54,MXN,OP-489142,21-Oct-2016,18-Feb-2019,850
BANORTE,4940027.35,EUR,OP-795867,2019-10-27,N/A,N/A
telmex,1181728.87,MXN,OP-623337,2018-12-21,02/08/2019,49
grupo méxico,4786145.34,USD,OP-372638,12-Dec-2016,"July 26, 2020",1322
walmart de méxico,3979023.13,EUR,OP-836145,2021-11-15,N/A,N/A
soriana,6693213.81,MXN,OP-414186,2016-01-02,"November 11, 2022",2505
GRUPO BIMBO,6691301.69,MXN,OP-508749,03/04/2017,2022-06-02,1916
soriana,2527567.77,MXN,OP-792373,2021-06-27,N/A,N/A
GRUPO MÉXICO,4960088.32,USD,OP-174438,13/02/2018,2025-08-02,2727
telmex,7236581.32,EUR,OP-243647,"June 29, 2018",05-Sep-2020,799
grupo méxico,1394493.26,MXN,OP-242895,31/07/2019,N/A,N/A
AMÉRICA MÓVIL,2717990.59,MXN,OP-391625,14-Jun-2021,N/A,N/A
banorte,3326960.63,EUR,OP-900228,"September 16, 2018",2019-11-24,434
LIVERPOOL,663387.41,EUR,OP-342786,27-Feb-2017,06-Oct-2022,2047
banorte,5110301.17,EUR,OP-559332,"November 18, 2017",16/09/2020,1033
SORIANA,1980446.14,MXN,OP-596071,22/04/2025,N/A,N/A
PEMEX,4068897.87,EUR,OP-531997,2022-05-29,N/A,N/A
bbva méxico,8267470.28,USD,OP-621791,2016-12-28,N/A,N/A
alsea,2664775.06,EUR,OP-250546,2024-03-22,N/A,N/A
GRUPO LALA,9335340.45,MXN,OP-914920,"January 22, 2018",N/A,N/A
grupo bimbo,5728571.1,EUR,OP-786751,01-Nov-2017,04/05/2021,1251
PEMEX,4330894.23,USD,OP-216863,"August 19, 2019",2023-03-05,1294
grupo carso,8736883.81,EUR,OP-484101,11-Aug-2017,2023-12-13,2315
walmart de méxico,376047.38,USD,OP-168170,2022-12-19,N/A,N/A
BANORTE,5046966.54,MXN,OP-740340,26-Sep-2024,N/A,N/A
BBVA MÉXICO,7830022.52,MXN,OP-498660,09-May-2019,2019-10-21,165
LIVERPOOL,3666531.6,EUR,OP-519049,"June 30, 2022",09-Feb-2024,589
soriana,7650524.28,EUR,OP-843011,"October 16, 2016",03/08/2017,143
WALMART DE MÉXICO,5100819.82,USD,OP-785576,2018-09-22,22/06/2022,1369
femsa,1081839.26,EUR,OP-368479,24-Jun-2023,N/A,N/A
SORIANA,8676745.12,EUR,OP-983890,"July 27, 2017",12-Jan-2021,1265
GRUPO LALA,8757125.79,EUR,OP-113168,2017-06-11,N/A,N/A
cemex,1780475.65,EUR,OP-528943,16/01/2023,18/10/2024,641
SORIANA,8677808.26,EUR,OP-396245,13/02/2021,N/A,N/A
femsa,2137493.91,USD,OP-961644,07-Jul-2017,N/A,N/A
femsa,3032975.0,MXN,OP-217712,2022-10-22,"August 18, 2023",300
GRUPO CARSO,2212186.83,EUR,OP-949886,31/10/2023,N/A,N/A
WALMART DE MÉXICO,2595543.2,MXN,OP-959852,17-Nov-2019,07/08/2023,1329
alsea,3034947.25,USD,OP-283790,"June 19, 2022",07-Mar-2023,261
FEMSA,4064583.75,EUR,OP-958233,07-Sep-2024,N/A,N/A
BANORTE,2087239.19,USD,OP-505860,25/05/2016,N/A,N/A
alsea,6603151.91,USD,OP-865141,26/08/2015,N/A,N/A
LIVERPOOL,4171626.19,MXN,OP-281278,09-Mar-2024,N/A,N/A
GRUPO MÉXICO,4561610.17,EUR,OP-331935,05-Apr-2017,N/A,N/A
AMÉRICA MÓVIL,3328932.43,MXN,OP-868550,2023-10-02,N/A,N/A
alsea,5846519.08,MXN,OP-832635,03-Apr-2025,N/A,N/A
grupo lala,7828933.29,MXN,OP-559621,2020-10-22,N/A,N/A
bbva méxico,3994728.02,USD,OP-102762,08/08/2019,N/A,N/A
alsea,9074842.51,USD,OP-679858,19/12/2020,N/A,N/A
alsea,8102160.56,USD,OP-901488,19/04/2024,N/A,N/A
SORIANA,939550.48,MXN,OP-697977,"June 22, 2022",N/A,N/A
soriana,5921029.51,EUR,OP-668753,29-Apr-2016,2024-08-28,3043
grupo carso,3160788.19,MXN,OP-668760,2025-01-04,N/A,N/A
SORIANA,8932487.41,MXN,OP-240637,05/04/2021,N/A,N/A
GRUPO BIMBO,5416704.98,MXN,OP-702876,2016-05-17,N/A,N/A
WALMART DE MÉXICO,7339739.52,MXN,OP-343208,2024-09-30,N/A,N/A
TELMEX,239171.11,MXN,OP-526498,29/01/2017,N/A,N/A
walmart de méxico,1467628.42,USD,OP-651693,"June 15, 2022",20/08/2022,66
pemex,6060578.45,MXN,OP-137209,2020-04-21,19-Mar-2021,332
BANORTE,7630309.17,USD,OP-726612,26/04/2019,04-Jan-2023,1349
femsa,5425400.32,MXN,OP-707042,05-Jun-2021,N/A,N/A
banorte,6819770.27,USD,OP-225050,2015-09-03,16-Apr-2019,1321
bbva méxico,4028111.22,MXN,OP-951850,"April 17, 2018","April 12, 2020",726
PEMEX,1620437.17,USD,OP-860171,29-Jul-2023,N/A,N/A
femsa,1216762.26,EUR,OP-825085,01/09/2015,N/A,N/A
telmex,1422893.7,EUR,OP-455586,2021-11-14,N/A,N/A
GRUPO CARSO,9556149.57,EUR,OP-508164,"August 30, 2015",N/A,N/A
GRUPO MÉXICO,4706289.42,MXN,OP-409885,"August 09, 2023",N/A,N/A
CEMEX,8267486.86,USD,OP-724269,14/02/2022,N/A,N/A
femsa,1139323.93,MXN,OP-706759,23/10/2019,03/08/2021,502
SORIANA,6427059.57,EUR,OP-995635,06-Mar-2023,N/A,N/A
GRUPO CARSO,996758.01,MXN,OP-383837,2025-05-06,N/A,N/A
BBVA MÉXICO,6098701.4,MXN,OP-410675,2020-01-11,2025-04-04,1910
grupo carso,7215678.35,EUR,OP-220147,18/09/2019,N/A,N/A
grupo bimbo,7704733.22,EUR,OP-377535,"October 10, 2022",N/A,N/A
cemex,8981180.03,MXN,OP-734514,"February 25, 2016",N/A,N/A
telmex,5887652.96,USD,OP-732502,"March 07, 2019",2022-10-28,1331
grupo lala,7318977.22,MXN,OP-958986,10-Aug-2019,N/A,N/A
WALMART DE MÉXICO,3393903.07,MXN,OP-306170,02-Jan-2017,N/A,N/A
alsea,6286365.89,EUR,OP-444704,"December 24, 2017",N/A,N/A
américa móvil,4947230.96,MXN,OP-759878,2016-08-23,N/A,N/A
telmex,786254.43,USD,OP-658036,2023-05-13,26-May-2023,13
telmex,9800697.16,MXN,OP-377793,18-May-2021,N/A,N/A
alsea,7203231.7,EUR,OP-372404,"May 22, 2024",N/A,N/A
GRUPO CARSO,955974.13,USD,OP-888653,06/06/2024,"December 10, 2024",187
LIVERPOOL,7082509.54,USD,OP-130894,"September 02, 2018","August 22, 2020",720
GRUPO MÉXICO,8605356.24,USD,OP-507412,01/12/2017,2018-08-10,575
banorte,1729700.92,USD,OP-406944,04-Dec-2023,N/A,N/A
FEMSA,9631018.8,USD,OP-330276,29/11/2019,N/A,N/A
AMÉRICA MÓVIL,7429736.11,MXN,OP-305027,2025-01-24,N/A,N/A
CEMEX,4302985.01,USD,OP-421927,"October 01, 2023","December 26, 2024",452
grupo carso,8757108.53,USD,OP-280384,2020-11-04,N/A,N/A
SORIANA,1682226.96,EUR,OP-964145,2023-06-12,N/A,N/A
SORIANA,675541.43,EUR,OP-186843,"July 16, 2020","September 18, 2023",1159
SORIANA,2735006.94,EUR,OP-623090,30/12/2021,N/A,N/A
walmart de méxico,8175692.24,EUR,OP-183367,11/10/2016,N/A,N/A
femsa,680096.55,USD,OP-755654,"September 23, 2016","November 14, 2019",1147
PEMEX,2387878.68,MXN,OP-605258,"March 07, 2022",28-Jun-2022,113
BANORTE,5029242.8,USD,OP-120167,11/09/2019,N/A,N/A
alsea,5771743.76,USD,OP-832455,05-Dec-2024,N/A,N/A
GRUPO CARSO,1980987.92,EUR,OP-606890,24-Dec-2020,N/A,N/A
femsa,472890.85,MXN,OP-642863,06-Jan-2018,28/08/2019,599
GRUPO CARSO,6902203.74,EUR,OP-139896,19-May-2022,N/A,N/A
cemex,3025555.4,MXN,OP-930404,"January 21, 2016","October 10, 2024",3185
LIVERPOOL,9594740.18,MXN,OP-946734,2018-05-02,N/A,N/A
BANORTE,1867710.77,EUR,OP-530812,24-Mar-2020,22/04/2024,1490
BBVA MÉXICO,476823.66,MXN,OP-803071,07-Jul-2017,2018-06-26,354
soriana,8086806.81,EUR,OP-236919,"March 19, 2021","July 15, 2023",848
banorte,9498042.62,MXN,OP-242178,2019-06-22,N/A,N/A
telmex,870417.14,MXN,OP-296266,28-Dec-2023,N/A,N/A
LIVERPOOL,7251047.71,EUR,OP-775878,05/03/2019,24/12/2020,601
femsa,8701768.51,MXN,OP-536270,"April 15, 2022",N/A,N/A
walmart de méxico,6869621.28,EUR,OP-364313,30/05/2018,"May 06, 2023",1802
GRUPO MÉXICO,9918436.96,MXN,OP-551479,17-May-2020,2024-10-11,1608
GRUPO LALA,8816081.19,EUR,OP-716572,2018-04-23,"May 03, 2024",2202
grupo méxico,7395396.64,MXN,OP-514714,"November 06, 2019",N/A,N/A
grupo lala,5541320.05,MXN,OP-547322,2024-02-06,N/A,N/A
femsa,6534517.72,EUR,OP-980842,30/09/2020,N/A,N/A
américa móvil,9900380.22,USD,OP-335475,04/11/2017,N/A,N/A
pemex,5747187.67,EUR,OP-950531,27/06/2020,N/A,N/A
liverpool,2228201.08,MXN,OP-695665,11/09/2017,N/A,N/A
AMÉRICA MÓVIL,126381.69,EUR,OP-286262,"December 23, 2021",07/06/2023,560
BBVA MÉXICO,2486568.24,MXN,OP-374556,15/03/2025,N/A,N/A
PEMEX,9007368.7,EUR,OP-309899,2017-04-18,N/A,N/A
LIVERPOOL,4890634.73,USD,OP-594285,"November 08, 2019",N/A,N/A
GRUPO CARSO,5364443.25,MXN,OP-929785,15-Dec-2020,N/A,N/A
grupo méxico,8550427.36,USD,OP-609599,2016-06-03,2017-10-12,496
soriana,4863354.28,MXN,OP-669021,"June 23, 2023",N/A,N/A
GRUPO MÉXICO,7011230.51,EUR,OP-633405,01/12/2022,N/A,N/A
alsea,788863.5,USD,OP-977826,10-Nov-2022,N/A,N/A
walmart de méxico,2301585.94,USD,OP-245815,2016-03-31,N/A,N/A
liverpool,5550633.5,USD,OP-186778,26/07/2020,N/A,N/A
GRUPO BIMBO,1706556.43,MXN,OP-814482,"May 21, 2018",27-Feb-2022,1378
bbva méxico,918459.95,EUR,OP-305299,"January 24, 2020",N/A,N/A
américa móvil,6522073.65,MXN,OP-697412,20-Jul-2022,N/A,N/A
FEMSA,7526410.85,MXN,OP-288502,2019-07-12,N/A,N/A
GRUPO BIMBO,3297155.57,EUR,OP-929581,2018-11-12,N/A,N/A
liverpool,3161862.76,USD,OP-171704,2021-03-03,N/A,N/A
walmart de méxico,2016168.14,EUR,OP-428256,17/01/2017,30-Mar-2022,1898
femsa,1888227.26,USD,OP-181502,26-Jan-2024,14-Jul-2024,170
LIVERPOOL,984547.7,MXN,OP-139729,04/06/2024,N/A,N/A
walmart de méxico,8025912.26,MXN,OP-603704,2019-03-03,N/A,N/A
CEMEX,914300.5,EUR,OP-216448,28/12/2024,N/A,N/A
grupo bimbo,6123225.88,USD,OP-165036,2018-04-26,19-Oct-2021,1272
pemex,3104192.61,EUR,OP-100287,01-Oct-2019,"September 30, 2023",1460
BANORTE,2942192.48,EUR,OP-901728,2023-06-16,N/A,N/A
alsea,4885732.79,MXN,OP-631113,"May 15, 2022",19-Oct-2023,522
AMÉRICA MÓVIL,6028609.6,MXN,OP-672072,20/06/2020,2025-07-17,1853
grupo lala,8593254.91,USD,OP-547631,2017-04-28,23/01/2019,635
SORIANA,7467871.81,USD,OP-745986,02/10/2021,N/A,N/A
GRUPO CARSO,7949424.49,EUR,OP-469158,"October 06, 2017",13-Dec-2019,798
grupo carso,9664751.7,MXN,OP-837254,"December 28, 2022",N/A,N/A
TELMEX,152698.18,USD,OP-620880,2017-05-29,28/05/2025,2921
BBVA MÉXICO,2977014.64,USD,OP-702071,02-Jun-2024,N/A,N/A
WALMART DE MÉXICO,554635.94,USD,OP-795736,14/08/2025,N/A,N/A
banorte,3672936.13,MXN,OP-143568,04-Oct-2020,N/A,N/A
GRUPO CARSO,7622698.68,EUR,OP-936592,"March 24, 2021",16/08/2025,1606
BBVA MÉXICO,7057290.84,MXN,OP-311933,22/11/2015,03/02/2022,2292
alsea,9596009.07,EUR,OP-430157,2017-01-19,21-Aug-2022,2040
AMÉRICA MÓVIL,3218438.4,EUR,OP-893945,27-Feb-2016,13-Nov-2016,260
grupo bimbo,397436.44,EUR,OP-499480,28/09/2019,N/A,N/A
grupo bimbo,8798237.66,EUR,OP-769022,"June 23, 2024",N/A,N/A
soriana,8805452.87,EUR,OP-484622,2019-06-06,"March 28, 2020",296
AMÉRICA MÓVIL,2490746.71,USD,OP-793293,2023-12-26,N/A,N/A
grupo méxico,2270740.04,USD,OP-312702,15/10/2021,N/A,N/A
liverpool,2361404.65,USD,OP-368988,"January 11, 2017",N/A,N/A
BANORTE,6642167.46,EUR,OP-236374,01-Oct-2015,N/A,N/A
GRUPO MÉXICO,8610621.39,USD,OP-586391,"July 08, 2016",2022-04-29,2121
grupo bimbo,8971313.21,EUR,OP-434957,21-Jun-2020,14-Jul-2022,753
grupo carso,1337911.22,MXN,OP-283605,05/05/2017,17/03/2025,2873
grupo méxico,3442257.15,EUR,OP-573553,25-Jan-2024,N/A,N/A
bbva méxico,5604279.77,MXN,OP-186858,05/05/2019,N/A,N/A
telmex,9093713.1,MXN,OP-671301,"June 02, 2021",N/A,N/A
bbva méxico,4772561.95,MXN,OP-978584,"February 02, 2017",30/05/2024,2674
CEMEX,2245964.27,USD,OP-775732,2023-02-28,N/A,N/A
BBVA MÉXICO,5533858.25,EUR,OP-962758,04/12/2018,N/A,N/A
grupo carso,7263537.83,EUR,OP-848567,24/11/2017,01-Oct-2023,2137
femsa,6608902.19,USD,OP-154945,04/03/2019,23-Apr-2024,1847
alsea,3663372.76,EUR,OP-219831,21/05/2020,N/A,N/A
banorte,1689251.21,EUR,OP-932614,25-May-2024,N/A,N/A
grupo méxico,8751730.58,EUR,OP-484151,21/04/2018,N/A,N/A
soriana,9342631.93,EUR,OP-308330,"January 09, 2022",18-Aug-2024,952
femsa,9486299.6,EUR,OP-508353,30-Oct-2017,2020-12-07,1134
banorte,2318968.61,MXN,OP-871430,20/10/2024,N/A,N/A
grupo méxico,7848950.69,EUR,OP-313207,2021-09-02,N/A,N/A
GRUPO BIMBO,7741163.22,USD,OP-485960,08-Mar-2024,N/A,N/A
LIVERPOOL,5513654.74,EUR,OP-706761,2021-09-07,N/A,N/A
walmart de méxico,6612201.12,USD,OP-256049,"March 06, 2016",N/A,N/A
grupo lala,9756068.39,MXN,OP-333864,2016-04-03,"June 11, 2023",2625
grupo lala,8767608.78,MXN,OP-215987,28/02/2022,N/A,N/A
grupo bimbo,7794850.61,USD,OP-445772,05-Aug-2025,N/A,N/A
GRUPO BIMBO,3973335.98,USD,OP-906124,2025-07-27,N/A,N/A
grupo méxico,1191474.93,EUR,OP-585139,"February 21, 2020",31/12/2020,314
GRUPO LALA,2194918.11,USD,OP-256479,2023-05-17,N/A,N/A
AMÉRICA MÓVIL,3789176.35,EUR,OP-303950,27/09/2022,2024-06-08,620
grupo méxico,3293358.44,USD,OP-854193,2020-03-24,N/A,N/A
GRUPO LALA,4045879.86,MXN,OP-635877,08/08/2025,N/A,N/A
CEMEX,7283875.37,MXN,OP-466115,26-Feb-2021,"January 07, 2025",1411
soriana,7774886.62,EUR,OP-990455,18-Feb-2023,N/A,N/A
cemex,7162853.03,EUR,OP-494732,12-Apr-2022,N/A,N/A
banorte,9699303.3,EUR,OP-992503,2019-07-06,N/A,N/A
FEMSA,7405880.68,MXN,OP-489080,2022-07-01,N/A,N/A
AMÉRICA MÓVIL,4530515.84,EUR,OP-574923,"February 01, 2017",2025-04-08,2988
LIVERPOOL,9300061.28,EUR,OP-236986,28-Apr-2023,N/A,N/A
SORIANA,5390463.91,MXN,OP-337484,"May 23, 2019",2023-01-29,1347
alsea,6748120.45,USD,OP-967970,"August 03, 2020",N/A,N/A
BANORTE,9536454.06,EUR,OP-333060,"July 30, 2021",N/A,N/A
grupo bimbo,9025981.83,EUR,OP-115515,10/03/2019,N/A,N/A
cemex,7791606.61,EUR,OP-120683,"December 29, 2021",N/A,N/A
telmex,7084724.88,USD,OP-231452,2021-07-09,N/A,N/A
grupo méxico,7420825.5,MXN,OP-433901,28/09/2018,24/12/2023,1913
PEMEX,3778528.54,EUR,OP-165422,"June 16, 2021",N/A,N/A
pemex,7321397.21,USD,OP-464549,"September 30, 2024",N/A,N/A
grupo bimbo,3863797.09,MXN,OP-390479,08/01/2023,N/A,N/A
AMÉRICA MÓVIL,1244538.86,MXN,OP-538625,2020-05-17,2020-07-02,46
BBVA MÉXICO,8623799.43,USD,OP-751820,04/04/2023,N/A,N/A
pemex,3061841.53,MXN,OP-739618,09-Sep-2018,24/09/2022,1476
SORIANA,1649256.76,EUR,OP-520528,21/12/2018,21/05/2025,2343
liverpool,1490633.38,MXN,OP-621054,"September 03, 2016",19-Jul-2023,2510
BBVA MÉXICO,4432219.39,USD,OP-844167,02/09/2021,N/A,N/A
cemex,9498263.83,EUR,OP-243750,01/01/2019,20-Jan-2023,1480
grupo carso,5275968.81,MXN,OP-196366,"April 16, 2020",09/10/2023,1242
pemex,4835785.94,MXN,OP-880280,20/10/2023,N/A,N/A
grupo lala,2873933.95,USD,OP-364049,08/09/2019,11-Apr-2022,976
GRUPO LALA,3033966.81,USD,OP-423128,2017-08-15,N/A,N/A
alsea,5662184.89,EUR,OP-261919,05-Jul-2017,2020-06-02,1063
BANORTE,6294499.17,MXN,OP-975177,2024-02-18,N/A,N/A
GRUPO CARSO,5757918.0,USD,OP-128189,"April 25, 2021",19/11/2021,208
américa móvil,6806224.85,MXN,OP-148327,2025-08-16,N/A,N/A
telmex,4069890.94,EUR,OP-119699,2019-08-15,N/A,N/A
TELMEX,1421586.1,MXN,OP-704360,"May 19, 2019",N/A,N/A
LIVERPOOL,8749780.61,EUR,OP-619832,02-Oct-2024,N/A,N/A
banorte,6786453.24,EUR,OP-335794,"November 25, 2022",N/A,N/A
AMÉRICA MÓVIL,4791242.82,EUR,OP-266208,27/11/2024,N/A,N/A
BBVA MÉXICO,8164372.95,USD,OP-687929,17-Jul-2017,01-Jul-2021,1445
PEMEX,5702037.97,MXN,OP-927259,10/09/2023,"March 31, 2024",174
liverpool,9940640.1,MXN,OP-122964,"October 11, 2021",N/A,N/A
GRUPO CARSO,2151288.71,USD,OP-497808,16/10/2022,N/A,N/A
grupo méxico,7517876.51,USD,OP-371809,05-May-2019,N/A,N/A
WALMART DE MÉXICO,5109501.34,USD,OP-270535,23-Feb-2020,N/A,N/A
grupo méxico,7214767.26,EUR,OP-774158,30/05/2019,"June 30, 2024",1858
banorte,8021122.8,MXN,OP-199047,07-May-2019,N/A,N/A
AMÉRICA MÓVIL,1563431.43,USD,OP-399517,"July 17, 2016",26/12/2017,527
GRUPO CARSO,8596655.79,USD,OP-995384,27/12/2017,25-Jul-2018,210
grupo carso,1162643.44,EUR,OP-441330,"November 19, 2019",01/01/2023,1139
GRUPO CARSO,9230659.56,EUR,OP-546019,"June 21, 2019",2021-06-29,739
grupo méxico,4623764.67,USD,OP-999302,"August 13, 2016",23/04/2021,1714
BANORTE,3935508.43,MXN,OP-533100,2019-08-05,2019-09-16,42
TELMEX,4131547.52,MXN,OP-685582,"March 20, 2025",N/A,N/A
PEMEX,8181506.11,EUR,OP-734110,26/09/2019,11-Feb-2020,138
BANORTE,2459900.48,EUR,OP-693890,30/06/2016,"December 04, 2016",157
ALSEA,5734336.46,USD,OP-978867,28-Aug-2017,"August 22, 2022",1820
grupo bimbo,4832905.59,USD,OP-789725,24-Apr-2019,08/07/2019,105
liverpool,3445717.14,EUR,OP-532230,21/08/2016,21-Jul-2018,699
GRUPO CARSO,2456169.56,MXN,OP-424791,14/01/2019,02-Mar-2022,1143
bbva méxico,8432869.21,MXN,OP-408539,"August 09, 2019",N/A,N/A
LIVERPOOL,8523667.14,EUR,OP-351236,"November 04, 2016",2021-09-11,1772
cemex,4053329.26,EUR,OP-573541,18/11/2017,N/A,N/A
grupo carso,1937440.52,MXN,OP-813928,28/04/2025,N/A,N/A
SORIANA,3669809.65,MXN,OP-668966,2017-10-22,"March 16, 2019",510
grupo carso,897174.95,USD,OP-392201,2018-08-18,N/A,N/A
liverpool,1762379.48,MXN,OP-258960,08-Aug-2016,2020-03-02,1302
grupo méxico,4536433.01,EUR,OP-621857,"August 21, 2018",03-May-2019,255
banorte,369944.56,USD,OP-802723,2016-09-05,16/03/2023,2383
liverpool,6277221.86,USD,OP-457439,2018-05-21,08/04/2024,2267
soriana,7919481.59,MXN,OP-974506,"October 14, 2016",N/A,N/A
bbva méxico,8646334.2,MXN,OP-374150,07/04/2018,"December 23, 2022",1633
américa móvil,4040232.32,EUR,OP-153720,"April 30, 2021",N/A,N/A
GRUPO CARSO,7227349.95,USD,OP-545249,10-Sep-2022,01/03/2023,115
CEMEX,5715058.38,EUR,OP-909855,04-Jun-2023,N/A,N/A
cemex,4127106.14,USD,OP-268461,30-Oct-2022,N/A,N/A
CEMEX,3552332.26,EUR,OP-228807,"April 25, 2020",N/A,N/A
pemex,2348305.2,EUR,OP-963719,11-Apr-2019,N/A,N/A
bbva méxico,7201145.14,USD,OP-359296,2022-03-08,N/A,N/A
CEMEX,3253777.62,MXN,OP-320206,22-Aug-2020,N/A,N/A
telmex,6658399.74,EUR,OP-985372,12/01/2025,N/A,N/A
bbva méxico,2280307.96,USD,OP-779634,"September 05, 2021",2024-11-14,1166
ALSEA,9769829.14,EUR,OP-766846,25-May-2016,2023-08-21,2644
banorte,2276040.89,USD,OP-870298,17-Nov-2017,N/A,N/A
TELMEX,3173788.86,USD,OP-850552,24/06/2024,N/A,N/A
LIVERPOOL,7204912.34,EUR,OP-918719,14-Apr-2017,29/03/2021,1445
GRUPO BIMBO,1100764.25,MXN,OP-423663,10/05/2025,N/A,N/A
GRUPO BIMBO,9935019.48,MXN,OP-300906,2024-01-02,N/A,N/A
GRUPO MÉXICO,2257774.36,USD,OP-478462,"October 18, 2021",N/A,N/A
BBVA MÉXICO,1321622.0,MXN,OP-842405,2016-10-19,26/10/2019,1102
WALMART DE MÉXICO,5521292.2,USD,OP-743914,22/09/2021,2024-09-02,1076
SORIANA,3353660.74,USD,OP-700498,"April 24, 2017",N/A,N/A
BBVA MÉXICO,7689078.21,MXN,OP-654979,13/12/2024,N/A,N/A
pemex,2732276.11,USD,OP-197051,26-Aug-2016,"June 02, 2021",1741
cemex,5809751.28,EUR,OP-897457,"March 12, 2025",N/A,N/A
grupo bimbo,1139307.29,USD,OP-171245,2020-06-23,N/A,N/A
soriana,7754599.51,MXN,OP-572517,05/03/2016,N/A,N/A
grupo lala,6377523.44,USD,OP-612147,"March 08, 2020",N/A,N/A
PEMEX,1176758.69,USD,OP-327420,2017-09-29,30/04/2022,1674
liverpool,8587342.68,EUR,OP-625103,10-Aug-2016,04/08/2020,1337
bbva méxico,9333506.19,USD,OP-599403,"April 04, 2022",N/A,N/A
SORIANA,5379606.44,MXN,OP-623654,"January 17, 2018",N/A,N/A
grupo lala,2431226.31,EUR,OP-249781,16-Dec-2023,N/A,N/A
telmex,6859409.67,EUR,OP-495975,01/01/2017,N/A,N/A
soriana,544917.89,EUR,OP-992796,"December 13, 2015",06-Oct-2022,2489
BBVA MÉXICO,1460975.83,USD,OP-725467,"June 14, 2016",02/01/2025,3154
BBVA MÉXICO,3501953.5,MXN,OP-700854,2020-06-30,"April 07, 2021",281
LIVERPOOL,6636174.93,USD,OP-591737,23-Jun-2020,N/A,N/A
FEMSA,7283194.26,USD,OP-288675,"August 24, 2024",N/A,N/A
BANORTE,7764496.07,EUR,OP-106813,21/09/2016,N/A,N/A
liverpool,5946330.3,MXN,OP-620641,"February 22, 2017","November 26, 2018",642
bbva méxico,1336694.81,MXN,OP-474014,04-May-2023,N/A,N/A
grupo carso,8756499.99,EUR,OP-954930,18/02/2016,2018-10-18,973
CEMEX,6505292.65,USD,OP-148385,25/04/2022,N/A,N/A
FEMSA,591296.16,MXN,OP-454789,"July 04, 2024",2024-09-06,64
grupo méxico,9736886.32,EUR,OP-828697,2024-03-24,N/A,N/A
BBVA MÉXICO,530116.96,EUR,OP-466237,2017-09-13,N/A,N/A
soriana,211443.92,MXN,OP-709782,25-Jan-2023,N/A,N/A
telmex,816840.36,MXN,OP-835954,09-Oct-2015,10/01/2024,3280
TELMEX,1746653.11,USD,OP-905109,25-Apr-2016,26/12/2024,3167
grupo lala,2595357.02,EUR,OP-539331,"February 19, 2019",30/11/2019,284
liverpool,3253778.48,USD,OP-733672,30/11/2016,17/05/2023,2359
grupo lala,2424320.52,USD,OP-188770,21-Jan-2024,N/A,N/A
cemex,214155.07,USD,OP-502819,08/03/2016,31/07/2017,362
femsa,2167990.98,EUR,OP-513631,02/12/2020,N/A,N/A
américa móvil,9201864.97,EUR,OP-148059,04/06/2017,N/A,N/A
grupo lala,5182212.26,USD,OP-801246,09/05/2023,N/A,N/A
bbva méxico,6705335.57,MXN,OP-706266,26-Sep-2016,"February 21, 2020",1243
pemex,661495.36,USD,OP-495487,11/11/2015,2020-08-15,1739
alsea,6313255.88,MXN,OP-278917,03-Oct-2016,22-Jan-2020,1206
cemex,2881515.57,MXN,OP-696387,12-Mar-2021,N/A,N/A
GRUPO CARSO,8123898.16,USD,OP-567939,2019-05-10,2020-05-06,362
BANORTE,1870876.31,USD,OP-943668,06-May-2017,N/A,N/A
liverpool,5423069.0,MXN,OP-527337,"October 30, 2022",25-Mar-2023,146
banorte,2898671.14,MXN,OP-162890,05-Dec-2021,N/A,N/A
américa móvil,7639816.12,EUR,OP-957343,11/11/2018,N/A,N/A
GRUPO CARSO,7810841.98,MXN,OP-444278,30/06/2025,N/A,N/A
SORIANA,9208110.91,USD,OP-557823,2023-06-21,N/A,N/A
soriana,7675196.5,EUR,OP-341435,"June 09, 2018",2021-11-29,1269
FEMSA,9769697.15,EUR,OP-459965,01-Jul-2016,2023-07-07,2562
bbva méxico,5174067.95,EUR,OP-911251,"September 03, 2018","October 11, 2023",1864
bbva méxico,2174572.17,EUR,OP-270039,05-Apr-2025,N/A,N/A
walmart de méxico,7404801.29,MXN,OP-158438,24-Jul-2019,N/A,N/A
cemex,415880.54,EUR,OP-155315,2024-11-03,N/A,N/A
WALMART DE MÉXICO,9764136.65,EUR,OP-246539,"September 16, 2018",17/07/2025,2496
alsea,5022732.64,EUR,OP-641578,2018-11-01,"April 21, 2021",902
bbva méxico,1278081.61,MXN,OP-616635,28-Feb-2023,N/A,N/A
ALSEA,3645082.91,MXN,OP-799682,2019-08-02,N/A,N/A
LIVERPOOL,1016259.93,MXN,OP-454207,"May 22, 2020",N/A,N/A
bbva méxico,2345612.37,USD,OP-938787,05/04/2019,N/A,N/A
SORIANA,4679732.64,USD,OP-542035,31-Jan-2018,25-Mar-2024,2245
bbva méxico,8386783.66,MXN,OP-689947,2025-03-12,N/A,N/A
femsa,263321.59,USD,OP-683457,"February 15, 2025",N/A,N/A
walmart de méxico,3753115.57,USD,OP-536492,2023-07-03,N/A,N/A
pemex,7514437.49,USD,OP-342179,08/07/2017,N/A,N/A
GRUPO LALA,5006006.77,MXN,OP-254744,05-Aug-2021,N/A,N/A
GRUPO LALA,8856711.92,EUR,OP-591768,2025-05-13,N/A,N/A
cemex,182126.2,USD,OP-581192,27/03/2016,N/A,N/A
CEMEX,5993190.78,EUR,OP-534713,2016-09-28,N/A,N/A
BBVA MÉXICO,166079.33,MXN,OP-669317,13-Jul-2017,N/A,N/A
femsa,5894899.66,USD,OP-676301,2019-02-03,"April 28, 2024",1911
grupo bimbo,6946608.04,USD,OP-488134,09-Aug-2020,N/A,N/A
GRUPO MÉXICO,9288971.02,MXN,OP-570475,"March 16, 2020",N/A,N/A
TELMEX,359128.07,USD,OP-193745,20-Nov-2022,N/A,N/A
soriana,4430550.71,USD,OP-190086,"October 25, 2024",N/A,N/A
soriana,170689.81,EUR,OP-525140,2017-01-18,12-Apr-2017,84
américa móvil,7500922.24,MXN,OP-307908,29/05/2025,N/A,N/A
BANORTE,7056841.64,MXN,OP-744160,16/03/2018,N/A,N/A
BBVA MÉXICO,8038476.03,EUR,OP-148062,24/05/2021,N/A,N/A
PEMEX,7091444.66,EUR,OP-777771,2016-04-17,"September 07, 2022",2334
BBVA MÉXICO,7227572.29,EUR,OP-664022,"January 21, 2025",N/A,N/A
AMÉRICA MÓVIL,4141110.88,MXN,OP-735118,13/03/2021,15/09/2023,916
GRUPO CARSO,5313251.83,EUR,OP-718128,27/06/2023,N/A,N/A
GRUPO LALA,4877614.01,MXN,OP-992264,22-Aug-2019,N/A,N/A
walmart de méxico,6845320.23,USD,OP-705323,2017-02-16,2023-12-11,2489
GRUPO CARSO,5206231.83,MXN,OP-524722,2020-05-15,"February 14, 2025",1736
WALMART DE MÉXICO,8656460.55,MXN,OP-969196,07-May-2023,N/A,N/A
TELMEX,8201329.12,USD,OP-916766,2022-05-07,N/A,N/A
telmex,7408203.4,EUR,OP-243908,2024-08-24,N/A,N/A
grupo carso,6359716.57,USD,OP-961084,29-Jun-2019,N/A,N/A
bbva méxico,4536450.66,EUR,OP-555553,2019-07-12,2021-08-11,761
telmex,533795.84,EUR,OP-511181,2018-10-06,N/A,N/A
PEMEX,3433990.08,EUR,OP-964892,23/07/2019,2023-07-23,1461
FEMSA,5772491.05,EUR,OP-521772,2018-02-03,04-Jun-2024,2313
femsa,7216472.83,EUR,OP-607052,2024-04-09,N/A,N/A
américa móvil,1343917.65,USD,OP-877458,"July 31, 2023",30/06/2025,700
bbva méxico,5318999.87,EUR,OP-236285,12-Jan-2017,15/10/2024,2833
CEMEX,1530245.44,MXN,OP-924536,30-May-2021,"June 20, 2021",21
GRUPO BIMBO,8845012.92,EUR,OP-951862,2016-06-27,09/10/2018,805
GRUPO CARSO,9352150.63,MXN,OP-131543,2024-04-12,N/A,N/A
LIVERPOOL,489883.94,MXN,OP-790553,03/09/2019,N/A,N/A
pemex,5250771.61,USD,OP-324797,"February 10, 2019",2021-01-07,697
pemex,9950582.24,USD,OP-661695,"January 06, 2016","February 26, 2016",51
ALSEA,6188656.09,EUR,OP-970108,2024-01-09,N/A,N/A
grupo bimbo,5395374.24,MXN,OP-722798,2024-06-28,N/A,N/A
BBVA MÉXICO,1297547.08,USD,OP-134742,"December 04, 2023",N/A,N/A
soriana,4583779.1,USD,OP-687587,25/07/2024,N/A,N/A
LIVERPOOL,8193891.74,MXN,OP-955326,02/07/2021,N/A,N/A
telmex,9981298.38,USD,OP-698322,2020-02-27,"August 20, 2024",1636
soriana,5229483.36,USD,OP-104549,07-Oct-2017,08/09/2021,1402
ALSEA,6275104.96,EUR,OP-804517,17-Jul-2017,"May 09, 2024",2488
alsea,5670337.67,USD,OP-273316,2024-06-25,N/A,N/A
liverpool,4698532.38,USD,OP-228614,19-May-2020,N/A,N/A
GRUPO LALA,5413809.33,MXN,OP-415297,10-Mar-2022,05-May-2023,421
SORIANA,1143849.21,EUR,OP-403861,"June 06, 2021","August 09, 2021",64
LIVERPOOL,4030212.19,EUR,OP-444893,16/03/2020,12/01/2020,260
BBVA MÉXICO,2617666.79,EUR,OP-432175,31/03/2019,N/A,N/A
grupo bimbo,684778.09,USD,OP-857086,18/05/2018,2023-06-17,1856
grupo carso,4630054.32,MXN,OP-597582,12/03/2021,2024-12-23,1116
banorte,5266660.43,MXN,OP-625204,"January 26, 2025",N/A,N/A
cemex,4844511.54,EUR,OP-219269,15/10/2021,N/A,N/A
PEMEX,8565481.87,USD,OP-284213,29/06/2022,2022-12-18,172
SORIANA,8205118.75,USD,OP-918201,15/08/2020,07-Oct-2021,418
PEMEX,9182006.48,USD,OP-178917,2017-05-17,24-Oct-2020,1256
SORIANA,6993077.68,USD,OP-584912,09/08/2020,N/A,N/A
telmex,4523684.24,EUR,OP-855998,18-Aug-2022,N/A,N/A
PEMEX,6327339.0,EUR,OP-852061,05-Feb-2020,2025-03-14,1864
walmart de méxico,6328933.53,USD,OP-341772,10/08/2016,29-Apr-2021,1664
BANORTE,6031003.66,USD,OP-572101,27/04/2016,"May 08, 2021",1837
AMÉRICA MÓVIL,8339804.03,MXN,OP-865626,07/06/2018,"October 16, 2023",1928
AMÉRICA MÓVIL,7212554.14,USD,OP-549923,2022-02-01,"April 29, 2023",452
femsa,8614040.22,EUR,OP-539640,"September 23, 2022",2022-12-07,75
GRUPO LALA,3420312.54,MXN,OP-707457,21/02/2024,N/A,N/A
CEMEX,3667629.6,USD,OP-780126,2016-10-05,2022-09-19,2175
alsea,5773093.67,MXN,OP-940153,11-Apr-2022,N/A,N/A
banorte,8434878.47,EUR,OP-421864,"October 25, 2016",2021-07-19,1728
cemex,6881330.66,EUR,OP-353681,"December 31, 2019",N/A,N/A
PEMEX,5850055.2,EUR,OP-572027,"May 03, 2016",08/10/2024,3021
GRUPO CARSO,9376675.23,EUR,OP-347766,"August 28, 2017",04-May-2022,1710
bbva méxico,7108351.56,MXN,OP-869687,"March 06, 2021",N/A,N/A
grupo lala,670465.48,MXN,OP-693194,13-Feb-2021,N/A,N/A
BBVA MÉXICO,8872283.0,EUR,OP-859123,05-Jan-2024,N/A,N/A
TELMEX,4296113.79,EUR,OP-845150,"September 18, 2017",N/A,N/A
grupo bimbo,4837082.3,EUR,OP-280337,20/07/2025,N/A,N/A
GRUPO BIMBO,8250820.85,MXN,OP-618974,"November 25, 2016",20/12/2019,1120
alsea,958775.09,MXN,OP-427217,2017-01-28,21/02/2021,1485
grupo méxico,3315041.55,EUR,OP-660659,"September 07, 2016",N/A,N/A
liverpool,3527825.38,USD,OP-162204,"September 04, 2023",N/A,N/A
BANORTE,7791935.73,EUR,OP-332963,18-Jun-2019,"February 27, 2020",254
PEMEX,8420120.73,USD,OP-219505,22/03/2018,05/06/2022,1506
walmart de méxico,1124135.97,USD,OP-342644,"October 11, 2023",N/A,N/A
liverpool,1712606.92,MXN,OP-370014,"July 07, 2025",N/A,N/A
GRUPO BIMBO,9269580.24,EUR,OP-309367,10-Aug-2022,N/A,N/A
femsa,2307905.11,USD,OP-825578,2019-11-14,N/A,N/A
américa móvil,8226316.63,EUR,OP-348485,16/01/2024,N/A,N/A
grupo bimbo,4697079.98,USD,OP-109265,22/07/2025,N/A,N/A
bbva méxico,1978188.94,EUR,OP-992503,26-Jul-2018,N/A,N/A
bbva méxico,237536.35,EUR,OP-423375,16-Feb-2017,N/A,N/A
banorte,5789844.8,MXN,OP-884552,21-Aug-2025,N/A,N/A
AMÉRICA MÓVIL,1027037.76,USD,OP-884128,25-Nov-2015,N/A,N/A
TELMEX,1545919.61,MXN,OP-909621,"May 20, 2022",N/A,N/A
GRUPO CARSO,4237128.96,USD,OP-888326,25-Dec-2022,N/A,N/A
BANORTE,287181.37,MXN,OP-564996,05/10/2020,26/10/2024,1630
BANORTE,1992877.53,EUR,OP-531577,13-Oct-2022,N/A,N/A
pemex,2495938.85,MXN,OP-269669,20/02/2025,N/A,N/A
TELMEX,6072461.18,USD,OP-722251,22-Dec-2016,07/01/2019,921
cemex,2120985.18,USD,OP-647217,07-Oct-2020,N/A,N/A
femsa,6522908.88,USD,OP-465514,2020-02-21,N/A,N/A
PEMEX,4128684.21,MXN,OP-376176,2017-01-19,07/11/2021,1634
américa móvil,7973120.8,USD,OP-607152,09-Oct-2023,N/A,N/A
alsea,6788984.77,EUR,OP-277881,22/06/2020,N/A,N/A
CEMEX,3948362.44,MXN,OP-458985,23/03/2025,N/A,N/A
grupo bimbo,8537914.72,USD,OP-640320,17-Aug-2017,N/A,N/A
cemex,3068640.19,EUR,OP-476163,"September 21, 2019",N/A,N/A
grupo bimbo,1319170.87,MXN,OP-631736,05-Jan-2024,N/A,N/A
LIVERPOOL,2222041.76,MXN,OP-896965,2025-03-17,N/A,N/A
grupo carso,9374084.97,MXN,OP-487415,07-Feb-2018,N/A,N/A
bbva méxico,798275.96,USD,OP-853209,"July 03, 2024",N/A,N/A
cemex,6467937.22,MXN,OP-951516,2016-06-17,11-Nov-2023,2703
liverpool,8015581.79,USD,OP-244345,09-Jan-2020,"October 23, 2020",288
GRUPO LALA,5351392.44,USD,OP-755579,2025-04-24,N/A,N/A
bbva méxico,9960150.16,EUR,OP-888843,2018-11-16,"July 18, 2021",975
américa móvil,3582987.32,MXN,OP-444957,"May 10, 2020",2025-07-12,1889
grupo bimbo,5201935.86,USD,OP-213285,"July 14, 2021",N/A,N/A
banorte,3725037.23,MXN,OP-215052,2025-07-13,N/A,N/A
walmart de méxico,4331452.04,MXN,OP-312913,2025-04-24,N/A,N/A
GRUPO LALA,1485769.09,EUR,OP-996548,24/07/2019,N/A,N/A
ALSEA,2505944.47,USD,OP-928680,12/06/2017,07-Jan-2019,397
PEMEX,6306830.42,MXN,OP-803922,05-Jan-2020,2020-08-14,222
banorte,343975.53,USD,OP-356746,2016-12-27,"October 08, 2023",2476
grupo lala,9485466.47,USD,OP-913773,10-Jul-2024,N/A,N/A
pemex,4493554.43,MXN,OP-488258,05/12/2017,"December 15, 2017",217
TELMEX,8568466.98,MXN,OP-401163,21/01/2022,N/A,N/A
GRUPO CARSO,7946673.37,MXN,OP-970268,2024-03-22,N/A,N/A
telmex,2664869.24,USD,OP-563672,03/12/2023,N/A,N/A
FEMSA,3151300.13,MXN,OP-936642,19-May-2019,N/A,N/A
ALSEA,6726786.07,USD,OP-983236,2018-12-20,N/A,N/A
GRUPO LALA,2222111.23,EUR,OP-621634,22/09/2016,29/01/2021,1590
américa móvil,1984905.45,EUR,OP-828765,27-Nov-2020,09-Jun-2025,1655
SORIANA,2675632.85,USD,OP-968854,"December 17, 2024",N/A,N/A
SORIANA,1964189.63,EUR,OP-174061,"December 17, 2022","October 29, 2024",682
BBVA MÉXICO,1495296.92,MXN,OP-916074,11-Aug-2019,"January 25, 2022",898
grupo lala,9437075.15,MXN,OP-789114,12-Feb-2022,N/A,N/A
SORIANA,5410108.95,USD,OP-469739,10-Jan-2025,N/A,N/A
soriana,1038055.45,MXN,OP-984240,11/06/2019,N/A,N/A
SORIANA,8716154.76,USD,OP-743656,02-Sep-2015,2021-08-16,2175
liverpool,9088294.51,MXN,OP-114184,20-May-2022,2023-10-19,517
américa móvil,5833850.93,EUR,OP-253035,2025-02-26,N/A,N/A
BBVA MÉXICO,8410621.39,MXN,OP-537670,"December 08, 2020","July 15, 2022",584
AMÉRICA MÓVIL,6796086.24,EUR,OP-656310,22/09/2024,N/A,N/A
BANORTE,4434483.43,EUR,OP-600706,"October 30, 2022",N/A,N/A
CEMEX,5732347.66,USD,OP-471633,20-Aug-2021,N/A,N/A
grupo carso,3778885.0,MXN,OP-270246,06-Feb-2016,25/05/2019,1204
telmex,2911471.79,MXN,OP-669915,10/01/2017,N/A,N/A
grupo méxico,2900626.01,USD,OP-748719,"February 02, 2025",N/A,N/A
LIVERPOOL,3830691.58,EUR,OP-809112,"December 23, 2021",N/A,N/A
banorte,2500624.23,MXN,OP-724866,"January 15, 2020",31/03/2023,1171
GRUPO MÉXICO,9166472.29,MXN,OP-684045,18/01/2022,N/A,N/A
américa móvil,9099482.21,USD,OP-617649,10/03/2016,"October 20, 2019",1112
CEMEX,9771369.01,MXN,OP-435437,2018-10-07,"August 26, 2020",689
SORIANA,7779500.15,USD,OP-244450,13-Mar-2019,"June 02, 2020",447
walmart de méxico,3395070.2,USD,OP-104250,08/02/2017,N/A,N/A
GRUPO LALA,3029004.78,USD,OP-381888,"November 23, 2016",29-Dec-2020,1497
GRUPO MÉXICO,3569773.19,MXN,OP-255098,24-May-2023,N/A,N/A
GRUPO BIMBO,4065855.33,EUR,OP-426311,17/04/2022,N/A,N/A
PEMEX,6587478.54,EUR,OP-391875,16/02/2022,27/02/2025,1107
banorte,2741031.48,EUR,OP-847593,22/03/2021,04/09/2022,383
LIVERPOOL,8453018.15,EUR,OP-161418,"November 25, 2024",N/A,N/A
GRUPO LALA,2559113.02,MXN,OP-298261,2016-07-25,"December 22, 2020",1611
liverpool,2887549.21,MXN,OP-859791,26/06/2024,N/A,N/A
PEMEX,2698742.61,MXN,OP-290721,09/03/2025,N/A,N/A
GRUPO LALA,6483705.45,EUR,OP-868680,25-May-2021,N/A,N/A
GRUPO LALA,4941202.88,USD,OP-966209,"December 06, 2023",N/A,N/A
cemex,1015281.64,USD,OP-108858,2023-10-10,N/A,N/A
grupo lala,1271747.25,EUR,OP-301939,"January 25, 2021",N/A,N/A
femsa,5056896.48,EUR,OP-332063,08/07/2019,N/A,N/A
soriana,9294848.22,EUR,OP-320807,10/06/2019,N/A,N/A
grupo carso,4786313.53,EUR,OP-705431,26/09/2022,N/A,N/A
SORIANA,6618677.03,EUR,OP-919795,07-Jul-2025,N/A,N/A
GRUPO CARSO,2185268.62,MXN,OP-692750,2024-09-21,N/A,N/A
WALMART DE MÉXICO,4723256.65,EUR,OP-398753,17/09/2015,N/A,N/A
soriana,1982687.06,EUR,OP-210376,2023-02-02,N/A,N/A
LIVERPOOL,7897970.18,MXN,OP-998801,"October 30, 2022",N/A,N/A
femsa,1009562.95,EUR,OP-554856,2017-05-30,05-Dec-2019,919
SORIANA,908911.56,USD,OP-275976,29/04/2018,N/A,N/A
walmart de méxico,6159463.62,USD,OP-758442,"October 19, 2019",N/A,N/A
SORIANA,299187.37,EUR,OP-591210,21-Jun-2025,N/A,N/A
BBVA MÉXICO,9680913.08,EUR,OP-620812,04/06/2017,"April 28, 2019",752
grupo carso,7133655.02,USD,OP-276268,"October 20, 2018",N/A,N/A
grupo méxico,6649015.02,MXN,OP-340379,14/03/2021,N/A,N/A
ALSEA,3734932.13,MXN,OP-159803,14/07/2019,"January 31, 2020",201
CEMEX,425531.76,EUR,OP-824135,"July 13, 2025",N/A,N/A
GRUPO BIMBO,3089717.96,EUR,OP-262480,27-Jan-2022,19/04/2023,447
liverpool,1194342.94,USD,OP-374076,16-Mar-2021,N/A,N/A
grupo carso,7036110.26,USD,OP-487492,04/04/2023,23/11/2023,233
WALMART DE MÉXICO,6611557.55,USD,OP-763946,19/03/2025,N/A,N/A
BANORTE,2113360.03,EUR,OP-893261,"June 15, 2017",03-Apr-2022,1753
telmex,9564776.77,MXN,OP-634472,2022-05-14,N/A,N/A
BANORTE,7442488.8,USD,OP-285070,"August 10, 2021",N/A,N/A
grupo lala,8388956.66,EUR,OP-414580,"March 19, 2024",N/A,N/A
BBVA MÉXICO,4293029.39,USD,OP-353630,2021-08-09,N/A,N/A
américa móvil,2842275.43,MXN,OP-348864,2019-05-02,2022-05-18,1112
AMÉRICA MÓVIL,4761221.14,USD,OP-292833,20-Aug-2018,"September 30, 2020",772
soriana,5741630.85,USD,OP-966651,13-Nov-2015,24-Mar-2022,2323
GRUPO MÉXICO,9260147.23,MXN,OP-647234,10-Mar-2019,17-Feb-2025,2171
pemex,5147489.5,MXN,OP-419610,29-Apr-2020,"March 26, 2023",1061
bbva méxico,5394225.75,USD,OP-158883,2016-08-25,N/A,N/A
femsa,2183001.83,USD,OP-905897,18/06/2018,N/A,N/A
AMÉRICA MÓVIL,9654420.78,USD,OP-868904,2016-03-31,N/A,N/A
grupo carso,5283701.59,USD,OP-281906,"October 23, 2024",N/A,N/A
grupo méxico,1175737.43,EUR,OP-458729,31-Oct-2015,29-Jul-2023,2828
alsea,7384247.99,USD,OP-496195,24-Oct-2023,N/A,N/A
GRUPO CARSO,3536534.33,EUR,OP-883551,07/01/2022,N/A,N/A
AMÉRICA MÓVIL,6687142.1,USD,OP-118238,20-Jan-2025,N/A,N/A
ALSEA,4474357.42,MXN,OP-204300,27-Oct-2023,N/A,N/A
FEMSA,889119.43,MXN,OP-912913,"May 19, 2023",28/06/2023,40
grupo méxico,6019661.17,MXN,OP-622088,2025-01-03,N/A,N/A
banorte,999702.77,USD,OP-793165,2018-01-13,06/10/2024,2340
grupo bimbo,1523344.87,EUR,OP-325053,"March 23, 2016",N/A,N/A
soriana,8211477.1,USD,OP-654630,26/09/2023,N/A,N/A
grupo bimbo,819570.51,MXN,OP-785498,"August 19, 2019",2019-11-11,84
SORIANA,8002272.06,MXN,OP-929018,23-Sep-2021,N/A,N/A
cemex,2073758.42,EUR,OP-239510,23-Sep-2024,N/A,N/A
FEMSA,2121888.02,MXN,OP-495146,2017-07-13,2021-03-19,1345
banorte,2304580.48,MXN,OP-536489,"July 11, 2016","October 25, 2018",836
LIVERPOOL,4738027.01,EUR,OP-259973,2015-10-01,2021-01-20,1938
américa móvil,2043834.79,MXN,OP-830806,2017-12-14,2022-06-21,1650
ALSEA,3630260.6,EUR,OP-542028,15/06/2020,N/A,N/A
GRUPO CARSO,2977429.21,USD,OP-127458,08/04/2017,2025-05-05,2831
SORIANA,2661326.47,USD,OP-537269,2025-08-05,N/A,N/A
AMÉRICA MÓVIL,1147029.72,USD,OP-689179,"September 05, 2019","April 10, 2023",1313
BBVA MÉXICO,646282.2,MXN,OP-390861,2023-10-29,N/A,N/A
banorte,561482.93,EUR,OP-889956,2016-11-15,20-Aug-2018,643
bbva méxico,6837115.93,EUR,OP-888897,25/04/2018,N/A,N/A
liverpool,4881574.69,MXN,OP-244908,10-Oct-2022,N/A,N/A
GRUPO MÉXICO,6045919.46,EUR,OP-357331,2021-05-25,N/A,N/A
walmart de méxico,2213621.88,USD,OP-298891,26/10/2021,N/A,N/A
WALMART DE MÉXICO,3322671.77,EUR,OP-519340,"September 07, 2017",24/01/2022,1600
banorte,894721.58,EUR,OP-136538,"November 20, 2018",28/12/2024,2230
GRUPO LALA,3803177.04,EUR,OP-545871,"July 05, 2019",05-Mar-2025,2070
pemex,2060741.46,MXN,OP-971280,2022-11-04,N/A,N/A
grupo carso,5118533.66,USD,OP-858132,10-Nov-2021,N/A,N/A
femsa,3168468.97,USD,OP-883195,02-Oct-2022,02-Jun-2025,974
bbva méxico,7934444.09,MXN,OP-840192,2022-02-09,N/A,N/A
grupo lala,8756002.18,USD,OP-960899,2015-11-26,N/A,N/A
GRUPO BIMBO,5189962.14,EUR,OP-293997,02/09/2019,N/A,N/A
ALSEA,2274100.61,EUR,OP-260200,2021-08-17,2022-04-30,256
banorte,9491905.61,MXN,OP-280621,03/03/2018,03-Apr-2021,1127
grupo méxico,8732302.01,EUR,OP-869189,22/03/2020,N/A,N/A
BANORTE,3006076.82,MXN,OP-221637,16/03/2023,N/A,N/A
AMÉRICA MÓVIL,1083610.34,USD,OP-149161,"October 09, 2019",N/A,N/A
grupo méxico,6842017.78,USD,OP-743242,2021-04-26,12/07/2021,225
BANORTE,3537188.71,USD,OP-383037,26-Oct-2020,N/A,N/A
BBVA MÉXICO,2430758.29,EUR,OP-376720,01/11/2023,N/A,N/A
grupo bimbo,6431418.51,EUR,OP-289931,11-Sep-2018,28/02/2020,535
GRUPO MÉXICO,8761237.47,EUR,OP-812555,2019-07-16,N/A,N/A
SORIANA,9143607.58,MXN,OP-531806,18/10/2019,"May 30, 2024",1686
femsa,9372985.58,USD,OP-790255,2024-10-09,N/A,N/A
liverpool,2910918.38,EUR,OP-872379,16/11/2021,2022-06-24,220
grupo bimbo,3335586.06,MXN,OP-452337,2023-10-28,25/04/2024,180
grupo lala,4495028.6,EUR,OP-148498,16-Jun-2023,N/A,N/A
banorte,2104370.14,EUR,OP-163402,2016-01-27,N/A,N/A
GRUPO CARSO,4666246.05,USD,OP-308901,"May 09, 2025",N/A,N/A
soriana,2126108.97,USD,OP-249290,"July 05, 2022",N/A,N/A
BBVA MÉXICO,5543688.64,MXN,OP-853863,24-May-2020,12/03/2024,1654
soriana,9958037.0,USD,OP-401960,"January 16, 2016",29-Sep-2021,2083
PEMEX,9192805.67,USD,OP-367818,2016-02-20,30/06/2016,131
ALSEA,8718122.76,USD,OP-701902,"March 10, 2023",N/A,N/A
femsa,5498057.58,MXN,OP-330880,2024-06-06,N/A,N/A
femsa,5568232.06,EUR,OP-743942,"December 24, 2021",N/A,N/A
BANORTE,6221670.92,EUR,OP-690502,"January 19, 2019",19-Feb-2022,1127
PEMEX,5410702.97,MXN,OP-355267,2017-05-30,18/03/2024,2484
grupo bimbo,2899531.41,USD,OP-115863,"August 02, 2021",N/A,N/A
banorte,4229146.7,USD,OP-627769,06/01/2016,N/A,N/A
liverpool,6425056.9,MXN,OP-793582,08-Oct-2018,N/A,N/A
américa móvil,500638.41,MXN,OP-554228,"February 14, 2022",16-Nov-2024,1006
CEMEX,1909043.22,MXN,OP-641817,2016-04-14,2021-02-24,1777
BANORTE,3194305.03,EUR,OP-482032,03/02/2025,N/A,N/A
TELMEX,6121592.1,USD,OP-777700,2020-02-15,17/02/2023,1098
GRUPO LALA,8780830.24,USD,OP-791491,"April 08, 2018",28/10/2023,2029
CEMEX,3520546.73,USD,OP-565664,05/09/2019,"October 10, 2019",154
grupo lala,6944559.29,EUR,OP-584012,19/08/2017,12/06/2024,2666
PEMEX,4552663.54,USD,OP-259881,2022-09-03,N/A,N/A
FEMSA,490443.21,EUR,OP-427278,2017-04-29,29-Aug-2021,1583
GRUPO LALA,7537544.63,EUR,OP-434940,06/03/2022,N/A,N/A
liverpool,422618.64,MXN,OP-511304,05-Feb-2017,12/02/2020,1396
CEMEX,8633966.28,EUR,OP-329651,2020-01-01,N/A,N/A
GRUPO LALA,5974606.03,MXN,OP-662621,2022-07-14,"May 31, 2024",687
liverpool,2221356.82,EUR,OP-729516,2019-04-01,N/A,N/A
grupo lala,4859207.3,USD,OP-150630,08-Dec-2017,N/A,N/A
LIVERPOOL,7125244.17,EUR,OP-840716,29/04/2018,N/A,N/A
grupo méxico,7080121.74,USD,OP-543784,19-Aug-2016,12-Jul-2020,1423
ALSEA,350681.73,EUR,OP-567056,26/12/2022,2023-07-17,203
SORIANA,7614325.43,EUR,OP-877508,"June 13, 2020",N/A,N/A
GRUPO MÉXICO,9843403.03,EUR,OP-309364,26/02/2024,N/A,N/A
TELMEX,2788088.47,MXN,OP-907836,09/03/2022,N/A,N/A
LIVERPOOL,6785150.23,EUR,OP-758251,11-Sep-2020,19-Apr-2021,220
américa móvil,2181894.33,MXN,OP-176882,03/01/2019,25-Dec-2024,2126
BANORTE,7569683.36,MXN,OP-316775,"September 29, 2019",N/A,N/A
CEMEX,4098363.44,EUR,OP-794942,2022-05-15,N/A,N/A
soriana,9979317.48,MXN,OP-608463,"January 01, 2017",N/A,N/A
grupo carso,453962.05,USD,OP-691332,"December 28, 2015",N/A,N/A
LIVERPOOL,4720527.12,USD,OP-476385,22-Mar-2025,N/A,N/A
SORIANA,7740390.31,MXN,OP-918253,15/05/2020,07/07/2020,53
liverpool,8312973.91,MXN,OP-140943,13/11/2022,N/A,N/A
liverpool,5847362.83,MXN,OP-309133,"June 08, 2020",N/A,N/A
pemex,6451795.28,USD,OP-957997,"May 13, 2020",N/A,N/A
BBVA MÉXICO,3387200.31,MXN,OP-542564,08-Aug-2024,N/A,N/A
WALMART DE MÉXICO,2989463.56,EUR,OP-705974,2016-07-10,N/A,N/A
telmex,7451621.63,USD,OP-572419,03-Nov-2022,13-Dec-2022,40
banorte,5687665.18,MXN,OP-424494,13-May-2024,N/A,N/A
bbva méxico,6347949.62,MXN,OP-297350,"August 06, 2023",31/07/2024,360
BANORTE,1191236.26,MXN,OP-934754,09-Aug-2018,"January 04, 2021",879
telmex,3752248.5,MXN,OP-724062,27-Oct-2017,20/09/2018,328
telmex,2670135.7,MXN,OP-519206,"September 01, 2020",N/A,N/A
BANORTE,5194225.5,USD,OP-948848,07-Oct-2018,N/A,N/A
femsa,109428.03,USD,OP-362957,24/09/2017,"April 07, 2019",560
soriana,6176683.85,EUR,OP-379479,2016-07-18,31/12/2021,1992
GRUPO CARSO,4684614.32,EUR,OP-446576,07-Sep-2020,2022-10-19,772
TELMEX,8386299.61,EUR,OP-221682,"December 14, 2020",N/A,N/A
GRUPO MÉXICO,2419363.66,EUR,OP-353716,2018-10-15,2020-02-23,496
bbva méxico,3233141.21,MXN,OP-380669,13/12/2020,N/A,N/A
GRUPO MÉXICO,3756834.32,EUR,OP-788232,29/04/2016,"October 19, 2019",1268
pemex,1251686.6,USD,OP-593330,"August 23, 2018",N/A,N/A
GRUPO LALA,4298953.06,USD,OP-640273,"July 13, 2024",N/A,N/A
AMÉRICA MÓVIL,5244204.02,EUR,OP-158652,29-Sep-2020,N/A,N/A
soriana,414725.37,USD,OP-319308,17-Aug-2021,2024-04-13,970
banorte,2922330.89,USD,OP-989272,"December 01, 2021",13/03/2023,467
soriana,4594627.72,EUR,OP-442812,2018-07-10,N/A,N/A
BANORTE,9285994.14,EUR,OP-161771,10-Oct-2024,"March 12, 2025",153
GRUPO MÉXICO,5332922.24,USD,OP-388893,29-Mar-2018,2025-06-17,2637
FEMSA,2028037.76,EUR,OP-777847,11-Jan-2023,N/A,N/A
bbva méxico,8523223.94,EUR,OP-787096,08-Jul-2025,N/A,N/A
TELMEX,582773.85,USD,OP-290210,29-Sep-2015,30-Sep-2017,732
grupo méxico,9809962.25,USD,OP-612714,29-Oct-2023,N/A,N/A
grupo lala,5112316.98,MXN,OP-424372,06/06/2017,"January 06, 2020",944
GRUPO MÉXICO,7056384.6,USD,OP-969435,14/05/2022,N/A,N/A
FEMSA,4587517.74,EUR,OP-996980,"March 03, 2017",2017-10-18,229
ALSEA,8685657.94,EUR,OP-966123,13-Jan-2024,N/A,N/A
pemex,7374557.38,EUR,OP-325091,29-Oct-2021,N/A,N/A
grupo méxico,3899846.63,MXN,OP-692890,23/05/2025,N/A,N/A
FEMSA,9073143.38,USD,OP-918116,2017-12-15,"February 16, 2020",793
BBVA MÉXICO,405243.3,EUR,OP-133687,"October 04, 2018","June 29, 2022",1364
ALSEA,8792252.56,USD,OP-775895,03/01/2024,N/A,N/A
CEMEX,4548846.72,USD,OP-804146,31-Aug-2023,N/A,N/A
AMÉRICA MÓVIL,2791541.9,EUR,OP-819931,2019-02-02,27/12/2023,1789
femsa,9020198.8,MXN,OP-133593,21-Jul-2020,21/02/2021,215
grupo bimbo,6268820.49,EUR,OP-888113,2019-08-13,29/12/2021,869
GRUPO CARSO,6215000.93,USD,OP-545151,07/03/2017,"June 13, 2022",1806
liverpool,6834828.28,MXN,OP-831179,14/02/2016,"February 19, 2023",2562
cemex,1434095.66,USD,OP-158271,2016-09-05,2017-12-26,477
bbva méxico,7761704.42,USD,OP-403369,26/10/2021,20-Mar-2023,510
grupo lala,9096810.24,USD,OP-853854,22/12/2022,N/A,N/A
bbva méxico,8208642.15,EUR,OP-386822,2023-02-02,N/A,N/A
SORIANA,3746357.06,USD,OP-121616,"July 21, 2020",N/A,N/A
walmart de méxico,9720504.54,USD,OP-847651,26/07/2016,"July 09, 2017",348
cemex,2291157.98,USD,OP-860597,14/10/2015,2017-09-27,714
GRUPO CARSO,7522673.2,USD,OP-722460,"December 28, 2021",N/A,N/A
BANORTE,6222956.6,USD,OP-106806,"December 02, 2015",N/A,N/A
TELMEX,6038221.1,USD,OP-959335,2018-04-06,2021-08-19,1231
pemex,256401.84,MXN,OP-353476,"August 24, 2016",08/10/2017,351
walmart de méxico,4897342.15,EUR,OP-671228,27/09/2015,N/A,N/A
banorte,8569936.75,MXN,OP-504953,25/04/2021,N/A,N/A
GRUPO MÉXICO,7396658.88,USD,OP-458113,2022-08-13,N/A,N/A
BBVA MÉXICO,6911388.59,USD,OP-723808,2021-12-24,N/A,N/A
liverpool,780903.04,MXN,OP-656404,"January 27, 2021",N/A,N/A
TELMEX,3946008.55,USD,OP-378601,"October 17, 2024",N/A,N/A
cemex,3872038.44,MXN,OP-869095,"March 12, 2016",N/A,N/A
SORIANA,8066662.0,MXN,OP-753668,2019-10-08,03/02/2021,511
grupo lala,9889146.23,EUR,OP-742597,2023-09-12,N/A,N/A
pemex,8828883.33,MXN,OP-558493,2024-03-23,N/A,N/A
BANORTE,2983830.32,EUR,OP-833037,"January 21, 2022",11-Feb-2024,751
américa móvil,9828488.36,MXN,OP-590712,"June 20, 2017",N/A,N/A
TELMEX,7946361.64,MXN,OP-789133,15/04/2024,N/A,N/A
cemex,6753008.71,USD,OP-619221,2021-06-03,N/A,N/A
GRUPO CARSO,7331198.2,EUR,OP-546211,15-Apr-2020,"July 22, 2023",1193
BBVA MÉXICO,1264316.58,USD,OP-765775,22-May-2017,N/A,N/A
grupo méxico,254041.64,USD,OP-471708,2024-06-24,N/A,N/A
GRUPO BIMBO,4723099.98,MXN,OP-517490,22/05/2023,N/A,N/A
CEMEX,9356546.89,MXN,OP-332890,"March 20, 2025",N/A,N/A
SORIANA,6450063.98,MXN,OP-511424,25-Nov-2020,N/A,N/A
soriana,9791730.73,MXN,OP-530665,07/03/2024,N/A,N/A
grupo méxico,6773217.15,USD,OP-491044,28/09/2017,N/A,N/A
GRUPO CARSO,7480483.19,EUR,OP-229613,"June 01, 2016",04-Aug-2024,2986
GRUPO BIMBO,5099468.31,EUR,OP-810888,"January 18, 2023",N/A,N/A
BBVA MÉXICO,3606182.47,EUR,OP-265343,05/06/2018,2019-09-04,486
GRUPO LALA,8988341.42,MXN,OP-744304,2024-01-29,N/A,N/A
telmex,9060576.65,MXN,OP-601193,"July 04, 2022",N/A,N/A
ALSEA,2967933.64,EUR,OP-108012,05/08/2018,N/A,N/A
AMÉRICA MÓVIL,7524101.48,EUR,OP-624812,08-May-2021,N/A,N/A
PEMEX,6327560.18,MXN,OP-682155,18/09/2015,06/03/2018,989
WALMART DE MÉXICO,5687545.84,EUR,OP-381701,2019-06-05,N/A,N/A
GRUPO BIMBO,5190429.49,MXN,OP-721132,27/12/2017,N/A,N/A
soriana,5846477.28,USD,OP-425209,2016-08-16,N/A,N/A
soriana,5484225.76,EUR,OP-685142,"September 03, 2019",N/A,N/A
GRUPO MÉXICO,8152234.61,EUR,OP-628004,16-Apr-2016,2025-07-05,3367
PEMEX,4108679.27,MXN,OP-374187,26-Jul-2017,N/A,N/A
grupo carso,6524854.89,USD,OP-427513,2022-02-24,N/A,N/A
CEMEX,6929033.81,USD,OP-110518,15-Feb-2018,2024-03-18,2223
grupo méxico,2019549.05,MXN,OP-956956,2018-01-17,2024-12-01,2510
GRUPO MÉXICO,999427.61,EUR,OP-434023,19-Jun-2022,N/A,N/A
cemex,643444.39,EUR,OP-939729,2024-05-27,N/A,N/A
grupo méxico,1999364.03,EUR,OP-650274,24/12/2023,N/A,N/A
liverpool,1742524.05,USD,OP-986804,2022-11-27,N/A,N/A
américa móvil,430947.12,USD,OP-602423,24/03/2025,N/A,N/A
pemex,2926759.66,USD,OP-492300,"May 18, 2018",03/06/2019,292
banorte,3345333.16,MXN,OP-313786,2016-08-10,"May 20, 2017",283
pemex,9903176.55,USD,OP-913752,03-Jul-2025,N/A,N/A
LIVERPOOL,5732436.91,EUR,OP-843335,13-Jan-2025,22-Feb-2025,40
LIVERPOOL,8192474.96,USD,OP-778349,04/08/2025,N/A,N/A
PEMEX,2613086.23,EUR,OP-503930,02-Jan-2018,N/A,N/A
walmart de méxico,9151741.27,EUR,OP-909599,2016-05-31,06-Sep-2020,1559
FEMSA,8112297.53,MXN,OP-798470,2017-11-20,2017-11-25,5
femsa,3977035.4,EUR,OP-774903,26-Aug-2019,N/A,N/A
grupo méxico,6896934.0,USD,OP-396437,27/07/2016,10-May-2023,2478
WALMART DE MÉXICO,2564276.03,USD,OP-957019,"March 09, 2018",N/A,N/A
pemex,1616478.17,EUR,OP-691178,"July 23, 2022",N/A,N/A
cemex,3806909.75,EUR,OP-720974,17-Feb-2019,N/A,N/A
femsa,9640186.1,USD,OP-913157,"January 21, 2025","February 24, 2025",34
pemex,2348654.96,USD,OP-470931,04/01/2018,N/A,N/A
pemex,2228771.73,EUR,OP-214951,23/06/2017,N/A,N/A
soriana,8833038.4,EUR,OP-380056,18/11/2020,30-Nov-2024,1473
grupo carso,5114623.15,USD,OP-191240,2025-05-25,N/A,N/A
BANORTE,6286934.75,MXN,OP-834623,23-May-2018,05/01/2019,343
ALSEA,9005460.73,MXN,OP-103960,08-Jul-2021,2024-02-11,948
pemex,9298141.36,MXN,OP-443600,2023-11-23,N/A,N/A
alsea,3500437.45,USD,OP-428932,15/01/2019,N/A,N/A
soriana,4770620.25,MXN,OP-409261,2019-11-14,N/A,N/A
bbva méxico,6340714.36,MXN,OP-729044,"August 19, 2024",N/A,N/A
CEMEX,2583985.48,EUR,OP-241087,2016-08-13,2019-06-23,1044
alsea,2042322.28,MXN,OP-800741,05/11/2018,"November 12, 2024",2377
PEMEX,3054642.86,EUR,OP-663794,30/07/2017,05/03/2023,2103
américa móvil,4336922.34,USD,OP-988224,"November 25, 2021",N/A,N/A
GRUPO BIMBO,7729780.2,EUR,OP-890085,27-Nov-2022,12-Dec-2022,15
cemex,4504280.69,MXN,OP-953123,15/01/2025,N/A,N/A
américa móvil,7779807.09,USD,OP-341731,07-Dec-2017,2020-02-02,787
PEMEX,6243142.76,USD,OP-848107,2025-01-07,N/A,N/A
LIVERPOOL,5412013.42,EUR,OP-172541,2025-06-06,N/A,N/A
WALMART DE MÉXICO,3456364.57,EUR,OP-546421,21/03/2023,N/A,N/A
CEMEX,2650035.18,MXN,OP-365092,"March 14, 2021",N/A,N/A
GRUPO BIMBO,1081938.53,USD,OP-486389,"March 08, 2024",N/A,N/A
soriana,9736807.52,EUR,OP-212806,10-Dec-2021,N/A,N/A
GRUPO LALA,9008706.18,MXN,OP-418242,2021-12-17,N/A,N/A
femsa,9525638.7,USD,OP-602144,"November 09, 2021",02/08/2022,91
BBVA MÉXICO,5852880.32,EUR,OP-621122,"December 28, 2015","June 05, 2020",1621
FEMSA,4476152.35,MXN,OP-840749,25-Dec-2022,N/A,N/A
grupo lala,1247187.15,USD,OP-873987,2023-09-04,N/A,N/A
BBVA MÉXICO,3533688.11,MXN,OP-938198,2025-05-24,N/A,N/A
GRUPO MÉXICO,2521752.78,MXN,OP-611110,24/04/2021,N/A,N/A
PEMEX,6538108.5,EUR,OP-906569,2020-10-08,14/07/2022,644
GRUPO LALA,5867304.34,MXN,OP-817521,06-May-2016,21/12/2019,1324
ALSEA,741663.29,MXN,OP-259220,28/07/2024,N/A,N/A
grupo lala,9576047.75,EUR,OP-109038,09-Apr-2019,01-Aug-2020,480
bbva méxico,6843549.49,MXN,OP-193071,27/01/2021,2023-06-26,880
grupo carso,4944706.3,MXN,OP-194414,23-Jul-2018,10-Aug-2021,1114
WALMART DE MÉXICO,3639732.48,USD,OP-708053,25-Dec-2016,N/A,N/A
CEMEX,8185110.17,MXN,OP-521280,02/09/2024,N/A,N/A
grupo méxico,5583502.07,EUR,OP-160124,22-May-2024,N/A,N/A
GRUPO BIMBO,3462708.34,EUR,OP-852129,04/06/2023,N/A,N/A
TELMEX,469556.3,USD,OP-132299,"January 05, 2022",N/A,N/A
PEMEX,2782960.67,MXN,OP-366435,08-Oct-2018,08/09/2023,1766
soriana,8086885.0,USD,OP-195610,12/08/2024,N/A,N/A
banorte,3265321.46,MXN,OP-869393,05/09/2021,N/A,N/A
BBVA MÉXICO,9039654.31,MXN,OP-620317,2015-11-23,N/A,N/A
GRUPO MÉXICO,9988014.33,USD,OP-516742,01/08/2024,N/A,N/A
soriana,3317445.71,MXN,OP-549861,2019-02-05,N/A,N/A
alsea,1524378.49,EUR,OP-809123,15/10/2019,N/A,N/A
GRUPO LALA,3839781.15,MXN,OP-554641,02/01/2021,N/A,N/A
bbva méxico,7334541.46,MXN,OP-542104,07/12/2018,N/A,N/A
LIVERPOOL,3424781.16,MXN,OP-215974,"March 23, 2020",N/A,N/A
alsea,434478.86,MXN,OP-760378,11-Jan-2016,06/09/2019,1245
BANORTE,5153261.04,MXN,OP-357225,2022-08-07,N/A,N/A
FEMSA,8987125.67,EUR,OP-224813,29/08/2016,27-Dec-2022,2311
SORIANA,7829108.93,MXN,OP-623230,12/02/2021,N/A,N/A
SORIANA,7218481.6,EUR,OP-464476,18/08/2019,21-Dec-2023,1586
FEMSA,7633203.31,USD,OP-267722,"July 29, 2020",2020-11-16,110
AMÉRICA MÓVIL,6085665.88,USD,OP-697485,"September 26, 2022",27-Dec-2023,457
pemex,1737918.02,USD,OP-823322,12/12/2017,21-Nov-2019,709
FEMSA,9704615.93,USD,OP-403029,08/05/2017,2017-10-22,78
BANORTE,1473207.03,EUR,OP-317021,2017-02-28,01/01/2021,1403
FEMSA,5292234.39,EUR,OP-439193,27-Jan-2017,02/03/2018,372
cemex,6065251.49,EUR,OP-608034,22-May-2020,16/10/2024,1608
banorte,5120251.95,MXN,OP-839374,01-Nov-2019,2023-03-01,1216
FEMSA,181642.73,MXN,OP-532077,26-Feb-2022,N/A,N/A
BBVA MÉXICO,4151739.28,EUR,OP-863252,"March 26, 2022",2023-10-12,565
américa móvil,9755186.76,EUR,OP-898025,"February 03, 2016",2022-12-10,2502
walmart de méxico,9728465.38,MXN,OP-396407,"March 21, 2022",N/A,N/A
CEMEX,5511049.93,USD,OP-130754,2022-09-02,N/A,N/A
grupo bimbo,1837251.71,MXN,OP-937631,2019-10-12,N/A,N/A
GRUPO CARSO,8968256.14,USD,OP-719695,16/07/2017,2020-04-26,1015
GRUPO BIMBO,753588.04,USD,OP-527150,2023-02-02,N/A,N/A
liverpool,475011.91,MXN,OP-390233,08/02/2016,"July 13, 2023",2536
PEMEX,6344595.01,USD,OP-596055,"February 27, 2020",N/A,N/A
grupo carso,5697913.29,MXN,OP-802227,2019-01-14,N/A,N/A
GRUPO MÉXICO,2940925.0,MXN,OP-481591,2021-06-27,N/A,N/A
GRUPO LALA,9751524.29,EUR,OP-461667,"January 11, 2025",N/A,N/A
américa móvil,9100816.82,USD,OP-740213,2017-08-19,20/12/2020,1219
FEMSA,7686104.7,MXN,OP-166472,30/06/2017,N/A,N/A
femsa,6888972.79,MXN,OP-968902,"May 01, 2019",N/A,N/A
TELMEX,7969321.77,EUR,OP-756380,26/07/2024,N/A,N/A
FEMSA,4906714.19,USD,OP-723310,2023-09-20,N/A,N/A
ALSEA,9492736.64,MXN,OP-535626,"February 02, 2016",14-Oct-2019,1350
PEMEX,5387816.47,MXN,OP-905121,05-Jul-2016,2020-10-19,1567
LIVERPOOL,1898337.99,USD,OP-456307,04-Mar-2024,N/A,N/A
BANORTE,2012165.89,USD,OP-970485,"June 18, 2025",N/A,N/A
femsa,9041042.35,USD,OP-892730,"January 19, 2016",23/12/2024,3261
GRUPO MÉXICO,7856965.94,MXN,OP-358688,16/08/2019,2023-05-22,1375
alsea,9477989.71,USD,OP-456782,"April 07, 2025",N/A,N/A
alsea,1042105.88,EUR,OP-359275,09/02/2019,23-Aug-2025,2182
GRUPO LALA,4505759.93,MXN,OP-598300,08/07/2024,N/A,N/A
ALSEA,2834489.4,EUR,OP-444737,"July 21, 2017",2023-12-18,2341
walmart de méxico,5206391.29,USD,OP-239422,25-Jul-2019,"August 11, 2024",1844
femsa,1607964.1,EUR,OP-770953,2019-04-20,N/A,N/A
cemex,1693130.83,MXN,OP-778398,2023-04-20,N/A,N/A
LIVERPOOL,6735719.05,USD,OP-960461,2017-03-31,"July 19, 2017",110
BBVA MÉXICO,3849760.97,MXN,OP-233808,"January 01, 2021",N/A,N/A
GRUPO LALA,384580.43,USD,OP-968608,"November 10, 2024",N/A,N/A
banorte,5595205.79,MXN,OP-189400,"June 09, 2021",N/A,N/A
liverpool,6775493.83,USD,OP-672370,29/05/2022,N/A,N/A
bbva méxico,5040540.09,MXN,OP-339983,"April 14, 2022",N/A,N/A
telmex,9335410.67,EUR,OP-529370,24-Oct-2015,11/03/2021,2202
grupo méxico,3360113.07,EUR,OP-898301,"March 28, 2021",N/A,N/A
grupo bimbo,5953665.84,MXN,OP-862425,2024-04-07,N/A,N/A
AMÉRICA MÓVIL,4630545.58,MXN,OP-435843,2016-10-12,2018-09-20,708
CEMEX,1153877.0,MXN,OP-178689,07/01/2021,N/A,N/A
LIVERPOOL,6961600.96,USD,OP-345023,05-Jan-2023,N/A,N/A
telmex,2444237.43,EUR,OP-628385,16/01/2025,N/A,N/A
SORIANA,2421073.07,EUR,OP-368601,2024-11-11,N/A,N/A
liverpool,2030818.86,EUR,OP-370458,28/03/2019,N/A,N/A
grupo bimbo,3939393.35,USD,OP-581189,"January 22, 2017",09/06/2019,957
walmart de méxico,4246160.6,MXN,OP-314650,09-Mar-2023,N/A,N/A
walmart de méxico,6567290.59,MXN,OP-593438,"July 17, 2025",N/A,N/A
AMÉRICA MÓVIL,624638.9,EUR,OP-335084,"June 12, 2023",N/A,N/A
pemex,1123220.72,USD,OP-395743,2020-01-02,"January 29, 2024",1488
walmart de méxico,5313220.03,USD,OP-196546,"December 02, 2015","August 03, 2019",1340
grupo bimbo,2345984.21,MXN,OP-206595,"September 16, 2021",N/A,N/A
AMÉRICA MÓVIL,2852801.05,MXN,OP-442435,26-Nov-2020,N/A,N/A
grupo carso,1824013.1,EUR,OP-812521,"November 29, 2015",11/07/2022,2535
banorte,9822669.33,MXN,OP-756819,13-Dec-2019,16/07/2023,1311
BBVA MÉXICO,5258386.08,USD,OP-402816,2023-02-01,N/A,N/A
américa móvil,7534306.27,EUR,OP-390803,23-Jun-2016,20/10/2024,3041
telmex,6920743.97,MXN,OP-545988,"January 30, 2021",N/A,N/A
liverpool,5544228.03,MXN,OP-292742,27/05/2022,17/12/2024,935
GRUPO BIMBO,7032875.39,EUR,OP-673058,"July 02, 2023",N/A,N/A
walmart de méxico,260469.3,MXN,OP-863422,2023-06-09,N/A,N/A
américa móvil,3211640.73,MXN,OP-182211,2021-03-23,2023-10-31,952
FEMSA,1774727.84,MXN,OP-747765,06-Feb-2018,N/A,N/A
LIVERPOOL,8204562.47,EUR,OP-417264,27-Dec-2020,N/A,N/A
alsea,7226548.02,MXN,OP-167156,2022-02-16,"June 28, 2022",132
grupo carso,7303830.34,EUR,OP-949531,17/10/2023,07-Aug-2025,660
ALSEA,6770264.73,MXN,OP-458285,23-Apr-2021,"October 08, 2024",1264
telmex,9208432.48,MXN,OP-562737,09/05/2019,2025-08-04,2160
GRUPO LALA,7825565.45,EUR,OP-316421,"November 24, 2021",06/11/2024,930
CEMEX,9577424.85,MXN,OP-480294,"February 19, 2023",N/A,N/A
grupo bimbo,7495929.53,MXN,OP-420145,2025-01-25,N/A,N/A
CEMEX,3796346.88,USD,OP-344575,25-Oct-2022,2024-12-01,768
TELMEX,9067497.93,USD,OP-942855,17-Feb-2018,13-Jan-2021,1061
telmex,1914763.49,EUR,OP-678662,"December 18, 2015",N/A,N/A
WALMART DE MÉXICO,5494593.04,MXN,OP-147099,16-Nov-2022,11-Oct-2024,695
grupo lala,277016.49,MXN,OP-902908,06/01/2020,14/07/2021,408
bbva méxico,9928187.45,USD,OP-273903,27-Jul-2025,N/A,N/A
PEMEX,3524540.78,MXN,OP-214681,13/11/2021,N/A,N/A
GRUPO CARSO,4624845.64,MXN,OP-677459,14-Dec-2021,N/A,N/A
GRUPO MÉXICO,1395527.33,EUR,OP-134113,28-Jun-2025,N/A,N/A
LIVERPOOL,6812908.56,EUR,OP-577857,27-Nov-2017,12-Jul-2020,958
femsa,5704639.41,MXN,OP-335984,30-Mar-2024,N/A,N/A
BANORTE,6836480.88,EUR,OP-771545,30-Sep-2020,31-Jul-2025,1765
ALSEA,4664109.02,EUR,OP-708747,2018-02-26,2024-10-07,2415
banorte,5082058.23,USD,OP-347912,"March 22, 2022",N/A,N/A
GRUPO MÉXICO,9497417.19,MXN,OP-553224,"April 19, 2020",N/A,N/A
bbva méxico,7096165.16,USD,OP-185044,"May 22, 2017",N/A,N/A
GRUPO BIMBO,6562605.43,USD,OP-242093,18-Jul-2024,N/A,N/A
GRUPO LALA,8155985.78,MXN,OP-942471,21-Jun-2017,2022-07-24,1859
walmart de méxico,7527645.63,USD,OP-597972,2017-06-04,"November 24, 2020",1269
alsea,5949744.72,MXN,OP-935501,"December 18, 2020",N/A,N/A
ALSEA,362835.02,MXN,OP-984509,22-May-2023,N/A,N/A
américa móvil,1036123.27,EUR,OP-188020,"April 06, 2019",N/A,N/A
GRUPO MÉXICO,5004882.66,MXN,OP-945939,"December 12, 2016",09/04/2017,266
grupo carso,9705041.2,USD,OP-321587,17-Nov-2019,"June 30, 2021",591
WALMART DE MÉXICO,1489391.86,USD,OP-394157,"February 16, 2020",N/A,N/A
grupo lala,5448879.25,EUR,OP-537262,2023-06-02,N/A,N/A
GRUPO MÉXICO,4695476.2,MXN,OP-847541,04-Apr-2023,N/A,N/A
telmex,3818222.59,EUR,OP-648498,29-Aug-2017,N/A,N/A
PEMEX,7172874.32,EUR,OP-281826,2022-12-06,N/A,N/A
AMÉRICA MÓVIL,6566489.37,EUR,OP-383741,2017-03-06,10-Apr-2018,400
LIVERPOOL,4806534.56,USD,OP-555212,2019-03-02,06-Jun-2020,462
banorte,4922158.31,EUR,OP-310706,"March 21, 2018","January 17, 2020",667
AMÉRICA MÓVIL,8049877.36,MXN,OP-626700,2022-08-15,2023-09-10,391
GRUPO MÉXICO,5547566.66,USD,OP-406735,"August 19, 2023",N/A,N/A
WALMART DE MÉXICO,6076616.51,MXN,OP-861307,01/02/2020,"November 13, 2023",1411
LIVERPOOL,6839354.95,USD,OP-225184,2017-06-30,05-May-2020,1040
alsea,6850073.74,EUR,OP-268730,2016-03-20,25/06/2019,1192
BANORTE,4064824.79,MXN,OP-902018,21/01/2016,N/A,N/A
américa móvil,6271223.44,MXN,OP-831557,"August 03, 2021",2021-09-23,51
BBVA MÉXICO,6407477.91,USD,OP-246456,03-May-2025,N/A,N/A
BBVA MÉXICO,3345973.33,USD,OP-847503,2023-01-14,N/A,N/A
banorte,6338459.01,EUR,OP-265462,19-Dec-2020,N/A,N/A
CEMEX,360459.4,EUR,OP-589809,25/10/2022,N/A,N/A
grupo carso,7646143.6,USD,OP-694496,23/02/2016,23/06/2023,2677
soriana,5727602.98,USD,OP-683419,"July 25, 2018","September 20, 2023",1883
telmex,1783721.41,EUR,OP-537894,06/05/2017,15/05/2020,1075
PEMEX,7390557.18,MXN,OP-536229,24/08/2017,N/A,N/A
telmex,7181902.81,EUR,OP-554691,07-Mar-2025,N/A,N/A
pemex,8613272.82,EUR,OP-436169,2017-07-29,16-May-2023,2117
cemex,7456872.13,EUR,OP-922358,11-Jul-2018,"March 12, 2021",975
alsea,3630410.03,EUR,OP-432266,30-Jan-2018,08/05/2024,2379
cemex,8919938.59,EUR,OP-918027,24-Sep-2021,N/A,N/A
PEMEX,7903831.13,USD,OP-167489,2016-07-11,13-Apr-2025,3198
LIVERPOOL,686454.18,EUR,OP-908212,07-Apr-2025,N/A,N/A
WALMART DE MÉXICO,5898295.92,EUR,OP-103692,2018-12-21,"December 19, 2020",729
WALMART DE MÉXICO,3859817.52,MXN,OP-147232,06-Nov-2024,N/A,N/A
FEMSA,2227403.66,MXN,OP-584186,23/08/2017,2021-06-02,1379
BANORTE,4803695.62,MXN,OP-140759,24-Apr-2021,N/A,N/A
banorte,2626993.84,MXN,OP-238985,23/11/2020,16-Jan-2025,1515
walmart de méxico,1092992.24,USD,OP-290369,2022-10-22,N/A,N/A
cemex,6630897.47,MXN,OP-662554,2018-02-27,22-May-2020,815
bbva méxico,8462035.93,USD,OP-927557,2021-12-20,N/A,N/A
PEMEX,2497869.38,EUR,OP-621045,2023-02-04,N/A,N/A
grupo méxico,7655126.51,EUR,OP-781707,01-Jul-2024,N/A,N/A
bbva méxico,7700255.21,MXN,OP-203261,02-Mar-2023,N/A,N/A
cemex,1076168.6,MXN,OP-677652,"February 15, 2017",N/A,N/A
banorte,8406280.64,MXN,OP-168606,23/09/2017,"February 17, 2022",1608
LIVERPOOL,740933.73,EUR,OP-244217,29/04/2022,N/A,N/A
grupo carso,9062254.46,EUR,OP-256799,2021-03-29,"February 03, 2025",1407
GRUPO LALA,9971362.82,EUR,OP-385751,27/03/2022,N/A,N/A
TELMEX,4226941.62,MXN,OP-374543,29/07/2021,N/A,N/A
cemex,5727775.99,MXN,OP-706565,"December 29, 2020",N/A,N/A
SORIANA,3326319.26,USD,OP-799765,28-Jan-2019,N/A,N/A
GRUPO CARSO,604678.04,MXN,OP-124071,"August 15, 2023",N/A,N/A
liverpool,4476266.39,USD,OP-346027,2022-08-31,N/A,N/A
soriana,6632778.18,EUR,OP-807628,"August 08, 2021",N/A,N/A
CEMEX,7209965.6,EUR,OP-722309,2016-10-29,05-Jul-2024,2806
pemex,6007050.12,EUR,OP-318516,2020-01-19,N/A,N/A
CEMEX,9375135.63,EUR,OP-144464,"November 21, 2016",01/12/2017,52
GRUPO CARSO,4038394.25,MXN,OP-630827,"March 30, 2016","September 25, 2018",909
GRUPO BIMBO,9149749.1,EUR,OP-805814,"March 09, 2021",N/A,N/A
LIVERPOOL,8207153.84,USD,OP-618758,"October 15, 2023",N/A,N/A
LIVERPOOL,8699534.5,MXN,OP-903570,07-Feb-2019,N/A,N/A
ALSEA,9439414.66,EUR,OP-112298,"October 11, 2022",N/A,N/A
liverpool,3342481.43,USD,OP-426416,11-Feb-2022,N/A,N/A
TELMEX,743305.64,MXN,OP-126862,"May 01, 2019",08/11/2024,1929
grupo bimbo,4202477.27,USD,OP-472435,21-Mar-2023,10/09/2023,202
alsea,8946243.63,MXN,OP-597742,13-Mar-2018,N/A,N/A
WALMART DE MÉXICO,2505588.7,USD,OP-867475,15/03/2024,N/A,N/A
GRUPO LALA,7458778.97,MXN,OP-827343,29/12/2016,05-Dec-2017,341
alsea,5029168.12,USD,OP-806254,18-Sep-2018,2021-12-07,1176
GRUPO LALA,3101617.66,EUR,OP-857223,2023-02-23,21-Sep-2023,210
grupo méxico,2892116.94,MXN,OP-997183,07-Dec-2015,"March 10, 2016",94
GRUPO CARSO,4202244.59,EUR,OP-597377,"December 11, 2016",22/02/2021,1534
cemex,9405135.21,EUR,OP-350972,24-Nov-2017,"November 19, 2020",1091
grupo lala,2620691.06,USD,OP-366873,24/05/2021,16/05/2022,357
banorte,4207000.43,EUR,OP-914689,05/01/2024,2025-04-11,345
BBVA MÉXICO,7094013.96,EUR,OP-290486,2015-09-29,N/A,N/A
BBVA MÉXICO,5966541.96,MXN,OP-787887,2020-12-20,N/A,N/A
grupo méxico,2878689.67,MXN,OP-642493,13/05/2017,27-Jul-2018,440
ALSEA,6339715.17,USD,OP-444122,"July 20, 2017",N/A,N/A
GRUPO BIMBO,2267914.33,EUR,OP-695199,16-Oct-2017,11/02/2024,2574
walmart de méxico,3630899.84,USD,OP-167065,15-Dec-2024,N/A,N/A
grupo bimbo,5484912.37,MXN,OP-964075,"January 29, 2023",07/09/2023,161
cemex,1431623.07,EUR,OP-640903,09/01/2021,N/A,N/A
bbva méxico,1830080.71,USD,OP-942173,"July 18, 2018",N/A,N/A
liverpool,5059838.88,MXN,OP-304962,16-Apr-2025,N/A,N/A
grupo bimbo,6909036.56,EUR,OP-594977,"June 20, 2018",2024-06-06,2178
AMÉRICA MÓVIL,5868676.84,MXN,OP-224907,2023-09-06,N/A,N/A
américa móvil,7670414.99,MXN,OP-529743,25/07/2023,"May 23, 2025",668
GRUPO CARSO,1128937.7,MXN,OP-449719,24/12/2016,02-Sep-2023,2443
alsea,6294260.0,USD,OP-193536,2019-05-01,N/A,N/A
cemex,2102630.91,EUR,OP-159036,02/06/2017,15/12/2020,1408
BANORTE,9113157.26,USD,OP-722252,"November 13, 2017",03-Sep-2020,1025
GRUPO CARSO,9098642.69,USD,OP-524513,04-Aug-2018,2019-10-25,447
grupo carso,6868577.24,USD,OP-333353,25/05/2022,N/A,N/A
liverpool,6371809.78,MXN,OP-119933,17-Oct-2020,N/A,N/A
GRUPO LALA,2226552.99,EUR,OP-766228,"October 11, 2017",N/A,N/A
SORIANA,7319028.66,USD,OP-137161,12/10/2023,N/A,N/A
FEMSA,7600755.56,MXN,OP-421291,29/11/2019,N/A,N/A
CEMEX,9415712.04,USD,OP-171872,09-Jan-2018,N/A,N/A
GRUPO LALA,6307161.29,USD,OP-901130,2020-04-03,N/A,N/A
AMÉRICA MÓVIL,1803149.69,EUR,OP-955443,17-Jul-2016,N/A,N/A
LIVERPOOL,8787233.17,EUR,OP-734990,01-Apr-2021,N/A,N/A
SORIANA,4648305.77,USD,OP-694871,16/12/2019,"March 30, 2025",1931
grupo carso,4831517.58,MXN,OP-662175,"October 12, 2023",N/A,N/A
CEMEX,7970846.27,MXN,OP-960113,25-Dec-2017,03-Mar-2024,2260
GRUPO LALA,4989672.42,USD,OP-811030,19/03/2023,11-Mar-2024,358
WALMART DE MÉXICO,7236387.7,MXN,OP-101671,"April 10, 2025",N/A,N/A
SORIANA,8995330.55,EUR,OP-914916,03/01/2016,"December 09, 2020",1744
SORIANA,4116817.22,MXN,OP-645052,"April 11, 2025",N/A,N/A
GRUPO LALA,3071133.13,MXN,OP-380642,"May 23, 2016",N/A,N/A
GRUPO LALA,3603902.92,EUR,OP-584879,07/04/2024,N/A,N/A
walmart de méxico,1928756.21,EUR,OP-109662,04-Feb-2018,N/A,N/A
CEMEX,1557491.02,MXN,OP-325681,"September 12, 2015",N/A,N/A
liverpool,8714706.68,USD,OP-331605,2019-10-17,N/A,N/A
grupo méxico,642432.88,USD,OP-941304,"December 20, 2016",N/A,N/A
GRUPO MÉXICO,825283.64,USD,OP-749924,"August 06, 2023",N/A,N/A
GRUPO BIMBO,340998.54,USD,OP-454680,14/05/2018,29/02/2020,656
GRUPO CARSO,2130016.06,MXN,OP-248818,26-Jun-2020,N/A,N/A
BANORTE,793625.18,USD,OP-798949,2022-08-20,N/A,N/A
LIVERPOOL,4035021.97,EUR,OP-725176,05/02/2023,N/A,N/A
américa móvil,2971675.39,EUR,OP-513849,29-Oct-2022,26-May-2025,940
grupo lala,6608512.93,USD,OP-280317,16/06/2025,N/A,N/A
CEMEX,1185118.18,USD,OP-558426,2016-07-18,2020-03-24,1345
banorte,5408232.23,EUR,OP-613007,"February 24, 2019",19/06/2021,846
SORIANA,7284892.37,MXN,OP-106354,"August 28, 2023",N/A,N/A
GRUPO LALA,4007026.46,USD,OP-170463,2025-04-22,N/A,N/A
GRUPO BIMBO,1364277.23,MXN,OP-635890,2021-12-28,2022-09-18,264
soriana,2496233.2,USD,OP-566531,03/06/2025,N/A,N/A
grupo carso,2360328.11,EUR,OP-414637,24-Jan-2025,N/A,N/A
SORIANA,8150707.35,EUR,OP-225803,2023-06-26,N/A,N/A
BANORTE,9411170.68,USD,OP-988655,"May 29, 2021",N/A,N/A
GRUPO CARSO,1520947.95,EUR,OP-726694,19/08/2016,11/01/2018,804
FEMSA,8949463.31,MXN,OP-311439,"November 08, 2017",N/A,N/A
grupo carso,6127153.28,EUR,OP-762181,28/05/2025,N/A,N/A
ALSEA,5550888.65,EUR,OP-667769,27-Nov-2015,N/A,N/A
soriana,811828.91,MXN,OP-476855,2022-04-28,N/A,N/A
grupo lala,4386515.5,MXN,OP-424186,21/10/2023,N/A,N/A
telmex,602407.35,EUR,OP-975949,2025-02-05,N/A,N/A
PEMEX,7947025.63,EUR,OP-259514,13-Oct-2015,30/05/2023,2786
femsa,4758801.98,EUR,OP-169691,"August 07, 2020","October 15, 2023",1164
ALSEA,1724160.99,MXN,OP-175257,29/10/2024,N/A,N/A
walmart de méxico,865250.86,EUR,OP-975967,2016-12-26,"May 31, 2017",156
bbva méxico,7097156.31,USD,OP-314022,10/03/2022,10/10/2024,738
PEMEX,3485979.64,EUR,OP-684672,"September 18, 2017",28-Jul-2024,2505
GRUPO BIMBO,6322331.09,USD,OP-716865,03-Apr-2023,N/A,N/A
ALSEA,3500311.84,MXN,OP-390406,15/07/2019,N/A,N/A
grupo bimbo,1784293.35,MXN,OP-763108,"October 29, 2018",N/A,N/A
BBVA MÉXICO,3429404.89,EUR,OP-918169,2024-10-18,N/A,N/A
PEMEX,7707897.31,MXN,OP-512915,"August 22, 2019",N/A,N/A
TELMEX,5473056.01,MXN,OP-328593,27-Aug-2024,N/A,N/A
femsa,7512646.52,MXN,OP-623557,28/04/2020,2023-11-26,1307
alsea,2518585.89,USD,OP-182134,05-Sep-2019,N/A,N/A
GRUPO CARSO,7078977.5,MXN,OP-128727,01-Jan-2018,"July 31, 2021",1307
telmex,6690923.6,EUR,OP-687046,09-Nov-2017,"June 04, 2024",2399
SORIANA,6211098.37,USD,OP-625530,01-Nov-2020,"September 07, 2023",1040
GRUPO MÉXICO,9005733.53,USD,OP-505025,09/10/2023,N/A,N/A
grupo bimbo,2569528.24,USD,OP-534379,07/08/2025,N/A,N/A
LIVERPOOL,1904663.54,USD,OP-688977,2021-03-07,N/A,N/A
bbva méxico,9310067.29,EUR,OP-436593,31-Dec-2019,"October 20, 2022",1024
GRUPO CARSO,1001665.38,EUR,OP-442675,"April 29, 2019",25/08/2022,1214
GRUPO LALA,9233944.72,USD,OP-857919,"December 21, 2019",N/A,N/A
GRUPO LALA,1823078.75,EUR,OP-464650,2023-12-19,N/A,N/A
walmart de méxico,6324858.91,MXN,OP-926817,08-Sep-2015,19/11/2024,3360
telmex,6362593.4,EUR,OP-860458,2022-12-08,N/A,N/A
bbva méxico,3365845.52,EUR,OP-683536,04/04/2017,N/A,N/A
BANORTE,4652355.42,USD,OP-525088,29/05/2023,"January 28, 2025",610
FEMSA,1146413.47,USD,OP-804678,14-Aug-2024,"August 14, 2025",365
WALMART DE MÉXICO,3933870.41,EUR,OP-315895,15-Jun-2017,N/A,N/A
LIVERPOOL,6688658.89,EUR,OP-998989,25/10/2017,N/A,N/A
walmart de méxico,3773601.63,USD,OP-712504,2019-08-06,2022-09-19,1140
soriana,7701713.59,EUR,OP-280891,2021-04-03,"December 19, 2021",260
grupo lala,2740903.26,EUR,OP-306261,25-Dec-2021,28/03/2023,458
grupo carso,5236939.85,EUR,OP-227522,23/05/2024,N/A,N/A
PEMEX,5558926.11,USD,OP-440250,"June 21, 2016",N/A,N/A
TELMEX,6128321.25,USD,OP-977761,06-Jun-2024,"March 19, 2025",286
femsa,2892133.39,MXN,OP-985885,07-Mar-2021,N/A,N/A
CEMEX,5237967.91,MXN,OP-677541,23-Mar-2021,N/A,N/A
BBVA MÉXICO,9648153.62,EUR,OP-701405,2023-01-24,N/A,N/A
walmart de méxico,8892634.06,MXN,OP-808458,14-Aug-2024,23-May-2025,282
GRUPO CARSO,932642.83,USD,OP-596407,03-Mar-2016,"March 23, 2021",1846
banorte,7283365.91,EUR,OP-988640,03-Nov-2015,2020-03-17,1596
grupo carso,1094018.19,EUR,OP-345242,12-Oct-2020,2024-05-14,1310
liverpool,6699081.77,USD,OP-936268,13/07/2016,17/12/2024,3079
ALSEA,6671155.74,MXN,OP-815565,18/04/2018,N/A,N/A
telmex,8932302.22,EUR,OP-316648,06-Dec-2019,N/A,N/A
BBVA MÉXICO,8581019.67,USD,OP-264602,11/02/2019,N/A,N/A
GRUPO LALA,817148.64,USD,OP-924640,2019-06-18,"December 10, 2023",1636
CEMEX,9961614.06,USD,OP-340448,18/12/2021,"September 27, 2023",648
GRUPO MÉXICO,5514210.97,USD,OP-785507,03-Oct-2019,"October 18, 2019",15
BBVA MÉXICO,4790470.96,MXN,OP-689257,24-Oct-2023,N/A,N/A
bbva méxico,9147349.82,EUR,OP-404254,14-Oct-2016,N/A,N/A
ALSEA,7900013.11,EUR,OP-298220,2017-03-31,15-Oct-2021,1659
GRUPO CARSO,2460882.65,USD,OP-334752,2019-06-13,N/A,N/A
GRUPO BIMBO,1343521.4,MXN,OP-814835,2025-07-26,N/A,N/A
pemex,8430813.54,EUR,OP-896236,22/01/2020,19-Jan-2024,1458
GRUPO MÉXICO,8844542.91,USD,OP-808676,2023-05-25,N/A,N/A
pemex,3433984.5,USD,OP-529596,"May 17, 2018",22-Mar-2021,1040
GRUPO BIMBO,3232799.64,EUR,OP-956582,07/03/2018,"November 20, 2018",140
BANORTE,3148504.73,MXN,OP-608579,11/10/2016,26/11/2021,1842
AMÉRICA MÓVIL,1923206.91,MXN,OP-993604,15-May-2024,N/A,N/A
banorte,6293202.01,EUR,OP-671200,13-Apr-2020,2020-07-19,97
bbva méxico,2413402.42,EUR,OP-308855,2017-09-02,2021-12-16,1566
CEMEX,3498639.74,USD,OP-803532,"November 26, 2023",N/A,N/A
BBVA MÉXICO,2289786.56,EUR,OP-934767,2023-03-24,N/A,N/A
pemex,408118.68,MXN,OP-182922,04-Nov-2019,2025-06-09,2044
femsa,869759.27,EUR,OP-586275,08-Oct-2023,N/A,N/A
GRUPO MÉXICO,4714700.09,EUR,OP-684852,2023-06-22,N/A,N/A
GRUPO MÉXICO,2096651.53,EUR,OP-403770,29-Dec-2022,N/A,N/A
telmex,1237370.2,EUR,OP-641240,19/07/2021,N/A,N/A
liverpool,7931812.74,MXN,OP-736264,"March 30, 2021",N/A,N/A
AMÉRICA MÓVIL,2960525.5,USD,OP-335913,2024-10-23,"March 06, 2025",134
AMÉRICA MÓVIL,5877999.49,USD,OP-865077,08/10/2017,N/A,N/A
WALMART DE MÉXICO,9755095.03,USD,OP-458088,28/07/2017,"August 28, 2019",761
grupo bimbo,1261045.28,USD,OP-366245,"March 02, 2018",N/A,N/A
ALSEA,6978829.32,EUR,OP-224390,10/05/2022,N/A,N/A
bbva méxico,4863806.95,MXN,OP-336645,2023-06-28,N/A,N/A
telmex,3401167.5,MXN,OP-621000,29/11/2019,N/A,N/A
femsa,8976015.61,USD,OP-296329,"June 02, 2020",N/A,N/A
pemex,5988055.64,EUR,OP-807408,2016-11-09,22/02/2024,2661
LIVERPOOL,9280784.32,USD,OP-963407,24-Mar-2023,N/A,N/A
soriana,6972016.29,MXN,OP-475713,2021-11-15,20-Mar-2023,490
américa móvil,5596574.43,USD,OP-699374,18/10/2019,N/A,N/A
pemex,1778584.72,USD,OP-703099,2021-10-07,N/A,N/A
TELMEX,6164394.36,USD,OP-607914,"March 13, 2022",N/A,N/A
FEMSA,7298105.5,EUR,OP-433130,"January 14, 2019",25/11/2021,1046
GRUPO CARSO,4200004.89,USD,OP-134287,"July 24, 2019",N/A,N/A
cemex,4563981.28,MXN,OP-411494,"August 02, 2018",11/05/2021,1191
ALSEA,3303540.78,MXN,OP-895746,"November 29, 2018","October 10, 2024",2142
telmex,5263362.79,EUR,OP-324646,"October 11, 2018",2019-05-14,215
TELMEX,5159381.47,MXN,OP-341055,"June 09, 2020",N/A,N/A
GRUPO LALA,1357596.89,USD,OP-990789,"July 13, 2023",N/A,N/A
grupo bimbo,4584233.26,EUR,OP-655762,11/04/2020,N/A,N/A
telmex,866650.9,EUR,OP-613417,2022-05-12,N/A,N/A
GRUPO LALA,867043.79,EUR,OP-723168,"June 03, 2017","August 29, 2019",817
walmart de méxico,9017878.01,USD,OP-970496,2024-05-14,N/A,N/A
américa móvil,3519635.67,EUR,OP-844391,"September 25, 2016",16/02/2022,1970
ALSEA,8071499.23,USD,OP-485262,"June 03, 2017",27-Aug-2022,1911
grupo carso,150432.14,MXN,OP-834843,"November 20, 2015",N/A,N/A
grupo carso,8180556.65,EUR,OP-634885,15-Jan-2025,N/A,N/A
alsea,5626427.92,USD,OP-127448,"August 17, 2022",N/A,N/A
FEMSA,5981390.5,USD,OP-560551,2016-02-05,02/08/2017,369
femsa,7656218.28,EUR,OP-988777,06/09/2024,16/05/2025,341
AMÉRICA MÓVIL,2452161.75,EUR,OP-701212,2015-08-30,2022-05-02,2437
GRUPO MÉXICO,2614111.93,USD,OP-851987,2019-10-21,N/A,N/A
WALMART DE MÉXICO,4550155.51,USD,OP-162940,2017-02-21,"December 28, 2022",2136
WALMART DE MÉXICO,5947932.24,EUR,OP-278802,28/09/2015,N/A,N/A
SORIANA,3523908.35,MXN,OP-656966,2023-03-29,N/A,N/A
BANORTE,2250180.84,MXN,OP-203392,"June 24, 2021",N/A,N/A
GRUPO MÉXICO,5571117.77,MXN,OP-508703,06/07/2021,N/A,N/A
ALSEA,6312053.29,EUR,OP-200620,05/11/2020,27/03/2021,320
AMÉRICA MÓVIL,7200594.49,EUR,OP-581269,2021-09-14,N/A,N/A
GRUPO LALA,2719901.84,MXN,OP-292527,2018-11-21,"January 09, 2024",1875
AMÉRICA MÓVIL,2166308.22,EUR,OP-377260,17-Oct-2017,2023-04-16,2007
ALSEA,3279548.83,EUR,OP-409130,2024-10-29,N/A,N/A
WALMART DE MÉXICO,2160510.02,MXN,OP-871059,08-Jul-2017,06-Sep-2018,425
LIVERPOOL,3781951.74,USD,OP-188485,08-Sep-2020,29-Nov-2022,812
GRUPO BIMBO,7876619.89,EUR,OP-117822,03-Dec-2021,N/A,N/A
ALSEA,5431415.0,MXN,OP-924089,"August 18, 2023",N/A,N/A
banorte,3969926.18,EUR,OP-966202,"October 14, 2019",N/A,N/A
bbva méxico,4267441.91,USD,OP-458325,"February 10, 2025",N/A,N/A
américa móvil,3377759.98,USD,OP-737609,13/12/2020,"November 29, 2023",1081
grupo carso,9411173.39,EUR,OP-429833,"November 07, 2019",18-Jan-2024,1533
bbva méxico,7381104.72,MXN,OP-266283,"October 29, 2023",N/A,N/A
TELMEX,8063461.95,MXN,OP-511359,07-Jun-2019,N/A,N/A
WALMART DE MÉXICO,2031730.73,EUR,OP-948695,15/06/2025,N/A,N/A
telmex,2003465.27,EUR,OP-860442,20/10/2018,06/03/2021,957
GRUPO LALA,4198135.73,MXN,OP-651136,"October 23, 2022",N/A,N/A
bbva méxico,8014946.29,MXN,OP-447008,02/02/2019,2020-09-21,597
grupo carso,7468359.17,USD,OP-308487,31/01/2017,20/09/2018,597
grupo bimbo,773726.51,USD,OP-658845,22-Feb-2025,N/A,N/A
BANORTE,6300874.0,EUR,OP-222508,"August 02, 2017",N/A,N/A
liverpool,1005358.15,USD,OP-581571,"January 09, 2024",N/A,N/A
grupo bimbo,318102.83,EUR,OP-851776,08/06/2020,16-Jan-2021,163
AMÉRICA MÓVIL,8821609.94,EUR,OP-701062,"November 24, 2017",01-Nov-2022,1803
BANORTE,8445175.94,MXN,OP-842018,2024-12-31,N/A,N/A
pemex,8752483.56,MXN,OP-425990,13/05/2016,2019-01-11,973
alsea,7107339.8,MXN,OP-572185,2015-12-29,"December 09, 2018",1076
soriana,297003.41,USD,OP-449392,21/10/2024,N/A,N/A
SORIANA,7282670.42,MXN,OP-737440,12/02/2022,N/A,N/A
LIVERPOOL,2407275.28,EUR,OP-836154,15-Feb-2020,02/04/2021,355
grupo bimbo,5729224.8,EUR,OP-416980,07-Jun-2018,23-Jun-2020,747
GRUPO MÉXICO,8664647.05,USD,OP-954636,"October 05, 2024",N/A,N/A
telmex,7292540.63,MXN,OP-853487,12-Apr-2023,N/A,N/A
telmex,3455061.28,USD,OP-110693,"December 07, 2019",N/A,N/A
WALMART DE MÉXICO,5997209.37,EUR,OP-301435,"January 19, 2016",N/A,N/A
PEMEX,954896.79,EUR,OP-951148,26-Aug-2015,22-Jul-2017,696
ALSEA,3330342.02,EUR,OP-293785,2018-04-06,08-Mar-2025,2528
SORIANA,2939127.31,EUR,OP-986198,30-Oct-2021,N/A,N/A
GRUPO MÉXICO,9711813.5,MXN,OP-428655,28-Jan-2018,2024-04-04,2258
GRUPO CARSO,1944316.92,USD,OP-936650,2021-11-13,N/A,N/A
FEMSA,4406522.62,MXN,OP-516595,"September 13, 2016",2022-07-14,2130
liverpool,9022886.05,MXN,OP-972448,10-May-2024,N/A,N/A
LIVERPOOL,9172736.22,USD,OP-651945,2017-02-06,"February 14, 2020",1103
GRUPO BIMBO,9055942.89,EUR,OP-994903,15/06/2020,11-Apr-2022,665
soriana,2282138.92,EUR,OP-426180,27-Dec-2015,2017-06-13,534
femsa,4556208.17,MXN,OP-970297,23-May-2018,N/A,N/A
grupo bimbo,5968676.0,EUR,OP-842793,09-Aug-2023,N/A,N/A
GRUPO LALA,6512836.43,USD,OP-550389,22/07/2016,N/A,N/A
femsa,9653832.41,EUR,OP-704009,2023-06-09,N/A,N/A
PEMEX,2311032.27,MXN,OP-368393,15/09/2015,N/A,N/A
cemex,9446735.05,EUR,OP-696821,18/09/2022,06-Dec-2022,79
cemex,6161790.56,MXN,OP-711327,22/12/2023,N/A,N/A
cemex,5708101.76,EUR,OP-755731,11-Dec-2017,N/A,N/A
ALSEA,4060574.88,EUR,OP-525849,"January 09, 2020",23-Oct-2023,1383
AMÉRICA MÓVIL,1909501.89,EUR,OP-858107,06/06/2018,"February 01, 2023",1701
GRUPO LALA,4746711.69,MXN,OP-809832,20/02/2016,2024-04-11,2973
pemex,8326101.49,USD,OP-225550,2018-06-19,N/A,N/A
grupo bimbo,2596383.1,MXN,OP-744465,"October 09, 2020",N/A,N/A
FEMSA,7578484.86,USD,OP-387544,2022-05-20,2022-07-22,63
BBVA MÉXICO,4115988.8,MXN,OP-634121,27/09/2023,N/A,N/A
TELMEX,5113571.98,MXN,OP-902277,2022-09-03,N/A,N/A
femsa,9482145.19,MXN,OP-356533,13/09/2020,N/A,N/A
TELMEX,7593928.22,MXN,OP-786328,18/10/2017,11-Jul-2019,631
banorte,349563.48,MXN,OP-514678,"April 26, 2022",20/08/2022,116
grupo carso,633486.34,EUR,OP-400430,11/07/2021,03-Jul-2022,238
cemex,2331601.07,USD,OP-476645,2021-10-02,N/A,N/A
pemex,9785743.44,USD,OP-256844,"March 28, 2024",N/A,N/A
GRUPO CARSO,2127328.84,MXN,OP-100325,18/04/2020,N/A,N/A
PEMEX,2823873.28,MXN,OP-430480,2018-01-25,N/A,N/A
FEMSA,8251732.27,EUR,OP-899066,14-Aug-2021,N/A,N/A
cemex,9270417.51,USD,OP-360502,21/05/2023,N/A,N/A
CEMEX,2871991.29,MXN,OP-537739,"October 31, 2024",N/A,N/A
femsa,3981925.52,EUR,OP-611405,11/04/2025,N/A,N/A
walmart de méxico,6789648.6,USD,OP-768194,2021-10-18,04-Jan-2023,443
TELMEX,9870074.87,EUR,OP-130381,03/05/2016,27-Sep-2024,3128
CEMEX,9619346.5,MXN,OP-465788,16/03/2022,"June 21, 2023",462
FEMSA,6594466.33,EUR,OP-683005,21/07/2023,N/A,N/A
GRUPO MÉXICO,3040052.74,USD,OP-822500,25-Dec-2015,2015-12-28,3
telmex,1105494.39,MXN,OP-434097,18/01/2016,"September 23, 2019",1344
cemex,6755273.32,EUR,OP-511779,23-Apr-2021,N/A,N/A
grupo méxico,8391112.53,EUR,OP-444495,2022-12-07,N/A,N/A
SORIANA,9041015.14,MXN,OP-362290,2024-05-06,N/A,N/A
telmex,6944450.89,USD,OP-532202,13/06/2023,N/A,N/A
américa móvil,3525896.71,USD,OP-541203,28/06/2016,N/A,N/A
AMÉRICA MÓVIL,6214957.0,EUR,OP-158459,2022-04-18,2023-12-01,592
telmex,6763594.28,MXN,OP-417639,30/07/2023,2024-03-23,237
grupo carso,6486733.22,MXN,OP-149855,26-Feb-2020,21/09/2022,938
grupo lala,4793878.15,MXN,OP-759631,2016-01-03,2022-03-25,2273
grupo carso,8752347.7,EUR,OP-268631,14-Dec-2018,27-Dec-2022,1474
pemex,7666511.86,EUR,OP-871936,23-Nov-2024,N/A,N/A
grupo lala,2126797.55,USD,OP-769638,2018-12-11,N/A,N/A
banorte,8631032.88,USD,OP-488882,11/02/2017,N/A,N/A
femsa,2560141.05,USD,OP-974539,"August 24, 2024",N/A,N/A
SORIANA,715275.25,MXN,OP-393667,2019-01-25,N/A,N/A
GRUPO MÉXICO,6758999.38,USD,OP-100410,2015-12-23,09/06/2017,623
GRUPO LALA,2694453.66,EUR,OP-990927,"July 17, 2018",N/A,N/A
grupo méxico,902062.59,USD,OP-983183,03/03/2017,26/08/2019,906
walmart de méxico,8301971.79,USD,OP-455604,10-Dec-2024,N/A,N/A
AMÉRICA MÓVIL,9990884.06,EUR,OP-939126,18/02/2021,N/A,N/A
grupo méxico,1715303.29,MXN,OP-331793,"December 08, 2021",2022-04-07,120
soriana,4486989.51,USD,OP-331520,06-May-2021,N/A,N/A
BANORTE,1354332.18,USD,OP-986299,10/01/2017,"February 03, 2025",2682
TELMEX,2592827.41,USD,OP-388805,"February 24, 2020",17/07/2022,874
AMÉRICA MÓVIL,7596651.06,MXN,OP-444000,02/11/2024,N/A,N/A
AMÉRICA MÓVIL,318474.22,USD,OP-295522,09/12/2015,27-Oct-2015,45
FEMSA,7502884.62,EUR,OP-143286,07-May-2017,"September 02, 2024",2675
liverpool,8520728.09,USD,OP-593401,2019-10-22,N/A,N/A
GRUPO CARSO,7375824.55,MXN,OP-288372,2021-05-29,N/A,N/A
GRUPO LALA,6795614.49,EUR,OP-323780,"March 16, 2020",N/A,N/A
WALMART DE MÉXICO,5073941.68,USD,OP-497850,11-Oct-2019,N/A,N/A
cemex,821215.32,USD,OP-349471,18/06/2016,2022-12-06,2362
CEMEX,5075676.79,EUR,OP-598105,2022-03-26,"February 19, 2024",695
LIVERPOOL,8558967.31,MXN,OP-873131,"December 19, 2016","August 27, 2023",2442
telmex,4422365.86,EUR,OP-221230,13-Jun-2018,03/10/2021,1001
liverpool,5168693.63,USD,OP-543807,2022-09-26,N/A,N/A
cemex,6446880.76,USD,OP-146004,2019-08-06,2021-03-29,601
GRUPO BIMBO,5334090.68,MXN,OP-112922,11-May-2025,N/A,N/A
GRUPO BIMBO,7909159.6,EUR,OP-725613,16/02/2018,27-Dec-2022,1775
soriana,9884947.64,MXN,OP-362546,09/02/2018,N/A,N/A
liverpool,5478391.55,MXN,OP-819889,17-Jun-2017,2019-09-11,816
GRUPO MÉXICO,3647157.36,EUR,OP-778754,08-Apr-2021,N/A,N/A
AMÉRICA MÓVIL,5319026.94,USD,OP-703479,"November 04, 2018",15-Oct-2021,1076
ALSEA,4545956.7,MXN,OP-118445,18-Oct-2023,N/A,N/A
banorte,6853017.88,EUR,OP-254470,"March 04, 2021",30/03/2022,391
GRUPO MÉXICO,4324218.76,MXN,OP-720735,15/12/2021,N/A,N/A
FEMSA,6803285.75,MXN,OP-124092,23-May-2021,N/A,N/A
alsea,4968463.53,USD,OP-448770,08-Nov-2019,N/A,N/A
grupo carso,6505044.29,USD,OP-654764,20-Feb-2024,N/A,N/A
alsea,8590597.01,MXN,OP-466270,2016-03-13,2023-06-12,2647
GRUPO MÉXICO,4757476.45,USD,OP-206701,2020-09-11,20/08/2024,1439
telmex,7359201.74,MXN,OP-237835,05/12/2017,02/11/2022,1736
grupo bimbo,9917412.28,EUR,OP-873966,15/05/2016,N/A,N/A
américa móvil,6440555.83,EUR,OP-520942,04/12/2024,N/A,N/A
TELMEX,863022.36,MXN,OP-739517,"May 28, 2024",2024-07-27,60
grupo carso,7607374.51,MXN,OP-708602,17/03/2019,N/A,N/A
LIVERPOOL,6853873.19,MXN,OP-106127,21/03/2024,N/A,N/A
AMÉRICA MÓVIL,5358286.41,EUR,OP-366508,"January 17, 2025",N/A,N/A
ALSEA,2113023.93,EUR,OP-366864,"June 15, 2019",N/A,N/A
TELMEX,5979500.59,EUR,OP-772705,17-Jul-2024,N/A,N/A
grupo lala,2956445.24,USD,OP-817358,"March 23, 2025",N/A,N/A
liverpool,5608677.91,USD,OP-201861,16/12/2018,2022-09-28,1382
liverpool,3737080.61,EUR,OP-161952,2021-12-05,N/A,N/A
telmex,7362690.86,MXN,OP-914336,08/05/2020,N/A,N/A
grupo lala,7277565.58,USD,OP-635511,01-Sep-2020,N/A,N/A
SORIANA,1383106.81,USD,OP-493180,08/05/2024,N/A,N/A
ALSEA,9790078.12,USD,OP-361761,14/09/2017,06-Jul-2021,1391
GRUPO MÉXICO,787833.11,EUR,OP-115077,05/04/2025,N/A,N/A
grupo carso,4460630.0,USD,OP-152375,14-Oct-2017,N/A,N/A
cemex,938921.14,USD,OP-408195,"March 27, 2016",N/A,N/A
GRUPO LALA,3612704.73,MXN,OP-490477,2022-07-05,N/A,N/A
FEMSA,9419167.27,USD,OP-929093,22/04/2021,"April 05, 2023",713
GRUPO BIMBO,2461190.23,MXN,OP-385275,11/03/2024,N/A,N/A
telmex,1569143.04,EUR,OP-445971,2018-11-03,N/A,N/A
soriana,5700376.86,MXN,OP-711846,11-May-2016,07-May-2020,1457
walmart de méxico,2818788.49,EUR,OP-790645,"December 24, 2023",N/A,N/A
GRUPO MÉXICO,6580421.84,EUR,OP-220000,2023-12-12,N/A,N/A
BBVA MÉXICO,851094.93,EUR,OP-155993,"August 15, 2024",N/A,N/A
BANORTE,6657245.18,MXN,OP-931623,2019-02-06,N/A,N/A
CEMEX,6628317.13,MXN,OP-943356,05-Jan-2018,N/A,N/A
cemex,8836092.91,MXN,OP-283225,08/04/2016,10-Jun-2024,2867
GRUPO MÉXICO,3934054.78,USD,OP-480679,2023-09-17,N/A,N/A
PEMEX,600900.22,EUR,OP-165563,2024-09-03,N/A,N/A
liverpool,9961853.64,USD,OP-949607,18/03/2018,"August 16, 2023",1977
pemex,168178.36,MXN,OP-111343,2022-12-19,N/A,N/A
GRUPO LALA,4440915.36,USD,OP-255661,2022-01-14,N/A,N/A
américa móvil,6015503.71,EUR,OP-299365,27/01/2020,N/A,N/A
cemex,304284.19,USD,OP-115447,06/10/2017,26-Jul-2022,1872
GRUPO CARSO,9192117.64,USD,OP-241942,"March 21, 2019",03-Aug-2022,1231
ALSEA,9650452.52,USD,OP-503010,06/07/2023,N/A,N/A
CEMEX,3263675.93,USD,OP-972278,2019-04-07,N/A,N/A
grupo bimbo,1554187.48,EUR,OP-830370,"July 08, 2018",N/A,N/A
CEMEX,4106777.5,EUR,OP-333963,25-Jun-2024,N/A,N/A
grupo carso,1859050.78,EUR,OP-984151,"February 27, 2020",2020-11-04,251
soriana,7586632.89,MXN,OP-786353,2016-01-05,04-Oct-2017,638
TELMEX,8483337.07,EUR,OP-559813,"May 14, 2018",N/A,N/A
FEMSA,636301.53,USD,OP-844945,26-Sep-2020,"March 16, 2023",901
GRUPO LALA,4066110.31,MXN,OP-331938,19-Sep-2024,N/A,N/A
GRUPO BIMBO,8536077.08,USD,OP-138985,"April 09, 2022",N/A,N/A
AMÉRICA MÓVIL,5469925.81,USD,OP-773742,"January 11, 2021",N/A,N/A
telmex,1866913.55,MXN,OP-786846,"November 08, 2021",N/A,N/A
CEMEX,7246614.82,MXN,OP-389403,"December 07, 2021",N/A,N/A
américa móvil,9118207.72,USD,OP-224138,11-Nov-2019,N/A,N/A
femsa,4159595.58,MXN,OP-375208,2017-03-08,N/A,N/A
cemex,8419893.86,MXN,OP-425905,18/07/2021,N/A,N/A
GRUPO LALA,5600829.77,EUR,OP-785381,09-Aug-2018,N/A,N/A
soriana,4056515.83,MXN,OP-478184,04/06/2019,N/A,N/A
GRUPO BIMBO,9576357.63,USD,OP-118363,20/02/2016,2021-11-20,2100
GRUPO CARSO,7655074.75,MXN,OP-525303,21-Oct-2018,N/A,N/A
soriana,3003816.28,MXN,OP-723998,18/08/2017,N/A,N/A
FEMSA,1237999.28,USD,OP-490390,13-Apr-2019,2019-04-24,11
cemex,4682197.45,MXN,OP-217454,"March 19, 2024",N/A,N/A
SORIANA,6026611.2,USD,OP-507181,13/12/2019,N/A,N/A
BBVA MÉXICO,5525525.47,EUR,OP-335424,"March 15, 2023",N/A,N/A
WALMART DE MÉXICO,6161125.3,EUR,OP-826719,08/01/2018,04-Jan-2019,156
AMÉRICA MÓVIL,4073031.68,USD,OP-173205,"January 01, 2022",N/A,N/A
bbva méxico,1914577.7,EUR,OP-601344,19/09/2015,10-Jan-2016,113
américa móvil,1236937.56,USD,OP-167808,22/04/2017,2022-01-31,1745
cemex,2364897.44,MXN,OP-302544,2015-12-09,N/A,N/A
LIVERPOOL,5814570.01,MXN,OP-981155,31-Dec-2021,N/A,N/A
TELMEX,1503231.91,USD,OP-685019,2021-06-24,N/A,N/A
femsa,4014185.18,USD,OP-717019,"October 13, 2024",20/04/2025,189
walmart de méxico,8726232.12,USD,OP-477489,"March 19, 2020",N/A,N/A
walmart de méxico,6996634.98,EUR,OP-919778,"January 01, 2021",29-Apr-2024,1214
grupo lala,8848468.19,USD,OP-584171,19-May-2019,23/06/2020,401
WALMART DE MÉXICO,5276165.42,USD,OP-618326,14-Jun-2022,N/A,N/A
ALSEA,7896968.64,USD,OP-643395,17/02/2024,N/A,N/A
ALSEA,5194715.02,EUR,OP-459797,01-Dec-2016,23/02/2024,2640
telmex,3652543.29,MXN,OP-873831,01-Mar-2022,07/06/2025,1223
cemex,8673153.59,USD,OP-836944,17/03/2023,N/A,N/A
LIVERPOOL,305243.38,MXN,OP-404016,30/03/2018,2019-09-25,544
GRUPO MÉXICO,1666895.86,MXN,OP-605177,"October 16, 2019","November 12, 2020",393
banorte,3665923.79,USD,OP-456909,2015-08-30,N/A,N/A
américa móvil,6663332.09,EUR,OP-108013,2024-11-29,N/A,N/A
banorte,6558523.51,EUR,OP-536158,12-Apr-2025,N/A,N/A
walmart de méxico,1099924.75,EUR,OP-385132,03-Oct-2021,N/A,N/A
GRUPO LALA,9331019.4,EUR,OP-193543,30/06/2020,08/07/2022,768
SORIANA,9656463.13,MXN,OP-406880,2022-10-07,N/A,N/A
SORIANA,3281394.32,USD,OP-431178,"April 19, 2024",N/A,N/A
WALMART DE MÉXICO,3441268.0,USD,OP-151905,11-Dec-2023,N/A,N/A
grupo méxico,8567312.34,MXN,OP-577257,21-Jan-2020,N/A,N/A
GRUPO CARSO,7554036.1,USD,OP-711673,01-Dec-2017,16/07/2019,592
telmex,8390605.03,EUR,OP-121589,21/01/2024,N/A,N/A
cemex,3901805.72,USD,OP-716979,14-Oct-2023,N/A,N/A
BANORTE,6213490.84,MXN,OP-498825,"November 04, 2015",N/A,N/A
grupo bimbo,7439767.89,EUR,OP-842375,"August 28, 2022",N/A,N/A
SORIANA,2816749.96,EUR,OP-228918,"January 24, 2019",N/A,N/A
banorte,4171750.49,MXN,OP-891589,"February 07, 2018",N/A,N/A
BANORTE,1031260.86,MXN,OP-738429,2022-04-08,N/A,N/A
telmex,291258.01,EUR,OP-976340,12-May-2018,2024-11-05,2369
grupo carso,6210928.8,USD,OP-114143,2019-10-20,27/11/2019,38
FEMSA,7760623.05,EUR,OP-439359,2017-03-04,27-Sep-2017,207
femsa,1657226.44,USD,OP-680116,18/05/2024,2024-05-27,9
PEMEX,6260803.45,USD,OP-570573,18-Feb-2024,N/A,N/A
TELMEX,1436214.87,EUR,OP-971817,"January 04, 2023",N/A,N/A
américa móvil,7269383.94,USD,OP-959455,"September 05, 2023",N/A,N/A
grupo bimbo,5682445.97,EUR,OP-809099,2021-08-11,N/A,N/A
pemex,7757938.49,EUR,OP-757605,25-Feb-2020,16/01/2021,326
grupo méxico,5605596.78,USD,OP-635859,11-Oct-2019,12/08/2019,58
cemex,7112738.59,MXN,OP-598539,23-Jul-2022,N/A,N/A
grupo méxico,9012768.57,MXN,OP-211538,12-Sep-2015,2021-05-21,2078
cemex,7947348.67,MXN,OP-748410,02/06/2024,N/A,N/A
liverpool,1484467.21,MXN,OP-287970,16/07/2016,30/11/2021,1963
grupo carso,7997700.77,EUR,OP-219663,19/08/2023,N/A,N/A
grupo lala,4419690.31,USD,OP-520914,11/10/2021,2022-06-27,229
AMÉRICA MÓVIL,9401883.68,MXN,OP-998818,"July 28, 2023",N/A,N/A
grupo méxico,1443171.93,MXN,OP-205942,"August 29, 2016","December 07, 2017",465
banorte,5815126.7,USD,OP-989150,15/07/2024,N/A,N/A
pemex,2436133.46,EUR,OP-170971,"December 08, 2017",2018-12-16,373
GRUPO CARSO,8023266.96,MXN,OP-345374,2017-09-24,30-Dec-2018,462
BBVA MÉXICO,8797362.78,USD,OP-682419,2024-01-06,N/A,N/A
CEMEX,4061868.46,USD,OP-347820,2022-02-27,2024-05-31,824
AMÉRICA MÓVIL,7314501.98,EUR,OP-666902,2016-02-05,2018-04-17,802
CEMEX,5165687.08,MXN,OP-822354,"January 11, 2022",N/A,N/A
telmex,2804278.64,EUR,OP-121507,22/10/2016,05/07/2022,2023
grupo bimbo,5776358.56,USD,OP-520427,30/08/2020,08/07/2023,1072
telmex,6514400.51,EUR,OP-658672,2019-04-10,N/A,N/A
walmart de méxico,1034962.92,MXN,OP-348357,"June 21, 2016",N/A,N/A
telmex,2859173.92,MXN,OP-205782,13-Mar-2019,"August 23, 2019",163
AMÉRICA MÓVIL,834676.86,USD,OP-661754,"April 09, 2020",04-Feb-2025,1762
AMÉRICA MÓVIL,3740235.25,USD,OP-244389,"May 23, 2016",N/A,N/A
BBVA MÉXICO,3430748.07,USD,OP-855345,2023-05-11,N/A,N/A
PEMEX,6674926.73,USD,OP-577734,11-Mar-2016,2025-02-15,3263
liverpool,5384580.04,USD,OP-636247,"October 31, 2022",11/01/2024,732
BBVA MÉXICO,9824589.23,EUR,OP-749155,2023-08-29,N/A,N/A
GRUPO CARSO,1080724.63,MXN,OP-758419,16-May-2024,18-Jan-2025,247
grupo lala,8304932.91,USD,OP-782050,19-Jan-2025,N/A,N/A
cemex,6665687.89,MXN,OP-633286,"August 27, 2015",2023-08-05,2900
GRUPO MÉXICO,2179449.23,MXN,OP-893926,"December 24, 2021",19-Nov-2024,1061
GRUPO BIMBO,4561843.66,USD,OP-482663,2019-03-22,N/A,N/A
CEMEX,893933.34,USD,OP-412325,03/01/2017,N/A,N/A
BANORTE,497162.93,EUR,OP-634685,2016-01-26,2018-05-13,838
walmart de méxico,7540881.58,MXN,OP-229309,2020-12-19,N/A,N/A
grupo bimbo,4727364.96,EUR,OP-213401,04/01/2025,N/A,N/A
grupo lala,4672782.09,MXN,OP-376050,"April 21, 2018",N/A,N/A
cemex,1804676.38,EUR,OP-878974,2024-06-17,01-May-2025,318
banorte,136142.51,USD,OP-220226,"February 06, 2020",N/A,N/A
FEMSA,3408753.23,MXN,OP-224865,"April 03, 2018",2019-11-29,605
GRUPO CARSO,7333083.29,EUR,OP-591736,24-Dec-2023,N/A,N/A
grupo carso,8283918.64,EUR,OP-546879,"August 06, 2016",25/01/2018,537
GRUPO CARSO,6760276.99,EUR,OP-304717,20/02/2016,14-Jan-2017,329
alsea,4695523.77,MXN,OP-509961,08/09/2017,07-Oct-2017,59
liverpool,4147324.08,EUR,OP-156654,16/10/2019,N/A,N/A
telmex,362075.69,MXN,OP-769202,2019-11-10,2020-05-14,186
grupo bimbo,8720831.14,EUR,OP-386003,2016-10-21,N/A,N/A
grupo bimbo,3729994.69,USD,OP-465488,07-Mar-2025,N/A,N/A
alsea,9594252.06,USD,OP-711754,"February 11, 2023",N/A,N/A
américa móvil,3471504.31,MXN,OP-889043,"December 31, 2021",N/A,N/A
PEMEX,6130103.44,EUR,OP-963408,2017-10-02,N/A,N/A
BANORTE,2412346.95,USD,OP-214756,2019-10-03,N/A,N/A
grupo bimbo,8912467.73,EUR,OP-482128,"January 03, 2016",05/09/2018,857
grupo lala,1490855.78,EUR,OP-672855,"January 06, 2018","October 10, 2023",2103
WALMART DE MÉXICO,8478887.79,USD,OP-508593,09-Jul-2020,"April 23, 2025",1749
LIVERPOOL,2890798.62,MXN,OP-615041,"December 28, 2017",2022-04-21,1575
cemex,1047550.88,USD,OP-356749,2019-11-07,N/A,N/A
LIVERPOOL,981399.84,MXN,OP-965325,"December 08, 2018","February 23, 2021",808
grupo lala,923332.04,EUR,OP-332954,"June 04, 2019",28/01/2020,238
walmart de méxico,7879837.15,MXN,OP-309100,2016-02-07,2022-11-17,2475
alsea,7256631.09,EUR,OP-250255,2017-03-04,N/A,N/A
BBVA MÉXICO,4724605.1,MXN,OP-861817,2020-01-27,N/A,N/A
CEMEX,9288817.59,MXN,OP-218211,2018-05-21,N/A,N/A
GRUPO LALA,1367221.03,USD,OP-439506,19/06/2016,10/06/2017,474
GRUPO LALA,6049728.96,EUR,OP-545621,"November 09, 2019",N/A,N/A
soriana,7665217.17,USD,OP-880872,09/03/2022,N/A,N/A
GRUPO MÉXICO,8217790.98,USD,OP-336272,2020-11-17,N/A,N/A
ALSEA,1333888.91,EUR,OP-217879,27-Aug-2016,N/A,N/A
walmart de méxico,3110489.86,EUR,OP-981113,20/02/2025,N/A,N/A
bbva méxico,312184.35,MXN,OP-201677,18-Dec-2023,N/A,N/A
GRUPO BIMBO,6948412.71,EUR,OP-655517,07-Apr-2023,N/A,N/A
GRUPO CARSO,7552231.12,MXN,OP-701514,2019-04-02,N/A,N/A
grupo lala,1189067.37,USD,OP-195580,2023-04-20,N/A,N/A
bbva méxico,3483400.68,EUR,OP-879940,"July 31, 2025",N/A,N/A
BBVA MÉXICO,8708283.8,MXN,OP-415591,2019-09-13,18/05/2024,1709
grupo bimbo,3126833.75,MXN,OP-868297,2018-04-16,2022-08-04,1571
grupo lala,585752.07,MXN,OP-916194,2021-01-28,N/A,N/A
WALMART DE MÉXICO,3471850.31,USD,OP-997465,"September 22, 2023",25/11/2024,430
CEMEX,3044628.59,MXN,OP-177251,"October 21, 2024",N/A,N/A
soriana,2780203.68,MXN,OP-506969,2016-12-03,11-Feb-2017,70
SORIANA,1487269.04,MXN,OP-100133,06-Jan-2016,"June 06, 2017",517
ALSEA,2699548.91,USD,OP-606690,2021-07-05,N/A,N/A
grupo carso,3912301.85,EUR,OP-639224,"September 19, 2024",N/A,N/A
femsa,5798585.62,USD,OP-188930,"April 15, 2024",N/A,N/A
SORIANA,3916957.21,MXN,OP-520884,13-Apr-2024,N/A,N/A
telmex,6389440.67,USD,OP-217078,2025-01-03,N/A,N/A
SORIANA,8385598.15,EUR,OP-581088,15-Jul-2019,2019-08-18,34
LIVERPOOL,8267456.89,MXN,OP-252068,2021-12-23,N/A,N/A
BANORTE,2063126.72,MXN,OP-186875,"January 09, 2020",N/A,N/A
américa móvil,2892653.41,USD,OP-297346,29-Nov-2020,N/A,N/A
GRUPO MÉXICO,5078443.42,EUR,OP-904558,2020-06-03,30-Jan-2024,1336
GRUPO CARSO,9736930.1,EUR,OP-843194,09/04/2018,N/A,N/A
GRUPO CARSO,4761432.87,MXN,OP-140331,2024-12-26,N/A,N/A
soriana,3417342.36,MXN,OP-260680,14/05/2019,13/10/2024,1979
GRUPO CARSO,434950.87,EUR,OP-510183,2020-02-25,N/A,N/A
FEMSA,1702253.68,USD,OP-844445,28-Jan-2022,"June 07, 2024",861
CEMEX,2828555.22,EUR,OP-547114,2020-02-28,N/A,N/A
BBVA MÉXICO,4892927.45,MXN,OP-741194,22/04/2022,N/A,N/A
liverpool,3809085.77,USD,OP-494844,2016-05-26,"July 21, 2019",1151
GRUPO MÉXICO,8843904.03,EUR,OP-335167,2019-02-10,15/12/2023,1769
walmart de méxico,9407217.33,EUR,OP-229629,03/05/2024,N/A,N/A
pemex,8858322.36,MXN,OP-219905,19/03/2025,N/A,N/A
AMÉRICA MÓVIL,9488863.83,USD,OP-288103,14-Feb-2022,N/A,N/A
BBVA MÉXICO,2801922.13,MXN,OP-836547,"February 16, 2019",08/04/2019,169
GRUPO CARSO,8818770.08,USD,OP-680775,"February 10, 2019",N/A,N/A
PEMEX,195420.98,MXN,OP-761435,25/10/2024,N/A,N/A
alsea,4990225.78,USD,OP-352202,2020-05-21,04/02/2024,1412
grupo lala,4065011.73,EUR,OP-283157,"November 19, 2021",N/A,N/A
GRUPO CARSO,3732356.51,USD,OP-747511,"August 02, 2021",N/A,N/A
GRUPO LALA,7264988.12,EUR,OP-859783,12-Aug-2018,2023-01-30,1632
PEMEX,3173614.89,MXN,OP-467815,04/09/2016,"May 10, 2025",3318
grupo méxico,8201413.74,USD,OP-544978,2018-07-06,N/A,N/A
alsea,4647876.5,EUR,OP-562990,17/09/2018,12/05/2024,2271
liverpool,1622311.09,USD,OP-840545,18/10/2020,"September 12, 2024",1425
grupo lala,8808609.11,EUR,OP-424703,2020-05-18,29-May-2024,1472
TELMEX,4173148.71,USD,OP-632167,13/09/2015,N/A,N/A
TELMEX,3571177.48,EUR,OP-375307,"May 12, 2017",N/A,N/A
grupo bimbo,8036905.45,EUR,OP-921649,05/02/2022,N/A,N/A
liverpool,2511967.51,MXN,OP-205190,2018-11-22,N/A,N/A
TELMEX,2895344.08,MXN,OP-414685,2025-04-16,N/A,N/A
liverpool,8912255.0,EUR,OP-694788,11/04/2016,"October 05, 2019",1065
CEMEX,8346440.13,EUR,OP-211044,2016-05-26,"August 09, 2017",440
SORIANA,6502666.41,USD,OP-554353,01/12/2015,21-Jan-2024,3296
GRUPO CARSO,7707375.0,EUR,OP-173419,28-May-2024,N/A,N/A
pemex,1630198.28,USD,OP-561259,18/04/2023,N/A,N/A
pemex,9733712.12,EUR,OP-269892,2024-03-20,N/A,N/A
walmart de méxico,9754700.75,EUR,OP-209435,"August 05, 2025",N/A,N/A
cemex,457239.14,EUR,OP-845271,18-Jul-2018,2020-12-03,869
grupo carso,7824537.31,EUR,OP-624992,21/05/2024,N/A,N/A
SORIANA,7251502.81,EUR,OP-532549,28-Nov-2022,"May 13, 2024",532
soriana,7448058.63,EUR,OP-917655,2016-12-07,01/03/2021,1488
GRUPO LALA,7028705.98,MXN,OP-535125,26/10/2019,N/A,N/A
liverpool,7570697.63,MXN,OP-318588,"June 01, 2023",2025-03-09,647
grupo méxico,5390243.93,USD,OP-356821,01/01/2017,N/A,N/A
GRUPO MÉXICO,6057017.07,EUR,OP-444741,2019-06-09,26/02/2025,2089
GRUPO LALA,5132249.59,EUR,OP-994023,23-Oct-2015,22-Oct-2016,365
soriana,1383269.19,MXN,OP-906878,26-Feb-2024,N/A,N/A
pemex,6579084.75,MXN,OP-210662,22/10/2024,N/A,N/A
GRUPO CARSO,3718256.8,EUR,OP-386722,2023-06-12,N/A,N/A
ALSEA,7880077.03,MXN,OP-562347,19-Oct-2015,26/05/2017,585
PEMEX,2103711.31,EUR,OP-408759,"February 16, 2020",25-Oct-2020,252
alsea,7721898.73,EUR,OP-203875,2019-03-04,N/A,N/A
liverpool,6153301.93,EUR,OP-287401,21/08/2022,N/A,N/A
GRUPO BIMBO,4215142.28,EUR,OP-513155,04-Nov-2017,02-Nov-2024,2555
alsea,6012393.66,MXN,OP-490345,"January 03, 2022","August 14, 2025",1319
GRUPO CARSO,3025906.27,MXN,OP-902306,"April 19, 2023",N/A,N/A
grupo bimbo,515049.43,USD,OP-531181,22-Aug-2023,N/A,N/A
cemex,4066121.94,EUR,OP-481329,2017-12-12,N/A,N/A
WALMART DE MÉXICO,4004316.37,MXN,OP-417608,"April 02, 2017",2022-03-07,1800
liverpool,4600794.7,MXN,OP-339963,21/06/2018,01-Aug-2019,406
LIVERPOOL,2755451.68,MXN,OP-535374,"July 11, 2017",2022-03-04,1697
SORIANA,9980555.25,USD,OP-586263,"June 28, 2025",N/A,N/A
FEMSA,6368150.43,USD,OP-850397,28/07/2017,24-Jul-2018,361
walmart de méxico,2451161.02,USD,OP-756009,2025-04-20,N/A,N/A
GRUPO MÉXICO,6949521.19,USD,OP-994699,2022-10-10,N/A,N/A
WALMART DE MÉXICO,5552932.21,USD,OP-867437,15-Jan-2023,N/A,N/A
bbva méxico,1593511.86,EUR,OP-301204,03-Jun-2022,N/A,N/A
TELMEX,7070740.6,MXN,OP-978843,"August 04, 2020",2020-08-18,14
banorte,4919678.22,MXN,OP-223828,10/08/2019,"April 16, 2021",556
bbva méxico,4794077.25,USD,OP-886897,23/06/2023,N/A,N/A
WALMART DE MÉXICO,8804782.18,EUR,OP-999885,2018-08-02,05-Jul-2020,703
GRUPO MÉXICO,1762246.3,USD,OP-624232,20/02/2021,N/A,N/A
GRUPO BIMBO,6826439.73,USD,OP-851215,27-Aug-2023,N/A,N/A
GRUPO BIMBO,5448971.13,EUR,OP-659435,31-Jan-2017,"April 02, 2021",1522
SORIANA,7568138.66,EUR,OP-251307,"April 19, 2017",13/10/2017,177
AMÉRICA MÓVIL,1595954.78,USD,OP-546999,06-Mar-2024,N/A,N/A
femsa,4174146.34,MXN,OP-845603,18/09/2015,N/A,N/A
grupo bimbo,7678003.81,MXN,OP-839367,2024-07-30,N/A,N/A
telmex,211236.78,EUR,OP-419776,24-May-2025,N/A,N/A
soriana,8628271.41,EUR,OP-312694,"May 22, 2021",N/A,N/A
pemex,8072288.48,USD,OP-831102,25-Sep-2024,N/A,N/A
ALSEA,3237349.95,MXN,OP-622730,11/04/2021,N/A,N/A
FEMSA,4783036.31,MXN,OP-528400,01-Sep-2018,11-May-2019,252
alsea,9475575.27,USD,OP-746613,"March 13, 2021",N/A,N/A
telmex,4038122.16,MXN,OP-454261,04/01/2025,N/A,N/A
BANORTE,8593277.65,EUR,OP-580833,24-Aug-2022,N/A,N/A
GRUPO BIMBO,3375326.26,MXN,OP-663026,2016-06-28,2024-03-12,2814
bbva méxico,6212513.5,EUR,OP-879770,"November 08, 2022","June 12, 2023",216
CEMEX,9469186.73,USD,OP-873501,2016-12-12,N/A,N/A
CEMEX,1052275.93,EUR,OP-698743,"July 28, 2018","April 18, 2024",2091
AMÉRICA MÓVIL,9994842.8,EUR,OP-484412,07-Mar-2023,N/A,N/A
soriana,727312.15,MXN,OP-624899,05/05/2020,12-Mar-2024,1407
CEMEX,829026.1,EUR,OP-131677,14-Jan-2025,N/A,N/A
soriana,7832842.69,EUR,OP-263331,"May 01, 2025",09-Jun-2025,39
WALMART DE MÉXICO,1669310.54,USD,OP-918363,"May 12, 2019",N/A,N/A
ALSEA,8890441.13,EUR,OP-523763,2021-04-21,N/A,N/A
grupo lala,5412352.36,EUR,OP-985235,"May 06, 2017",2019-01-02,606
grupo bimbo,1096872.09,USD,OP-674108,2024-07-02,N/A,N/A
grupo carso,2562007.4,USD,OP-624156,2021-01-22,N/A,N/A
AMÉRICA MÓVIL,2147409.38,USD,OP-997113,2020-10-29,N/A,N/A
femsa,5860703.42,USD,OP-315502,"September 22, 2015",25/01/2024,3047
grupo bimbo,5261456.44,USD,OP-542856,06/04/2023,N/A,N/A
cemex,6997695.75,MXN,OP-837730,"October 03, 2021",N/A,N/A
TELMEX,4969536.06,MXN,OP-421578,08/05/2023,N/A,N/A
GRUPO LALA,4488823.72,EUR,OP-351142,"June 03, 2019","July 25, 2022",1148
WALMART DE MÉXICO,4991149.01,MXN,OP-147241,03-Jul-2019,N/A,N/A
grupo lala,6018505.7,EUR,OP-818335,"July 03, 2020",N/A,N/A
BANORTE,9820544.33,EUR,OP-614242,12/04/2016,N/A,N/A
GRUPO BIMBO,1533062.24,USD,OP-490550,04/02/2017,"April 04, 2021",1463
PEMEX,9325467.14,MXN,OP-521564,2020-04-13,N/A,N/A
grupo bimbo,5814883.22,EUR,OP-309749,2018-01-09,09-Jun-2018,151
BANORTE,7625362.55,USD,OP-576825,"December 02, 2018",N/A,N/A
FEMSA,6828784.2,USD,OP-882798,10-Jan-2020,"October 20, 2020",284
BBVA MÉXICO,6980439.74,USD,OP-499156,2020-04-22,"August 04, 2025",1930
GRUPO MÉXICO,7257352.13,USD,OP-318779,2018-10-29,2022-11-19,1482
GRUPO MÉXICO,485031.6,MXN,OP-795901,25-Sep-2021,N/A,N/A
femsa,2008908.15,MXN,OP-856629,08-Oct-2015,21-Aug-2017,683
cemex,3084742.3,USD,OP-753070,23/10/2022,26-Jan-2025,826
GRUPO LALA,6246105.68,USD,OP-978727,09-Oct-2017,N/A,N/A
BBVA MÉXICO,9434740.38,MXN,OP-888549,03/03/2025,N/A,N/A
alsea,2469019.32,USD,OP-490102,2019-04-27,N/A,N/A
banorte,8750920.34,EUR,OP-700114,15/01/2021,N/A,N/A
GRUPO LALA,2440031.29,MXN,OP-745586,"June 30, 2021",24/08/2023,785
telmex,8937867.87,USD,OP-301800,"October 13, 2024",N/A,N/A
telmex,1165439.46,USD,OP-824140,2023-05-04,07/08/2024,431
BBVA MÉXICO,8690186.47,MXN,OP-874107,23/05/2017,N/A,N/A
GRUPO BIMBO,5617530.34,EUR,OP-933632,2025-03-21,N/A,N/A
walmart de méxico,9100981.04,MXN,OP-148014,09-May-2024,N/A,N/A
pemex,9194133.6,EUR,OP-750621,"May 14, 2016",2018-11-30,930
grupo carso,9923983.41,MXN,OP-521624,"April 13, 2022",N/A,N/A
grupo bimbo,9308894.8,EUR,OP-565883,01-Feb-2023,N/A,N/A
BBVA MÉXICO,189072.07,EUR,OP-289961,2021-04-17,N/A,N/A
telmex,9044896.52,USD,OP-701339,08-Oct-2017,2024-09-10,2529
WALMART DE MÉXICO,2130323.68,MXN,OP-620644,"November 18, 2016",N/A,N/A
WALMART DE MÉXICO,6191210.26,USD,OP-103048,2020-03-04,12/09/2024,1741
GRUPO MÉXICO,2223725.86,MXN,OP-367121,13/05/2019,"November 17, 2019",188
LIVERPOOL,9842612.7,EUR,OP-626227,07/06/2025,N/A,N/A
américa móvil,9029295.25,EUR,OP-402215,02/11/2016,"July 02, 2017",507
SORIANA,3827082.17,USD,OP-742932,02/02/2018,2019-12-01,667
américa móvil,694302.41,EUR,OP-291572,"March 08, 2025",N/A,N/A
TELMEX,6081938.89,USD,OP-671935,18-Dec-2019,N/A,N/A
walmart de méxico,5370829.21,EUR,OP-220775,06/10/2017,05/12/2020,1067
alsea,6947996.85,EUR,OP-889899,24-Jul-2022,N/A,N/A
CEMEX,7214665.41,EUR,OP-114286,"November 04, 2024",24/04/2025,171
WALMART DE MÉXICO,987954.61,USD,OP-231255,"June 23, 2022",N/A,N/A
pemex,5013109.78,USD,OP-452391,"July 10, 2025",N/A,N/A
walmart de méxico,6468971.85,MXN,OP-820335,29-Oct-2016,N/A,N/A
walmart de méxico,5877974.28,EUR,OP-304284,2024-02-21,N/A,N/A
GRUPO BIMBO,8100999.9,MXN,OP-201444,2025-06-27,N/A,N/A
GRUPO LALA,3012651.23,MXN,OP-407880,2020-09-30,15/11/2020,46
GRUPO LALA,1935915.47,USD,OP-290627,15-Oct-2022,N/A,N/A
alsea,7408900.44,MXN,OP-167363,19-Aug-2023,N/A,N/A
grupo lala,7049368.99,MXN,OP-794670,22-Jul-2016,03-Oct-2017,438
SORIANA,9466108.02,EUR,OP-163909,2017-07-17,"May 26, 2025",2870
américa móvil,5890282.36,EUR,OP-512243,2022-12-03,N/A,N/A
pemex,1958403.61,MXN,OP-824408,2020-04-25,N/A,N/A
pemex,7994707.11,EUR,OP-127082,"April 14, 2021",N/A,N/A
ALSEA,4931647.56,EUR,OP-940989,"September 22, 2021",11-Aug-2023,688
ALSEA,6569722.47,USD,OP-649110,"September 04, 2023",N/A,N/A
ALSEA,8210544.67,USD,OP-609833,2016-08-27,"March 26, 2019",941
liverpool,2103240.01,MXN,OP-744844,2024-07-08,N/A,N/A
CEMEX,2925788.03,USD,OP-922282,2024-03-05,N/A,N/A
ALSEA,5723935.79,MXN,OP-335704,"June 27, 2018",19-Jan-2019,206
femsa,9721823.59,EUR,OP-674047,25-Apr-2023,N/A,N/A
BBVA MÉXICO,7504497.64,MXN,OP-374157,10-Apr-2018,13-Oct-2023,2012
PEMEX,8532000.33,EUR,OP-391596,07-May-2022,N/A,N/A
grupo lala,2432243.95,USD,OP-502385,2019-12-02,"July 02, 2023",1308
grupo méxico,1722806.56,EUR,OP-427594,18/04/2018,20-Oct-2018,185
GRUPO CARSO,1153730.04,MXN,OP-256591,2022-10-05,N/A,N/A
grupo méxico,3688665.99,MXN,OP-715396,2021-10-01,N/A,N/A
BANORTE,8213820.62,MXN,OP-625929,12-Oct-2022,N/A,N/A
liverpool,4242657.33,USD,OP-578481,14-Jan-2020,"August 04, 2023",1298
WALMART DE MÉXICO,7016094.73,MXN,OP-770268,2019-01-10,28-Feb-2019,49
walmart de méxico,4004263.6,EUR,OP-546027,28/03/2017,24/10/2018,575
BANORTE,6457206.95,MXN,OP-269716,31-Aug-2022,15/08/2025,1080
walmart de méxico,5636406.94,USD,OP-576382,30/06/2023,N/A,N/A
BBVA MÉXICO,6496742.87,MXN,OP-401269,17-Apr-2022,N/A,N/A
ALSEA,1221329.47,MXN,OP-758003,11-Aug-2024,N/A,N/A
BANORTE,3944364.61,MXN,OP-994274,03-Apr-2018,N/A,N/A
FEMSA,4001513.43,EUR,OP-110575,2021-02-25,N/A,N/A
TELMEX,6072260.74,MXN,OP-150534,"April 30, 2019",06-Sep-2020,495
bbva méxico,9520293.37,EUR,OP-694091,"November 17, 2019","September 02, 2024",1751
femsa,6540779.1,MXN,OP-541192,"April 13, 2022",2023-02-07,300
walmart de méxico,1902584.95,USD,OP-234538,02/11/2023,N/A,N/A
BBVA MÉXICO,5367041.45,MXN,OP-687359,"February 10, 2020",N/A,N/A
SORIANA,2093806.96,MXN,OP-333839,06/04/2018,02-Jan-2024,2038
bbva méxico,5892963.48,USD,OP-504866,13/07/2017,2024-05-01,2484
walmart de méxico,230064.72,EUR,OP-173350,31-Oct-2018,06/03/2025,2407
GRUPO MÉXICO,4771968.71,MXN,OP-861164,"May 22, 2018",29-May-2020,738
CEMEX,6865159.46,MXN,OP-597499,22/03/2020,01-Nov-2023,1319
ALSEA,4280683.92,EUR,OP-449795,"September 02, 2016","January 30, 2025",3072
GRUPO LALA,7870590.13,MXN,OP-380011,16-Nov-2021,N/A,N/A
GRUPO LALA,9781571.55,EUR,OP-524772,24-Apr-2023,2023-09-27,156
GRUPO BIMBO,3617899.03,MXN,OP-597088,2017-06-24,24/02/2019,610
cemex,7916290.2,MXN,OP-220322,23-May-2021,01/10/2022,232
américa móvil,4270909.88,MXN,OP-185486,2024-12-01,N/A,N/A
liverpool,9091623.02,MXN,OP-236282,30/04/2024,N/A,N/A
grupo lala,3723366.85,EUR,OP-791972,11/04/2022,N/A,N/A
CEMEX,2231673.4,MXN,OP-763251,29/06/2017,N/A,N/A
américa móvil,7183979.27,USD,OP-921900,29/09/2020,N/A,N/A
PEMEX,8533423.34,USD,OP-474038,"January 11, 2024",N/A,N/A
BBVA MÉXICO,4364208.84,EUR,OP-388248,23-Jan-2018,N/A,N/A
femsa,3870093.93,MXN,OP-940074,"October 06, 2019",N/A,N/A
américa móvil,520616.02,MXN,OP-964435,"April 23, 2021",04-Mar-2023,680
grupo carso,3560542.04,USD,OP-393869,2017-09-15,20/04/2021,1313
TELMEX,3950087.49,USD,OP-583028,"May 10, 2023",N/A,N/A
bbva méxico,4742459.09,USD,OP-472493,2025-03-28,N/A,N/A
walmart de méxico,9796819.15,MXN,OP-988347,05-Aug-2017,2020-12-09,1222
GRUPO CARSO,3674489.66,USD,OP-724758,23/04/2021,N/A,N/A
WALMART DE MÉXICO,8500510.63,USD,OP-194225,2021-05-06,2021-08-07,93
grupo bimbo,500275.92,USD,OP-217271,"August 04, 2024",N/A,N/A
banorte,5629766.87,USD,OP-947773,"April 29, 2019",N/A,N/A
grupo bimbo,4780931.83,USD,OP-718608,2018-03-02,30-Aug-2022,1642
soriana,1371833.22,MXN,OP-292610,10/04/2020,N/A,N/A
PEMEX,935505.89,USD,OP-432729,12-Sep-2016,27/10/2021,1871
femsa,7086853.14,MXN,OP-871849,"October 24, 2015",N/A,N/A
soriana,5579933.89,MXN,OP-816564,"October 02, 2016",10-Jan-2023,2291
telmex,312048.66,USD,OP-146397,02/09/2022,18-Oct-2023,616
femsa,2224315.51,MXN,OP-542679,2016-12-28,2025-04-11,3026
LIVERPOOL,144278.27,USD,OP-427086,2025-04-24,N/A,N/A
SORIANA,8639492.08,USD,OP-288804,01-May-2016,2017-07-20,445
grupo méxico,5911683.78,USD,OP-549985,29/10/2022,N/A,N/A
WALMART DE MÉXICO,6437151.35,MXN,OP-792436,2020-05-10,N/A,N/A
GRUPO BIMBO,1468407.42,USD,OP-483497,2024-05-30,N/A,N/A
BBVA MÉXICO,4008077.97,EUR,OP-754912,2021-03-28,N/A,N/A
femsa,6742163.94,USD,OP-116225,15-Jul-2017,N/A,N/A
GRUPO MÉXICO,7961283.34,EUR,OP-296388,15-Sep-2019,13/11/2023,1520
grupo méxico,6542370.72,MXN,OP-922079,"January 07, 2021",2021-08-07,212
AMÉRICA MÓVIL,7106268.43,EUR,OP-169653,12/12/2019,N/A,N/A
alsea,1865630.89,USD,OP-268955,"August 12, 2020",N/A,N/A
WALMART DE MÉXICO,6473597.33,MXN,OP-935411,07/01/2021,N/A,N/A
walmart de méxico,5841197.38,USD,OP-238200,11/08/2019,2024-01-05,1519
BANORTE,4881140.09,EUR,OP-592481,"May 25, 2017",N/A,N/A
GRUPO BIMBO,2979450.5,EUR,OP-134883,"August 05, 2024",17/05/2025,285
grupo bimbo,706643.53,EUR,OP-986078,2021-11-18,N/A,N/A
grupo méxico,9215468.27,MXN,OP-107598,08-Jan-2016,2020-01-16,1469
américa móvil,6566876.49,EUR,OP-349346,10/07/2017,17-Nov-2020,1137
pemex,3511535.81,MXN,OP-199460,"December 18, 2023",N/A,N/A
bbva méxico,8899281.1,EUR,OP-817823,28/06/2018,N/A,N/A
soriana,1986013.72,MXN,OP-536530,06/12/2024,"August 19, 2024",68
grupo bimbo,2126552.77,USD,OP-813695,26-Sep-2023,22/05/2024,239
walmart de méxico,7191575.44,USD,OP-567811,2019-07-23,12/07/2023,1598
WALMART DE MÉXICO,8405967.98,EUR,OP-823642,2022-10-12,N/A,N/A
CEMEX,1969174.13,EUR,OP-851260,19-Jun-2019,N/A,N/A
BBVA MÉXICO,630906.2,EUR,OP-616124,25-Sep-2024,N/A,N/A
TELMEX,2996936.24,EUR,OP-337015,"May 27, 2020",N/A,N/A
GRUPO LALA,9580387.5,EUR,OP-833982,2015-08-28,24-Jul-2020,1792
pemex,4584952.02,EUR,OP-368696,14-Aug-2022,2023-09-28,410
SORIANA,7875616.8,MXN,OP-483335,2018-02-07,2019-01-28,355
GRUPO CARSO,3903842.17,EUR,OP-948914,2016-01-09,29-Dec-2024,3277
cemex,2784310.52,EUR,OP-205541,2023-11-12,N/A,N/A
GRUPO LALA,7950669.38,EUR,OP-381610,"June 28, 2018",N/A,N/A
femsa,3608728.88,MXN,OP-738061,14-May-2017,N/A,N/A
ALSEA,2565456.18,USD,OP-850114,2018-11-06,N/A,N/A
GRUPO BIMBO,1087014.19,USD,OP-558753,"January 16, 2023",N/A,N/A
soriana,4376859.98,USD,OP-924184,"September 11, 2024",N/A,N/A
LIVERPOOL,237229.53,MXN,OP-976338,03-Apr-2024,N/A,N/A
ALSEA,537787.01,MXN,OP-478291,2019-12-07,31-Oct-2024,1790
PEMEX,7969279.71,USD,OP-690228,2023-08-10,19/02/2024,193
grupo bimbo,4694459.83,EUR,OP-898533,30-Mar-2022,N/A,N/A
grupo méxico,877515.79,USD,OP-817524,07/05/2022,N/A,N/A
LIVERPOOL,5723348.79,EUR,OP-522800,23-Oct-2015,10/10/2019,1448
PEMEX,7771539.96,EUR,OP-993901,2022-01-18,N/A,N/A
pemex,1061833.61,MXN,OP-896046,21/06/2024,31/12/2024,193
américa móvil,5297008.15,MXN,OP-387138,20/09/2019,N/A,N/A
walmart de méxico,9017645.74,EUR,OP-754821,29-Oct-2017,N/A,N/A
femsa,5319703.54,EUR,OP-558702,"August 08, 2020",01-Nov-2024,1546
AMÉRICA MÓVIL,7567620.63,MXN,OP-432461,02/03/2022,05/07/2022,93
grupo bimbo,6792853.72,EUR,OP-932150,2018-12-22,2024-11-16,2156
GRUPO MÉXICO,8526731.1,MXN,OP-734198,24-Dec-2023,N/A,N/A
telmex,8606871.82,USD,OP-148798,2024-08-22,N/A,N/A
CEMEX,1578442.11,EUR,OP-852894,"June 23, 2016",N/A,N/A
banorte,8361587.09,USD,OP-417823,2022-07-20,N/A,N/A
GRUPO MÉXICO,8370440.36,EUR,OP-217399,"September 23, 2020",N/A,N/A
GRUPO MÉXICO,5466065.63,USD,OP-224274,03/09/2024,N/A,N/A
GRUPO BIMBO,6079588.22,USD,OP-468198,2025-04-21,N/A,N/A
AMÉRICA MÓVIL,5381622.76,EUR,OP-508310,02/02/2019,N/A,N/A
LIVERPOOL,7653504.18,EUR,OP-839563,02/09/2019,26-May-2025,2298
GRUPO MÉXICO,5469162.71,USD,OP-587967,2020-12-06,N/A,N/A
BANORTE,6143265.37,USD,OP-608361,2016-08-05,N/A,N/A
walmart de méxico,748051.52,EUR,OP-673368,11-Jun-2019,05-Jun-2020,360
AMÉRICA MÓVIL,4837847.43,MXN,OP-666386,2024-07-23,N/A,N/A
liverpool,993620.21,MXN,OP-726666,2018-09-02,2024-06-15,2113
SORIANA,4773621.38,USD,OP-437894,28-Feb-2017,N/A,N/A
américa móvil,349630.19,MXN,OP-978213,11-Dec-2021,N/A,N/A
LIVERPOOL,7848319.55,EUR,OP-100286,2021-12-09,N/A,N/A
grupo lala,2549030.1,USD,OP-816940,09/04/2020,N/A,N/A
GRUPO BIMBO,2551306.01,USD,OP-589279,03-Mar-2020,12-Nov-2021,619
SORIANA,4941400.22,USD,OP-943322,19/08/2020,"July 09, 2024",1420
PEMEX,5796629.3,EUR,OP-702279,2017-11-25,N/A,N/A
AMÉRICA MÓVIL,119726.01,MXN,OP-616715,2023-09-29,12/07/2024,435
banorte,1943290.87,MXN,OP-115590,09-Apr-2019,2024-01-14,1741
grupo bimbo,5261986.41,MXN,OP-558068,21/02/2019,N/A,N/A
PEMEX,4044707.73,MXN,OP-989171,2017-07-26,N/A,N/A
GRUPO BIMBO,2112651.84,EUR,OP-630277,"August 09, 2023",N/A,N/A
WALMART DE MÉXICO,1054469.17,EUR,OP-738118,2023-02-28,N/A,N/A
BANORTE,7244895.03,USD,OP-456684,12/05/2020,N/A,N/A
cemex,3258918.0,EUR,OP-743978,"February 23, 2016",24/03/2022,2221
grupo lala,4030242.28,USD,OP-637179,2017-04-22,2018-06-09,413
grupo carso,8907871.37,MXN,OP-699659,"July 30, 2023",N/A,N/A
bbva méxico,9099006.56,EUR,OP-131110,"March 29, 2023",N/A,N/A
grupo carso,9668776.71,EUR,OP-809945,2018-01-16,N/A,N/A
FEMSA,2265960.96,MXN,OP-684605,"August 23, 2016",N/A,N/A
WALMART DE MÉXICO,7907172.59,EUR,OP-477931,26/12/2015,2017-06-29,551
GRUPO CARSO,3579666.08,USD,OP-350004,20/07/2025,N/A,N/A
AMÉRICA MÓVIL,9668573.5,EUR,OP-324879,2016-06-02,19/06/2016,17
CEMEX,7487470.46,MXN,OP-363841,"June 16, 2024",N/A,N/A
FEMSA,3871184.13,MXN,OP-410944,2016-07-03,N/A,N/A
FEMSA,3790865.79,MXN,OP-153483,30-Jan-2018,"July 28, 2022",1640
TELMEX,9630315.87,EUR,OP-931410,21-Feb-2025,N/A,N/A
GRUPO CARSO,8032423.27,MXN,OP-124710,"February 12, 2025",N/A,N/A
alsea,7322622.12,USD,OP-866384,24/06/2023,N/A,N/A
FEMSA,5518365.22,USD,OP-830605,"May 25, 2024",N/A,N/A
CEMEX,4244991.31,USD,OP-125924,2025-07-15,N/A,N/A
grupo carso,7482296.17,MXN,OP-507254,24/10/2018,N/A,N/A
grupo méxico,3549310.68,EUR,OP-420881,25-Mar-2019,N/A,N/A
AMÉRICA MÓVIL,3588863.29,USD,OP-210689,02/09/2022,2022-05-03,83
grupo carso,532147.72,MXN,OP-723867,"April 04, 2025",N/A,N/A
cemex,1289588.93,MXN,OP-296726,2016-09-02,18/01/2025,3060
liverpool,5742581.44,USD,OP-234101,2018-10-16,N/A,N/A
AMÉRICA MÓVIL,962200.24,EUR,OP-761016,20-Jun-2025,N/A,N/A
pemex,1556468.92,EUR,OP-815766,"June 04, 2021","February 14, 2025",1351
ALSEA,5904514.77,USD,OP-699257,2024-08-08,N/A,N/A
banorte,1393967.63,EUR,OP-565297,"July 30, 2024",N/A,N/A
GRUPO MÉXICO,5808505.83,USD,OP-666187,2016-12-17,N/A,N/A
LIVERPOOL,1403327.13,USD,OP-864496,2025-02-12,N/A,N/A
GRUPO CARSO,5405545.92,USD,OP-756033,"March 27, 2024",N/A,N/A
telmex,8945217.91,EUR,OP-580681,21/03/2021,01/06/2022,291
liverpool,1925730.27,EUR,OP-402607,2016-05-22,2023-09-14,2671
BBVA MÉXICO,328952.49,MXN,OP-171323,"July 11, 2017",2025-07-02,2913
banorte,1359851.41,EUR,OP-979119,04/04/2017,N/A,N/A
BANORTE,8084524.91,MXN,OP-963834,26-Apr-2021,N/A,N/A
telmex,6470996.9,MXN,OP-183981,2024-09-13,N/A,N/A
AMÉRICA MÓVIL,7996331.33,EUR,OP-955603,03-Jan-2017,N/A,N/A
SORIANA,7874409.05,MXN,OP-575397,03-Sep-2023,N/A,N/A
grupo carso,8888405.36,EUR,OP-252147,2015-09-11,30-Jun-2019,1388
WALMART DE MÉXICO,7573989.68,USD,OP-190109,2017-05-24,N/A,N/A
banorte,2068079.09,MXN,OP-881347,18-Jun-2019,N/A,N/A
grupo carso,5580678.45,EUR,OP-275647,"November 14, 2021",N/A,N/A
grupo méxico,5364098.0,EUR,OP-538333,2019-08-17,N/A,N/A
PEMEX,3205094.87,USD,OP-144622,2017-05-28,"January 17, 2021",1330
GRUPO MÉXICO,9914664.48,USD,OP-150566,18/01/2020,N/A,N/A
GRUPO CARSO,1187643.11,EUR,OP-245147,"December 06, 2023",N/A,N/A
grupo lala,5467692.22,MXN,OP-480069,02-Jul-2017,N/A,N/A
FEMSA,6053716.62,MXN,OP-252846,2025-08-02,N/A,N/A
alsea,6827175.37,MXN,OP-707978,2022-05-04,N/A,N/A
BBVA MÉXICO,6130261.55,EUR,OP-956902,"June 02, 2019",N/A,N/A
grupo bimbo,247530.36,EUR,OP-566156,2022-02-19,N/A,N/A
alsea,9873248.7,MXN,OP-461176,"August 05, 2022",N/A,N/A
alsea,4200164.06,USD,OP-115056,2018-11-30,N/A,N/A
SORIANA,679559.38,EUR,OP-127971,01-Apr-2022,N/A,N/A
LIVERPOOL,3951989.61,EUR,OP-209980,17-Mar-2021,"April 28, 2024",1138
telmex,2121558.78,USD,OP-480504,11-Dec-2016,N/A,N/A
GRUPO CARSO,4237468.98,USD,OP-187254,"May 17, 2024",N/A,N/A
américa móvil,2248220.81,USD,OP-923316,11-Sep-2019,N/A,N/A
grupo bimbo,5562475.25,USD,OP-332797,2021-07-27,N/A,N/A
GRUPO CARSO,9532202.78,USD,OP-292471,29-Mar-2020,12/03/2022,979
GRUPO LALA,6313147.08,EUR,OP-605620,"April 08, 2019",N/A,N/A
bbva méxico,835317.61,EUR,OP-248857,21/02/2021,N/A,N/A
américa móvil,8892490.68,MXN,OP-788466,02-Apr-2017,"February 11, 2025",2872
GRUPO BIMBO,7906936.55,EUR,OP-211330,"June 27, 2016",N/A,N/A
grupo méxico,4093647.51,USD,OP-114664,"August 21, 2020",N/A,N/A
grupo méxico,6989610.75,EUR,OP-501115,"February 20, 2017",20/02/2020,1095
pemex,2057907.07,USD,OP-121320,26/12/2022,N/A,N/A
AMÉRICA MÓVIL,7839070.27,MXN,OP-647180,20/10/2024,"July 09, 2025",262
LIVERPOOL,8584041.1,EUR,OP-865357,01-Dec-2016,08-Jan-2024,2594
grupo carso,8154812.43,EUR,OP-319237,29-Apr-2019,17/10/2022,1267
WALMART DE MÉXICO,3458323.38,MXN,OP-916066,2022-06-17,N/A,N/A
AMÉRICA MÓVIL,3662062.72,EUR,OP-798155,23/01/2025,N/A,N/A
CEMEX,239085.61,MXN,OP-677942,06-Jan-2022,N/A,N/A
cemex,5323162.88,USD,OP-774762,2019-08-12,N/A,N/A
soriana,2486351.48,EUR,OP-167281,05-Aug-2022,N/A,N/A
liverpool,5864629.73,EUR,OP-745932,2016-10-31,N/A,N/A
GRUPO CARSO,3555749.97,EUR,OP-486182,2022-02-05,N/A,N/A
AMÉRICA MÓVIL,9525133.14,EUR,OP-210916,2015-11-03,N/A,N/A
AMÉRICA MÓVIL,615181.24,MXN,OP-712734,22-Oct-2018,N/A,N/A
LIVERPOOL,1557474.8,USD,OP-580507,18/06/2024,N/A,N/A
bbva méxico,9690513.77,USD,OP-143612,"November 09, 2023",N/A,N/A
grupo méxico,6278307.76,USD,OP-482888,30/04/2024,18/05/2024,18
grupo méxico,2435524.94,MXN,OP-140144,05/02/2016,N/A,N/A
GRUPO LALA,6583724.52,USD,OP-266524,"July 11, 2021","September 27, 2021",78
grupo bimbo,5855737.26,EUR,OP-494325,"December 08, 2020",N/A,N/A
pemex,448058.09,EUR,OP-138487,2015-09-21,26-Jul-2020,1770
liverpool,9560284.28,MXN,OP-425813,14-Oct-2019,2022-11-01,1114
GRUPO LALA,6373298.57,USD,OP-857591,2020-05-13,07/07/2021,420
GRUPO MÉXICO,2653820.43,MXN,OP-942204,10-Feb-2017,"July 16, 2020",1252
liverpool,106068.49,USD,OP-180076,"June 27, 2023",N/A,N/A
BBVA MÉXICO,5286405.17,EUR,OP-841412,2017-07-07,"October 05, 2017",90
BBVA MÉXICO,9121386.4,EUR,OP-720368,"May 21, 2018",2021-03-14,1028
TELMEX,2963537.34,EUR,OP-215944,2019-04-01,"September 08, 2020",526
banorte,2297007.05,USD,OP-425226,2025-07-18,N/A,N/A
CEMEX,1700259.46,USD,OP-468843,05/11/2016,2017-05-17,371
liverpool,2711361.09,USD,OP-752475,16-Nov-2022,2024-11-14,729
grupo carso,8439146.48,USD,OP-170913,"October 14, 2024",N/A,N/A
TELMEX,1642340.54,MXN,OP-420935,2018-06-15,N/A,N/A
bbva méxico,8665311.71,MXN,OP-975051,03-Dec-2024,N/A,N/A
bbva méxico,9194963.11,USD,OP-786937,16/07/2021,N/A,N/A
AMÉRICA MÓVIL,8616049.39,MXN,OP-824450,"June 02, 2021",N/A,N/A
liverpool,2309316.23,USD,OP-409121,09-Apr-2016,N/A,N/A
GRUPO MÉXICO,2609892.59,USD,OP-497405,"August 27, 2018",N/A,N/A
GRUPO MÉXICO,2182425.45,EUR,OP-754634,"November 10, 2022",N/A,N/A
bbva méxico,5356838.95,MXN,OP-324854,2024-10-26,N/A,N/A
grupo bimbo,4828765.49,MXN,OP-674646,18-Oct-2023,N/A,N/A
soriana,5533089.69,EUR,OP-178033,02-May-2016,2024-09-04,3047
BANORTE,5344800.24,EUR,OP-238967,11/04/2024,N/A,N/A
CEMEX,3644442.64,USD,OP-935845,22-Nov-2022,2025-06-09,930
LIVERPOOL,475936.41,EUR,OP-676384,23-May-2018,27-Jun-2025,2592
grupo bimbo,5808807.27,EUR,OP-650840,"September 02, 2023","May 08, 2024",249
LIVERPOOL,515970.56,EUR,OP-237752,2020-04-05,N/A,N/A
AMÉRICA MÓVIL,1667406.22,USD,OP-943596,28-Aug-2016,"September 22, 2018",755
GRUPO MÉXICO,3575662.18,MXN,OP-847421,2023-11-24,N/A,N/A
SORIANA,9110829.88,EUR,OP-649713,2018-04-30,N/A,N/A
grupo carso,7514263.01,USD,OP-360043,"June 26, 2019",N/A,N/A
alsea,6610440.05,MXN,OP-913601,2024-05-24,N/A,N/A
grupo bimbo,7163790.35,MXN,OP-167133,03/08/2017,N/A,N/A
BBVA MÉXICO,5873162.15,MXN,OP-667223,2015-11-12,2022-12-31,2606
AMÉRICA MÓVIL,4784218.83,EUR,OP-164729,31-Jul-2020,N/A,N/A
FEMSA,1706648.93,USD,OP-226178,23-May-2017,N/A,N/A
grupo carso,9186641.05,USD,OP-854869,28/10/2022,28/06/2025,974
grupo lala,5100448.05,MXN,OP-199088,2019-02-03,N/A,N/A
grupo méxico,9373724.69,USD,OP-871257,"May 15, 2018","April 10, 2024",2157
BANORTE,2559279.89,USD,OP-707833,03-Nov-2020,N/A,N/A
bbva méxico,2656229.59,USD,OP-235736,"October 27, 2021","November 07, 2021",11
walmart de méxico,8251097.96,EUR,OP-571248,2022-03-12,N/A,N/A
WALMART DE MÉXICO,3570360.12,EUR,OP-947406,02/11/2016,N/A,N/A
AMÉRICA MÓVIL,2837575.22,MXN,OP-177000,"September 29, 2024",N/A,N/A
alsea,7314461.04,MXN,OP-150536,21/05/2022,N/A,N/A
femsa,9433268.57,USD,OP-175632,"August 18, 2017",12-Jul-2023,2154
walmart de méxico,577268.06,EUR,OP-202216,2019-12-31,06-Mar-2025,1892
BANORTE,8510340.76,USD,OP-597352,"August 14, 2016",2018-05-18,642
walmart de méxico,9939327.35,MXN,OP-571996,21/06/2022,N/A,N/A
LIVERPOOL,9499698.9,EUR,OP-218215,02/02/2017,2024-12-03,2861
cemex,6923829.09,USD,OP-624193,06-Dec-2015,N/A,N/A
CEMEX,2775450.28,MXN,OP-495121,13/08/2023,N/A,N/A
GRUPO BIMBO,7045319.13,USD,OP-550358,"September 16, 2024",N/A,N/A
bbva méxico,2712057.83,MXN,OP-775498,2023-12-14,N/A,N/A
TELMEX,8979429.91,MXN,OP-885509,17/05/2025,N/A,N/A
telmex,3586831.15,EUR,OP-188905,08/07/2023,N/A,N/A
américa móvil,6995147.05,MXN,OP-787289,"April 08, 2018",N/A,N/A
AMÉRICA MÓVIL,4952624.37,EUR,OP-447338,29-May-2019,N/A,N/A
walmart de méxico,5688520.72,MXN,OP-531736,2022-10-26,N/A,N/A
AMÉRICA MÓVIL,4418378.25,MXN,OP-189878,04/08/2016,09-Feb-2017,307
grupo méxico,1629070.6,USD,OP-404617,26/05/2023,29-Oct-2023,156
ALSEA,4320109.58,EUR,OP-556186,"September 26, 2018",N/A,N/A
alsea,1482336.58,MXN,OP-435476,"May 26, 2021",N/A,N/A
grupo méxico,1812968.38,EUR,OP-353927,"April 22, 2024",N/A,N/A
grupo lala,879104.34,EUR,OP-105832,17-Jun-2022,N/A,N/A
banorte,9039571.77,USD,OP-775631,"July 27, 2019",N/A,N/A
ALSEA,8826335.95,USD,OP-284816,"December 02, 2018",N/A,N/A
soriana,7158418.83,MXN,OP-780635,2021-09-20,N/A,N/A
BBVA MÉXICO,1589364.83,MXN,OP-446737,2021-01-15,N/A,N/A
WALMART DE MÉXICO,9863842.64,USD,OP-543460,08-Apr-2020,N/A,N/A
telmex,8645668.77,EUR,OP-925143,"February 26, 2022",N/A,N/A
GRUPO BIMBO,7740617.23,MXN,OP-846309,05-Sep-2021,N/A,N/A
PEMEX,1313153.43,USD,OP-241813,"August 01, 2023",N/A,N/A
soriana,9797535.86,USD,OP-700471,06-Oct-2020,"October 29, 2020",23
grupo méxico,330205.2,MXN,OP-520102,06-Aug-2021,N/A,N/A
liverpool,9627361.7,USD,OP-636636,"February 26, 2022",N/A,N/A
américa móvil,7088011.34,MXN,OP-623185,21-Dec-2022,2023-02-15,56
GRUPO MÉXICO,6163034.73,MXN,OP-678391,"May 17, 2022",2022-05-23,6
grupo bimbo,5448618.57,MXN,OP-144236,2017-08-11,N/A,N/A
banorte,9909330.96,USD,OP-711832,"March 01, 2017",N/A,N/A
pemex,5897045.71,EUR,OP-828022,30-Jan-2017,"November 04, 2018",643
walmart de méxico,5956768.1,EUR,OP-340905,"January 31, 2023",N/A,N/A
WALMART DE MÉXICO,5471807.29,EUR,OP-984291,"January 11, 2023",11/10/2023,303
grupo méxico,5185263.04,USD,OP-458011,2018-10-01,"December 31, 2018",91
GRUPO LALA,1032518.27,USD,OP-771505,"December 08, 2021",12/01/2024,1089
GRUPO CARSO,9535591.55,EUR,OP-104188,2016-07-02,02-Sep-2023,2618
BBVA MÉXICO,3425604.54,EUR,OP-286563,05-Dec-2016,N/A,N/A
cemex,7903119.17,USD,OP-238185,12-Jul-2023,N/A,N/A
walmart de méxico,325901.78,MXN,OP-345724,02-Feb-2023,05/03/2024,456
grupo méxico,4203600.45,EUR,OP-537652,05/10/2017,N/A,N/A
LIVERPOOL,4800002.48,MXN,OP-251528,2024-01-06,N/A,N/A
BBVA MÉXICO,8224888.05,USD,OP-684638,"March 27, 2019",2022-07-04,1195
BBVA MÉXICO,4518881.42,USD,OP-418397,2017-12-30,N/A,N/A
liverpool,7223736.59,USD,OP-127814,2018-11-27,N/A,N/A
cemex,5110952.09,MXN,OP-228130,"March 08, 2018",N/A,N/A
telmex,4404716.65,MXN,OP-683154,"September 03, 2016",N/A,N/A
BANORTE,963239.48,USD,OP-431124,06/06/2023,16-Oct-2023,132
grupo lala,4654439.67,EUR,OP-125792,2018-03-11,30-Nov-2023,2090
liverpool,4109578.14,EUR,OP-792408,07/11/2018,17/07/2023,1832
grupo lala,8348647.91,EUR,OP-755337,2020-08-13,N/A,N/A
liverpool,6638616.27,EUR,OP-938812,20/12/2018,18/02/2024,1886
GRUPO LALA,6657775.8,MXN,OP-400590,26/05/2022,N/A,N/A
grupo bimbo,782551.9,USD,OP-590924,14-Mar-2021,N/A,N/A
BBVA MÉXICO,3554823.03,USD,OP-487965,2015-08-26,N/A,N/A
grupo carso,4124670.91,MXN,OP-923909,05-Feb-2025,N/A,N/A
pemex,2940990.34,EUR,OP-938351,03-Mar-2023,N/A,N/A
PEMEX,9831340.75,EUR,OP-222294,02/01/2016,27-Nov-2021,2126
grupo lala,9283126.97,MXN,OP-124345,29/10/2019,N/A,N/A
AMÉRICA MÓVIL,7640532.2,MXN,OP-105406,03/09/2024,N/A,N/A
grupo carso,5296084.17,MXN,OP-731672,"July 29, 2016",2019-08-11,1108
banorte,1579986.26,EUR,OP-982544,23/06/2018,N/A,N/A
GRUPO LALA,7109914.02,MXN,OP-468742,"March 02, 2024",N/A,N/A
GRUPO CARSO,9497524.0,MXN,OP-115359,2017-08-28,2022-01-05,1591
ALSEA,4125215.92,USD,OP-605428,29/06/2025,N/A,N/A
américa móvil,2999373.35,MXN,OP-831461,2024-03-02,N/A,N/A
grupo carso,5503689.09,USD,OP-157751,"June 25, 2021",N/A,N/A
CEMEX,4948802.17,EUR,OP-943268,01-Oct-2022,N/A,N/A
LIVERPOOL,4515848.63,EUR,OP-251057,22/11/2015,N/A,N/A
liverpool,6125038.31,EUR,OP-139066,2024-07-01,N/A,N/A
ALSEA,557975.01,USD,OP-117825,13-Aug-2017,15/11/2024,2651
pemex,2938505.57,MXN,OP-392241,"March 12, 2023",N/A,N/A
grupo lala,5915103.85,EUR,OP-806432,"June 16, 2018",N/A,N/A
BBVA MÉXICO,430073.23,USD,OP-396163,01-May-2025,N/A,N/A
WALMART DE MÉXICO,9536838.03,EUR,OP-877977,2020-08-03,N/A,N/A
AMÉRICA MÓVIL,9844357.63,EUR,OP-651352,25-Jun-2019,N/A,N/A
liverpool,7264087.24,EUR,OP-469453,20/04/2019,N/A,N/A
GRUPO BIMBO,8369316.21,USD,OP-402661,05/10/2022,N/A,N/A
AMÉRICA MÓVIL,7966821.54,EUR,OP-378618,"October 15, 2015",06-Feb-2020,1575
alsea,3581220.0,USD,OP-955371,2024-10-09,N/A,N/A
GRUPO MÉXICO,4602591.32,USD,OP-286087,07-Feb-2024,N/A,N/A
GRUPO BIMBO,3148925.72,EUR,OP-542069,10/08/2020,N/A,N/A
GRUPO CARSO,4658004.38,MXN,OP-666617,05/02/2019,N/A,N/A
bbva méxico,2290410.24,EUR,OP-827203,"March 23, 2016",2017-05-31,434
PEMEX,6092674.72,USD,OP-219521,09/09/2016,23-Feb-2022,1993
TELMEX,7400104.75,EUR,OP-588550,"August 19, 2019",28-Oct-2020,436
FEMSA,6936927.67,USD,OP-327858,30/12/2024,N/A,N/A
BBVA MÉXICO,6820553.26,USD,OP-547690,11-Oct-2023,N/A,N/A
américa móvil,1293390.21,MXN,OP-554992,2020-06-18,09/04/2021,443
liverpool,6177757.79,MXN,OP-116459,"December 28, 2020",N/A,N/A
GRUPO LALA,3025906.01,EUR,OP-938940,2018-05-28,N/A,N/A
américa móvil,8519217.09,MXN,OP-278071,11-Mar-2016,2019-03-11,1095
LIVERPOOL,6373846.05,USD,OP-388999,"July 12, 2024",N/A,N/A
BBVA MÉXICO,7536238.16,MXN,OP-263704,02/04/2018,N/A,N/A
FEMSA,359342.94,MXN,OP-211851,"September 21, 2020",N/A,N/A
telmex,8534897.73,EUR,OP-987858,15-Dec-2023,N/A,N/A
BANORTE,3222328.42,EUR,OP-476874,"November 22, 2017",N/A,N/A
pemex,9996560.43,MXN,OP-153525,09-Feb-2019,N/A,N/A
GRUPO CARSO,2456495.19,EUR,OP-795218,15-Jan-2016,N/A,N/A
liverpool,7925514.27,EUR,OP-635833,05-Mar-2025,N/A,N/A
banorte,3913572.02,EUR,OP-760464,"May 16, 2025",N/A,N/A
grupo lala,401282.59,MXN,OP-667576,2023-06-17,N/A,N/A
walmart de méxico,9107167.8,USD,OP-422821,"April 05, 2016",10-Dec-2023,2805
GRUPO CARSO,1662612.76,EUR,OP-133543,18/01/2021,N/A,N/A
grupo méxico,5484681.66,USD,OP-991824,2021-04-03,N/A,N/A
CEMEX,8018543.62,MXN,OP-684957,18-Jan-2018,29-Sep-2020,985
GRUPO BIMBO,3053993.83,EUR,OP-142583,"July 28, 2023",N/A,N/A
américa móvil,4207313.19,MXN,OP-233002,"January 29, 2020",N/A,N/A
WALMART DE MÉXICO,870523.1,USD,OP-889792,2019-10-30,"June 15, 2024",1690
AMÉRICA MÓVIL,6348207.37,EUR,OP-791967,"July 10, 2020",N/A,N/A
bbva méxico,2779900.55,USD,OP-709814,13/09/2024,N/A,N/A
LIVERPOOL,6349445.05,USD,OP-276913,14-May-2025,N/A,N/A
pemex,8883550.38,MXN,OP-282328,"August 31, 2020",N/A,N/A
soriana,939180.69,USD,OP-140455,2021-02-23,N/A,N/A
pemex,8887015.84,EUR,OP-505832,2023-12-10,27/08/2024,261
FEMSA,9843432.18,EUR,OP-636204,01/01/2024,N/A,N/A
telmex,8988657.24,MXN,OP-657066,17-Sep-2019,N/A,N/A
grupo méxico,4147679.59,USD,OP-260268,07-Jul-2025,N/A,N/A
cemex,2375601.58,USD,OP-166658,19/12/2018,"August 26, 2020",616
GRUPO LALA,8378699.36,MXN,OP-751901,31-Oct-2021,N/A,N/A
grupo lala,1915658.2,MXN,OP-616715,"January 16, 2020",N/A,N/A
walmart de méxico,2714668.02,USD,OP-380666,16/07/2018,N/A,N/A
ALSEA,9992114.31,MXN,OP-816996,17/01/2021,N/A,N/A
WALMART DE MÉXICO,2364309.17,USD,OP-238734,2021-05-12,N/A,N/A
grupo lala,8899467.98,EUR,OP-419926,"September 14, 2022",N/A,N/A
américa móvil,7492426.32,EUR,OP-690722,01-Mar-2019,N/A,N/A
SORIANA,4102027.68,EUR,OP-576499,2021-03-24,2021-09-05,165
telmex,194698.9,MXN,OP-837796,24-May-2019,N/A,N/A
SORIANA,7727290.18,MXN,OP-599572,"May 22, 2017","July 04, 2023",2234
alsea,8826697.9,USD,OP-390969,09-Jun-2021,"July 23, 2025",1505
grupo bimbo,1971247.91,USD,OP-705883,2022-07-19,N/A,N/A
LIVERPOOL,9970899.41,MXN,OP-616165,"November 27, 2017",2020-08-28,1005
banorte,6016348.5,USD,OP-846380,2018-12-15,N/A,N/A
TELMEX,3007784.86,MXN,OP-374220,"November 05, 2021",N/A,N/A
soriana,1277709.55,MXN,OP-873694,30-Sep-2022,N/A,N/A
pemex,8608520.5,USD,OP-927579,03-Sep-2015,2021-12-04,2284
FEMSA,3418247.27,USD,OP-729762,"March 17, 2022",14-Jun-2024,820
banorte,8531438.66,EUR,OP-671717,2018-06-04,2018-09-22,110
grupo lala,7868959.22,EUR,OP-365376,2019-11-13,10/09/2021,696
grupo lala,7340550.06,EUR,OP-149885,12-Feb-2019,N/A,N/A
cemex,8213902.17,MXN,OP-915928,21/07/2020,N/A,N/A
telmex,9740899.02,USD,OP-803146,"February 07, 2022",N/A,N/A
GRUPO BIMBO,8977964.32,MXN,OP-527597,07/02/2022,N/A,N/A
BBVA MÉXICO,1383901.59,MXN,OP-439684,2019-02-10,2022-05-02,1177
GRUPO LALA,5432484.76,USD,OP-967903,09/09/2018,N/A,N/A
GRUPO LALA,7224557.26,USD,OP-107688,"May 29, 2024",N/A,N/A
LIVERPOOL,4142209.09,USD,OP-268245,15-Jan-2022,N/A,N/A
cemex,1803164.35,MXN,OP-826792,2016-11-05,"September 21, 2023",2511
PEMEX,2817474.46,EUR,OP-853083,"October 22, 2023",N/A,N/A
FEMSA,4070938.12,EUR,OP-355488,10/02/2017,"February 15, 2019",501
pemex,1940753.69,MXN,OP-806158,"August 01, 2025",N/A,N/A
CEMEX,8422490.75,EUR,OP-204346,2021-12-12,N/A,N/A
TELMEX,1669745.78,MXN,OP-994300,25/12/2015,N/A,N/A
banorte,2423288.26,USD,OP-586941,2019-09-28,"July 18, 2022",1024
telmex,1975090.52,EUR,OP-638117,"November 09, 2018",2020-09-08,669
AMÉRICA MÓVIL,9431649.05,USD,OP-760217,07-Sep-2018,N/A,N/A
PEMEX,147767.66,MXN,OP-958415,2017-12-18,23/10/2019,674
WALMART DE MÉXICO,1427580.04,MXN,OP-467208,2019-05-08,N/A,N/A
walmart de méxico,7589981.88,MXN,OP-884395,19/05/2024,N/A,N/A
grupo méxico,2562207.5,EUR,OP-746793,2024-02-11,N/A,N/A
BANORTE,6971148.3,EUR,OP-498548,"February 02, 2021",N/A,N/A
grupo méxico,279445.16,USD,OP-105333,13-Jul-2020,14-Mar-2024,1340
pemex,9893573.18,USD,OP-698181,30/08/2023,N/A,N/A
femsa,8386726.12,USD,OP-248738,"August 04, 2022",N/A,N/A
PEMEX,594040.0,USD,OP-842422,2022-11-03,N/A,N/A
WALMART DE MÉXICO,875728.25,EUR,OP-496482,2016-07-25,05-May-2021,1745
grupo méxico,2898133.81,EUR,OP-637437,25-Sep-2020,N/A,N/A
bbva méxico,3627093.48,EUR,OP-693216,"January 28, 2016",2019-01-03,1071
PEMEX,6793855.54,USD,OP-136321,04-Nov-2016,N/A,N/A
GRUPO MÉXICO,3740812.04,MXN,OP-126412,09-Jun-2021,"August 17, 2025",1530
grupo bimbo,5578657.48,USD,OP-653529,08-Oct-2015,13-Nov-2019,1497
liverpool,6417886.64,MXN,OP-883599,2020-02-18,N/A,N/A
grupo méxico,1783544.61,USD,OP-474637,19-Aug-2017,N/A,N/A
femsa,1513811.36,EUR,OP-473806,30-Apr-2021,22-Dec-2023,966
banorte,6785995.21,USD,OP-734993,2025-02-26,N/A,N/A
ALSEA,6026658.01,EUR,OP-735358,"March 14, 2024",N/A,N/A
américa móvil,9768261.99,USD,OP-235072,07-Jan-2017,09-Jun-2021,1614
GRUPO BIMBO,6928045.29,MXN,OP-991399,2022-11-14,N/A,N/A
grupo méxico,8369384.84,USD,OP-998433,20/02/2025,N/A,N/A
grupo lala,3477461.32,EUR,OP-249793,10-May-2020,N/A,N/A
alsea,7738535.45,MXN,OP-642137,14-Feb-2018,N/A,N/A
liverpool,8703508.07,USD,OP-891847,01-Jul-2022,N/A,N/A
grupo lala,415528.4,MXN,OP-814983,27/02/2021,N/A,N/A
américa móvil,6398429.69,EUR,OP-619012,25/12/2017,2025-08-12,2787
TELMEX,8096441.65,MXN,OP-881315,"May 04, 2024",N/A,N/A
bbva méxico,6213362.53,USD,OP-675601,2023-05-30,N/A,N/A
banorte,5844331.5,EUR,OP-255869,24-May-2024,N/A,N/A
grupo bimbo,7246910.78,EUR,OP-489403,"November 27, 2023",N/A,N/A
cemex,7364926.2,EUR,OP-213450,18-Aug-2021,19/02/2025,1281
femsa,8751527.17,USD,OP-168663,2015-12-09,N/A,N/A
pemex,5876460.56,EUR,OP-297227,08/02/2018,25/07/2023,1818
soriana,6877081.81,MXN,OP-357488,03/08/2023,N/A,N/A
bbva méxico,1697445.87,EUR,OP-959335,25-Apr-2018,N/A,N/A
GRUPO LALA,4055801.65,MXN,OP-380852,01/01/2017,13/07/2021,1654
GRUPO LALA,1572812.62,EUR,OP-968737,2024-10-05,N/A,N/A
PEMEX,4397842.76,USD,OP-522932,"July 27, 2025",N/A,N/A
walmart de méxico,9010656.97,EUR,OP-558226,"October 22, 2019",2024-12-17,1883
BANORTE,5019016.25,USD,OP-816506,"November 14, 2016",2020-05-28,1291
banorte,4423622.2,USD,OP-672020,12-Jan-2019,N/A,N/A
walmart de méxico,1687561.17,USD,OP-620145,2020-03-07,N/A,N/A
AMÉRICA MÓVIL,221576.77,MXN,OP-316456,20/03/2017,"February 23, 2021",1436
américa móvil,5469174.58,USD,OP-950115,13/09/2024,N/A,N/A
walmart de méxico,2852273.94,USD,OP-465914,15/10/2018,30/01/2023,1568
LIVERPOOL,9961692.81,EUR,OP-932193,28/10/2020,2022-06-13,593
PEMEX,8796536.8,MXN,OP-161191,23-Sep-2021,N/A,N/A
liverpool,7379749.7,USD,OP-167806,25-Dec-2021,N/A,N/A
cemex,5352710.85,EUR,OP-766387,08-Oct-2019,N/A,N/A
cemex,8738704.34,USD,OP-359085,27/05/2019,N/A,N/A
GRUPO MÉXICO,7637200.22,USD,OP-525495,14-Jan-2021,N/A,N/A
GRUPO BIMBO,5416626.89,EUR,OP-288081,2021-06-21,24-Feb-2022,248
pemex,7881243.13,MXN,OP-847280,2018-12-16,N/A,N/A
femsa,5306443.58,MXN,OP-325585,18/02/2025,N/A,N/A
SORIANA,2368011.87,USD,OP-692795,08/05/2018,N/A,N/A
GRUPO BIMBO,1244386.23,MXN,OP-257480,"April 24, 2024",N/A,N/A
telmex,7092256.89,EUR,OP-402194,2023-04-11,N/A,N/A
AMÉRICA MÓVIL,2965508.11,EUR,OP-227068,2017-07-04,04/02/2018,272
BBVA MÉXICO,6299487.57,MXN,OP-538140,"January 07, 2024",N/A,N/A
banorte,4479929.23,USD,OP-661409,22/06/2022,28/02/2024,616
BANORTE,275561.04,EUR,OP-566056,21-Dec-2022,N/A,N/A
telmex,1441583.52,USD,OP-935442,04-Apr-2024,N/A,N/A
GRUPO LALA,8262011.34,MXN,OP-816055,26/06/2018,14-Jul-2020,749
banorte,1124254.23,MXN,OP-376450,"April 19, 2018",13/06/2021,1151
GRUPO MÉXICO,3714613.92,EUR,OP-105300,"October 24, 2018",N/A,N/A
femsa,4435339.58,MXN,OP-927803,"December 20, 2021",28-Dec-2024,1104
GRUPO BIMBO,2183483.2,EUR,OP-599647,27-Dec-2020,N/A,N/A
CEMEX,1796778.65,EUR,OP-308493,25/04/2025,N/A,N/A
CEMEX,3146071.6,EUR,OP-463448,2016-07-04,"July 13, 2024",2931
SORIANA,6378663.07,MXN,OP-826622,06-Apr-2025,N/A,N/A
grupo carso,4195610.03,USD,OP-686645,30-Apr-2018,N/A,N/A
pemex,6824075.82,MXN,OP-549820,18/02/2017,N/A,N/A
américa móvil,3000198.3,USD,OP-853844,20-Mar-2023,N/A,N/A
grupo carso,2047880.89,EUR,OP-698251,2022-01-25,N/A,N/A
ALSEA,6713430.86,EUR,OP-744355,"November 09, 2023",N/A,N/A
liverpool,3229681.76,USD,OP-689260,"November 23, 2019",22/09/2023,1399
ALSEA,8672804.36,USD,OP-541710,10-Jun-2019,06-Aug-2023,1518
bbva méxico,6248160.04,USD,OP-989595,13/02/2017,"February 24, 2023",2202
GRUPO BIMBO,3183907.3,MXN,OP-819370,29-Jul-2024,N/A,N/A
ALSEA,3757466.91,USD,OP-428799,07-Jun-2019,12-May-2025,2166
AMÉRICA MÓVIL,282789.19,USD,OP-113540,22-Feb-2024,10/05/2024,226
WALMART DE MÉXICO,6205476.86,EUR,OP-272806,2019-06-03,N/A,N/A
AMÉRICA MÓVIL,3343563.7,USD,OP-471197,"May 24, 2021",N/A,N/A
femsa,5361648.85,EUR,OP-924034,"February 21, 2019",N/A,N/A
grupo lala,9200023.24,EUR,OP-149210,21-Dec-2024,N/A,N/A
GRUPO BIMBO,1273215.61,MXN,OP-543717,"April 01, 2020",11/05/2023,1313
bbva méxico,4170785.86,EUR,OP-597957,"June 25, 2019","April 25, 2023",1400
telmex,3312126.23,MXN,OP-808780,20/03/2024,N/A,N/A
GRUPO BIMBO,9644631.56,MXN,OP-928588,23-Jun-2020,N/A,N/A
grupo carso,7036493.71,USD,OP-806426,20/10/2018,30-Oct-2020,741
GRUPO MÉXICO,5389511.4,USD,OP-127652,2017-03-31,05-Mar-2018,339
américa móvil,7682792.67,USD,OP-607611,08-Oct-2022,N/A,N/A
GRUPO BIMBO,7400214.79,MXN,OP-607002,07/07/2025,N/A,N/A
BBVA MÉXICO,4813040.81,USD,OP-105978,2020-10-14,2021-11-11,393
liverpool,5954544.62,MXN,OP-295807,"December 28, 2015",N/A,N/A
femsa,3492551.28,EUR,OP-219112,04-Jan-2016,28/12/2024,3281
PEMEX,6250031.63,EUR,OP-549031,2025-01-20,N/A,N/A
SORIANA,6213528.42,MXN,OP-543096,19-Sep-2023,N/A,N/A
banorte,7267535.14,USD,OP-385322,22/06/2025,N/A,N/A
grupo lala,3961232.28,MXN,OP-880558,04-Feb-2022,N/A,N/A
TELMEX,8119794.11,EUR,OP-422765,26/05/2025,N/A,N/A
GRUPO MÉXICO,2072398.74,EUR,OP-974384,24/11/2022,N/A,N/A
alsea,7210763.29,USD,OP-482229,14/04/2021,N/A,N/A
TELMEX,2081749.37,USD,OP-225969,2016-07-18,N/A,N/A
alsea,2777880.97,USD,OP-390669,26/04/2025,N/A,N/A
FEMSA,8812602.6,MXN,OP-324144,"October 07, 2021",N/A,N/A
grupo lala,870458.25,EUR,OP-287545,2021-12-19,N/A,N/A
PEMEX,4370139.69,MXN,OP-742141,11-Nov-2018,09-Dec-2024,2220
GRUPO LALA,7830525.6,USD,OP-444918,2015-08-28,N/A,N/A
GRUPO MÉXICO,6025011.63,EUR,OP-894403,"September 22, 2015",23-May-2020,1705
GRUPO BIMBO,4043018.34,MXN,OP-324528,20-Aug-2025,N/A,N/A
femsa,3412848.2,USD,OP-712001,02-Feb-2021,N/A,N/A
telmex,4954082.69,MXN,OP-454163,13/07/2022,N/A,N/A
CEMEX,3810222.51,EUR,OP-378489,2019-07-30,N/A,N/A
grupo carso,8263864.74,MXN,OP-499479,2019-06-25,N/A,N/A
LIVERPOOL,6250659.66,MXN,OP-269499,06-Nov-2016,N/A,N/A
américa móvil,6744079.44,MXN,OP-450419,04/05/2021,2024-06-15,1167
bbva méxico,2569707.16,USD,OP-647201,"October 27, 2019",18-Aug-2020,296
WALMART DE MÉXICO,7461017.01,USD,OP-119625,2018-04-18,N/A,N/A
BBVA MÉXICO,8968600.75,USD,OP-103607,28-Mar-2024,N/A,N/A
CEMEX,3577205.45,USD,OP-503614,2020-01-30,N/A,N/A
LIVERPOOL,3899056.03,EUR,OP-886407,29/04/2019,2020-02-06,283
walmart de méxico,9518036.58,EUR,OP-971111,06/04/2024,N/A,N/A
grupo lala,6732133.21,MXN,OP-510840,11/10/2015,04/03/2018,875
grupo méxico,830068.24,USD,OP-300532,"February 16, 2017",2022-07-26,1986
WALMART DE MÉXICO,5945619.26,EUR,OP-548432,27/07/2017,2025-07-14,2909
alsea,9227713.86,EUR,OP-518588,"April 24, 2021",N/A,N/A
CEMEX,6481939.46,USD,OP-955141,23/02/2021,N/A,N/A
AMÉRICA MÓVIL,8629365.2,USD,OP-910215,2023-10-02,N/A,N/A
bbva méxico,7400102.78,USD,OP-166324,2021-12-15,N/A,N/A
GRUPO BIMBO,4836167.59,EUR,OP-360805,"July 28, 2020",28/12/2023,1248
CEMEX,9677373.57,USD,OP-286353,"May 01, 2016",N/A,N/A
GRUPO CARSO,5978021.68,EUR,OP-109978,"July 28, 2017",N/A,N/A
GRUPO LALA,2268658.5,EUR,OP-207520,2022-06-24,N/A,N/A
liverpool,5662669.09,USD,OP-823953,2025-05-17,N/A,N/A
CEMEX,9562133.48,EUR,OP-623207,2018-02-02,01/11/2022,1439
soriana,6856658.65,USD,OP-420915,"December 12, 2015",12-Jul-2024,3135
GRUPO MÉXICO,5023732.45,USD,OP-183310,07-Feb-2021,N/A,N/A
banorte,3658106.61,EUR,OP-515791,30-Dec-2022,N/A,N/A
cemex,1813966.97,USD,OP-756581,05/05/2017,2024-04-22,2544
soriana,890126.41,EUR,OP-406356,"March 07, 2021",N/A,N/A
telmex,1808993.05,MXN,OP-555860,2020-03-22,N/A,N/A
soriana,7461112.3,MXN,OP-146504,26/12/2022,N/A,N/A
grupo bimbo,6811974.5,MXN,OP-640471,28-Feb-2021,15/02/2024,1082
GRUPO LALA,4628422.93,EUR,OP-377858,"May 22, 2023",N/A,N/A
TELMEX,6880607.17,EUR,OP-480499,"January 08, 2019",N/A,N/A
SORIANA,2405647.97,EUR,OP-516530,11-Nov-2022,N/A,N/A
FEMSA,7756375.28,MXN,OP-355179,2017-11-23,N/A,N/A
FEMSA,3791613.0,EUR,OP-501239,17/12/2020,N/A,N/A
GRUPO LALA,304089.67,EUR,OP-255507,30-Dec-2023,N/A,N/A
cemex,9630233.36,EUR,OP-695219,"January 06, 2018","May 23, 2020",868
américa móvil,7301340.92,EUR,OP-173903,27-Nov-2017,19/03/2024,2304
GRUPO BIMBO,2699189.46,MXN,OP-187453,01/05/2018,N/A,N/A
FEMSA,7556956.84,MXN,OP-318931,22/02/2017,16-Nov-2020,1363
américa móvil,4714639.66,USD,OP-403497,25/01/2018,"June 14, 2025",2697
cemex,7248302.65,USD,OP-995562,07-Apr-2019,2025-05-27,2242
WALMART DE MÉXICO,5298069.42,EUR,OP-986695,2024-06-09,N/A,N/A
bbva méxico,8161428.87,USD,OP-619256,03/11/2020,N/A,N/A
GRUPO MÉXICO,5083802.43,MXN,OP-142491,"October 22, 2019","May 04, 2022",925
GRUPO BIMBO,5278579.2,USD,OP-905302,26-Oct-2016,"March 31, 2021",1617
alsea,8822488.32,USD,OP-489322,"July 19, 2019",N/A,N/A
CEMEX,4362504.9,USD,OP-735518,30/03/2016,N/A,N/A
walmart de méxico,3012523.68,USD,OP-109722,2021-01-01,N/A,N/A
SORIANA,4844448.05,USD,OP-213241,24/04/2022,"August 02, 2025",1196
GRUPO LALA,9147766.91,MXN,OP-644787,"March 20, 2023",N/A,N/A
pemex,1171971.11,EUR,OP-149725,2018-07-11,2021-04-25,1019
GRUPO CARSO,4147849.79,USD,OP-246035,2023-12-30,N/A,N/A
PEMEX,2897922.25,EUR,OP-926337,2019-09-14,"October 05, 2020",387
liverpool,5604925.81,EUR,OP-550938,29-Oct-2019,09/03/2024,1771
GRUPO BIMBO,1621206.73,EUR,OP-764499,"March 16, 2024",N/A,N/A
liverpool,2606747.15,USD,OP-772017,"May 06, 2025",N/A,N/A
cemex,5119213.29,USD,OP-794606,28/02/2022,N/A,N/A
AMÉRICA MÓVIL,6917903.6,MXN,OP-623951,05-Jan-2016,05-Jan-2022,2192
banorte,4625051.72,USD,OP-628401,"September 16, 2016",N/A,N/A
grupo méxico,7251018.12,EUR,OP-228611,"March 09, 2018",N/A,N/A
GRUPO MÉXICO,5634221.74,USD,OP-599878,02/09/2018,31/03/2023,1876
bbva méxico,9259010.5,EUR,OP-601968,13/01/2021,N/A,N/A
cemex,9917570.3,MXN,OP-398631,12/04/2025,N/A,N/A
GRUPO BIMBO,9877462.73,USD,OP-257990,15/12/2020,N/A,N/A
américa móvil,6765669.24,EUR,OP-575677,2016-09-22,N/A,N/A
GRUPO LALA,6217982.85,USD,OP-299532,"July 10, 2018",25/04/2020,655
GRUPO LALA,4275030.25,USD,OP-675751,31-Jul-2023,N/A,N/A
ALSEA,3223425.47,USD,OP-141956,07-May-2025,N/A,N/A
SORIANA,6727437.14,MXN,OP-976769,2025-07-25,N/A,N/A
liverpool,3455804.68,EUR,OP-818933,2023-07-26,N/A,N/A
LIVERPOOL,9746555.41,USD,OP-370075,26-Apr-2023,N/A,N/A
LIVERPOOL,5721478.63,EUR,OP-164180,23-May-2020,N/A,N/A
ALSEA,7312981.71,EUR,OP-406605,17-Mar-2020,29/09/2024,1657
GRUPO MÉXICO,4347812.21,EUR,OP-714616,28-Feb-2022,N/A,N/A
banorte,2778912.84,EUR,OP-227313,"September 15, 2018",2019-11-02,413
PEMEX,3686325.89,MXN,OP-754697,14/08/2016,"November 05, 2016",83
bbva méxico,7412635.38,USD,OP-378784,"June 30, 2024",N/A,N/A
grupo lala,4644901.99,MXN,OP-834967,"April 15, 2019",20/07/2019,96
alsea,6828121.46,MXN,OP-865260,10/07/2024,N/A,N/A
PEMEX,8579967.83,MXN,OP-623895,"November 03, 2018",02-Apr-2025,2342
AMÉRICA MÓVIL,8082720.56,USD,OP-428261,30/10/2017,N/A,N/A
femsa,4398802.07,EUR,OP-913233,"December 27, 2022",N/A,N/A
WALMART DE MÉXICO,5860758.58,EUR,OP-470046,"August 12, 2018",27/02/2022,1295
femsa,6221371.26,USD,OP-970259,31-Aug-2020,29-Mar-2024,1306
pemex,1850587.23,EUR,OP-418645,2021-09-24,13-Apr-2022,201
TELMEX,9820817.38,MXN,OP-252214,"March 13, 2024",N/A,N/A
CEMEX,9821879.53,EUR,OP-181524,2019-04-14,01-Oct-2022,1266
pemex,3262871.89,USD,OP-931906,20/04/2025,N/A,N/A
GRUPO BIMBO,9547947.44,EUR,OP-937369,"October 26, 2016",10-Jul-2017,257
pemex,3967599.97,USD,OP-977687,03-Dec-2020,N/A,N/A
GRUPO LALA,4718146.34,USD,OP-290628,04-May-2016,N/A,N/A
ALSEA,5149519.12,USD,OP-177550,09-Nov-2016,N/A,N/A
femsa,5231889.81,EUR,OP-605073,16/11/2023,N/A,N/A
SORIANA,3011658.42,USD,OP-557131,2018-12-07,N/A,N/A
CEMEX,6922393.01,USD,OP-148170,21/12/2016,2020-06-04,1261
femsa,888756.88,USD,OP-430976,2019-11-16,N/A,N/A
pemex,837600.98,EUR,OP-564934,"October 30, 2023",N/A,N/A
pemex,114026.17,EUR,OP-244095,26-Dec-2019,N/A,N/A
grupo carso,1095402.28,EUR,OP-856555,"December 05, 2023",N/A,N/A
TELMEX,1946524.61,USD,OP-667842,06/03/2016,N/A,N/A
grupo bimbo,1591982.89,USD,OP-140255,30/11/2024,N/A,N/A
grupo carso,9348008.2,USD,OP-405108,02-Aug-2016,N/A,N/A
grupo bimbo,2309560.86,EUR,OP-896895,02-Dec-2022,N/A,N/A
pemex,1263425.38,USD,OP-583374,11/01/2021,N/A,N/A
walmart de méxico,1028149.5,USD,OP-148274,"April 28, 2017",N/A,N/A
grupo méxico,7459033.01,MXN,OP-444119,03-May-2016,N/A,N/A
BANORTE,6782508.56,USD,OP-478139,16-Mar-2019,N/A,N/A
GRUPO BIMBO,191494.99,USD,OP-831233,03-Feb-2016,"November 07, 2019",1373
femsa,255009.08,USD,OP-718159,2020-09-02,N/A,N/A
LIVERPOOL,4254981.9,USD,OP-681116,14/01/2021,2021-03-01,46
grupo bimbo,6186685.53,USD,OP-890791,21/07/2022,N/A,N/A
grupo lala,1304143.49,EUR,OP-357151,17-Oct-2022,N/A,N/A
CEMEX,6943908.44,USD,OP-508699,08-Dec-2024,N/A,N/A
grupo lala,1898143.96,USD,OP-619825,13/07/2025,N/A,N/A
alsea,4276697.07,USD,OP-309520,"September 21, 2019",24-Feb-2023,1252
TELMEX,6864754.17,EUR,OP-142252,"June 18, 2018",04-Aug-2019,412
SORIANA,2202134.17,USD,OP-104700,"October 11, 2023",N/A,N/A
grupo carso,6993043.79,EUR,OP-573189,"August 28, 2019",22-Mar-2022,937
grupo méxico,2237002.31,MXN,OP-308327,"August 13, 2020",N/A,N/A
GRUPO CARSO,2350642.95,USD,OP-133556,"June 10, 2022",27/11/2023,535
bbva méxico,7338581.76,USD,OP-912219,2016-03-06,2024-12-15,3206
LIVERPOOL,9676156.29,USD,OP-600611,02/03/2016,25/11/2017,661
américa móvil,834214.23,EUR,OP-880846,2023-09-11,N/A,N/A
telmex,5544974.76,MXN,OP-300090,26-Dec-2023,N/A,N/A
cemex,9561027.22,EUR,OP-118589,30/08/2021,N/A,N/A
cemex,1938063.72,MXN,OP-970804,"June 30, 2020","May 03, 2024",1403
femsa,6627603.1,MXN,OP-361490,2016-04-27,03-Jan-2021,1712
américa móvil,8767539.35,USD,OP-687156,"November 30, 2022",N/A,N/A
FEMSA,7731972.66,MXN,OP-553966,"July 13, 2022","November 11, 2024",852
bbva méxico,8311651.12,EUR,OP-536705,27-Mar-2024,N/A,N/A
FEMSA,1614800.89,MXN,OP-347575,"September 19, 2016",N/A,N/A
grupo méxico,6709400.85,USD,OP-142243,03/03/2021,N/A,N/A
PEMEX,7085355.8,USD,OP-988937,2017-10-16,N/A,N/A
WALMART DE MÉXICO,6901764.92,EUR,OP-139279,27/07/2024,N/A,N/A
soriana,4871768.94,USD,OP-770085,"June 02, 2019",28/06/2025,2218
ALSEA,6596588.29,EUR,OP-952270,2022-06-18,N/A,N/A
GRUPO LALA,2142448.28,MXN,OP-675722,08-Jun-2018,23/02/2023,1721
LIVERPOOL,2571563.03,EUR,OP-373660,08/09/2016,26-May-2020,1386
soriana,7909850.9,USD,OP-751530,21-Aug-2019,N/A,N/A
cemex,6813445.76,USD,OP-630816,"June 22, 2016",09-Mar-2019,990
telmex,6497311.05,MXN,OP-213586,04-Sep-2024,N/A,N/A
telmex,1959203.42,USD,OP-812124,2022-06-09,N/A,N/A
GRUPO MÉXICO,7703552.87,EUR,OP-352677,2020-05-07,01/06/2023,974
CEMEX,6378663.52,MXN,OP-335740,"May 13, 2024",N/A,N/A
grupo bimbo,4436222.56,MXN,OP-477860,2023-08-02,N/A,N/A
alsea,1810419.04,MXN,OP-815654,"August 16, 2019",N/A,N/A
FEMSA,6442660.12,EUR,OP-940143,2024-05-28,N/A,N/A
BBVA MÉXICO,8696808.2,MXN,OP-529441,28/02/2021,N/A,N/A
GRUPO CARSO,371171.43,USD,OP-638343,26/02/2016,"February 04, 2021",1805
LIVERPOOL,1768117.32,USD,OP-963367,"December 17, 2016",24/06/2020,1285
AMÉRICA MÓVIL,5651171.0,USD,OP-630630,16-Jul-2025,N/A,N/A
liverpool,5599468.66,USD,OP-768915,2017-05-29,2022-10-15,1965
alsea,9874676.72,USD,OP-764901,06/12/2022,11-Dec-2022,182
CEMEX,289015.64,USD,OP-197207,"June 17, 2020",N/A,N/A
ALSEA,6786755.52,EUR,OP-499100,"March 17, 2019",N/A,N/A
FEMSA,7195080.61,EUR,OP-515046,2019-04-16,N/A,N/A
ALSEA,9943211.01,EUR,OP-639178,24-Jun-2016,"April 22, 2024",2859
ALSEA,806791.25,MXN,OP-462643,10-Sep-2019,N/A,N/A
grupo carso,7682357.38,USD,OP-503102,"December 05, 2018",N/A,N/A
AMÉRICA MÓVIL,9064167.14,USD,OP-695116,14-Aug-2020,N/A,N/A
cemex,6595471.98,EUR,OP-443879,"July 25, 2024",N/A,N/A
PEMEX,4748963.84,EUR,OP-943539,15/05/2021,N/A,N/A
alsea,6425265.73,USD,OP-776808,2023-02-18,N/A,N/A
AMÉRICA MÓVIL,9420719.37,USD,OP-452091,2020-01-03,N/A,N/A
cemex,2521677.36,EUR,OP-318369,29-Jul-2018,"June 26, 2025",2524
GRUPO MÉXICO,4226184.59,USD,OP-265883,01-Sep-2017,N/A,N/A
LIVERPOOL,8650121.19,USD,OP-442153,27-Jul-2024,N/A,N/A
grupo méxico,2968739.05,USD,OP-118094,2023-01-29,N/A,N/A
GRUPO BIMBO,1978849.55,MXN,OP-959560,11-Jul-2023,N/A,N/A
WALMART DE MÉXICO,8812972.15,MXN,OP-175628,"November 22, 2023",N/A,N/A
LIVERPOOL,4475067.78,EUR,OP-925993,15/12/2020,N/A,N/A
GRUPO CARSO,2827532.97,EUR,OP-357742,28-Apr-2019,24/01/2023,1367
GRUPO MÉXICO,2791095.72,USD,OP-377216,2019-11-05,N/A,N/A
bbva méxico,7920182.67,USD,OP-493253,03-Oct-2015,2019-06-09,1345
TELMEX,7175475.23,USD,OP-622745,07/11/2020,N/A,N/A
telmex,809628.69,EUR,OP-303713,"December 18, 2021",22-Oct-2024,1039
BBVA MÉXICO,1178510.9,USD,OP-576552,2019-01-19,N/A,N/A
CEMEX,6554147.75,MXN,OP-501010,13-Feb-2019,16-Aug-2025,2376
CEMEX,7613271.2,EUR,OP-257351,22-Apr-2023,N/A,N/A
grupo bimbo,8720799.99,USD,OP-651533,17-Mar-2020,N/A,N/A
telmex,5784150.17,EUR,OP-257457,04-Apr-2024,N/A,N/A
AMÉRICA MÓVIL,4476426.72,MXN,OP-859156,2016-01-14,N/A,N/A
alsea,9912239.83,USD,OP-934007,06-Oct-2021,2023-02-23,505
PEMEX,1185382.86,USD,OP-595685,08-Jul-2017,"May 29, 2020",1056
alsea,894316.1,MXN,OP-184803,"April 18, 2023",N/A,N/A
bbva méxico,1278550.5,USD,OP-406152,26-Oct-2016,N/A,N/A
GRUPO BIMBO,6032139.01,USD,OP-668577,"November 25, 2015",N/A,N/A
GRUPO LALA,2662311.72,MXN,OP-355806,2023-04-24,N/A,N/A
ALSEA,4939107.43,MXN,OP-839776,21-Sep-2022,N/A,N/A
pemex,8244622.86,USD,OP-124808,23/01/2024,N/A,N/A
grupo carso,9437555.01,EUR,OP-184417,2017-11-27,N/A,N/A
grupo lala,8269005.3,MXN,OP-738088,07-Aug-2016,02-Jun-2024,2856
TELMEX,4983905.04,USD,OP-330885,08/11/2017,17/09/2019,767
liverpool,6003913.34,MXN,OP-655723,"May 13, 2022",2023-06-07,390
telmex,4028366.75,EUR,OP-756112,2016-03-23,N/A,N/A
PEMEX,1982018.66,MXN,OP-731353,30-Nov-2020,N/A,N/A
WALMART DE MÉXICO,7919012.36,EUR,OP-781115,19/02/2024,N/A,N/A
PEMEX,9724961.26,MXN,OP-868547,"April 03, 2024",N/A,N/A
AMÉRICA MÓVIL,5778981.57,MXN,OP-715482,01/04/2021,N/A,N/A
FEMSA,1641910.25,MXN,OP-697808,"August 12, 2016",2023-07-01,2514
grupo lala,9499732.92,EUR,OP-118214,"February 02, 2018",N/A,N/A
américa móvil,8246256.5,EUR,OP-589441,14/07/2017,26/12/2024,2722
BANORTE,1019215.61,USD,OP-191299,"May 02, 2017",25/06/2022,1880
AMÉRICA MÓVIL,8404420.38,USD,OP-236358,"September 15, 2018",N/A,N/A
pemex,5338350.46,MXN,OP-873554,21/12/2018,N/A,N/A
soriana,8004938.27,EUR,OP-495220,2016-03-11,2020-09-16,1650
grupo bimbo,5314059.25,MXN,OP-157511,28/07/2020,31-May-2023,1037
GRUPO CARSO,6678532.17,USD,OP-238415,09-Aug-2025,N/A,N/A
BBVA MÉXICO,3787339.09,USD,OP-528105,22-Jun-2017,N/A,N/A
américa móvil,423045.69,MXN,OP-460561,14/02/2025,N/A,N/A
pemex,7346281.58,MXN,OP-801932,"December 14, 2016",23/01/2025,2962
GRUPO LALA,5176748.71,EUR,OP-625396,2018-08-02,N/A,N/A
FEMSA,7479847.22,USD,OP-837457,2022-03-10,N/A,N/A
grupo lala,2721274.85,USD,OP-221113,19/08/2024,N/A,N/A
alsea,3517016.29,USD,OP-117753,2015-11-09,29/01/2025,3369
GRUPO LALA,510113.93,EUR,OP-681088,2024-08-10,"February 04, 2025",178
walmart de méxico,4632988.73,EUR,OP-939242,05-Nov-2023,N/A,N/A
BBVA MÉXICO,3503924.06,EUR,OP-561861,29/11/2017,29/10/2019,699
CEMEX,3833352.4,USD,OP-864184,18-Dec-2015,N/A,N/A
GRUPO LALA,450694.89,USD,OP-566380,2018-09-27,10/08/2021,1107
américa móvil,7334718.63,MXN,OP-865536,"June 24, 2021",N/A,N/A
bbva méxico,1029514.63,MXN,OP-568507,2025-03-02,N/A,N/A
BANORTE,5930074.54,USD,OP-420319,2017-11-15,N/A,N/A
PEMEX,1499194.31,MXN,OP-819301,28/08/2016,31-Dec-2023,2681
liverpool,616669.16,MXN,OP-748464,"February 10, 2020",N/A,N/A
GRUPO MÉXICO,1209910.69,MXN,OP-404690,2019-12-07,"March 15, 2022",829
bbva méxico,8364668.33,MXN,OP-227527,"September 09, 2016","November 20, 2022",2263
telmex,2358561.57,USD,OP-278286,25/10/2017,11/01/2022,1833
américa móvil,5623289.42,MXN,OP-724146,05-Oct-2017,20-Jul-2025,2845
PEMEX,9178902.65,EUR,OP-964426,10-May-2024,"November 20, 2024",194
femsa,7825334.79,USD,OP-887063,"November 13, 2015",2017-10-05,692
CEMEX,5474171.0,EUR,OP-520522,"August 14, 2024",2025-07-25,345
grupo bimbo,8774007.01,EUR,OP-741121,18-Sep-2023,N/A,N/A
grupo carso,4026513.06,EUR,OP-452141,10/11/2022,22/04/2024,559
liverpool,7713026.83,MXN,OP-303374,14-Nov-2016,N/A,N/A
ALSEA,2353033.49,EUR,OP-598305,"November 06, 2018",N/A,N/A
alsea,8844573.65,MXN,OP-706088,"December 29, 2023",N/A,N/A
banorte,4688844.68,EUR,OP-337079,2018-03-13,08/01/2024,2333
soriana,938134.63,EUR,OP-193548,27-May-2016,N/A,N/A
liverpool,327818.86,MXN,OP-425009,17-Dec-2020,N/A,N/A
FEMSA,4085716.5,EUR,OP-353970,25/06/2025,N/A,N/A
AMÉRICA MÓVIL,9613952.15,EUR,OP-980567,31-Aug-2015,2023-08-23,2914
LIVERPOOL,7989352.71,MXN,OP-191814,2019-12-03,N/A,N/A
alsea,2798632.16,MXN,OP-980431,04/03/2022,N/A,N/A
cemex,3255406.68,EUR,OP-258752,"August 29, 2021",N/A,N/A
BBVA MÉXICO,5092182.37,MXN,OP-233481,"December 24, 2015","September 02, 2023",2809
GRUPO LALA,804289.13,USD,OP-922344,03/02/2025,N/A,N/A
grupo lala,9227082.29,EUR,OP-803519,26/04/2020,"October 12, 2024",1630
grupo bimbo,9187926.35,USD,OP-486916,03-Apr-2019,24-May-2024,1878
banorte,5392762.85,USD,OP-414329,2024-11-14,N/A,N/A
GRUPO CARSO,1684508.97,MXN,OP-509905,03/02/2016,2016-12-02,275
TELMEX,7334704.9,EUR,OP-869280,12/06/2025,N/A,N/A
femsa,7055085.48,USD,OP-526456,"November 11, 2016",06/02/2021,1664
soriana,9142107.9,USD,OP-597465,2019-03-30,N/A,N/A
LIVERPOOL,1974329.54,USD,OP-469910,2019-10-27,N/A,N/A
GRUPO MÉXICO,1374489.26,EUR,OP-213408,"July 16, 2016",N/A,N/A
GRUPO LALA,5885881.27,EUR,OP-851941,2019-02-28,"November 25, 2022",1366
bbva méxico,3926816.33,USD,OP-437716,"March 19, 2021",N/A,N/A
femsa,1866684.95,USD,OP-574018,04/11/2022,N/A,N/A
WALMART DE MÉXICO,966145.04,EUR,OP-671324,2018-04-16,N/A,N/A
soriana,331838.92,USD,OP-793713,25-Aug-2020,N/A,N/A
AMÉRICA MÓVIL,5912848.74,EUR,OP-802088,17/01/2025,N/A,N/A
SORIANA,8933444.0,USD,OP-105704,12-Jun-2024,N/A,N/A
PEMEX,7401030.18,EUR,OP-370396,23/08/2019,13-Aug-2024,1817
PEMEX,6289856.09,USD,OP-576080,07/01/2017,26/11/2020,1244
BBVA MÉXICO,3268628.37,USD,OP-620369,2024-02-01,N/A,N/A
américa móvil,6920716.97,USD,OP-424976,22/02/2020,08-Jun-2021,472
grupo bimbo,6916694.08,MXN,OP-451012,2018-05-26,03/11/2024,2116
bbva méxico,3257324.17,EUR,OP-767580,08-Nov-2020,N/A,N/A
SORIANA,1309109.26,EUR,OP-303140,"February 03, 2023",22-Nov-2024,658
BANORTE,4630863.64,USD,OP-252966,15/11/2023,N/A,N/A
walmart de méxico,3633746.57,USD,OP-973624,2017-02-19,2019-03-23,762
alsea,3031747.25,MXN,OP-963357,2018-11-02,2024-07-22,2089
soriana,3063623.17,EUR,OP-585629,24/06/2023,N/A,N/A
liverpool,2578664.4,EUR,OP-717715,2018-01-24,"August 15, 2018",203
AMÉRICA MÓVIL,6216113.03,MXN,OP-773392,03/08/2021,N/A,N/A
femsa,4866962.43,EUR,OP-914992,"May 25, 2016",2022-06-09,2206
GRUPO LALA,2754116.14,MXN,OP-661980,2025-08-13,N/A,N/A
LIVERPOOL,532519.05,USD,OP-889665,"February 15, 2025",N/A,N/A
GRUPO CARSO,6032311.33,MXN,OP-758067,06-Feb-2018,N/A,N/A
WALMART DE MÉXICO,4646152.95,EUR,OP-480614,"July 11, 2016","December 06, 2018",878
GRUPO BIMBO,6819027.16,USD,OP-208665,10/07/2023,N/A,N/A
ALSEA,7119211.64,EUR,OP-128585,02/04/2019,2022-04-14,1165
GRUPO CARSO,7530183.72,MXN,OP-691115,2020-02-22,"December 02, 2021",649
grupo bimbo,1573431.61,MXN,OP-165516,"April 13, 2021",N/A,N/A
walmart de méxico,2249392.12,USD,OP-183357,2020-04-05,N/A,N/A
walmart de méxico,9443860.74,EUR,OP-408305,06-Jun-2025,N/A,N/A
telmex,6224937.37,MXN,OP-678739,2019-03-27,N/A,N/A
GRUPO BIMBO,595156.33,EUR,OP-308133,16/07/2020,"June 11, 2025",1791
FEMSA,9977283.93,MXN,OP-100921,2017-08-06,N/A,N/A
grupo lala,1486220.36,USD,OP-317350,2018-07-28,N/A,N/A
américa móvil,7515497.13,MXN,OP-621696,"January 24, 2024",N/A,N/A
grupo lala,8596390.42,MXN,OP-566396,13/10/2024,N/A,N/A
américa móvil,6645003.07,MXN,OP-909722,"June 02, 2023",N/A,N/A
banorte,9556936.6,USD,OP-638204,25/09/2024,N/A,N/A
ALSEA,6519998.86,EUR,OP-583715,13-Jul-2021,2022-06-21,343
WALMART DE MÉXICO,9494656.45,MXN,OP-671502,"March 28, 2016",20-Sep-2023,2732
ALSEA,3060282.71,USD,OP-428469,21-May-2017,N/A,N/A
CEMEX,1496309.15,EUR,OP-475178,"June 21, 2019",N/A,N/A
GRUPO LALA,9261937.7,USD,OP-715576,2018-07-05,N/A,N/A
bbva méxico,6612994.7,MXN,OP-995446,17-Dec-2022,N/A,N/A
pemex,8005001.86,MXN,OP-615672,03-Nov-2017,2020-01-26,814
FEMSA,3789986.72,MXN,OP-803070,14-Feb-2025,N/A,N/A
SORIANA,4906433.73,USD,OP-235730,"June 14, 2025",N/A,N/A
grupo carso,8408167.71,USD,OP-952577,07/03/2023,N/A,N/A
CEMEX,4080817.66,USD,OP-472194,"December 22, 2022",N/A,N/A
grupo carso,7822796.84,MXN,OP-599031,"August 29, 2017","September 14, 2023",2207
banorte,4962657.53,EUR,OP-265160,30/05/2016,N/A,N/A
BBVA MÉXICO,8546810.82,USD,OP-263872,"January 05, 2025",N/A,N/A
GRUPO BIMBO,4399632.93,USD,OP-546819,04-Jul-2022,N/A,N/A
grupo lala,9351711.15,EUR,OP-973440,04-Aug-2020,2021-08-16,377
bbva méxico,164977.44,EUR,OP-798437,05-Nov-2016,07-Sep-2022,2132
AMÉRICA MÓVIL,5833407.94,USD,OP-904400,04/11/2017,"June 12, 2024",2619
SORIANA,8657984.93,USD,OP-840502,17-Dec-2020,N/A,N/A
GRUPO LALA,3719569.59,MXN,OP-549783,04-Apr-2016,2022-05-29,2246
GRUPO CARSO,3418508.07,MXN,OP-677368,20/02/2016,25-Nov-2017,644
GRUPO BIMBO,805357.65,EUR,OP-396804,"November 16, 2015",N/A,N/A
walmart de méxico,4503406.28,MXN,OP-864719,"December 24, 2021",N/A,N/A
PEMEX,2931070.19,MXN,OP-915638,"April 06, 2020",2023-10-14,1286
AMÉRICA MÓVIL,6686850.28,USD,OP-437276,08/02/2018,13-Aug-2020,742
pemex,2120335.07,EUR,OP-412157,04-Aug-2024,N/A,N/A
pemex,3086278.34,MXN,OP-508112,2022-12-12,N/A,N/A
grupo méxico,9464688.47,EUR,OP-862005,"July 21, 2019",N/A,N/A
grupo carso,5772225.06,EUR,OP-135621,15-May-2021,31-Jul-2023,807
BANORTE,9440096.21,USD,OP-306044,07/06/2022,N/A,N/A
GRUPO MÉXICO,6289076.68,MXN,OP-957586,"May 13, 2018",05-Aug-2019,449
SORIANA,6749654.41,MXN,OP-725360,17/06/2020,N/A,N/A
liverpool,6238291.13,EUR,OP-480322,24-Sep-2020,2024-01-02,1195
SORIANA,2686527.52,EUR,OP-855391,"November 27, 2024",N/A,N/A
GRUPO CARSO,136617.98,USD,OP-983552,14-Oct-2022,N/A,N/A
grupo carso,3638070.48,USD,OP-756088,11-May-2025,N/A,N/A
LIVERPOOL,949305.88,MXN,OP-731976,26/04/2019,N/A,N/A
grupo bimbo,5567788.64,MXN,OP-918191,2021-06-26,N/A,N/A
cemex,4246089.41,MXN,OP-245885,13/12/2024,N/A,N/A
bbva méxico,1037991.73,MXN,OP-601899,09/12/2015,"August 21, 2020",1805
GRUPO MÉXICO,1595656.21,EUR,OP-707479,2018-09-25,15/04/2020,568
AMÉRICA MÓVIL,9928492.49,EUR,OP-975139,14/02/2024,N/A,N/A
grupo carso,9941119.61,MXN,OP-781288,"March 09, 2020","March 23, 2020",14
AMÉRICA MÓVIL,4039132.6,USD,OP-253568,26/04/2021,N/A,N/A
grupo bimbo,4851835.37,EUR,OP-696855,"March 31, 2022",22-Oct-2024,936
walmart de méxico,9340685.26,USD,OP-786092,18/04/2024,N/A,N/A
cemex,8000703.96,MXN,OP-627636,2025-01-13,N/A,N/A
soriana,3064418.53,EUR,OP-907484,08-Dec-2024,N/A,N/A
telmex,6656642.4,EUR,OP-943529,07-Apr-2019,N/A,N/A
FEMSA,4770946.27,EUR,OP-933749,29/01/2025,N/A,N/A
BBVA MÉXICO,1080195.43,USD,OP-999455,17/06/2017,30-Apr-2019,682
telmex,9014300.05,MXN,OP-661374,04/10/2020,14/08/2022,856
telmex,1532704.64,EUR,OP-292994,21-Mar-2020,N/A,N/A
soriana,4408068.84,USD,OP-845073,25-Jan-2024,N/A,N/A
cemex,8164609.43,EUR,OP-285138,28/01/2024,N/A,N/A
ALSEA,7236063.02,EUR,OP-652437,2016-07-26,N/A,N/A
soriana,8249900.99,MXN,OP-551128,2023-03-17,N/A,N/A
telmex,4391250.31,USD,OP-306797,2018-05-21,2023-08-24,1921
WALMART DE MÉXICO,2345188.98,EUR,OP-163080,21-Aug-2023,N/A,N/A
soriana,3548539.21,EUR,OP-300055,26-Apr-2025,N/A,N/A
telmex,321689.34,EUR,OP-544278,19/06/2019,N/A,N/A
bbva méxico,9517150.14,USD,OP-689322,2023-07-23,N/A,N/A
GRUPO CARSO,8957835.01,USD,OP-657739,08/02/2017,12/10/2017,130
WALMART DE MÉXICO,9340699.29,MXN,OP-156096,24/05/2022,N/A,N/A
grupo méxico,8916768.11,USD,OP-646460,"May 03, 2016",N/A,N/A
grupo méxico,6360105.0,EUR,OP-853962,25/10/2015,03-Jan-2017,436
femsa,4850983.19,MXN,OP-373509,28/04/2024,11-Oct-2024,166
SORIANA,6206058.89,USD,OP-673709,"February 14, 2023",N/A,N/A
AMÉRICA MÓVIL,4534891.28,USD,OP-872542,"August 05, 2024",N/A,N/A
grupo lala,8771016.92,USD,OP-457538,11-Jul-2018,N/A,N/A
pemex,5637556.78,USD,OP-787234,05-Feb-2020,"January 23, 2021",353
SORIANA,8430707.2,EUR,OP-579696,02-Mar-2024,N/A,N/A
bbva méxico,6544571.36,EUR,OP-513066,27-Dec-2020,N/A,N/A
AMÉRICA MÓVIL,8666812.05,EUR,OP-441023,14-Oct-2022,2023-02-28,137
alsea,6258076.12,EUR,OP-178105,"June 15, 2025",N/A,N/A
grupo bimbo,9543185.14,MXN,OP-545150,"October 08, 2018",N/A,N/A
alsea,4259016.7,MXN,OP-257979,08/09/2017,18/08/2021,1470
alsea,5990132.76,MXN,OP-263540,10-Apr-2019,N/A,N/A
GRUPO CARSO,140182.63,EUR,OP-829657,2016-04-12,N/A,N/A
PEMEX,4437484.27,EUR,OP-990971,"March 26, 2019",N/A,N/A
GRUPO CARSO,6067485.13,EUR,OP-768764,2016-06-22,19-Jan-2025,3133
pemex,8143140.0,EUR,OP-381301,01/04/2018,2018-12-05,335
GRUPO BIMBO,5276669.21,MXN,OP-111291,23-Jun-2024,N/A,N/A
bbva méxico,6650337.37,MXN,OP-261645,01/05/2021,"May 07, 2024",1218
telmex,6015619.28,MXN,OP-256799,"April 08, 2017",N/A,N/A
américa móvil,2126774.77,EUR,OP-203615,01/10/2022,N/A,N/A
banorte,7091006.55,USD,OP-755336,02-Mar-2020,N/A,N/A
AMÉRICA MÓVIL,1029531.72,EUR,OP-294474,2024-01-15,N/A,N/A
grupo méxico,1421818.84,MXN,OP-243721,06-Apr-2024,N/A,N/A
grupo bimbo,6364692.27,EUR,OP-669121,2016-10-06,29/04/2024,2762
pemex,2866392.92,EUR,OP-203452,"January 17, 2018",05/08/2023,1937
alsea,1212766.64,EUR,OP-254050,11-Dec-2023,N/A,N/A
BBVA MÉXICO,7034070.81,MXN,OP-624797,19/03/2018,05-May-2023,1873
liverpool,5787763.83,MXN,OP-727849,2017-08-13,N/A,N/A
BBVA MÉXICO,6910676.06,USD,OP-183519,25/10/2018,13/06/2022,1327
GRUPO CARSO,5046082.04,MXN,OP-201883,12/03/2022,N/A,N/A
cemex,3967586.8,USD,OP-214817,23/10/2023,N/A,N/A
CEMEX,8908283.99,USD,OP-806288,10-Aug-2018,N/A,N/A
américa móvil,2988555.49,EUR,OP-795207,08/03/2023,N/A,N/A
telmex,1706204.53,MXN,OP-212063,16/05/2020,N/A,N/A
pemex,8429551.14,USD,OP-397586,"May 16, 2025",N/A,N/A
telmex,6895299.13,MXN,OP-723267,08/12/2016,N/A,N/A
GRUPO MÉXICO,5882212.57,USD,OP-744307,08-Jan-2020,N/A,N/A
GRUPO MÉXICO,1078647.55,MXN,OP-744236,04-May-2016,N/A,N/A
cemex,1336512.78,MXN,OP-966413,01/07/2025,2025-03-22,74
telmex,6253839.99,EUR,OP-167381,18-May-2016,N/A,N/A
grupo bimbo,8195813.06,EUR,OP-791437,02/10/2021,N/A,N/A
AMÉRICA MÓVIL,7406087.85,MXN,OP-536444,15/10/2021,N/A,N/A
pemex,4277145.4,EUR,OP-286628,22/06/2021,N/A,N/A
PEMEX,9115641.5,EUR,OP-931962,20/02/2021,N/A,N/A
cemex,3277459.3,EUR,OP-489246,2023-05-05,N/A,N/A
grupo bimbo,5117828.62,MXN,OP-256662,"August 12, 2016",N/A,N/A
grupo bimbo,7133356.22,USD,OP-156812,13/05/2024,N/A,N/A
BBVA MÉXICO,4459915.99,USD,OP-648598,2018-09-17,N/A,N/A
bbva méxico,944225.93,USD,OP-231292,05-Apr-2019,N/A,N/A
BANORTE,6486565.29,EUR,OP-346417,"August 01, 2022",N/A,N/A
GRUPO CARSO,2687708.9,MXN,OP-730885,"August 20, 2025",N/A,N/A
banorte,657499.62,USD,OP-883105,2022-08-29,N/A,N/A
soriana,7592050.93,USD,OP-905646,2016-04-12,2020-07-18,1558
GRUPO CARSO,7864181.76,MXN,OP-708294,2023-05-02,N/A,N/A
PEMEX,7422575.69,EUR,OP-707174,"May 01, 2021",N/A,N/A
TELMEX,9253899.22,USD,OP-991869,"September 25, 2024",N/A,N/A
FEMSA,3069048.05,MXN,OP-306194,17/03/2025,N/A,N/A
pemex,4339907.51,USD,OP-453171,2020-12-11,N/A,N/A
PEMEX,9049843.82,MXN,OP-351920,03/03/2023,N/A,N/A
walmart de méxico,2009632.26,MXN,OP-234754,2019-01-20,N/A,N/A
soriana,5006044.44,EUR,OP-902746,"March 12, 2024",N/A,N/A
femsa,3725965.77,MXN,OP-781275,15/06/2023,N/A,N/A
telmex,905460.09,USD,OP-422161,20-Sep-2017,N/A,N/A
SORIANA,6623612.19,USD,OP-253513,17-Dec-2015,"October 23, 2021",2137
soriana,9237539.93,MXN,OP-133110,"December 31, 2016",06-Jul-2017,187
grupo carso,4859343.75,MXN,OP-149535,16-Apr-2017,N/A,N/A
banorte,2152475.58,USD,OP-725747,"October 27, 2016",02-Feb-2025,3020
TELMEX,3929427.65,MXN,OP-207353,"April 12, 2022",09/11/2023,517
alsea,6009046.47,MXN,OP-218207,14/03/2018,"May 20, 2022",1528
TELMEX,1935604.11,EUR,OP-988343,22/06/2025,N/A,N/A
grupo bimbo,5369306.84,EUR,OP-335698,"November 20, 2017",21-May-2019,547
WALMART DE MÉXICO,9690902.39,USD,OP-997564,23-May-2025,N/A,N/A
soriana,5384300.23,MXN,OP-326230,2018-04-03,N/A,N/A
cemex,3615152.96,USD,OP-944676,2021-09-21,11-Sep-2023,720
femsa,2496962.06,MXN,OP-182595,23-Sep-2021,N/A,N/A
grupo bimbo,9807248.16,USD,OP-711740,21-Jan-2018,2025-07-09,2726
GRUPO LALA,9206221.57,EUR,OP-210108,"January 16, 2019",N/A,N/A
femsa,9452176.67,EUR,OP-690808,"January 09, 2022",N/A,N/A
ALSEA,2327492.45,MXN,OP-635930,07/02/2023,N/A,N/A
BBVA MÉXICO,5262788.08,EUR,OP-431653,05/06/2025,N/A,N/A
femsa,4497311.85,USD,OP-810918,"November 21, 2017",N/A,N/A
AMÉRICA MÓVIL,8243934.96,MXN,OP-297351,2015-11-27,24-Nov-2023,2919
PEMEX,2731939.63,MXN,OP-433455,2017-10-14,N/A,N/A
telmex,9141137.61,MXN,OP-922152,06-Jan-2019,N/A,N/A
TELMEX,7541439.87,EUR,OP-425747,22/06/2022,"July 29, 2023",402
pemex,1467066.72,EUR,OP-240799,2019-04-04,N/A,N/A
GRUPO LALA,7718368.22,USD,OP-444727,01-Oct-2017,N/A,N/A
cemex,9594170.2,USD,OP-330257,"March 31, 2022","December 08, 2023",617
grupo bimbo,4865255.09,MXN,OP-153631,23-Mar-2019,N/A,N/A
BBVA MÉXICO,8500164.9,EUR,OP-429984,11-Dec-2016,"February 15, 2024",2622
WALMART DE MÉXICO,4224634.98,EUR,OP-868020,30/06/2018,N/A,N/A
soriana,6246273.26,MXN,OP-419333,18/01/2021,N/A,N/A
grupo bimbo,2212911.97,EUR,OP-574799,2023-10-01,N/A,N/A
FEMSA,6400954.16,EUR,OP-417101,"January 21, 2024",N/A,N/A
banorte,590672.79,MXN,OP-355178,2025-04-19,N/A,N/A
cemex,7579239.15,USD,OP-141187,18/07/2016,21-Aug-2018,764
ALSEA,9532825.35,MXN,OP-379274,2016-09-14,2021-03-27,1655
SORIANA,7971608.21,USD,OP-483986,03/10/2020,08/03/2025,1972
GRUPO LALA,4578806.26,EUR,OP-360538,"March 06, 2020",N/A,N/A
GRUPO LALA,2820750.64,MXN,OP-944010,01/11/2016,2024-08-01,3125
bbva méxico,5339204.67,USD,OP-798084,13-Jan-2024,"June 03, 2025",507
bbva méxico,1213566.16,EUR,OP-347253,"August 26, 2015","March 13, 2022",2391
AMÉRICA MÓVIL,3481271.63,USD,OP-151606,12/04/2017,2020-01-15,772
soriana,7541513.89,USD,OP-559217,20/01/2023,29/04/2024,465
grupo carso,3436154.0,EUR,OP-417901,"November 21, 2020",N/A,N/A
banorte,4149000.64,EUR,OP-232093,"September 05, 2021",N/A,N/A
femsa,3199414.8,EUR,OP-729430,2019-08-23,07-May-2020,258
GRUPO LALA,3080757.58,EUR,OP-683756,2015-10-14,10-Jan-2017,454
bbva méxico,1962046.51,EUR,OP-616246,05-Sep-2024,N/A,N/A
GRUPO MÉXICO,253884.83,EUR,OP-204580,11-Jul-2021,N/A,N/A
américa móvil,717142.32,EUR,OP-164012,2019-02-22,N/A,N/A
BBVA MÉXICO,2914778.84,MXN,OP-361131,"September 26, 2019",N/A,N/A
pemex,8109448.4,EUR,OP-539802,2021-11-09,N/A,N/A
banorte,4070680.63,USD,OP-988800,"July 20, 2019",N/A,N/A
GRUPO LALA,9017684.6,EUR,OP-330073,09/12/2020,N/A,N/A
TELMEX,2170546.54,USD,OP-250842,2018-08-06,N/A,N/A
américa móvil,8571596.1,EUR,OP-173211,"March 06, 2018",01/02/2020,667
américa móvil,5548482.77,EUR,OP-258212,2024-07-06,N/A,N/A
pemex,7245716.54,EUR,OP-108341,31/01/2017,N/A,N/A
GRUPO BIMBO,4825356.61,MXN,OP-565047,28-Sep-2021,"October 13, 2022",380
walmart de méxico,245228.68,USD,OP-675076,2022-08-12,N/A,N/A
grupo méxico,7770781.46,USD,OP-273113,"March 21, 2023",N/A,N/A
TELMEX,1322241.9,MXN,OP-912716,20/04/2019,N/A,N/A
telmex,8453961.81,MXN,OP-187113,"July 13, 2020",N/A,N/A
soriana,6963634.0,EUR,OP-494703,2021-03-26,N/A,N/A
femsa,3065928.4,USD,OP-400257,"March 06, 2025",N/A,N/A
soriana,8055842.58,EUR,OP-917233,09-Feb-2016,29/12/2019,1419
WALMART DE MÉXICO,9054760.26,EUR,OP-390491,05-Mar-2024,N/A,N/A
GRUPO MÉXICO,8752083.04,MXN,OP-932554,2025-04-13,N/A,N/A
GRUPO BIMBO,5861294.55,USD,OP-286079,23-Nov-2021,N/A,N/A
alsea,9740669.97,USD,OP-136815,10/12/2022,N/A,N/A
GRUPO CARSO,9635926.15,EUR,OP-428975,"July 11, 2019",N/A,N/A
PEMEX,9793572.12,MXN,OP-716461,2017-11-23,12/01/2021,1469
TELMEX,2852321.43,MXN,OP-205644,2020-12-27,N/A,N/A
cemex,4440213.36,USD,OP-951122,30/04/2019,N/A,N/A
liverpool,4654396.13,EUR,OP-215045,22/06/2017,30/06/2018,373
liverpool,8878247.79,USD,OP-569057,2016-12-10,04-Dec-2019,1089
CEMEX,1375255.39,EUR,OP-153382,2022-03-01,N/A,N/A
américa móvil,8321246.93,MXN,OP-942958,24/11/2016,N/A,N/A
bbva méxico,9846020.83,MXN,OP-171679,"June 11, 2018",17/02/2020,616
alsea,1226083.93,MXN,OP-403029,"August 25, 2017",N/A,N/A
grupo lala,8902322.4,EUR,OP-802815,"April 06, 2021",05-Feb-2022,305
cemex,5102150.3,EUR,OP-374808,2017-06-24,N/A,N/A
alsea,542233.55,USD,OP-890765,21-Nov-2022,N/A,N/A
CEMEX,5699231.75,EUR,OP-421905,2016-06-28,N/A,N/A
WALMART DE MÉXICO,8759022.07,EUR,OP-664197,25/11/2016,N/A,N/A
BBVA MÉXICO,4141482.47,EUR,OP-428507,19/08/2019,N/A,N/A
GRUPO LALA,6911407.36,USD,OP-259001,23-Jan-2019,07-Dec-2022,1414
cemex,2375668.62,USD,OP-619445,"March 09, 2020",N/A,N/A
GRUPO MÉXICO,5657794.99,USD,OP-259568,01/05/2022,13/04/2024,829
telmex,6241641.19,MXN,OP-460780,2022-02-13,06/10/2023,482
alsea,3601744.49,EUR,OP-385404,26/07/2017,N/A,N/A
bbva méxico,1775443.5,EUR,OP-319896,25-Dec-2024,N/A,N/A
SORIANA,6106484.25,MXN,OP-352177,09-May-2023,N/A,N/A
GRUPO BIMBO,7057540.3,USD,OP-959446,28/11/2024,N/A,N/A
grupo méxico,4193616.03,USD,OP-250060,10/05/2020,"May 27, 2023",964
femsa,1693068.43,MXN,OP-882268,"April 04, 2022",N/A,N/A
BANORTE,3257258.4,USD,OP-591039,2023-10-19,N/A,N/A
grupo bimbo,3023866.21,MXN,OP-518956,2025-01-20,N/A,N/A
LIVERPOOL,1767965.21,MXN,OP-826212,2023-10-12,N/A,N/A
LIVERPOOL,7885442.77,EUR,OP-574312,15-Nov-2022,N/A,N/A
PEMEX,5720264.63,USD,OP-209695,17-Jul-2024,N/A,N/A
femsa,689448.21,USD,OP-661077,30-Sep-2023,"December 27, 2023",88
BANORTE,4517773.36,USD,OP-752209,17-Feb-2019,N/A,N/A
grupo lala,9436100.9,USD,OP-925634,26/06/2019,N/A,N/A
GRUPO LALA,6480922.92,EUR,OP-171577,19/01/2022,N/A,N/A
cemex,8014159.31,USD,OP-573543,2022-03-18,N/A,N/A
liverpool,2464445.77,USD,OP-608529,13/11/2023,N/A,N/A
TELMEX,6334332.07,EUR,OP-763427,29/10/2020,N/A,N/A
grupo bimbo,2057711.89,EUR,OP-111185,02/06/2022,N/A,N/A
soriana,543287.48,EUR,OP-230527,2018-08-28,N/A,N/A
GRUPO LALA,5724499.21,EUR,OP-839477,31/03/2023,N/A,N/A
PEMEX,582448.91,EUR,OP-175748,05/04/2016,N/A,N/A
soriana,2115602.44,USD,OP-792392,31/01/2019,N/A,N/A
ALSEA,5964907.05,MXN,OP-678262,2015-09-29,2016-02-22,146
LIVERPOOL,4109180.29,USD,OP-224056,2023-04-10,N/A,N/A
femsa,6025954.44,EUR,OP-922122,09/10/2024,N/A,N/A
soriana,1942180.31,EUR,OP-255860,04-Sep-2018,N/A,N/A
GRUPO LALA,6601541.81,EUR,OP-700066,2024-09-21,N/A,N/A
grupo méxico,9586594.87,MXN,OP-798672,2022-08-02,N/A,N/A
grupo bimbo,569689.74,EUR,OP-257783,04-Apr-2023,N/A,N/A
TELMEX,9718712.87,MXN,OP-899544,"August 10, 2017",N/A,N/A
cemex,5885425.33,MXN,OP-995981,"August 31, 2019",N/A,N/A
américa móvil,9017320.33,EUR,OP-399392,21-Nov-2023,N/A,N/A
grupo méxico,7013959.73,EUR,OP-725519,2023-08-28,N/A,N/A
GRUPO CARSO,6351139.78,USD,OP-333850,"May 08, 2017",06/01/2018,389
américa móvil,4093370.15,USD,OP-402936,"June 25, 2022","November 24, 2023",517
FEMSA,2747065.31,EUR,OP-986516,27-Feb-2016,2020-06-30,1585
walmart de méxico,1947391.03,MXN,OP-273146,24/03/2016,28-Apr-2022,2226
liverpool,439376.92,EUR,OP-108286,"February 10, 2017",N/A,N/A
GRUPO LALA,2830135.84,USD,OP-664104,02-Oct-2016,"May 03, 2019",943
TELMEX,3308455.14,USD,OP-216317,"September 28, 2023",N/A,N/A
CEMEX,195643.47,EUR,OP-384384,14/05/2023,N/A,N/A
GRUPO LALA,7448798.08,EUR,OP-587950,2016-11-24,2023-11-11,2543
cemex,1913027.81,USD,OP-757441,18/03/2016,19-Jan-2024,2863
GRUPO BIMBO,8866733.03,EUR,OP-520753,06/04/2020,11/05/2025,1980
grupo carso,5585287.25,EUR,OP-194752,28-Dec-2024,N/A,N/A
liverpool,7543663.24,MXN,OP-317904,2017-10-01,N/A,N/A
BANORTE,6165895.7,USD,OP-191138,15/04/2025,N/A,N/A
GRUPO MÉXICO,5981907.55,EUR,OP-156752,07/08/2025,N/A,N/A
GRUPO MÉXICO,2237002.01,MXN,OP-288837,"September 27, 2024",N/A,N/A
femsa,2663973.74,EUR,OP-475924,24-Oct-2016,07/06/2017,255
liverpool,2805903.54,EUR,OP-914370,"January 30, 2025",N/A,N/A
telmex,9263119.37,MXN,OP-264734,09-Apr-2017,N/A,N/A
GRUPO CARSO,9839865.58,USD,OP-536825,06/04/2018,28/10/2023,1972
GRUPO BIMBO,9812680.5,MXN,OP-151380,"January 19, 2017",2018-04-05,441
cemex,9297012.09,EUR,OP-701945,05/03/2021,N/A,N/A
grupo bimbo,2653611.39,EUR,OP-592796,25-Jul-2018,2019-12-21,514
grupo carso,7277045.51,USD,OP-777247,23/05/2018,2023-05-01,1804
AMÉRICA MÓVIL,5783314.44,USD,OP-875522,01-May-2025,N/A,N/A
GRUPO CARSO,7899720.62,MXN,OP-606549,2024-01-31,N/A,N/A
américa móvil,8817569.84,MXN,OP-231753,"June 01, 2022",N/A,N/A
soriana,1722552.77,MXN,OP-597691,2016-05-25,28-Mar-2025,3229
ALSEA,7759996.98,EUR,OP-562800,"October 22, 2019","September 08, 2021",687
LIVERPOOL,6326964.73,MXN,OP-809157,17/01/2025,N/A,N/A
femsa,6288369.41,MXN,OP-183278,14-Apr-2025,N/A,N/A
GRUPO LALA,2708192.88,MXN,OP-949579,11-Dec-2020,"April 27, 2023",867
BANORTE,104504.44,MXN,OP-105903,28-Jul-2019,20-Mar-2023,1331
GRUPO BIMBO,2541056.97,USD,OP-761699,30-Sep-2023,N/A,N/A
banorte,6655546.23,EUR,OP-313596,"July 10, 2018",2021-04-02,997
femsa,7553823.43,USD,OP-404784,14-Mar-2019,N/A,N/A
grupo carso,1805399.32,MXN,OP-897750,"February 01, 2023",N/A,N/A
CEMEX,531073.48,MXN,OP-335796,17-May-2017,"July 20, 2025",2986
SORIANA,3768491.86,MXN,OP-866274,"March 04, 2025",N/A,N/A
cemex,9987210.04,EUR,OP-117928,01-Nov-2016,N/A,N/A
pemex,7977653.14,MXN,OP-751606,21-Jan-2025,N/A,N/A
LIVERPOOL,6593775.42,MXN,OP-910475,28-Jul-2017,02-Jan-2018,158
ALSEA,4391256.99,USD,OP-447142,2022-05-08,N/A,N/A
SORIANA,7147599.05,USD,OP-766024,2022-11-23,N/A,N/A
TELMEX,9176303.97,USD,OP-473070,11-Feb-2019,N/A,N/A
CEMEX,6762806.88,USD,OP-835158,14/06/2016,N/A,N/A
liverpool,5011108.04,EUR,OP-644711,24/01/2021,N/A,N/A
BANORTE,9748444.53,MXN,OP-346592,06-Oct-2024,N/A,N/A
bbva méxico,3528000.16,EUR,OP-693370,"January 25, 2016",08-May-2016,104
liverpool,2095719.47,USD,OP-896877,13-Apr-2017,"May 23, 2022",1866
ALSEA,4585092.72,EUR,OP-858136,29-Jul-2024,N/A,N/A
alsea,9764393.4,USD,OP-299847,2020-02-15,N/A,N/A
liverpool,190451.48,EUR,OP-998633,04/11/2019,N/A,N/A
CEMEX,8033852.82,MXN,OP-139143,"July 26, 2017",2023-04-22,2096
grupo méxico,3235929.38,EUR,OP-644978,08/01/2017,"April 16, 2022",1719
TELMEX,7389179.6,EUR,OP-566926,"April 03, 2021",29/01/2025,1397
liverpool,8624259.13,USD,OP-624037,"August 06, 2025",N/A,N/A
BANORTE,4255901.71,USD,OP-852942,"May 26, 2022",N/A,N/A
CEMEX,7965680.49,MXN,OP-669289,19-Jan-2018,2021-01-21,1098
CEMEX,6582120.93,EUR,OP-853974,11-Feb-2025,N/A,N/A
banorte,4088455.02,USD,OP-139069,"August 15, 2016",N/A,N/A
AMÉRICA MÓVIL,9938772.7,EUR,OP-736640,18/08/2019,N/A,N/A
BANORTE,5988659.5,MXN,OP-901281,2015-11-06,14/05/2020,1651
alsea,1537224.89,USD,OP-297180,"January 05, 2019",N/A,N/A
PEMEX,3984479.27,MXN,OP-100808,14-Jun-2016,N/A,N/A
pemex,4465751.74,MXN,OP-517260,28/10/2015,2016-04-29,184
GRUPO CARSO,5822857.98,EUR,OP-371749,2021-01-25,11/07/2025,1747
grupo bimbo,4964752.8,USD,OP-185250,"December 15, 2017",N/A,N/A
grupo carso,9424440.05,USD,OP-873508,"August 05, 2022",N/A,N/A
LIVERPOOL,6816972.87,USD,OP-634870,19/03/2019,N/A,N/A
GRUPO MÉXICO,4588892.79,USD,OP-690910,16-Jan-2022,N/A,N/A
SORIANA,1350358.98,USD,OP-711392,21/11/2019,N/A,N/A
grupo carso,5511035.08,USD,OP-216299,2017-07-28,"May 31, 2024",2499
TELMEX,5575518.4,EUR,OP-927929,24-Dec-2018,18/06/2021,907
telmex,8320904.19,USD,OP-608184,25-Jun-2021,19-Oct-2022,481
walmart de méxico,5882976.04,MXN,OP-427163,08-Feb-2020,N/A,N/A
PEMEX,1633105.59,EUR,OP-934938,09-Oct-2018,N/A,N/A
ALSEA,9610688.7,USD,OP-718883,02-Nov-2023,N/A,N/A
soriana,9704429.58,USD,OP-683038,2024-01-14,N/A,N/A
BANORTE,8290500.77,USD,OP-552668,09-Jun-2017,12/04/2022,2004
bbva méxico,7712471.78,EUR,OP-663584,20-Oct-2018,N/A,N/A
SORIANA,4967887.59,USD,OP-490477,20-Jun-2016,2022-03-29,2108
grupo méxico,4295288.35,MXN,OP-461270,05/03/2018,N/A,N/A
pemex,6934972.52,USD,OP-223661,"May 24, 2021",N/A,N/A
grupo bimbo,5492559.25,EUR,OP-521562,"February 15, 2022",N/A,N/A
banorte,1311570.67,EUR,OP-567245,"January 12, 2016",N/A,N/A
TELMEX,9095955.58,USD,OP-869128,"September 18, 2018",04/12/2024,2033
WALMART DE MÉXICO,6512056.56,USD,OP-178197,29/06/2023,N/A,N/A
bbva méxico,589418.5,EUR,OP-796970,01/03/2023,N/A,N/A
WALMART DE MÉXICO,3465631.69,USD,OP-831680,2023-03-27,N/A,N/A
grupo carso,1817589.25,USD,OP-190762,03-Feb-2025,N/A,N/A
femsa,4372159.55,MXN,OP-823027,2017-02-24,2020-06-28,1220
BBVA MÉXICO,2719955.77,USD,OP-593634,01-Nov-2023,N/A,N/A
WALMART DE MÉXICO,298491.32,USD,OP-930865,11-Aug-2017,09/07/2024,2584
SORIANA,904648.47,MXN,OP-474287,04-Dec-2017,N/A,N/A
cemex,7792548.16,USD,OP-635307,19-Nov-2016,26/02/2025,3021
BANORTE,821073.97,MXN,OP-841524,31/10/2023,2025-01-24,451
PEMEX,4992679.31,USD,OP-985423,18/03/2023,2024-06-09,449
américa móvil,7589365.24,EUR,OP-648289,03-Mar-2021,N/A,N/A
BBVA MÉXICO,9130473.84,USD,OP-696976,10/11/2018,N/A,N/A
cemex,1395724.64,EUR,OP-202618,2024-10-20,N/A,N/A
AMÉRICA MÓVIL,6440051.38,MXN,OP-395351,2021-05-25,N/A,N/A
CEMEX,8561361.46,EUR,OP-654651,04-Feb-2018,20/02/2025,2573
GRUPO LALA,2607285.88,MXN,OP-435772,28/09/2016,07/10/2021,1746
banorte,5051941.28,MXN,OP-749402,22-May-2024,N/A,N/A
cemex,650843.4,MXN,OP-138921,10/06/2017,N/A,N/A
walmart de méxico,262153.12,USD,OP-284329,29/04/2023,N/A,N/A
grupo lala,702662.51,USD,OP-390746,"June 06, 2021",N/A,N/A
grupo lala,3904399.6,MXN,OP-825485,2016-06-10,N/A,N/A
GRUPO MÉXICO,1790718.82,USD,OP-305422,"December 30, 2015",16-Nov-2018,1052
BANORTE,4003460.48,USD,OP-248526,2017-04-27,2020-10-25,1277
BBVA MÉXICO,6362080.35,USD,OP-325113,"July 19, 2017",01/05/2019,535
soriana,838927.35,USD,OP-618845,03-Mar-2022,N/A,N/A
telmex,2478344.52,MXN,OP-875494,2017-09-19,24/01/2018,127
telmex,6314333.4,MXN,OP-956972,14-Apr-2025,N/A,N/A
américa móvil,4984602.94,MXN,OP-328869,"January 01, 2017",27-Jun-2022,2003
grupo bimbo,6321928.19,USD,OP-425086,10/01/2021,14/10/2024,1109
pemex,550485.25,MXN,OP-180926,01-Dec-2022,N/A,N/A
américa móvil,5155927.4,MXN,OP-460548,"June 27, 2021",2023-01-09,561
grupo lala,2694812.75,USD,OP-579522,"December 06, 2017",N/A,N/A
PEMEX,8495658.85,USD,OP-278400,28-Jan-2018,2025-03-02,2590
alsea,1463170.68,USD,OP-481989,27/02/2018,15-Oct-2020,961
BANORTE,669582.46,EUR,OP-953406,19-Sep-2015,2018-03-23,916
GRUPO CARSO,7515623.39,EUR,OP-437801,06-Aug-2024,N/A,N/A
grupo bimbo,2744453.37,USD,OP-565335,08-Jul-2024,N/A,N/A
PEMEX,2334908.85,USD,OP-985622,"March 08, 2025",N/A,N/A
pemex,1407180.26,MXN,OP-353985,05/01/2020,N/A,N/A
alsea,5784093.68,USD,OP-874297,29/09/2022,N/A,N/A
grupo méxico,1608370.41,MXN,OP-921431,10-Dec-2016,12-Sep-2017,276
BANORTE,5610782.06,USD,OP-589724,2017-08-19,2025-04-06,2787
grupo bimbo,4752186.0,MXN,OP-481637,26/07/2018,N/A,N/A
femsa,5770161.36,MXN,OP-390752,"February 03, 2021",19-Dec-2023,1049
FEMSA,1228084.62,MXN,OP-731641,2023-11-13,N/A,N/A
alsea,8924960.95,EUR,OP-495884,2022-10-22,N/A,N/A
BBVA MÉXICO,4968191.09,USD,OP-333902,04/08/2017,09-May-2018,396
grupo carso,9342380.9,EUR,OP-203352,"January 03, 2025",N/A,N/A
walmart de méxico,3072244.72,MXN,OP-771991,2022-04-22,15-Nov-2024,938
liverpool,4573916.19,EUR,OP-779891,24-Feb-2018,N/A,N/A
FEMSA,4441187.71,EUR,OP-450872,28-Aug-2019,N/A,N/A
américa móvil,9677659.49,USD,OP-656621,22-Apr-2025,N/A,N/A
ALSEA,2784829.38,USD,OP-272081,2023-02-03,24-Dec-2024,690
soriana,5096429.18,USD,OP-618564,02-Nov-2023,N/A,N/A
GRUPO LALA,4523182.03,EUR,OP-855100,10/07/2021,N/A,N/A
BBVA MÉXICO,6858839.65,EUR,OP-118038,25/10/2015,06-Feb-2016,104
grupo lala,5484790.41,USD,OP-627442,"November 13, 2015",2023-07-19,2805
GRUPO BIMBO,5149883.88,USD,OP-332589,2015-09-09,2025-03-07,3467
alsea,8632895.63,USD,OP-130759,03-Oct-2021,N/A,N/A
grupo lala,9831158.56,MXN,OP-153317,30/11/2020,N/A,N/A
AMÉRICA MÓVIL,8573657.01,USD,OP-609158,10-Apr-2025,N/A,N/A
SORIANA,6638701.0,USD,OP-375524,08/08/2018,23/03/2021,958
ALSEA,9865753.15,EUR,OP-851551,2016-07-30,N/A,N/A
AMÉRICA MÓVIL,2399985.16,MXN,OP-351116,2022-10-15,N/A,N/A
alsea,5024673.37,EUR,OP-533803,2016-12-21,"August 16, 2019",968
grupo bimbo,8473244.94,EUR,OP-186293,"September 15, 2016",N/A,N/A
bbva méxico,4836640.16,MXN,OP-514417,14-Aug-2025,N/A,N/A
alsea,7166884.22,MXN,OP-705486,11-May-2022,N/A,N/A
pemex,7359740.72,MXN,OP-520620,"May 17, 2021",N/A,N/A
GRUPO BIMBO,4038105.0,EUR,OP-344532,2025-01-21,N/A,N/A
LIVERPOOL,2660096.22,USD,OP-921057,2016-02-02,2017-05-16,469
banorte,6651241.87,MXN,OP-511700,23/06/2016,N/A,N/A
SORIANA,9567142.78,USD,OP-912675,"June 09, 2019",05-Mar-2024,1731
SORIANA,3703043.38,EUR,OP-222872,2024-06-05,N/A,N/A
PEMEX,2502090.28,USD,OP-690917,18/03/2021,N/A,N/A
soriana,1425248.63,MXN,OP-503025,"October 14, 2017",20-Sep-2019,706
banorte,3090084.06,EUR,OP-779223,12-Nov-2024,N/A,N/A
walmart de méxico,7832852.2,EUR,OP-131101,30/08/2015,01-Jul-2023,2862
pemex,4546358.71,MXN,OP-200964,2025-02-08,N/A,N/A
bbva méxico,941928.34,EUR,OP-535520,25-Jun-2017,N/A,N/A
grupo bimbo,7516200.51,EUR,OP-359943,08/05/2016,01-Nov-2017,453
SORIANA,691802.76,EUR,OP-679194,23-Jun-2020,N/A,N/A
grupo lala,8176997.99,EUR,OP-182729,06/11/2024,N/A,N/A
GRUPO CARSO,7680732.1,USD,OP-906867,10/05/2025,N/A,N/A
grupo bimbo,7923304.32,EUR,OP-633647,06-Feb-2021,N/A,N/A
ALSEA,3119386.42,USD,OP-183609,"March 10, 2022","February 21, 2024",713
walmart de méxico,2166709.72,MXN,OP-213496,11-Mar-2016,N/A,N/A
bbva méxico,9313852.77,EUR,OP-363338,30/10/2015,25-Mar-2022,2338
BANORTE,2890543.1,EUR,OP-184971,27/02/2025,N/A,N/A
GRUPO LALA,1539542.14,MXN,OP-834357,02/04/2022,N/A,N/A
BANORTE,7799285.8,EUR,OP-413660,23-Dec-2019,N/A,N/A
américa móvil,3134636.9,MXN,OP-692413,03-Aug-2024,N/A,N/A
soriana,251768.66,MXN,OP-582571,"December 20, 2020",N/A,N/A
telmex,6238972.04,EUR,OP-564434,22/05/2023,N/A,N/A
soriana,1341555.03,EUR,OP-335468,"May 23, 2023",N/A,N/A
BANORTE,7309373.29,EUR,OP-144397,14/12/2019,"July 20, 2022",949
LIVERPOOL,2679191.75,EUR,OP-992089,02-Mar-2021,N/A,N/A
GRUPO LALA,1347595.28,MXN,OP-317844,05-May-2017,N/A,N/A
TELMEX,5028731.22,USD,OP-178752,07-Dec-2016,N/A,N/A
grupo bimbo,4609219.81,MXN,OP-292772,27/11/2017,14/11/2022,1813
GRUPO BIMBO,5224400.95,MXN,OP-689656,31-Aug-2024,N/A,N/A
liverpool,3984037.43,EUR,OP-794023,27/10/2022,03-Feb-2025,830
alsea,630864.7,MXN,OP-716512,03/02/2025,N/A,N/A
LIVERPOOL,2481804.55,MXN,OP-463663,16-Jul-2020,N/A,N/A
grupo bimbo,6272942.49,USD,OP-834926,14-Oct-2024,N/A,N/A
grupo méxico,2432090.99,USD,OP-362037,10/10/2021,N/A,N/A
grupo carso,4751641.8,EUR,OP-158107,28/03/2017,"July 22, 2023",2307
américa móvil,4122292.26,MXN,OP-199205,23/07/2025,N/A,N/A
walmart de méxico,7604587.24,EUR,OP-626071,2020-02-02,22/09/2022,963
GRUPO BIMBO,1061107.28,MXN,OP-834894,13-Mar-2016,2016-08-23,163
banorte,9861348.57,USD,OP-300479,2018-11-24,N/A,N/A
SORIANA,3479009.15,EUR,OP-403873,2023-04-04,N/A,N/A
soriana,4509185.69,MXN,OP-440001,27-Jul-2018,2023-11-21,1943
américa móvil,6906730.35,MXN,OP-231301,23/07/2019,N/A,N/A
GRUPO MÉXICO,2464355.87,USD,OP-621459,25-Dec-2018,N/A,N/A
grupo lala,1208927.23,USD,OP-879447,18-Jan-2024,N/A,N/A
TELMEX,9161469.49,USD,OP-926151,21/07/2021,N/A,N/A
TELMEX,8530232.92,USD,OP-563231,03-Nov-2020,N/A,N/A
grupo lala,8762148.33,MXN,OP-981844,13/09/2024,N/A,N/A
SORIANA,8535934.56,USD,OP-457646,2020-11-29,2023-04-20,872
telmex,7477144.64,MXN,OP-245018,2024-06-10,N/A,N/A
pemex,6275761.78,EUR,OP-589605,2020-09-01,22-Jun-2024,1390
banorte,7362569.52,MXN,OP-517879,2018-02-21,"September 30, 2018",221
walmart de méxico,6228283.48,MXN,OP-468503,"October 17, 2017",20-Sep-2023,2164
BBVA MÉXICO,1447003.29,EUR,OP-499650,20-Apr-2018,N/A,N/A
soriana,677592.95,USD,OP-382378,30/08/2015,"April 21, 2016",235
AMÉRICA MÓVIL,917011.21,MXN,OP-488074,2023-04-12,N/A,N/A
BBVA MÉXICO,2511857.12,USD,OP-224179,25/12/2016,N/A,N/A
alsea,7455231.44,USD,OP-890412,"June 08, 2022",N/A,N/A
GRUPO MÉXICO,5323817.49,USD,OP-952829,03-Feb-2021,N/A,N/A
femsa,4602896.66,MXN,OP-636661,2016-12-01,16/11/2020,1446
GRUPO LALA,9150720.94,EUR,OP-213851,23/12/2016,N/A,N/A
grupo lala,638968.38,EUR,OP-702506,11/10/2024,N/A,N/A
walmart de méxico,6227628.34,USD,OP-446444,21-Mar-2018,"February 13, 2019",329
GRUPO CARSO,5738200.35,MXN,OP-318704,2022-08-22,"August 15, 2024",724
BANORTE,2872281.25,EUR,OP-964454,05-May-2025,N/A,N/A
GRUPO BIMBO,7583478.72,USD,OP-853832,16-Apr-2020,23/04/2025,1833
GRUPO MÉXICO,7050454.7,MXN,OP-924194,30/05/2021,N/A,N/A
SORIANA,1510186.95,USD,OP-918023,16/03/2021,N/A,N/A
BANORTE,965715.34,MXN,OP-763417,22-Jun-2017,N/A,N/A
TELMEX,1304498.53,MXN,OP-534364,06/02/2016,N/A,N/A
BBVA MÉXICO,9782859.39,EUR,OP-916259,01-Mar-2021,2022-10-10,588
WALMART DE MÉXICO,6525687.81,EUR,OP-610379,2022-08-07,2024-12-30,876
alsea,161668.96,MXN,OP-216569,2016-10-25,N/A,N/A
TELMEX,1537979.32,EUR,OP-254781,07/07/2018,N/A,N/A
femsa,4999901.9,EUR,OP-213279,15-May-2018,"February 22, 2022",1379
CEMEX,3696283.58,USD,OP-898661,2025-08-23,N/A,N/A
AMÉRICA MÓVIL,6039684.93,MXN,OP-203642,15-Nov-2021,N/A,N/A
GRUPO LALA,4297224.98,EUR,OP-185989,14/11/2024,N/A,N/A
BANORTE,6896539.66,EUR,OP-423641,"May 16, 2016",N/A,N/A
américa móvil,229525.95,MXN,OP-465889,13/04/2018,N/A,N/A
femsa,1725864.76,MXN,OP-691082,2024-10-23,N/A,N/A
bbva méxico,5330791.23,EUR,OP-326514,24/09/2015,2023-06-04,2810
GRUPO BIMBO,6637316.8,EUR,OP-985523,29-Mar-2017,N/A,N/A
grupo bimbo,4615472.33,EUR,OP-172026,2022-11-24,2023-12-12,383
alsea,8581831.16,USD,OP-175374,20-Sep-2017,24-Dec-2020,1191
liverpool,9137684.64,EUR,OP-744929,13/11/2016,2021-03-30,1598
BBVA MÉXICO,2840535.71,MXN,OP-484136,23-Nov-2017,N/A,N/A
SORIANA,5619743.01,MXN,OP-472269,18/07/2016,N/A,N/A
CEMEX,2641777.29,EUR,OP-111135,17/12/2019,N/A,N/A
AMÉRICA MÓVIL,9203848.8,USD,OP-244414,"December 16, 2016",31/07/2023,2418
walmart de méxico,2590699.52,MXN,OP-958682,13/04/2020,N/A,N/A
GRUPO BIMBO,281821.77,EUR,OP-567855,11-Mar-2017,15-Mar-2018,369
walmart de méxico,5753607.21,MXN,OP-372507,18/10/2020,"April 25, 2021",189
grupo lala,2486050.45,EUR,OP-218034,14/03/2023,30/04/2023,47
grupo méxico,7347515.42,EUR,OP-179830,23-Apr-2019,2024-07-29,1924
GRUPO BIMBO,4841851.48,EUR,OP-399951,02/07/2018,15/01/2025,2534
SORIANA,8191861.03,EUR,OP-553417,2018-08-03,N/A,N/A
GRUPO MÉXICO,5434689.34,USD,OP-404550,2017-02-06,2020-02-16,1105
GRUPO CARSO,225460.02,EUR,OP-575489,"April 04, 2025",N/A,N/A
FEMSA,1767683.36,USD,OP-323356,"April 11, 2021",N/A,N/A
ALSEA,9898724.27,MXN,OP-282632,"April 23, 2018",N/A,N/A
banorte,159801.87,EUR,OP-549824,14/11/2021,N/A,N/A
grupo carso,2874479.54,USD,OP-800078,10/10/2015,N/A,N/A
walmart de méxico,7851533.22,EUR,OP-232746,"August 31, 2015",N/A,N/A
WALMART DE MÉXICO,6076180.68,USD,OP-580145,2023-12-04,N/A,N/A
BANORTE,8792754.34,EUR,OP-124069,27-Sep-2016,N/A,N/A
BANORTE,9538822.44,USD,OP-990116,18/05/2019,N/A,N/A
soriana,1761250.8,EUR,OP-742491,"February 13, 2023",N/A,N/A
SORIANA,2454381.94,MXN,OP-652982,19/11/2017,29-Jun-2018,222
PEMEX,5389310.71,USD,OP-365538,"December 18, 2018",N/A,N/A
grupo bimbo,371922.91,USD,OP-513814,2019-05-27,N/A,N/A
WALMART DE MÉXICO,6272694.87,MXN,OP-432933,"December 17, 2023",N/A,N/A
GRUPO BIMBO,605128.64,USD,OP-982159,"December 13, 2022",N/A,N/A
CEMEX,2326526.65,EUR,OP-809421,2021-12-17,10/06/2023,658
walmart de méxico,9684687.34,EUR,OP-226581,10-Aug-2017,2021-08-31,1482
grupo lala,5221365.44,MXN,OP-885475,2017-06-11,12-Sep-2022,1919
FEMSA,4283401.6,EUR,OP-465069,"April 05, 2025",N/A,N/A
BANORTE,4229352.43,EUR,OP-889981,15/08/2022,N/A,N/A
walmart de méxico,3533423.75,MXN,OP-335520,2019-11-26,N/A,N/A
WALMART DE MÉXICO,7779159.63,USD,OP-406681,2019-04-23,2025-06-11,2241
banorte,5538294.82,MXN,OP-557528,17/03/2023,N/A,N/A
soriana,4210397.09,EUR,OP-149018,"May 04, 2025",N/A,N/A
grupo méxico,972585.12,USD,OP-570866,2024-11-18,N/A,N/A
liverpool,6563446.99,MXN,OP-568768,2016-10-03,N/A,N/A
GRUPO CARSO,2986356.3,MXN,OP-922438,08-Feb-2018,N/A,N/A
GRUPO CARSO,9191134.76,MXN,OP-637013,05-Nov-2023,N/A,N/A
grupo carso,2036374.64,EUR,OP-399799,"January 20, 2018",2022-06-15,1607
américa móvil,6858384.19,EUR,OP-570696,2020-05-31,N/A,N/A
grupo bimbo,7346717.61,MXN,OP-744377,"March 01, 2023",N/A,N/A
GRUPO LALA,2337207.79,USD,OP-229878,2017-07-30,05/05/2020,1010
BANORTE,2900782.73,USD,OP-794523,26/05/2023,N/A,N/A
pemex,5625533.02,USD,OP-620763,16/09/2019,"March 13, 2025",2005
grupo lala,5396121.45,EUR,OP-782149,"June 02, 2019",08-Nov-2023,1620
FEMSA,6583718.41,USD,OP-339185,2024-12-04,N/A,N/A
AMÉRICA MÓVIL,6589730.08,USD,OP-965407,2021-10-17,07-Aug-2025,1390
walmart de méxico,838596.57,MXN,OP-341714,2018-12-23,"December 21, 2023",1824
GRUPO LALA,4828556.14,USD,OP-549054,"July 29, 2025",N/A,N/A
telmex,5047984.63,MXN,OP-320868,2023-12-15,N/A,N/A
pemex,2979393.79,USD,OP-531055,2024-10-25,N/A,N/A
ALSEA,242358.42,EUR,OP-745621,"November 16, 2021",N/A,N/A
ALSEA,8966791.39,USD,OP-482257,2022-03-21,N/A,N/A
TELMEX,9431551.55,EUR,OP-557576,"November 12, 2015",2019-08-30,1387
grupo lala,2637779.0,USD,OP-576194,23/11/2021,N/A,N/A
alsea,7983788.89,MXN,OP-170727,"December 11, 2022",04/11/2024,487
pemex,6188771.08,MXN,OP-983232,2021-12-29,N/A,N/A
banorte,8604067.21,EUR,OP-451838,21/07/2018,2020-11-05,838
grupo carso,125473.74,USD,OP-441927,2022-09-27,N/A,N/A
telmex,8723129.34,EUR,OP-419680,2019-09-25,22/06/2020,271
LIVERPOOL,9521982.18,EUR,OP-610652,2020-04-17,N/A,N/A
pemex,6015677.65,EUR,OP-397434,12-Sep-2018,30-Jan-2024,1966
WALMART DE MÉXICO,2709340.13,MXN,OP-260738,"June 26, 2016",2022-03-13,2086
grupo bimbo,243944.26,USD,OP-389397,2018-06-03,N/A,N/A
GRUPO BIMBO,6592951.29,USD,OP-833197,"March 08, 2024",N/A,N/A
grupo lala,6214379.64,MXN,OP-132932,09-Jun-2019,N/A,N/A
walmart de méxico,3407079.45,USD,OP-471684,2022-06-19,N/A,N/A
femsa,7327930.02,MXN,OP-523170,"February 04, 2020",2022-06-19,866
TELMEX,6575272.83,MXN,OP-480019,"November 21, 2017",08/07/2022,1720
soriana,3336277.55,MXN,OP-393880,2024-10-03,N/A,N/A
GRUPO LALA,6097389.85,MXN,OP-499095,"December 19, 2021",14-Jun-2022,177
TELMEX,6296563.46,MXN,OP-242406,04/08/2023,N/A,N/A
LIVERPOOL,5788388.67,USD,OP-485152,"February 17, 2025",N/A,N/A
bbva méxico,6793807.21,EUR,OP-231556,12-Nov-2024,N/A,N/A
walmart de méxico,5945962.07,MXN,OP-162429,18-Feb-2018,24-Jun-2023,1952
BANORTE,1060624.32,USD,OP-533808,09/04/2021,N/A,N/A
GRUPO LALA,6886969.37,MXN,OP-689743,"December 30, 2023",N/A,N/A
GRUPO LALA,5551948.07,USD,OP-532125,30-Apr-2018,N/A,N/A
LIVERPOOL,6856316.08,MXN,OP-153816,14/06/2018,01/01/2023,1662
GRUPO CARSO,964868.25,MXN,OP-924674,24/03/2019,2025-05-29,2258
CEMEX,9389241.41,USD,OP-816202,"May 16, 2017",25/01/2022,1715
pemex,8511661.69,MXN,OP-633131,"February 26, 2019",N/A,N/A
GRUPO LALA,4725264.72,USD,OP-930273,2024-02-09,N/A,N/A
liverpool,7278869.18,MXN,OP-411005,2017-09-23,N/A,N/A
WALMART DE MÉXICO,7494076.94,USD,OP-235358,12-Nov-2023,N/A,N/A
telmex,2498764.69,MXN,OP-304109,2021-03-12,N/A,N/A
bbva méxico,2311551.55,MXN,OP-599417,18/01/2021,N/A,N/A
GRUPO CARSO,7674967.5,EUR,OP-279629,"October 31, 2023",N/A,N/A
BBVA MÉXICO,5986764.63,MXN,OP-943135,28-May-2023,N/A,N/A
LIVERPOOL,9665499.43,EUR,OP-842481,14-Sep-2020,2023-11-14,1156
bbva méxico,169962.35,USD,OP-407101,05-Jun-2016,10/08/2018,855
AMÉRICA MÓVIL,6962592.91,MXN,OP-735565,23/03/2018,N/A,N/A
BBVA MÉXICO,6824819.6,USD,OP-933043,12/02/2023,N/A,N/A
FEMSA,1107521.17,EUR,OP-835892,04-Jul-2024,N/A,N/A
grupo bimbo,3368016.61,USD,OP-230294,05-Jan-2020,N/A,N/A
GRUPO LALA,926403.78,EUR,OP-823525,"June 22, 2024",N/A,N/A
BANORTE,9676916.28,MXN,OP-613137,21-Sep-2016,"August 13, 2021",1787
GRUPO LALA,9218682.68,USD,OP-390578,12/11/2021,N/A,N/A
bbva méxico,4701811.15,USD,OP-155661,18/08/2025,N/A,N/A
GRUPO LALA,5559382.65,USD,OP-248214,23-Aug-2016,N/A,N/A
AMÉRICA MÓVIL,5404399.33,EUR,OP-662224,2018-11-20,N/A,N/A
soriana,599736.64,USD,OP-163849,16-Feb-2018,N/A,N/A
femsa,1089176.54,USD,OP-908220,"August 21, 2019",N/A,N/A
BANORTE,364922.02,EUR,OP-327540,28-Jan-2021,N/A,N/A
pemex,1275423.07,USD,OP-293037,13-Jun-2016,N/A,N/A
grupo bimbo,9600817.82,MXN,OP-483448,25/11/2022,N/A,N/A
AMÉRICA MÓVIL,7951422.12,USD,OP-182234,"July 07, 2019",N/A,N/A
grupo carso,5565828.82,MXN,OP-793754,"October 01, 2016",25-Oct-2024,2946
femsa,7019805.21,EUR,OP-681591,04/09/2021,N/A,N/A
AMÉRICA MÓVIL,9925323.52,MXN,OP-175502,17-Apr-2025,N/A,N/A
BANORTE,3333105.31,MXN,OP-662352,13-Jun-2016,21-Feb-2022,2079
femsa,6660242.45,USD,OP-626939,16/04/2025,N/A,N/A
pemex,2025875.19,EUR,OP-690950,"September 07, 2016",01/03/2023,2309
BBVA MÉXICO,7605517.63,EUR,OP-567503,07/10/2022,04/10/2023,274
alsea,5108682.39,USD,OP-764200,2018-11-30,2020-03-18,474
GRUPO CARSO,6123082.63,MXN,OP-135648,15/05/2024,N/A,N/A
cemex,4071869.3,EUR,OP-557378,27-Apr-2016,N/A,N/A
femsa,9283944.36,MXN,OP-934494,2024-04-19,N/A,N/A
pemex,876063.05,MXN,OP-575405,"February 02, 2025",N/A,N/A
BBVA MÉXICO,1038177.02,EUR,OP-605290,26-Aug-2021,02-Aug-2023,706
grupo méxico,2865840.7,USD,OP-702232,14-Sep-2021,N/A,N/A
cemex,1849720.22,MXN,OP-938078,20-Apr-2022,N/A,N/A
femsa,1609482.34,EUR,OP-987465,2023-11-04,"January 23, 2025",446
grupo méxico,9552190.67,EUR,OP-890199,03-Oct-2017,"June 07, 2022",1708
américa móvil,7412976.81,MXN,OP-230969,2023-09-08,N/A,N/A
grupo bimbo,9976949.72,MXN,OP-439675,13/01/2025,N/A,N/A
grupo méxico,4414650.39,EUR,OP-346961,"June 19, 2019",N/A,N/A
WALMART DE MÉXICO,6510508.58,EUR,OP-170006,09-Jun-2025,N/A,N/A
grupo bimbo,800264.17,EUR,OP-866206,2021-10-21,N/A,N/A
SORIANA,4734996.76,MXN,OP-421848,"June 29, 2020",N/A,N/A
GRUPO BIMBO,6963150.64,EUR,OP-218883,"July 15, 2020",N/A,N/A
CEMEX,6662486.32,USD,OP-918303,"July 24, 2021",N/A,N/A
CEMEX,8797302.24,USD,OP-770769,17-Mar-2016,N/A,N/A
grupo méxico,2169212.18,MXN,OP-404786,"February 08, 2019",31/03/2025,2243
walmart de méxico,3000895.58,EUR,OP-558078,"August 26, 2015","March 29, 2020",1677
grupo lala,5886587.03,USD,OP-672467,"April 08, 2022",N/A,N/A
BANORTE,8537972.07,EUR,OP-548042,2015-10-22,2022-01-17,2279
soriana,6316857.03,MXN,OP-992541,"March 01, 2025",N/A,N/A
bbva méxico,2195503.55,USD,OP-800535,"January 12, 2023",N/A,N/A
FEMSA,5598298.65,MXN,OP-712459,14/08/2019,N/A,N/A
banorte,319590.79,USD,OP-163372,04-Aug-2023,N/A,N/A
SORIANA,8762639.24,MXN,OP-801786,2017-02-01,14-Apr-2024,2629
SORIANA,4094781.59,EUR,OP-431748,09/12/2017,N/A,N/A
femsa,7165441.53,USD,OP-718938,12-May-2024,N/A,N/A
alsea,8795359.19,EUR,OP-187861,2016-05-24,15-Oct-2017,509
GRUPO LALA,6604469.89,EUR,OP-120889,11/04/2022,24/06/2025,963
liverpool,1895611.81,EUR,OP-569575,14/09/2015,11-Jul-2024,3223
femsa,4862317.62,USD,OP-427702,20-Mar-2021,N/A,N/A
FEMSA,3162379.09,EUR,OP-412417,07-Mar-2021,04-Nov-2023,972
CEMEX,5556825.35,EUR,OP-901734,11/05/2022,N/A,N/A
GRUPO MÉXICO,5122111.47,MXN,OP-320845,18-Feb-2020,17-Mar-2020,28
pemex,1866943.88,MXN,OP-872968,14/01/2016,05/03/2018,840
grupo lala,3853766.23,EUR,OP-123749,13-Nov-2015,05-Apr-2022,2335
GRUPO CARSO,5948326.75,EUR,OP-873683,"June 13, 2016",N/A,N/A
walmart de méxico,1738081.52,MXN,OP-792570,20/05/2017,N/A,N/A
GRUPO BIMBO,5469483.03,EUR,OP-891210,01/07/2021,25/11/2023,1052
GRUPO CARSO,6352712.67,MXN,OP-739321,"June 16, 2024",N/A,N/A
cemex,5648160.38,EUR,OP-927754,21-Aug-2019,"February 16, 2023",1275
BANORTE,1436428.04,EUR,OP-618005,15-Jan-2018,22/09/2024,2442
alsea,9896458.54,EUR,OP-686657,15/12/2016,2024-06-28,2752
pemex,1002604.42,EUR,OP-320637,"November 29, 2015",2020-10-24,1791
banorte,668904.91,MXN,OP-142876,11-Sep-2015,2020-12-03,1910
pemex,7025873.67,MXN,OP-981695,21-Apr-2016,22/07/2021,1918
ALSEA,1095431.0,USD,OP-311218,"February 07, 2017",09/06/2017,211
GRUPO CARSO,5644851.0,MXN,OP-709141,15-Aug-2019,28/08/2020,379
américa móvil,1693312.69,USD,OP-327999,09-Jul-2024,N/A,N/A
soriana,8108919.6,USD,OP-568549,"March 14, 2023",N/A,N/A
TELMEX,7598820.01,MXN,OP-692165,"March 01, 2020",N/A,N/A
TELMEX,4133281.95,EUR,OP-200842,26/03/2023,N/A,N/A
CEMEX,3524782.42,USD,OP-367181,"February 14, 2024",N/A,N/A
GRUPO LALA,5830116.12,USD,OP-408836,29-Feb-2016,N/A,N/A
ALSEA,4976926.79,MXN,OP-150475,"July 21, 2021",06/01/2022,315
bbva méxico,4971651.48,USD,OP-522054,2024-03-18,N/A,N/A
BBVA MÉXICO,8493375.52,USD,OP-203831,24/06/2020,02-Jul-2022,738
cemex,6514104.35,EUR,OP-107811,22/07/2017,08/11/2020,1116
pemex,8117739.06,USD,OP-695866,"June 14, 2018",N/A,N/A
GRUPO LALA,2527775.04,USD,OP-663527,27-Feb-2016,15/09/2021,2027
AMÉRICA MÓVIL,3975394.19,USD,OP-109724,13/04/2019,20-Dec-2024,2078
PEMEX,3440427.9,MXN,OP-997101,2022-12-18,N/A,N/A
GRUPO CARSO,3546649.18,MXN,OP-564661,2017-09-02,04/03/2023,2039
WALMART DE MÉXICO,9072801.25,USD,OP-251017,2025-01-29,N/A,N/A
GRUPO BIMBO,8060511.29,EUR,OP-633958,"August 02, 2016",N/A,N/A
SORIANA,3680036.64,MXN,OP-344344,2017-02-26,30-Jul-2017,154
soriana,8840430.58,MXN,OP-609897,"December 05, 2024",N/A,N/A
alsea,298504.66,USD,OP-255162,05-May-2018,2019-09-09,492
liverpool,8768403.81,MXN,OP-549765,2017-08-31,N/A,N/A
CEMEX,8612556.76,USD,OP-788699,14/02/2020,27/04/2025,1899
GRUPO LALA,7522619.52,EUR,OP-763033,17-Sep-2022,29-Jul-2024,681
AMÉRICA MÓVIL,6509794.99,USD,OP-544236,18-Oct-2017,29-Mar-2025,2719
GRUPO CARSO,4088058.98,MXN,OP-163154,27/08/2022,"October 19, 2023",418
LIVERPOOL,1976302.02,EUR,OP-382625,2019-07-21,09-Sep-2022,1146
SORIANA,752961.65,MXN,OP-954792,2015-12-04,2017-06-14,558
telmex,4731097.59,USD,OP-866694,2024-05-10,22/01/2025,257
américa móvil,7220780.44,USD,OP-199284,"January 21, 2023",N/A,N/A
WALMART DE MÉXICO,4372468.47,MXN,OP-132781,2023-06-13,N/A,N/A
grupo lala,8613697.18,EUR,OP-553470,2015-12-23,24/05/2020,1614
telmex,5315642.92,EUR,OP-935527,20-Dec-2015,N/A,N/A
grupo méxico,5377416.55,USD,OP-167382,2017-04-20,07-Oct-2017,170
ALSEA,1211449.69,USD,OP-370731,26-Apr-2019,N/A,N/A
AMÉRICA MÓVIL,1890069.76,EUR,OP-157898,2018-08-26,"March 12, 2022",1294
LIVERPOOL,2085344.33,EUR,OP-723292,26/04/2022,N/A,N/A
WALMART DE MÉXICO,8880245.93,MXN,OP-237062,"May 24, 2020",N/A,N/A
FEMSA,451457.92,MXN,OP-608542,"October 14, 2016","October 25, 2019",1106
liverpool,3489144.38,EUR,OP-707712,07-Jun-2021,N/A,N/A
américa móvil,156424.01,EUR,OP-491249,25-Mar-2017,N/A,N/A
BANORTE,8807499.61,EUR,OP-747432,05/04/2024,N/A,N/A
LIVERPOOL,530233.32,USD,OP-211706,07/12/2016,N/A,N/A
GRUPO MÉXICO,1407159.57,MXN,OP-594604,08-Nov-2019,2023-11-30,1483
GRUPO BIMBO,3991837.98,USD,OP-430483,26/09/2016,31-Aug-2022,2165
TELMEX,4312818.53,USD,OP-989856,09-Aug-2018,15-Aug-2020,737
banorte,7868219.5,MXN,OP-681228,26-Sep-2019,N/A,N/A
cemex,6479313.34,EUR,OP-411650,09-May-2019,06-Jan-2021,608
banorte,120800.3,MXN,OP-493076,04/01/2018,05/03/2018,32
walmart de méxico,4713942.49,EUR,OP-570971,2024-06-03,N/A,N/A
BBVA MÉXICO,8993352.69,EUR,OP-148762,10-Nov-2020,10/01/2021,325
grupo méxico,6749515.64,USD,OP-756007,16-Feb-2019,N/A,N/A
telmex,9341108.1,EUR,OP-574249,31/05/2024,N/A,N/A
GRUPO MÉXICO,2393966.62,MXN,OP-624748,"June 24, 2020",06/10/2024,1447
bbva méxico,611964.52,USD,OP-794284,20-Jun-2019,09/03/2019,75
GRUPO CARSO,6281587.84,EUR,OP-669671,2016-11-02,N/A,N/A
GRUPO LALA,3432613.93,MXN,OP-731830,14/02/2020,03/04/2025,1845
PEMEX,7456983.28,USD,OP-740674,03-Jun-2017,30/10/2023,2340
telmex,4979824.51,EUR,OP-463791,12-Mar-2023,N/A,N/A
femsa,703039.86,MXN,OP-866083,28/02/2025,N/A,N/A
femsa,5865630.78,USD,OP-309284,"December 23, 2023",N/A,N/A
grupo carso,3232512.32,EUR,OP-516102,29-Sep-2022,N/A,N/A
grupo lala,7331261.99,MXN,OP-467391,05/06/2016,N/A,N/A
soriana,4999597.44,EUR,OP-906310,28/10/2023,N/A,N/A
WALMART DE MÉXICO,2424693.71,USD,OP-745054,"December 05, 2015",2018-11-22,1083
grupo bimbo,7587332.82,USD,OP-902829,17-Nov-2016,N/A,N/A
PEMEX,8342916.12,EUR,OP-942826,"October 26, 2022",N/A,N/A
bbva méxico,2591370.47,EUR,OP-717253,2022-01-26,N/A,N/A
ALSEA,4616670.49,EUR,OP-293014,2022-05-05,N/A,N/A
GRUPO MÉXICO,3818388.7,EUR,OP-765184,2023-09-17,N/A,N/A
pemex,2732006.07,MXN,OP-684398,"August 23, 2016",2022-02-21,2008
cemex,5513440.82,MXN,OP-854288,"November 11, 2024",N/A,N/A
TELMEX,6983848.98,MXN,OP-508271,02/01/2023,N/A,N/A
alsea,267151.35,EUR,OP-253112,2021-02-26,08/01/2021,156
américa móvil,550977.84,MXN,OP-622536,2018-09-04,06-Aug-2019,336
pemex,9033586.73,USD,OP-395404,18-Oct-2022,N/A,N/A
GRUPO MÉXICO,1941311.5,MXN,OP-727265,03-Dec-2019,07-Nov-2022,1070
cemex,9839955.01,USD,OP-225485,27/12/2024,N/A,N/A
LIVERPOOL,8700943.38,EUR,OP-686565,"September 11, 2024",N/A,N/A
soriana,2188437.49,MXN,OP-556652,04/11/2017,16-Mar-2025,2896
grupo bimbo,8249755.09,EUR,OP-225171,08/01/2025,N/A,N/A
LIVERPOOL,5162244.55,MXN,OP-742520,2017-01-23,2023-06-02,2321
grupo lala,5282732.9,USD,OP-492367,30/01/2016,2024-09-24,3160
PEMEX,3579202.79,USD,OP-887190,11-Oct-2018,N/A,N/A
grupo lala,9031717.98,USD,OP-318723,16-Feb-2025,05/06/2025,79
CEMEX,9326986.55,EUR,OP-528643,28-Mar-2022,N/A,N/A
GRUPO MÉXICO,8420365.37,USD,OP-294624,24/12/2017,23-Sep-2024,2465
telmex,1613525.25,EUR,OP-338021,"January 04, 2018",N/A,N/A
liverpool,5434958.74,EUR,OP-409729,13-Jan-2017,09-Jul-2023,2368
FEMSA,8843428.65,EUR,OP-461239,2022-07-09,N/A,N/A
banorte,6783253.03,EUR,OP-718397,"August 29, 2021",2025-04-29,1339
bbva méxico,7098558.13,EUR,OP-731769,23-Aug-2025,N/A,N/A
TELMEX,1277607.06,EUR,OP-409254,"March 10, 2020",N/A,N/A
GRUPO MÉXICO,3745098.69,USD,OP-925602,"July 15, 2019","September 06, 2024",1880
BANORTE,6047289.67,USD,OP-528091,"November 25, 2019",N/A,N/A
PEMEX,6531660.15,EUR,OP-216004,25-May-2023,N/A,N/A
PEMEX,4858072.91,EUR,OP-415097,"January 02, 2017",10/10/2022,2107
ALSEA,2232343.87,EUR,OP-497570,2023-12-19,N/A,N/A
GRUPO MÉXICO,7415466.34,MXN,OP-188532,2019-07-08,2025-02-18,2052
LIVERPOOL,7006338.26,MXN,OP-926051,"July 02, 2016",21/04/2020,1389
GRUPO CARSO,353553.95,USD,OP-223153,"April 12, 2023",24-Oct-2023,195
CEMEX,8174368.31,MXN,OP-890090,"July 28, 2023",N/A,N/A
grupo lala,2136922.04,USD,OP-719885,2017-08-25,"February 15, 2021",1270
grupo carso,4980864.62,USD,OP-110386,27-Apr-2016,N/A,N/A
GRUPO CARSO,6270101.17,EUR,OP-931169,11/10/2018,08-Jan-2019,59
BANORTE,6887847.13,EUR,OP-878491,18-Jan-2018,2021-03-07,1144
GRUPO CARSO,1316766.77,MXN,OP-815547,2016-10-04,"October 21, 2020",1478
GRUPO CARSO,7927850.2,MXN,OP-406684,28/05/2020,N/A,N/A
pemex,5418726.85,EUR,OP-899317,25-Jul-2018,N/A,N/A
telmex,9615143.1,MXN,OP-955260,2020-10-03,16-May-2023,955
banorte,9082065.09,MXN,OP-822250,17-Mar-2024,N/A,N/A
pemex,8479133.53,MXN,OP-304602,25/01/2019,N/A,N/A
GRUPO LALA,4702912.0,MXN,OP-729151,30-Jun-2024,N/A,N/A
GRUPO MÉXICO,2517337.32,MXN,OP-493381,2023-08-26,N/A,N/A
GRUPO BIMBO,4905954.01,EUR,OP-749015,"December 16, 2016",2024-02-07,2609
grupo carso,3083481.57,EUR,OP-548475,"December 28, 2021",N/A,N/A
GRUPO BIMBO,177951.5,USD,OP-592642,15-Sep-2019,N/A,N/A
bbva méxico,5463790.59,MXN,OP-666847,"August 31, 2024",N/A,N/A
alsea,3708066.24,MXN,OP-187879,"January 26, 2020",30-Sep-2022,978
femsa,5203068.61,EUR,OP-289701,12/12/2023,"April 16, 2024",126
BBVA MÉXICO,6573145.3,EUR,OP-579587,30-Dec-2015,N/A,N/A
grupo méxico,1690568.71,EUR,OP-346283,01-Mar-2021,N/A,N/A
ALSEA,8512468.93,USD,OP-669826,"March 23, 2025",N/A,N/A
AMÉRICA MÓVIL,6004069.31,USD,OP-833830,16-Oct-2016,2021-03-07,1603
cemex,3832630.53,EUR,OP-658378,10-Jan-2024,N/A,N/A
BANORTE,8580125.77,MXN,OP-354182,01-Aug-2021,N/A,N/A
banorte,1124335.02,EUR,OP-594589,"November 06, 2018",N/A,N/A
CEMEX,4674743.99,EUR,OP-123144,2018-11-09,"January 09, 2022",1157
grupo carso,5730456.53,EUR,OP-800448,12/11/2015,N/A,N/A
grupo lala,1942691.34,USD,OP-207278,21-May-2018,N/A,N/A
ALSEA,1472209.3,MXN,OP-771827,"June 17, 2018",N/A,N/A
bbva méxico,868816.18,MXN,OP-556407,17-Oct-2018,2023-09-17,1796
FEMSA,6598991.33,MXN,OP-398628,2015-12-24,"July 06, 2025",3482
soriana,7214734.04,MXN,OP-562864,17/03/2024,N/A,N/A
BANORTE,3205164.11,EUR,OP-894651,2024-11-19,N/A,N/A
GRUPO MÉXICO,1476796.52,MXN,OP-925576,2019-03-19,N/A,N/A
grupo carso,499880.86,EUR,OP-656307,2020-02-24,2023-02-18,1090
WALMART DE MÉXICO,5842579.24,USD,OP-892060,2020-05-30,N/A,N/A
walmart de méxico,9996783.77,USD,OP-361560,"October 31, 2016",N/A,N/A
soriana,6180580.43,MXN,OP-262212,23-Jun-2018,30/11/2019,525
PEMEX,2393478.13,USD,OP-111693,11-Aug-2020,06-May-2025,1729
américa móvil,7832624.47,USD,OP-762459,04/02/2019,N/A,N/A
BANORTE,1052262.65,MXN,OP-937682,31-Oct-2019,N/A,N/A
pemex,2417731.69,MXN,OP-614153,"August 09, 2018",N/A,N/A
AMÉRICA MÓVIL,3639429.52,USD,OP-244742,15-Apr-2020,N/A,N/A
LIVERPOOL,9045875.1,USD,OP-710394,07-May-2024,N/A,N/A
FEMSA,6757422.8,MXN,OP-170216,"May 08, 2025",N/A,N/A
SORIANA,3052706.25,MXN,OP-251393,23-Apr-2024,N/A,N/A
BBVA MÉXICO,4915504.1,EUR,OP-381157,"November 26, 2022",N/A,N/A
ALSEA,8666862.99,MXN,OP-807307,2023-09-26,N/A,N/A
bbva méxico,4928037.78,EUR,OP-715051,"January 06, 2023",N/A,N/A
CEMEX,5284630.01,EUR,OP-288473,2020-11-22,N/A,N/A
GRUPO MÉXICO,612108.38,MXN,OP-282644,03/04/2022,N/A,N/A
telmex,1902784.71,MXN,OP-335061,"April 08, 2023",N/A,N/A
ALSEA,6837003.09,USD,OP-192092,"May 28, 2023",N/A,N/A
walmart de méxico,1146717.94,USD,OP-611913,23/01/2016,2018-08-04,924
grupo lala,6622346.67,USD,OP-968715,"November 03, 2022",N/A,N/A
GRUPO MÉXICO,3824961.82,EUR,OP-349501,"July 10, 2022",N/A,N/A
GRUPO LALA,3557037.7,EUR,OP-901293,04-Feb-2024,N/A,N/A
bbva méxico,212186.01,MXN,OP-547150,2016-07-11,12/09/2023,2707
BANORTE,5144629.79,EUR,OP-719478,11-Nov-2024,N/A,N/A
PEMEX,5844170.32,USD,OP-251281,"April 10, 2018",2025-02-26,2514
GRUPO BIMBO,641215.4,MXN,OP-326493,"September 04, 2019",N/A,N/A
CEMEX,8166110.71,EUR,OP-549221,"December 04, 2024",N/A,N/A
FEMSA,676769.1,USD,OP-708232,"February 24, 2019",25/11/2024,2101
liverpool,9188901.53,USD,OP-497237,2018-09-04,N/A,N/A
grupo méxico,1697805.33,EUR,OP-907750,09/03/2022,N/A,N/A
BBVA MÉXICO,4574679.4,USD,OP-163304,2018-01-27,N/A,N/A
soriana,2103534.3,USD,OP-143997,21-Mar-2021,N/A,N/A
grupo bimbo,7658271.0,MXN,OP-662121,"December 18, 2019",2022-03-08,811
ALSEA,7183061.44,EUR,OP-492881,09/06/2021,N/A,N/A
liverpool,8825705.12,USD,OP-739885,17/08/2024,N/A,N/A
CEMEX,1978766.61,EUR,OP-302962,04-Mar-2020,N/A,N/A
BBVA MÉXICO,2786519.45,USD,OP-907606,22/08/2024,N/A,N/A
américa móvil,9748729.35,MXN,OP-137967,2017-04-01,"April 27, 2018",391
grupo carso,8765192.14,EUR,OP-623342,"September 12, 2020",N/A,N/A
TELMEX,602209.07,USD,OP-818548,2018-10-30,N/A,N/A
SORIANA,9076936.85,EUR,OP-681580,2024-11-20,N/A,N/A
TELMEX,5220871.89,USD,OP-179682,22-Feb-2024,N/A,N/A
GRUPO BIMBO,2428551.93,MXN,OP-978002,2016-03-15,2023-10-14,2769
GRUPO BIMBO,9909343.2,EUR,OP-983542,2019-08-22,"January 14, 2024",1606
FEMSA,7567887.87,EUR,OP-638342,17/09/2020,N/A,N/A
grupo bimbo,2056936.74,USD,OP-564148,"February 02, 2024",N/A,N/A
femsa,3616808.42,EUR,OP-457669,05-Aug-2016,"August 25, 2024",2942
banorte,279544.53,USD,OP-388667,21-May-2024,N/A,N/A
GRUPO LALA,8884818.2,MXN,OP-276160,2024-11-30,"July 23, 2025",235
GRUPO CARSO,6813158.15,EUR,OP-543608,20-Feb-2017,N/A,N/A
LIVERPOOL,609502.48,MXN,OP-306099,06/12/2019,N/A,N/A
GRUPO MÉXICO,6433805.45,USD,OP-182975,2019-01-20,N/A,N/A
PEMEX,9116385.21,MXN,OP-451176,2018-06-03,N/A,N/A
CEMEX,9429715.11,MXN,OP-450447,22/04/2017,31/01/2021,1380
banorte,7403207.46,MXN,OP-576308,29-Oct-2016,2024-08-26,2858
GRUPO CARSO,1194855.76,EUR,OP-769781,2017-08-11,16/09/2018,401
telmex,7067414.77,EUR,OP-858459,2024-07-15,N/A,N/A
liverpool,7591397.3,EUR,OP-124693,20-Sep-2020,N/A,N/A
grupo carso,4609179.67,USD,OP-905728,17/07/2018,12/04/2024,2332
soriana,8804103.65,EUR,OP-411668,"March 26, 2024",N/A,N/A
GRUPO LALA,7259679.76,EUR,OP-595470,2022-01-29,N/A,N/A
walmart de méxico,8794438.61,EUR,OP-405566,"April 05, 2018",N/A,N/A
grupo bimbo,3033361.59,EUR,OP-841741,02/12/2024,N/A,N/A
ALSEA,3599524.29,USD,OP-867141,31/10/2020,2024-12-15,1506
TELMEX,9183930.51,EUR,OP-567714,2018-01-05,N/A,N/A
telmex,910139.66,USD,OP-702686,19-Sep-2015,"May 05, 2023",2785
grupo bimbo,7090299.22,EUR,OP-428891,2015-10-13,11/09/2017,758
cemex,8031527.38,MXN,OP-161347,17/02/2018,"February 07, 2023",1816
pemex,8522059.97,MXN,OP-860485,13/03/2016,2020-06-16,1556
GRUPO MÉXICO,6934628.54,EUR,OP-331662,11-Oct-2024,N/A,N/A
grupo lala,4574746.36,MXN,OP-102377,2018-04-12,N/A,N/A
SORIANA,5873591.0,EUR,OP-847625,"April 26, 2024",N/A,N/A
grupo bimbo,4365615.66,EUR,OP-169107,2019-12-01,"November 05, 2022",1070
pemex,1224559.29,EUR,OP-562098,"May 31, 2021",N/A,N/A
CEMEX,3810095.36,EUR,OP-955280,26-Sep-2024,N/A,N/A
GRUPO LALA,2084077.94,MXN,OP-970040,2021-06-07,N/A,N/A
femsa,1494041.58,MXN,OP-966287,2016-04-03,N/A,N/A
telmex,835759.49,USD,OP-601511,2023-01-24,2023-06-23,150
SORIANA,8496189.32,EUR,OP-831058,"April 08, 2017",31-May-2021,1514
GRUPO MÉXICO,6909192.44,EUR,OP-374211,"December 04, 2015",04-Feb-2024,2984
bbva méxico,4484916.15,EUR,OP-948797,"August 20, 2020",N/A,N/A
ALSEA,4084963.88,USD,OP-421957,"January 18, 2022",01-Aug-2022,195
GRUPO MÉXICO,4244716.12,USD,OP-874996,03-Apr-2022,N/A,N/A
pemex,941248.11,EUR,OP-713945,02/03/2016,N/A,N/A
alsea,5060196.86,MXN,OP-870891,"December 03, 2020",N/A,N/A
grupo lala,5336317.51,MXN,OP-829736,02-Mar-2019,N/A,N/A
BANORTE,2830232.2,MXN,OP-476384,05/05/2025,N/A,N/A
GRUPO MÉXICO,5256858.46,USD,OP-748448,2017-05-26,"March 05, 2018",283
grupo bimbo,1618289.12,EUR,OP-712915,19-Dec-2019,N/A,N/A
alsea,6734649.39,EUR,OP-221763,2022-09-21,"June 05, 2023",257
SORIANA,4182221.84,MXN,OP-470026,04-Jul-2019,N/A,N/A
WALMART DE MÉXICO,4990214.31,USD,OP-475996,18/11/2023,N/A,N/A
grupo lala,4313005.97,USD,OP-784906,"December 18, 2019",N/A,N/A
pemex,3024254.94,EUR,OP-336499,23/02/2023,N/A,N/A
BANORTE,6772345.83,MXN,OP-697063,11-Apr-2018,N/A,N/A
WALMART DE MÉXICO,5582473.55,MXN,OP-152291,03-Apr-2016,29/09/2022,2370
WALMART DE MÉXICO,8426450.92,MXN,OP-852704,14-Feb-2016,09-Jun-2016,116
ALSEA,8452966.78,MXN,OP-595961,31/08/2021,N/A,N/A
TELMEX,4926769.51,EUR,OP-232392,20-Aug-2023,N/A,N/A
grupo carso,1525640.83,USD,OP-147614,08-Mar-2021,"October 05, 2023",941
grupo méxico,101811.49,USD,OP-693255,02-Sep-2016,12-Oct-2024,2962
GRUPO MÉXICO,9816176.41,EUR,OP-324942,"February 09, 2020",07/08/2022,880
grupo carso,7514607.02,EUR,OP-751234,19-Jan-2024,N/A,N/A
GRUPO CARSO,8122653.66,EUR,OP-106491,2023-08-17,N/A,N/A
soriana,9982482.09,EUR,OP-477372,"February 11, 2019",2024-10-24,2082
femsa,2336608.22,USD,OP-427434,"June 03, 2024",N/A,N/A
PEMEX,4282100.52,EUR,OP-466838,2025-07-10,N/A,N/A
grupo lala,7128118.59,EUR,OP-700285,03/06/2018,"March 04, 2019",363
banorte,8363564.99,USD,OP-523861,29-Sep-2021,N/A,N/A
CEMEX,3263278.35,EUR,OP-568133,"July 27, 2020",N/A,N/A
GRUPO BIMBO,4163106.73,MXN,OP-448787,2023-02-21,N/A,N/A
FEMSA,8108818.99,EUR,OP-157521,"January 20, 2018","July 22, 2024",2375
liverpool,5955157.98,MXN,OP-370773,06/06/2022,02/02/2023,241
PEMEX,463619.9,MXN,OP-802160,2020-07-02,N/A,N/A
BANORTE,1749372.63,USD,OP-901266,2017-04-11,2018-02-13,308
FEMSA,9323781.26,EUR,OP-130432,21/05/2023,"September 05, 2023",107
américa móvil,5210805.67,EUR,OP-204561,24-Aug-2024,N/A,N/A
GRUPO CARSO,390573.33,MXN,OP-551457,2025-01-28,N/A,N/A
soriana,3912526.8,USD,OP-135992,"September 06, 2020",N/A,N/A
grupo carso,2782247.34,EUR,OP-505480,2020-08-27,N/A,N/A
grupo carso,5630312.71,MXN,OP-580435,2019-03-10,N/A,N/A
walmart de méxico,2620233.38,USD,OP-584581,2017-06-12,N/A,N/A
grupo bimbo,6406035.34,EUR,OP-942152,22/05/2016,16-Aug-2025,3373
femsa,1862755.54,MXN,OP-872922,28-Aug-2015,"September 09, 2016",378
américa móvil,2004227.36,EUR,OP-573904,16/12/2019,N/A,N/A
telmex,7132151.19,EUR,OP-596523,"August 17, 2024",N/A,N/A
cemex,6517366.65,MXN,OP-375784,08-Jan-2023,N/A,N/A
alsea,4567118.26,EUR,OP-871108,14-Nov-2020,2024-08-10,1365
telmex,2221970.27,MXN,OP-749384,2023-07-03,N/A,N/A
ALSEA,8074093.27,EUR,OP-130914,2016-03-12,N/A,N/A
FEMSA,5093293.97,USD,OP-777839,03-Jan-2022,N/A,N/A
GRUPO LALA,3761666.17,MXN,OP-844124,2019-07-06,N/A,N/A
soriana,8704794.62,EUR,OP-442323,06/02/2025,N/A,N/A
soriana,6029124.16,EUR,OP-353066,2018-11-19,N/A,N/A
pemex,6912741.63,MXN,OP-396163,2022-07-22,N/A,N/A
GRUPO BIMBO,9350629.68,USD,OP-845206,2018-10-31,12-Apr-2021,894
femsa,4251861.8,MXN,OP-519382,2015-11-21,2020-01-02,1503
GRUPO CARSO,9181578.36,MXN,OP-130787,"February 07, 2017",16/05/2017,98
soriana,7907045.1,MXN,OP-562804,"November 19, 2024",N/A,N/A
SORIANA,7990475.02,USD,OP-412442,11-Apr-2022,N/A,N/A
banorte,8918703.49,EUR,OP-988021,"April 14, 2024",N/A,N/A
WALMART DE MÉXICO,6427403.09,EUR,OP-948776,31/08/2015,"April 10, 2024",3145
walmart de méxico,2158564.96,USD,OP-415601,23-Jun-2018,2023-05-17,1789
bbva méxico,6223517.83,USD,OP-741738,27-Sep-2016,2023-12-31,2651
BANORTE,1044149.99,EUR,OP-622505,"July 18, 2016",2022-02-20,2043
LIVERPOOL,6643724.52,EUR,OP-732681,19-May-2017,2017-10-04,138
grupo carso,2269371.67,MXN,OP-452208,19/05/2022,N/A,N/A
walmart de méxico,1844450.3,EUR,OP-115909,"July 16, 2021",11/04/2023,841
walmart de méxico,2289055.55,MXN,OP-275195,26-Nov-2021,N/A,N/A
GRUPO LALA,4883627.25,MXN,OP-269522,04/08/2016,N/A,N/A
PEMEX,8618716.87,USD,OP-899501,"February 15, 2016",2023-03-31,2601
GRUPO CARSO,3419582.82,EUR,OP-232707,2019-02-06,23/09/2024,2056
grupo carso,1678018.17,MXN,OP-780642,"January 17, 2022",N/A,N/A
CEMEX,4663694.61,MXN,OP-557183,"February 05, 2019",N/A,N/A
BBVA MÉXICO,2783823.26,USD,OP-127500,"August 02, 2020",N/A,N/A
LIVERPOOL,2284562.48,USD,OP-185336,"December 22, 2021",2025-07-02,1288
TELMEX,6592355.66,EUR,OP-625367,15/12/2017,N/A,N/A
LIVERPOOL,7397076.15,MXN,OP-753729,18/05/2017,2019-10-06,871
walmart de méxico,4840119.84,USD,OP-673685,"August 05, 2019",N/A,N/A
ALSEA,2387744.14,MXN,OP-480411,02/04/2024,N/A,N/A
ALSEA,9554309.83,USD,OP-171200,12/08/2024,N/A,N/A
CEMEX,9419182.51,MXN,OP-755564,"September 08, 2024",N/A,N/A
banorte,8402755.1,EUR,OP-233477,2017-08-02,2019-05-27,663
walmart de méxico,9076542.32,MXN,OP-531070,"August 30, 2015","November 12, 2020",1901
telmex,9336431.84,USD,OP-114135,26/10/2024,N/A,N/A
GRUPO MÉXICO,403816.88,EUR,OP-203645,13-Jan-2019,N/A,N/A
FEMSA,7413614.94,MXN,OP-685315,21/08/2025,N/A,N/A
pemex,5428142.26,EUR,OP-831371,04/12/2022,N/A,N/A
BBVA MÉXICO,5847413.97,EUR,OP-520426,29/05/2022,N/A,N/A
ALSEA,8047446.84,EUR,OP-670142,15/08/2019,N/A,N/A
GRUPO LALA,6896195.71,USD,OP-945484,16-Oct-2024,24-May-2025,220
grupo bimbo,9922530.63,MXN,OP-309310,11/05/2020,01-Apr-2023,877
SORIANA,3706376.79,EUR,OP-181681,03-May-2024,N/A,N/A
walmart de méxico,9672776.51,EUR,OP-181599,2021-01-22,"April 06, 2024",1170
pemex,9721169.02,MXN,OP-937611,2015-10-04,03-Sep-2021,2161
femsa,7615641.53,USD,OP-772903,25/05/2020,14/08/2022,811
alsea,1325519.03,EUR,OP-898724,24-Aug-2021,N/A,N/A
AMÉRICA MÓVIL,467316.57,USD,OP-401930,30-Jun-2024,N/A,N/A
TELMEX,8258133.83,MXN,OP-746075,2016-01-02,N/A,N/A
GRUPO BIMBO,5112584.34,USD,OP-666405,08-Aug-2017,N/A,N/A
CEMEX,5379789.07,EUR,OP-247541,27/09/2016,08/04/2020,1407
BANORTE,9529383.18,MXN,OP-138201,"July 10, 2021",2025-02-27,1328
liverpool,6943196.19,USD,OP-688809,"February 27, 2024",N/A,N/A
FEMSA,4716866.91,EUR,OP-333986,18-May-2016,"October 31, 2022",2357
AMÉRICA MÓVIL,313199.24,USD,OP-252706,"October 11, 2023",N/A,N/A
LIVERPOOL,920841.38,MXN,OP-443845,2021-06-15,"December 05, 2023",903
LIVERPOOL,8455886.7,MXN,OP-823876,"June 28, 2023",N/A,N/A
BANORTE,4255944.76,USD,OP-863192,31-Mar-2023,N/A,N/A
walmart de méxico,1231385.68,EUR,OP-474049,13-Dec-2020,N/A,N/A
banorte,8338079.12,MXN,OP-422332,"September 12, 2016",2023-01-07,2308
CEMEX,6810714.21,EUR,OP-320207,"December 04, 2022",N/A,N/A
banorte,8379721.55,USD,OP-110344,"April 15, 2021",N/A,N/A
femsa,9355039.4,MXN,OP-235334,2021-11-26,N/A,N/A
PEMEX,934430.91,MXN,OP-233732,2024-03-24,N/A,N/A
ALSEA,1090017.11,EUR,OP-554930,10-May-2022,N/A,N/A
walmart de méxico,1962015.76,MXN,OP-149242,"October 16, 2022",N/A,N/A
grupo lala,5871545.14,EUR,OP-572116,"June 05, 2020",N/A,N/A
GRUPO BIMBO,660517.4,EUR,OP-436665,"August 03, 2021",N/A,N/A
TELMEX,2728689.37,MXN,OP-402479,"May 20, 2023",N/A,N/A
alsea,4708719.73,EUR,OP-386943,25/03/2025,N/A,N/A
TELMEX,3737446.83,USD,OP-960398,18/02/2022,08/02/2023,530
alsea,8058480.86,USD,OP-659823,2021-08-18,N/A,N/A
soriana,5395024.85,EUR,OP-798708,06-Sep-2022,N/A,N/A
TELMEX,7784688.07,EUR,OP-448323,20/09/2019,"July 22, 2024",1767
ALSEA,8247579.66,EUR,OP-274125,26-Mar-2025,N/A,N/A
grupo carso,9202871.66,EUR,OP-604292,"August 29, 2023",N/A,N/A
SORIANA,3582590.98,USD,OP-546038,05/02/2017,17/08/2025,3029
BANORTE,4337823.53,MXN,OP-886215,2020-11-03,28/11/2024,1486
GRUPO LALA,6776710.97,EUR,OP-477836,19-Apr-2024,N/A,N/A
bbva méxico,7559403.47,USD,OP-594625,06/08/2025,N/A,N/A
WALMART DE MÉXICO,7203013.55,MXN,OP-833453,20/02/2018,2020-12-12,1026
pemex,2488173.75,MXN,OP-120544,01-May-2016,2025-03-21,3246
banorte,7517371.04,EUR,OP-840572,2022-09-17,N/A,N/A
GRUPO LALA,9270955.11,USD,OP-141167,09-May-2022,N/A,N/A
grupo lala,1817183.06,EUR,OP-990583,13-Oct-2015,12-Dec-2020,1887
GRUPO LALA,6381838.27,USD,OP-467416,"April 11, 2019",24-Apr-2022,1109
LIVERPOOL,2693430.11,USD,OP-901023,14-Mar-2023,16/03/2024,368
bbva méxico,4899069.13,EUR,OP-347682,29-Feb-2024,N/A,N/A
SORIANA,9460348.49,EUR,OP-906242,12/04/2020,N/A,N/A
soriana,6771202.37,USD,OP-831019,"September 15, 2016",2021-12-12,1914
LIVERPOOL,6291378.99,EUR,OP-795886,"January 24, 2023",N/A,N/A
GRUPO MÉXICO,2013658.13,EUR,OP-522047,"July 25, 2017",01-May-2020,1011
pemex,6370603.16,MXN,OP-233443,"May 14, 2016","November 07, 2024",3099
AMÉRICA MÓVIL,1396895.79,EUR,OP-104751,03/09/2018,"April 16, 2025",2595
bbva méxico,4947660.0,USD,OP-897721,10/11/2018,19/12/2018,69
telmex,8653035.99,USD,OP-386004,29-Apr-2025,N/A,N/A
BBVA MÉXICO,1848854.29,EUR,OP-115381,04/02/2016,"November 03, 2017",580
BANORTE,109706.32,USD,OP-400967,08/12/2019,N/A,N/A
grupo carso,8466060.11,USD,OP-611415,01/12/2021,N/A,N/A
grupo carso,8780632.71,USD,OP-978722,01-Dec-2022,N/A,N/A
grupo bimbo,515556.67,EUR,OP-791511,17/10/2019,N/A,N/A
banorte,4776574.14,USD,OP-113256,"February 20, 2016",16/07/2022,2338
BBVA MÉXICO,513383.91,MXN,OP-584923,04/11/2019,N/A,N/A
GRUPO MÉXICO,2407247.2,USD,OP-558139,12/07/2019,N/A,N/A
TELMEX,4469769.59,MXN,OP-862432,2016-03-30,2017-06-28,455
cemex,2167737.86,USD,OP-971622,2020-09-27,N/A,N/A
banorte,3875642.4,USD,OP-185024,2021-12-21,N/A,N/A
banorte,7023464.44,USD,OP-353357,"May 15, 2020",N/A,N/A
BANORTE,9901863.31,EUR,OP-918964,21/02/2018,N/A,N/A
liverpool,5093060.68,USD,OP-819887,2021-03-02,N/A,N/A
AMÉRICA MÓVIL,3150632.37,USD,OP-643435,2025-05-04,N/A,N/A
ALSEA,8561970.73,MXN,OP-762554,27/09/2018,N/A,N/A
alsea,5337602.64,MXN,OP-617295,"November 19, 2019","March 21, 2024",1584
telmex,1559675.04,USD,OP-836685,"January 30, 2017",N/A,N/A
PEMEX,5527697.29,USD,OP-767916,08/09/2022,N/A,N/A
telmex,9861931.54,EUR,OP-769755,2024-05-11,N/A,N/A
PEMEX,5137796.86,USD,OP-158662,"September 05, 2023",N/A,N/A
alsea,5637195.69,EUR,OP-918145,04-Nov-2024,N/A,N/A
TELMEX,3167324.61,USD,OP-287538,"November 01, 2019",N/A,N/A
PEMEX,3753824.02,USD,OP-881020,23-Aug-2021,2025-06-07,1384
TELMEX,931756.7,MXN,OP-618966,2024-03-11,N/A,N/A
grupo carso,8864516.7,MXN,OP-146775,"October 03, 2020","June 24, 2023",994
soriana,973092.42,MXN,OP-190071,2015-10-03,25-Mar-2022,2365
bbva méxico,9107609.59,EUR,OP-389708,09-Apr-2020,02-Jan-2024,1363
SORIANA,1855754.86,MXN,OP-874658,"April 08, 2020","July 10, 2020",93
américa móvil,1035177.72,USD,OP-348884,12/10/2020,N/A,N/A
banorte,6501748.13,USD,OP-273265,28/02/2016,N/A,N/A
TELMEX,3516637.62,MXN,OP-626892,15/03/2017,17-Oct-2020,1312
PEMEX,4144098.1,USD,OP-846313,"September 18, 2023",N/A,N/A
femsa,7535829.66,MXN,OP-522695,08/07/2022,N/A,N/A
BANORTE,4462632.55,EUR,OP-686150,04-Oct-2017,"January 18, 2025",2663
GRUPO MÉXICO,2950903.87,EUR,OP-874461,31-Aug-2019,"August 10, 2023",1440
ALSEA,3077645.41,USD,OP-169436,"January 14, 2024",N/A,N/A
banorte,1133173.69,USD,OP-842795,"November 17, 2019",N/A,N/A
GRUPO MÉXICO,9232820.62,EUR,OP-501963,2021-09-27,N/A,N/A
ALSEA,4022260.92,USD,OP-701638,"February 11, 2024","April 05, 2024",54
pemex,3037224.61,EUR,OP-380647,"August 13, 2017",29-Nov-2017,108
TELMEX,1034368.69,USD,OP-356119,25-May-2021,N/A,N/A
soriana,8373739.18,MXN,OP-665291,"April 03, 2025",N/A,N/A
GRUPO BIMBO,7146268.03,USD,OP-346884,08-Oct-2017,2018-05-19,223
GRUPO MÉXICO,8611861.49,USD,OP-575537,"June 14, 2024",N/A,N/A
GRUPO MÉXICO,625015.1,MXN,OP-612426,2023-10-26,08/02/2025,646
soriana,6390190.18,USD,OP-905197,2023-07-30,N/A,N/A
PEMEX,3664249.62,MXN,OP-845629,"October 07, 2024",N/A,N/A
banorte,1969640.95,USD,OP-858284,07/07/2020,27-May-2025,1785
LIVERPOOL,6533143.37,USD,OP-312270,2018-06-20,N/A,N/A
BBVA MÉXICO,8740772.82,USD,OP-874676,2020-10-17,02-Feb-2025,1569
grupo lala,922325.19,EUR,OP-136508,14/03/2018,"December 02, 2020",994
BANORTE,8936467.41,MXN,OP-716015,"March 24, 2021","July 07, 2021",105
WALMART DE MÉXICO,3151033.36,USD,OP-498394,2020-12-13,N/A,N/A
soriana,1944163.1,USD,OP-879231,23/06/2024,N/A,N/A
CEMEX,3042851.81,USD,OP-162709,2023-06-07,04-Apr-2024,302
bbva méxico,878121.64,MXN,OP-354885,2017-08-05,N/A,N/A
américa móvil,2061742.54,EUR,OP-808133,29/07/2019,N/A,N/A
bbva méxico,7458385.58,EUR,OP-444093,"April 07, 2022",N/A,N/A
GRUPO MÉXICO,300692.62,USD,OP-556239,"August 06, 2020",N/A,N/A
pemex,3077559.4,MXN,OP-936685,"December 04, 2016",24-Mar-2023,2301
FEMSA,2267731.58,USD,OP-461798,05-Feb-2016,N/A,N/A
grupo méxico,8570561.21,USD,OP-452726,2019-01-11,N/A,N/A
SORIANA,2915619.11,USD,OP-680092,09-Jun-2024,N/A,N/A
grupo carso,6720867.8,MXN,OP-999790,2024-08-02,N/A,N/A
GRUPO MÉXICO,2888988.62,MXN,OP-513819,19/04/2025,17/06/2025,59
soriana,2430576.86,EUR,OP-937525,"December 10, 2023",N/A,N/A
banorte,9272487.12,EUR,OP-718985,14/02/2019,"July 05, 2025",2333
grupo lala,4569570.4,MXN,OP-450348,21/07/2024,2025-06-13,327
telmex,9751055.36,EUR,OP-234869,2016-02-11,09/04/2018,936
femsa,3487672.38,MXN,OP-889906,31-Dec-2017,"June 03, 2018",154
liverpool,8482839.47,MXN,OP-536431,12/01/2021,N/A,N/A
banorte,8219656.29,MXN,OP-962070,"March 31, 2021",N/A,N/A
cemex,1395532.81,MXN,OP-575316,16/05/2025,N/A,N/A
BANORTE,8537049.15,EUR,OP-506177,21-Dec-2022,N/A,N/A
WALMART DE MÉXICO,1510408.88,USD,OP-675158,2021-03-03,N/A,N/A
grupo bimbo,9948106.55,EUR,OP-964124,"September 24, 2019",N/A,N/A
FEMSA,5515904.39,EUR,OP-639973,13-Apr-2019,"November 21, 2019",222
GRUPO LALA,5128984.94,EUR,OP-948047,2022-09-24,N/A,N/A
grupo méxico,5743500.81,MXN,OP-156518,2017-06-27,N/A,N/A
américa móvil,6373554.58,USD,OP-845846,2017-01-19,N/A,N/A
GRUPO BIMBO,7341089.83,USD,OP-532368,24/03/2021,N/A,N/A
GRUPO LALA,1965184.14,EUR,OP-507678,16-Oct-2018,27/05/2023,1684
BBVA MÉXICO,2586280.29,MXN,OP-639482,"February 04, 2019",N/A,N/A
femsa,6489389.48,EUR,OP-529908,06-Aug-2025,N/A,N/A
banorte,5049674.93,EUR,OP-459170,2017-09-29,N/A,N/A
grupo bimbo,7228617.73,USD,OP-880964,31-May-2023,N/A,N/A
AMÉRICA MÓVIL,9676555.24,USD,OP-483615,2021-01-21,N/A,N/A
liverpool,487124.23,USD,OP-802218,"May 19, 2016","June 10, 2020",1483
BBVA MÉXICO,7759937.9,EUR,OP-329264,"August 04, 2017","August 06, 2023",2193
AMÉRICA MÓVIL,7359241.15,EUR,OP-808007,06-Sep-2024,N/A,N/A
femsa,4627323.51,USD,OP-828204,"October 05, 2020",12-Aug-2021,311
TELMEX,5912840.99,USD,OP-862225,2023-10-24,N/A,N/A
walmart de méxico,2484869.55,EUR,OP-378220,08-Nov-2017,26/09/2020,1053
LIVERPOOL,5067021.11,EUR,OP-907951,07/07/2019,25/12/2023,1632
SORIANA,2565770.58,EUR,OP-533706,29/09/2023,N/A,N/A
femsa,4800669.73,MXN,OP-544864,01/07/2023,N/A,N/A
femsa,8127620.82,USD,OP-190093,"August 03, 2016",2024-06-28,2886
américa móvil,511680.26,EUR,OP-130674,25-Aug-2017,"April 23, 2022",1702
banorte,2875125.12,MXN,OP-301384,22-Jun-2023,N/A,N/A
GRUPO MÉXICO,563130.7,EUR,OP-712008,"September 08, 2019",N/A,N/A
grupo lala,6950513.35,MXN,OP-811667,"September 24, 2018",06/07/2019,256
grupo bimbo,7193261.8,MXN,OP-889444,12-Mar-2021,24-Oct-2024,1322
FEMSA,1410833.16,EUR,OP-626112,11-Dec-2018,01/08/2024,1854
FEMSA,4848826.51,USD,OP-425130,"July 25, 2016",2022-10-07,2265
CEMEX,3375532.46,MXN,OP-123605,"April 02, 2017",27/04/2024,2582
GRUPO LALA,8595444.51,MXN,OP-924883,28-Jan-2022,15/04/2023,442
américa móvil,8924840.15,USD,OP-232087,"February 09, 2017",N/A,N/A
GRUPO CARSO,4970868.87,USD,OP-207633,15/04/2020,12-Nov-2021,576
pemex,3182169.24,USD,OP-673900,2019-11-17,N/A,N/A
WALMART DE MÉXICO,8023408.75,USD,OP-160107,"October 07, 2016",N/A,N/A
banorte,1334611.97,MXN,OP-854722,15-Nov-2022,N/A,N/A
grupo lala,3246690.02,USD,OP-373461,03/10/2022,"February 07, 2024",699
GRUPO BIMBO,251124.25,MXN,OP-396755,08-Mar-2020,2021-06-11,460
telmex,8865997.73,USD,OP-261702,09-Feb-2022,N/A,N/A
américa móvil,4286506.07,EUR,OP-930206,24/09/2022,N/A,N/A
bbva méxico,7552033.21,EUR,OP-352619,"December 23, 2021",N/A,N/A
grupo carso,9190942.11,MXN,OP-227532,25/12/2024,N/A,N/A
AMÉRICA MÓVIL,6366710.77,MXN,OP-127199,16/05/2024,N/A,N/A
BBVA MÉXICO,5342604.2,USD,OP-754416,2025-04-07,N/A,N/A
LIVERPOOL,7926545.64,USD,OP-379670,"December 23, 2024",N/A,N/A
pemex,6970716.81,EUR,OP-193269,"August 17, 2017",28/04/2021,1350
bbva méxico,8451599.29,EUR,OP-945712,10-Mar-2019,"March 24, 2020",380
AMÉRICA MÓVIL,5981353.07,MXN,OP-651213,27/07/2024,N/A,N/A
bbva méxico,604777.79,EUR,OP-779952,30/05/2016,N/A,N/A
PEMEX,2594848.3,MXN,OP-358940,14-Nov-2018,14-Jul-2020,608
BBVA MÉXICO,7634272.99,USD,OP-992926,"July 02, 2016","January 24, 2024",2762
alsea,681271.99,USD,OP-623345,30/10/2016,"September 01, 2023",2497
cemex,4899271.35,USD,OP-693593,23/06/2023,N/A,N/A
walmart de méxico,3171231.8,EUR,OP-877742,14/11/2016,15-Mar-2022,1947
FEMSA,3643974.0,EUR,OP-856791,"December 14, 2020",12/11/2023,1092
banorte,9423748.49,MXN,OP-192744,09/12/2021,N/A,N/A
GRUPO MÉXICO,1954780.76,EUR,OP-250040,"April 16, 2020",2022-12-28,986
pemex,7231720.84,USD,OP-453051,25-Feb-2022,N/A,N/A
GRUPO BIMBO,7591325.62,EUR,OP-717140,29/11/2021,N/A,N/A
américa móvil,8939361.02,EUR,OP-429274,"June 21, 2025",N/A,N/A
AMÉRICA MÓVIL,7749788.64,USD,OP-649512,04-Aug-2024,N/A,N/A
bbva méxico,2111821.31,USD,OP-434416,28-Jan-2025,N/A,N/A
grupo lala,2004875.27,EUR,OP-484743,04/06/2022,2024-03-12,706
BBVA MÉXICO,3167336.84,USD,OP-154726,26-Sep-2016,N/A,N/A
cemex,8655768.22,USD,OP-155746,2023-06-14,N/A,N/A
BANORTE,6064053.42,MXN,OP-570305,2016-04-15,15/08/2018,852
GRUPO MÉXICO,5339161.83,USD,OP-293481,2023-06-28,N/A,N/A
GRUPO LALA,4868645.26,EUR,OP-850569,05/12/2018,N/A,N/A
banorte,5365647.47,EUR,OP-509108,01-May-2016,20/11/2019,1298
soriana,1517985.73,MXN,OP-232511,07-Jan-2021,N/A,N/A
grupo lala,9810256.8,EUR,OP-598294,"August 02, 2017",24-Apr-2019,630
grupo méxico,3322815.4,MXN,OP-460644,"February 06, 2024",N/A,N/A
GRUPO MÉXICO,1186681.99,EUR,OP-759075,2024-05-30,N/A,N/A
grupo méxico,8878673.34,MXN,OP-914175,07/07/2024,N/A,N/A
GRUPO CARSO,5625478.3,EUR,OP-343826,12-Jun-2020,N/A,N/A
GRUPO LALA,8194815.1,USD,OP-854589,2024-03-08,16/05/2024,69
alsea,790215.28,EUR,OP-344843,2016-08-18,03/08/2023,2393
TELMEX,4331886.65,MXN,OP-919433,01/09/2016,08/04/2020,1669
BANORTE,5272173.59,MXN,OP-166533,26-Aug-2016,2017-01-24,151
liverpool,6539080.44,EUR,OP-848471,2019-03-04,01-Oct-2019,211
liverpool,240257.84,USD,OP-552402,09/01/2019,27-Apr-2023,1334
SORIANA,4668255.45,MXN,OP-818694,2020-07-15,N/A,N/A
bbva méxico,1064973.13,USD,OP-661994,12-Sep-2019,N/A,N/A
telmex,720887.01,MXN,OP-134346,16/03/2021,N/A,N/A
cemex,9092148.77,EUR,OP-691487,11/11/2023,N/A,N/A
bbva méxico,8993503.26,MXN,OP-495493,05/07/2020,N/A,N/A
grupo carso,8726924.77,EUR,OP-814451,29-Dec-2023,N/A,N/A
GRUPO CARSO,6830130.72,USD,OP-415625,"September 07, 2021",N/A,N/A
GRUPO MÉXICO,3993124.99,EUR,OP-469266,2023-03-18,N/A,N/A
alsea,4335981.37,EUR,OP-186573,2018-11-30,17/07/2020,595
GRUPO CARSO,3304370.85,EUR,OP-393026,2024-05-22,N/A,N/A
TELMEX,3590646.17,USD,OP-366722,17-Feb-2024,N/A,N/A
femsa,8927514.98,USD,OP-426752,09-Jul-2018,2018-09-22,75
grupo méxico,568478.79,USD,OP-971698,17/03/2022,N/A,N/A
AMÉRICA MÓVIL,9156553.36,USD,OP-410990,01-Nov-2022,N/A,N/A
FEMSA,732716.58,USD,OP-766503,"September 21, 2016","December 26, 2018",826
PEMEX,587711.42,USD,OP-631928,2016-12-02,"September 13, 2019",1015
PEMEX,3688041.82,USD,OP-258119,30-Nov-2022,N/A,N/A
liverpool,8957268.8,MXN,OP-629221,2020-11-21,04/12/2024,1238
CEMEX,4288178.82,MXN,OP-414110,08/09/2023,N/A,N/A
SORIANA,1402714.81,MXN,OP-965548,"July 22, 2021",21-Apr-2025,1369
banorte,8579142.72,MXN,OP-757123,"February 22, 2022",N/A,N/A
GRUPO LALA,7828184.81,MXN,OP-732231,"July 11, 2022",N/A,N/A
telmex,2320393.46,EUR,OP-856538,"June 20, 2017","August 12, 2024",2610
bbva méxico,2407240.56,USD,OP-255499,"July 25, 2019",28-Aug-2024,1861
PEMEX,4054371.63,MXN,OP-748292,"October 13, 2022","May 25, 2023",224
ALSEA,7160091.26,MXN,OP-658743,2022-04-06,N/A,N/A
américa móvil,6478400.95,USD,OP-629290,"October 14, 2021",17-Nov-2024,1130
FEMSA,4064832.92,USD,OP-630787,16-Jul-2023,N/A,N/A
pemex,8737449.33,USD,OP-258359,"July 08, 2019",2021-02-15,588
pemex,728445.72,USD,OP-923583,2015-09-12,N/A,N/A
soriana,2888718.36,MXN,OP-444737,01/11/2015,N/A,N/A
grupo bimbo,783418.82,MXN,OP-888173,"May 18, 2019",23-May-2024,1832
CEMEX,2404181.74,MXN,OP-509738,2023-05-23,N/A,N/A
soriana,9796447.19,EUR,OP-179129,2015-08-29,2021-12-23,2308
banorte,3855482.91,USD,OP-173486,"April 29, 2021","March 05, 2023",675
AMÉRICA MÓVIL,3021797.35,EUR,OP-823993,01-Aug-2024,N/A,N/A
GRUPO LALA,2584660.8,EUR,OP-714257,19/07/2018,N/A,N/A
BANORTE,1471309.53,USD,OP-962566,05/11/2024,N/A,N/A
grupo bimbo,8375486.86,USD,OP-531905,29/04/2018,"April 10, 2021",1077
walmart de méxico,2465586.6,MXN,OP-724218,31-Jul-2025,N/A,N/A
grupo méxico,5482883.18,MXN,OP-364210,25-Mar-2021,N/A,N/A
cemex,8769784.01,EUR,OP-959393,28/01/2023,N/A,N/A
liverpool,8771559.16,USD,OP-996104,16/02/2022,"September 30, 2022",226
AMÉRICA MÓVIL,6983510.96,EUR,OP-548977,18/08/2024,04-Jan-2025,139
telmex,3338804.27,MXN,OP-383971,"May 03, 2017",2017-06-12,40
TELMEX,2317766.52,EUR,OP-545871,07/08/2018,N/A,N/A
liverpool,2109304.12,MXN,OP-440770,"July 24, 2022",02-Aug-2024,740
CEMEX,7931544.62,EUR,OP-290192,16-Jun-2025,N/A,N/A
FEMSA,1429788.29,USD,OP-657884,2022-07-20,N/A,N/A
cemex,4144730.89,MXN,OP-203735,2020-11-24,2022-01-18,420
soriana,2515157.14,USD,OP-107602,2024-12-31,N/A,N/A
grupo lala,8063368.18,EUR,OP-870187,22/02/2025,N/A,N/A
GRUPO MÉXICO,507588.17,MXN,OP-181306,"June 21, 2019",N/A,N/A
AMÉRICA MÓVIL,435982.25,MXN,OP-310843,"April 16, 2019",20/02/2025,2137
grupo lala,4058231.68,USD,OP-325677,24/09/2018,N/A,N/A
GRUPO CARSO,1458940.48,EUR,OP-212854,2015-08-30,2024-04-28,3164
banorte,954929.44,EUR,OP-672941,01/07/2025,N/A,N/A
CEMEX,2533087.08,EUR,OP-807451,"September 28, 2022",15-Feb-2023,140
CEMEX,4797736.48,MXN,OP-458414,"September 16, 2024",N/A,N/A
femsa,3507925.61,EUR,OP-888342,27/07/2024,N/A,N/A
ALSEA,7290045.5,EUR,OP-384389,2024-06-21,09/04/2024,75
grupo carso,1569875.63,MXN,OP-484688,05-Jun-2017,"July 31, 2021",1517
GRUPO BIMBO,1342102.77,MXN,OP-748225,04-Mar-2021,N/A,N/A
TELMEX,2063245.9,MXN,OP-497597,02-Jul-2019,N/A,N/A
alsea,6664654.93,MXN,OP-426538,"October 07, 2024",N/A,N/A
SORIANA,4134255.49,USD,OP-775181,19/07/2023,N/A,N/A
grupo méxico,7754334.43,MXN,OP-787861,2021-01-06,N/A,N/A
cemex,2150984.39,EUR,OP-336220,31/08/2015,10-May-2023,2809
liverpool,8601150.03,MXN,OP-982982,"May 24, 2018",N/A,N/A
walmart de méxico,9629972.02,USD,OP-312550,2017-05-26,13/07/2018,413
grupo méxico,4863764.86,USD,OP-382042,2021-08-23,13/11/2024,1178
LIVERPOOL,4078599.76,USD,OP-671891,22/11/2024,N/A,N/A
pemex,1820196.64,USD,OP-710328,11-Nov-2021,2024-10-06,1060
américa móvil,577137.19,MXN,OP-937796,23-Aug-2023,N/A,N/A
ALSEA,7876219.11,MXN,OP-976134,2015-10-18,N/A,N/A
BBVA MÉXICO,9999286.97,USD,OP-336611,16-Mar-2020,N/A,N/A
SORIANA,8437301.39,MXN,OP-564148,"October 20, 2024",N/A,N/A
WALMART DE MÉXICO,1815528.48,MXN,OP-314301,13-Nov-2022,01/05/2024,418
grupo méxico,9017431.56,MXN,OP-564539,08-Feb-2021,N/A,N/A
cemex,2801475.57,EUR,OP-755250,06/02/2021,N/A,N/A
walmart de méxico,3141123.54,EUR,OP-400452,"May 17, 2025",N/A,N/A
GRUPO BIMBO,814045.97,USD,OP-961391,13-Apr-2017,N/A,N/A
bbva méxico,9847016.34,EUR,OP-335850,19/12/2016,"June 28, 2020",1287
pemex,522557.98,USD,OP-166035,06/07/2023,N/A,N/A
américa móvil,7457436.29,MXN,OP-342548,"November 05, 2017",28-Feb-2024,2306
BBVA MÉXICO,1459347.78,USD,OP-609920,2023-07-21,N/A,N/A
walmart de méxico,1402174.82,EUR,OP-734719,2020-01-07,N/A,N/A
GRUPO CARSO,5695028.77,MXN,OP-104086,07-Mar-2016,08-Apr-2017,397
pemex,9594293.84,USD,OP-535545,2019-04-03,N/A,N/A
BBVA MÉXICO,4001496.98,USD,OP-887989,29/01/2024,N/A,N/A
telmex,9347674.93,USD,OP-473901,02-Feb-2016,N/A,N/A
TELMEX,4349087.71,MXN,OP-794288,22-May-2016,27/02/2017,281
CEMEX,9412569.13,EUR,OP-386608,2021-08-08,N/A,N/A
SORIANA,1291384.59,MXN,OP-743576,"May 29, 2025",N/A,N/A
bbva méxico,7532819.41,MXN,OP-498112,23-Jan-2025,N/A,N/A
alsea,1722359.57,EUR,OP-397784,17-Feb-2021,04/04/2021,46
grupo carso,2820466.47,USD,OP-566049,16/07/2025,N/A,N/A
WALMART DE MÉXICO,6023291.54,MXN,OP-436438,"February 07, 2017",N/A,N/A
BANORTE,4206197.02,USD,OP-103291,01/12/2018,2024-08-14,2406
PEMEX,897500.14,MXN,OP-210466,27-Jan-2023,N/A,N/A
SORIANA,3855667.68,MXN,OP-778803,11-Sep-2017,N/A,N/A
femsa,7504855.82,MXN,OP-917493,19/05/2017,"October 18, 2019",882
FEMSA,7180624.91,USD,OP-856866,"September 11, 2019",N/A,N/A
walmart de méxico,8389281.05,MXN,OP-865740,2022-12-26,N/A,N/A
ALSEA,8770752.61,USD,OP-734989,28-Jun-2020,N/A,N/A
bbva méxico,5025620.31,EUR,OP-975786,"May 04, 2017",N/A,N/A
américa móvil,1944892.44,EUR,OP-225538,22-Sep-2015,2021-02-28,1986
BBVA MÉXICO,3982035.86,MXN,OP-533749,2019-07-16,04/07/2020,266
femsa,8997511.68,EUR,OP-138182,06-Aug-2017,31-Aug-2018,390
bbva méxico,1445101.8,EUR,OP-826622,08-Dec-2015,N/A,N/A
FEMSA,1198197.68,USD,OP-883156,2019-08-22,01-May-2025,2079
AMÉRICA MÓVIL,5480166.89,EUR,OP-432799,06-Jul-2020,N/A,N/A
grupo méxico,6409443.08,USD,OP-750775,"July 26, 2022",N/A,N/A
walmart de méxico,8603092.07,EUR,OP-194589,26/03/2025,N/A,N/A
FEMSA,777340.34,USD,OP-331131,03-Jul-2018,02-Jul-2022,1460
ALSEA,708275.48,MXN,OP-899413,2015-12-31,"July 04, 2022",2377
GRUPO LALA,5645579.23,USD,OP-233750,21-Aug-2017,03/09/2021,1296
pemex,9776631.7,USD,OP-166045,2024-08-20,N/A,N/A
walmart de méxico,154815.83,EUR,OP-110666,01-Mar-2023,N/A,N/A
walmart de méxico,207241.54,EUR,OP-300038,2017-12-29,26-May-2018,148
SORIANA,3342432.28,MXN,OP-672706,21/08/2017,N/A,N/A
banorte,9095627.12,MXN,OP-438041,25/08/2018,27-Oct-2024,2255
grupo méxico,4526790.86,MXN,OP-682653,28/04/2020,N/A,N/A
PEMEX,9264594.01,USD,OP-691156,2016-01-01,N/A,N/A
CEMEX,7827635.84,USD,OP-557568,"November 25, 2018",N/A,N/A
GRUPO LALA,5359540.82,MXN,OP-921957,11-Aug-2021,N/A,N/A
GRUPO LALA,9517807.3,EUR,OP-865672,"February 17, 2021",06-Mar-2023,747
alsea,3689882.04,USD,OP-846605,13/07/2021,N/A,N/A
GRUPO LALA,7272943.06,EUR,OP-783509,01-Jan-2016,19/07/2024,3122
BANORTE,4309171.24,USD,OP-834847,11/08/2025,N/A,N/A
TELMEX,2599549.4,MXN,OP-418450,"July 07, 2016","January 07, 2017",184
grupo lala,4494864.98,MXN,OP-811944,21/05/2024,N/A,N/A
bbva méxico,7365832.93,MXN,OP-394388,2017-04-12,N/A,N/A
GRUPO BIMBO,8229191.85,EUR,OP-246793,11-Sep-2017,N/A,N/A
grupo méxico,9950189.44,EUR,OP-882302,27-Mar-2020,26-Mar-2023,1094
PEMEX,1336761.38,USD,OP-847068,"November 09, 2022",N/A,N/A
BANORTE,9476468.46,MXN,OP-573337,2020-08-02,N/A,N/A
américa móvil,6572243.12,MXN,OP-511152,2025-04-14,N/A,N/A
BANORTE,1562406.2,EUR,OP-823100,"December 26, 2023",N/A,N/A
ALSEA,917654.85,EUR,OP-800925,23-Sep-2015,N/A,N/A
PEMEX,6735006.23,EUR,OP-566350,19/01/2025,N/A,N/A
BBVA MÉXICO,5645376.05,EUR,OP-570808,2021-03-12,N/A,N/A
grupo méxico,7490373.17,USD,OP-691188,01/02/2019,N/A,N/A
WALMART DE MÉXICO,5432139.79,EUR,OP-795426,19/11/2020,N/A,N/A
GRUPO BIMBO,5944762.28,MXN,OP-754438,2018-06-17,N/A,N/A
GRUPO BIMBO,8487422.34,EUR,OP-741702,2020-10-14,N/A,N/A
BANORTE,9084529.42,USD,OP-557628,02/09/2018,N/A,N/A
telmex,590435.37,MXN,OP-279574,"September 11, 2021",16/08/2025,1435
BBVA MÉXICO,4426865.79,USD,OP-697571,2022-10-28,N/A,N/A
BANORTE,8137526.41,USD,OP-966387,"April 23, 2022",N/A,N/A
pemex,7338409.99,EUR,OP-318387,2016-04-24,"November 15, 2020",1666
GRUPO CARSO,8768741.14,EUR,OP-949934,2021-06-28,N/A,N/A
FEMSA,2227436.3,EUR,OP-158487,"January 17, 2021",N/A,N/A
CEMEX,8311731.12,USD,OP-337091,2016-11-30,"December 04, 2018",734
cemex,8447896.07,EUR,OP-775042,19/06/2017,"April 15, 2025",2857
GRUPO MÉXICO,5154704.87,MXN,OP-711409,2023-01-22,N/A,N/A
LIVERPOOL,8629544.98,MXN,OP-710458,"April 20, 2023",N/A,N/A
liverpool,5574508.25,MXN,OP-949173,21/01/2016,"May 21, 2021",1947
PEMEX,6893819.36,EUR,OP-637873,13/07/2024,N/A,N/A
soriana,284213.0,MXN,OP-708079,01-Feb-2017,26/02/2025,2947
LIVERPOOL,8957693.71,MXN,OP-533605,28/07/2021,09-Oct-2024,1169
GRUPO LALA,790334.75,MXN,OP-994554,"November 20, 2024",19-Mar-2025,119
GRUPO BIMBO,8770576.15,USD,OP-598177,2021-09-05,2025-04-30,1333
GRUPO BIMBO,2143728.31,EUR,OP-298075,16-May-2019,09-Oct-2021,877
LIVERPOOL,8708459.5,MXN,OP-268458,2020-11-27,24-Apr-2024,1244
banorte,5091555.46,MXN,OP-649157,"May 18, 2020","June 24, 2024",1498
TELMEX,7250818.94,EUR,OP-952094,2017-04-23,N/A,N/A
AMÉRICA MÓVIL,9892626.62,MXN,OP-706254,"February 24, 2018",N/A,N/A
soriana,8867293.0,MXN,OP-823246,"September 20, 2022",N/A,N/A
BBVA MÉXICO,320410.14,MXN,OP-175935,05-Apr-2016,2016-08-01,118
alsea,7777843.65,MXN,OP-912341,23-Mar-2021,N/A,N/A
ALSEA,2071807.19,USD,OP-185421,2022-10-13,09-Apr-2024,544
GRUPO BIMBO,7936747.75,USD,OP-843299,"June 05, 2017",17-Sep-2020,1200
cemex,8978615.86,USD,OP-695459,"November 20, 2024",N/A,N/A
GRUPO LALA,5541998.36,EUR,OP-733765,21/11/2021,N/A,N/A
GRUPO CARSO,1066036.19,USD,OP-638436,29-Aug-2023,N/A,N/A
BBVA MÉXICO,9392089.38,MXN,OP-423939,"December 02, 2022",N/A,N/A
PEMEX,5547792.01,USD,OP-493903,"December 14, 2021","August 12, 2022",241
grupo bimbo,9971095.83,USD,OP-224590,10/05/2021,N/A,N/A
PEMEX,4951291.48,MXN,OP-242497,2023-07-18,N/A,N/A
FEMSA,7282078.94,MXN,OP-933151,16/03/2024,N/A,N/A
ALSEA,2482067.44,USD,OP-948748,24/05/2022,N/A,N/A
grupo carso,3008362.25,USD,OP-349706,"June 17, 2017","November 25, 2019",891
BBVA MÉXICO,8373859.37,MXN,OP-840215,28-Dec-2023,N/A,N/A
BBVA MÉXICO,7406225.93,EUR,OP-105301,25-Apr-2021,N/A,N/A
américa móvil,3774425.66,EUR,OP-219049,2018-03-18,2023-08-28,1989
CEMEX,9451370.43,EUR,OP-508042,31-Jul-2017,N/A,N/A
grupo lala,5215690.14,USD,OP-514590,24-Apr-2022,N/A,N/A
bbva méxico,1942770.74,EUR,OP-627614,2020-10-29,N/A,N/A
BBVA MÉXICO,5267181.35,USD,OP-123923,19-Oct-2016,N/A,N/A
femsa,295263.85,USD,OP-577676,2019-03-19,17-Jun-2022,1186
liverpool,6679404.65,MXN,OP-481885,2024-01-04,N/A,N/A
pemex,4040463.11,MXN,OP-983863,26-Jun-2023,N/A,N/A
SORIANA,7020152.6,USD,OP-417604,11-Nov-2016,N/A,N/A
femsa,9559989.47,EUR,OP-837804,"August 13, 2021",N/A,N/A
GRUPO MÉXICO,8417666.52,EUR,OP-639225,06/03/2016,2018-04-28,694
BANORTE,9253076.67,USD,OP-852769,2017-11-06,N/A,N/A
LIVERPOOL,5058917.61,USD,OP-572527,2018-04-27,03-Oct-2018,159
femsa,3734458.24,MXN,OP-147715,"May 03, 2024",N/A,N/A
telmex,2877378.13,EUR,OP-279413,"January 28, 2021",N/A,N/A
banorte,8749725.26,USD,OP-295741,2016-10-20,2016-10-31,11
SORIANA,7620853.63,EUR,OP-161374,2024-07-05,30-Oct-2024,117
LIVERPOOL,8997108.08,MXN,OP-645289,"December 19, 2018",2024-10-04,2116
bbva méxico,9008798.52,USD,OP-455359,"August 28, 2024",N/A,N/A
GRUPO LALA,8953755.48,USD,OP-309566,"April 12, 2018",31-Jul-2018,110
banorte,8483269.21,USD,OP-856263,16/10/2018,21-Nov-2019,401
ALSEA,1570455.15,USD,OP-825356,2019-12-20,N/A,N/A
liverpool,9643763.58,MXN,OP-260564,08-Mar-2020,N/A,N/A
GRUPO LALA,7833646.26,USD,OP-345658,"May 15, 2021",N/A,N/A
telmex,5678033.74,MXN,OP-251232,2017-07-06,N/A,N/A
pemex,6762985.13,USD,OP-601337,05-Apr-2024,18-Aug-2024,135
walmart de méxico,1484826.01,USD,OP-899034,"August 19, 2021",N/A,N/A
walmart de méxico,6496406.16,MXN,OP-443066,11-Feb-2019,2021-04-13,792
CEMEX,1763611.54,MXN,OP-332203,2020-10-31,N/A,N/A
américa móvil,1885862.81,USD,OP-509082,"January 16, 2023",N/A,N/A
TELMEX,5303512.75,MXN,OP-257228,28-Sep-2020,N/A,N/A
cemex,1368360.68,EUR,OP-953752,"August 23, 2021",N/A,N/A
GRUPO BIMBO,1085953.87,MXN,OP-690889,2020-01-21,N/A,N/A
cemex,2919247.73,MXN,OP-242063,25/07/2019,20-Jun-2025,2157
WALMART DE MÉXICO,2773975.44,USD,OP-292536,2021-04-17,22/06/2024,1162
PEMEX,9932491.81,USD,OP-796333,13/09/2022,N/A,N/A
GRUPO BIMBO,4559117.0,USD,OP-277800,15/08/2018,2022-09-23,1500
ALSEA,9352396.91,MXN,OP-798160,2022-12-27,N/A,N/A
soriana,1730078.64,EUR,OP-708318,"February 29, 2024",N/A,N/A
CEMEX,4933409.94,MXN,OP-322839,"July 11, 2024",N/A,N/A
PEMEX,3317171.75,USD,OP-568907,04-May-2018,08/04/2025,2649
LIVERPOOL,1181874.44,MXN,OP-129742,28-Mar-2016,11/08/2016,225
GRUPO LALA,4460008.31,EUR,OP-261650,2018-06-07,2019-03-16,282
pemex,3943718.71,USD,OP-436620,"June 25, 2018",N/A,N/A
pemex,3709874.65,MXN,OP-178534,30/09/2021,N/A,N/A
BANORTE,519070.01,MXN,OP-792592,2021-04-28,N/A,N/A
WALMART DE MÉXICO,4094650.7,USD,OP-631248,17-Jun-2023,N/A,N/A
américa móvil,3961147.6,MXN,OP-222961,2020-04-06,N/A,N/A
LIVERPOOL,2162021.36,EUR,OP-146263,2024-04-09,N/A,N/A
LIVERPOOL,6782693.57,MXN,OP-876186,03-May-2019,N/A,N/A
liverpool,8047232.83,MXN,OP-634272,"May 26, 2020","December 16, 2021",569
CEMEX,9626685.14,MXN,OP-309305,24/03/2022,N/A,N/A
PEMEX,223049.74,EUR,OP-205675,2023-05-02,N/A,N/A
pemex,6755849.26,USD,OP-316398,29-Apr-2022,N/A,N/A
GRUPO BIMBO,1512768.62,MXN,OP-789183,10-Nov-2020,N/A,N/A
TELMEX,2545267.96,MXN,OP-111763,06-Jul-2021,19/06/2023,713
bbva méxico,993150.6,USD,OP-545159,20/10/2015,25-Dec-2023,2988
GRUPO CARSO,3227135.4,USD,OP-374614,"November 10, 2019",N/A,N/A
WALMART DE MÉXICO,1403232.25,USD,OP-619323,01-Mar-2025,N/A,N/A
alsea,6202273.81,EUR,OP-280636,"October 15, 2018",04/04/2025,2363
telmex,1033436.86,USD,OP-336037,"February 11, 2019",2023-11-23,1746
telmex,1602665.19,MXN,OP-228673,"August 14, 2018",2023-01-24,1624
BBVA MÉXICO,8697274.52,EUR,OP-697215,2023-11-27,N/A,N/A
FEMSA,555841.51,MXN,OP-920954,2015-11-17,"February 22, 2019",1193
banorte,8007174.12,MXN,OP-715022,03/04/2017,N/A,N/A
grupo bimbo,1498466.15,USD,OP-421982,17/04/2025,N/A,N/A
telmex,5265940.51,EUR,OP-833167,2017-11-26,11-Sep-2021,1385
BBVA MÉXICO,8550519.0,USD,OP-304756,03-Dec-2020,N/A,N/A
CEMEX,6409589.69,USD,OP-952686,26/01/2020,N/A,N/A
walmart de méxico,2910133.83,EUR,OP-932704,"November 08, 2023",N/A,N/A
grupo lala,2391365.1,EUR,OP-447066,04-Apr-2025,N/A,N/A
walmart de méxico,5959310.59,MXN,OP-413472,2018-05-27,25/06/2018,29
grupo méxico,5256527.32,USD,OP-352824,30-Jan-2024,N/A,N/A
GRUPO LALA,464663.58,MXN,OP-172831,"February 12, 2022",N/A,N/A
PEMEX,5312650.8,EUR,OP-147495,26-Jun-2019,2021-07-10,745
américa móvil,5661809.49,EUR,OP-204408,"December 14, 2023",N/A,N/A
ALSEA,8540209.38,EUR,OP-289105,06-Dec-2024,N/A,N/A
soriana,5916248.24,MXN,OP-675171,08-May-2018,2023-07-10,1889
TELMEX,7683470.58,MXN,OP-462550,2018-06-21,N/A,N/A
grupo bimbo,7018306.71,MXN,OP-303253,2020-02-18,N/A,N/A
TELMEX,7102568.05,EUR,OP-131259,"May 05, 2020",N/A,N/A
WALMART DE MÉXICO,3322805.81,EUR,OP-651082,2015-11-17,22-Sep-2017,675
GRUPO MÉXICO,4783035.65,EUR,OP-947789,05/08/2018,09-Jan-2022,1342
liverpool,1592149.38,EUR,OP-424843,13-Aug-2019,2023-09-08,1487
telmex,1930185.29,EUR,OP-837271,28-Oct-2024,N/A,N/A
liverpool,380413.43,MXN,OP-611785,2023-09-30,N/A,N/A
telmex,1181414.69,MXN,OP-480122,17/06/2020,N/A,N/A
WALMART DE MÉXICO,4605644.92,MXN,OP-950929,01-Jun-2019,N/A,N/A
femsa,6562515.87,MXN,OP-577890,"December 22, 2023",N/A,N/A
GRUPO CARSO,6820239.89,EUR,OP-974175,14-Jul-2022,2025-03-05,965
grupo méxico,8223582.99,EUR,OP-252587,"July 29, 2018",N/A,N/A
grupo lala,3374274.88,EUR,OP-604011,2017-06-03,N/A,N/A
grupo méxico,2154486.03,EUR,OP-712409,27/07/2025,N/A,N/A
FEMSA,4513513.25,EUR,OP-784878,"April 16, 2025",N/A,N/A
GRUPO CARSO,6660988.56,USD,OP-709348,04/09/2016,22-Jun-2020,1535
femsa,5226175.61,EUR,OP-183177,"October 03, 2021",N/A,N/A
FEMSA,6740123.36,USD,OP-901841,02-Aug-2017,N/A,N/A
soriana,3440352.62,MXN,OP-954568,2017-08-24,27/03/2018,215
SORIANA,7546347.91,EUR,OP-424468,14/06/2016,14-Oct-2020,1583
GRUPO CARSO,650385.32,USD,OP-543130,2015-08-26,N/A,N/A
soriana,9517015.91,USD,OP-633435,"May 21, 2023",N/A,N/A
LIVERPOOL,4401536.38,EUR,OP-364904,02-Sep-2024,N/A,N/A
telmex,9109094.53,USD,OP-761601,"December 04, 2016",N/A,N/A
GRUPO BIMBO,9294704.05,USD,OP-418349,01/08/2024,N/A,N/A
LIVERPOOL,3098003.85,EUR,OP-419232,"November 18, 2021",N/A,N/A
grupo bimbo,1025909.4,EUR,OP-106515,"August 16, 2020",N/A,N/A
cemex,2739940.05,USD,OP-116343,11/09/2016,2025-05-07,3101
LIVERPOOL,1543195.54,MXN,OP-390394,09/04/2020,31-Mar-2025,1669
CEMEX,3694979.95,USD,OP-218291,2022-04-21,N/A,N/A
banorte,5428011.87,EUR,OP-909014,"July 11, 2020",N/A,N/A
telmex,4124749.66,USD,OP-516102,20-Mar-2017,"December 24, 2023",2470
pemex,3621337.13,USD,OP-777163,"September 03, 2017",29-Jan-2025,2705
américa móvil,5264928.49,EUR,OP-126938,27/02/2025,N/A,N/A
GRUPO CARSO,4276905.98,EUR,OP-750313,10-Sep-2020,2024-06-14,1373
bbva méxico,1240702.42,MXN,OP-691174,27-May-2025,N/A,N/A
GRUPO LALA,9157300.49,USD,OP-219303,2018-09-12,N/A,N/A
banorte,9025032.88,EUR,OP-489187,18/05/2017,"January 20, 2019",612
FEMSA,8880466.18,EUR,OP-485397,"March 05, 2017",11-Feb-2019,708
LIVERPOOL,2806141.62,USD,OP-364291,"April 02, 2022",N/A,N/A
américa móvil,5267838.74,EUR,OP-129189,30-Oct-2021,N/A,N/A
soriana,5645344.64,EUR,OP-820917,29/05/2016,01-Oct-2018,855
alsea,8347202.8,USD,OP-394958,2018-01-29,N/A,N/A
GRUPO BIMBO,1550299.25,MXN,OP-432213,04/08/2024,N/A,N/A
PEMEX,9223829.23,MXN,OP-330652,27-Feb-2016,14-Oct-2018,960
BBVA MÉXICO,7096182.01,USD,OP-561956,2023-04-02,N/A,N/A
grupo bimbo,3163604.52,MXN,OP-190011,2019-04-07,N/A,N/A
ALSEA,3312266.03,MXN,OP-592944,04-Jan-2018,20/07/2025,2754
PEMEX,4562011.41,EUR,OP-824622,20-Nov-2024,N/A,N/A
FEMSA,4817302.65,MXN,OP-516385,2020-10-08,N/A,N/A
GRUPO BIMBO,7173684.87,EUR,OP-832564,2020-03-22,N/A,N/A
bbva méxico,1251646.88,USD,OP-786228,01-Dec-2020,16-Apr-2022,501
GRUPO LALA,8248739.06,USD,OP-960524,09/08/2017,N/A,N/A
alsea,7390422.03,USD,OP-203221,21/07/2020,N/A,N/A
FEMSA,5795117.07,MXN,OP-297483,"January 05, 2025",N/A,N/A
américa móvil,6744560.8,MXN,OP-857773,13-Jan-2017,"November 06, 2022",2123
grupo carso,7385435.87,USD,OP-598363,"March 04, 2020",15/05/2020,72
telmex,6062035.87,USD,OP-511975,22/10/2018,N/A,N/A
GRUPO CARSO,4796086.77,EUR,OP-187925,21/01/2016,2018-08-27,949
GRUPO CARSO,9177928.52,USD,OP-896869,16-Mar-2024,N/A,N/A
ALSEA,7827697.91,EUR,OP-677758,01/12/2015,09/06/2021,2429
GRUPO CARSO,6525119.71,EUR,OP-140014,"September 22, 2015",2016-01-10,110
walmart de méxico,6589890.34,EUR,OP-291121,18/01/2016,N/A,N/A
bbva méxico,5429036.83,USD,OP-611574,01/10/2018,N/A,N/A
PEMEX,1024903.83,MXN,OP-288767,"August 12, 2025",N/A,N/A
grupo lala,4759093.04,EUR,OP-266720,2016-03-22,05-Jun-2020,1536
GRUPO BIMBO,8316226.18,MXN,OP-414220,2018-03-18,"July 06, 2024",2302
AMÉRICA MÓVIL,602710.79,EUR,OP-555942,15/03/2024,N/A,N/A
ALSEA,1051311.41,MXN,OP-635244,01-Apr-2025,N/A,N/A
AMÉRICA MÓVIL,9036278.9,USD,OP-993172,05/07/2018,03/11/2022,1404
banorte,5541165.94,USD,OP-848222,"October 25, 2023",N/A,N/A
pemex,8501830.01,USD,OP-686562,"March 06, 2025",N/A,N/A
ALSEA,8231578.33,MXN,OP-646256,31/07/2019,N/A,N/A
grupo carso,7064694.07,MXN,OP-450468,31/01/2024,"May 11, 2025",466
pemex,7443065.64,EUR,OP-756346,25/07/2021,N/A,N/A
CEMEX,8605226.07,MXN,OP-926690,"June 24, 2021",N/A,N/A
GRUPO BIMBO,8681071.08,USD,OP-891295,27-Dec-2015,"November 15, 2021",2150
ALSEA,2965593.95,EUR,OP-213900,21-May-2025,N/A,N/A
TELMEX,6010738.18,USD,OP-541116,03-Oct-2016,10/05/2020,1463
GRUPO BIMBO,5802805.59,MXN,OP-970118,24-Nov-2020,"December 12, 2022",748
GRUPO CARSO,1052489.39,EUR,OP-650529,08-Feb-2025,N/A,N/A
GRUPO BIMBO,8569741.22,USD,OP-468705,"November 07, 2018",N/A,N/A
soriana,5018417.84,MXN,OP-344163,20-Apr-2019,06-Nov-2022,1296
SORIANA,3082971.98,MXN,OP-768953,18/03/2016,N/A,N/A
femsa,9990622.11,MXN,OP-718486,03/08/2021,N/A,N/A
grupo bimbo,8181553.61,USD,OP-569474,2024-02-20,N/A,N/A
walmart de méxico,6401998.95,USD,OP-688715,2016-06-11,20/05/2020,1439
GRUPO CARSO,8856814.54,USD,OP-545021,2022-02-10,N/A,N/A
banorte,9389267.49,MXN,OP-850606,02-May-2017,08/01/2020,1187
FEMSA,9256250.34,USD,OP-231780,12/04/2022,N/A,N/A
AMÉRICA MÓVIL,7148784.57,MXN,OP-267233,2020-12-07,15/04/2022,494
