Nombre_Empresa,Monto_Credito,Divisa,Operacion,Fecha_Inicio,Fecha_Fin,Plazo
grupo bimbo,4117589.71,MXN,OP-100000,27-Aug-2019,"April 24, 2023",1336
WALMART DE MÉXICO,7008028.47,USD,OP-100001,2017-04-10,18/02/2022,1775
liverpool,9918174.32,EUR,OP-100002,"April 21, 2017",N/A,N/A
grupo lala,1293043.34,USD,OP-100003,24-Nov-2023,N/A,N/A
FEMSA,7128647.73,EUR,OP-100004,2024-10-30,N/A,N/A
GRUPO LALA,7674495.46,MXN,OP-100005,"December 09, 2024",N/A,N/A
GRUPO CARSO,3510602.43,EUR,OP-100006,"May 30, 2020",N/A,N/A
PEMEX,7757624.86,EUR,OP-100007,"November 22, 2019",N/A,N/A
grupo bimbo,8585597.65,EUR,OP-100008,25-Dec-2022,N/A,N/A
GRUPO BIMBO,369040.51,EUR,OP-100009,2024-08-05,N/A,N/A
TELMEX,7790506.93,EUR,OP-100010,"March 06, 2024",N/A,N/A
GRUPO BIMBO,8995568.03,EUR,OP-100011,2020-03-23,N/A,N/A
GRUPO CARSO,4290578.01,EUR,OP-100012,2020-01-26,11-Jan-2025,1812
AMÉRICA MÓVIL,3459971.08,MXN,OP-100013,2019-10-08,N/A,N/A
ALSEA,9392020.16,USD,OP-100014,30/03/2024,N/A,N/A
TELMEX,4166277.37,USD,OP-100015,"May 16, 2022",N/A,N/A
WALMART DE MÉXICO,4113678.16,EUR,OP-100016,20-Dec-2016,N/A,N/A
LIVERPOOL,4953249.63,MXN,OP-100017,22-Apr-2022,N/A,N/A
cemex,3319003.33,EUR,OP-100018,27-Feb-2022,"January 05, 2025",1043
walmart de méxico,8744849.51,MXN,OP-100019,23/06/2020,"November 10, 2022",870
GRUPO CARSO,2428158.2,EUR,OP-100020,"April 18, 2024",N/A,N/A
GRUPO CARSO,6715400.46,EUR,OP-100021,"September 29, 2020",16-Apr-2022,564
GRUPO CARSO,7642540.07,USD,OP-100022,2021-04-17,N/A,N/A
BANORTE,1492529.64,EUR,OP-100023,09-Oct-2022,N/A,N/A
liverpool,6047402.0,USD,OP-100024,2016-07-11,N/A,N/A
GRUPO CARSO,4471775.34,USD,OP-100025,"June 24, 2017",N/A,N/A
grupo carso,314930.36,USD,OP-100026,2018-11-27,N/A,N/A
pemex,239039.68,MXN,OP-100027,14/06/2024,N/A,N/A
GRUPO LALA,1255138.55,EUR,OP-100028,2017-06-05,N/A,N/A
bbva méxico,7397758.86,MXN,OP-100029,19/04/2016,25-Apr-2022,2197
liverpool,6534299.27,MXN,OP-100030,"June 07, 2019","March 14, 2021",646
CEMEX,555789.89,MXN,OP-100031,"September 14, 2022",N/A,N/A
FEMSA,3312301.88,USD,OP-100032,2022-06-30,N/A,N/A
femsa,2384527.42,USD,OP-100033,"March 16, 2024",11-Jan-2025,301
LIVERPOOL,3756724.94,MXN,OP-100034,2023-07-04,N/A,N/A
grupo carso,4470834.33,MXN,OP-100035,"May 05, 2022",N/A,N/A
BBVA MÉXICO,8368678.34,USD,OP-100036,"March 17, 2017",N/A,N/A
banorte,9375679.88,USD,OP-100037,12/12/2021,09/05/2024,998
bbva méxico,3470032.22,MXN,OP-100038,2024-01-09,N/A,N/A
pemex,7676316.84,MXN,OP-100039,"August 10, 2017",N/A,N/A
grupo bimbo,4396831.45,EUR,OP-100040,2024-08-08,N/A,N/A
GRUPO MÉXICO,291767.58,EUR,OP-100041,29/06/2022,N/A,N/A
BANORTE,3681169.18,USD,OP-100042,20/12/2017,2019-02-06,413
pemex,1138951.08,EUR,OP-100043,"March 17, 2025",N/A,N/A
pemex,4285983.01,EUR,OP-100044,2020-08-16,N/A,N/A
AMÉRICA MÓVIL,8669420.02,USD,OP-100045,2023-01-09,"April 27, 2024",474
GRUPO CARSO,7693657.61,MXN,OP-100046,2018-06-20,01-Oct-2023,1929
grupo bimbo,5187047.54,MXN,OP-100047,"June 08, 2025",N/A,N/A
banorte,4362091.78,USD,OP-100048,"July 27, 2016",N/A,N/A
bbva méxico,4301880.34,MXN,OP-100049,03-Nov-2022,N/A,N/A
GRUPO BIMBO,9478655.68,USD,OP-100050,2018-05-31,N/A,N/A
ALSEA,962799.11,EUR,OP-100051,2019-11-08,24/04/2025,1994
walmart de méxico,3053454.53,MXN,OP-100052,"July 19, 2018",N/A,N/A
grupo lala,4894938.75,USD,OP-100053,2025-03-19,N/A,N/A
liverpool,3811453.81,EUR,OP-100054,30-Mar-2021,N/A,N/A
grupo méxico,4941640.93,USD,OP-100055,"June 26, 2018","May 28, 2019",336
BANORTE,9181735.08,EUR,OP-100056,07/08/2020,24-Aug-2020,47
grupo méxico,3337815.3,MXN,OP-100057,22/04/2019,N/A,N/A
bbva méxico,4459021.28,USD,OP-100058,"August 31, 2023",N/A,N/A
grupo carso,4092558.61,USD,OP-100059,15-Nov-2017,14/02/2021,1187
liverpool,6285330.82,USD,OP-100060,07/01/2024,N/A,N/A
PEMEX,499691.06,MXN,OP-100061,01-Dec-2024,N/A,N/A
BBVA MÉXICO,675759.12,EUR,OP-100062,"December 27, 2016","April 14, 2020",1204
SORIANA,8062409.35,MXN,OP-100063,2021-11-07,N/A,N/A
cemex,4561200.1,MXN,OP-100064,"November 06, 2022",N/A,N/A
BANORTE,8049665.22,EUR,OP-100065,2021-12-27,26/02/2025,1157
grupo méxico,354912.25,EUR,OP-100066,"July 02, 2025",N/A,N/A
GRUPO LALA,3243560.2,EUR,OP-100067,01/09/2015,"May 27, 2024",3426
grupo méxico,5137288.81,MXN,OP-100068,"July 18, 2024",N/A,N/A
GRUPO LALA,3297469.75,EUR,OP-100069,05/08/2020,N/A,N/A
GRUPO MÉXICO,9445098.6,USD,OP-100070,2020-04-21,01-Mar-2025,1775
grupo lala,2311195.09,EUR,OP-100071,01/09/2015,"March 01, 2022",2608
CEMEX,8434347.94,EUR,OP-100072,2025-02-09,N/A,N/A
walmart de méxico,650005.17,EUR,OP-100073,2018-02-19,N/A,N/A
grupo lala,1907346.87,EUR,OP-100074,11/11/2023,N/A,N/A
banorte,3783344.46,MXN,OP-100075,2019-05-24,N/A,N/A
GRUPO BIMBO,8578035.84,MXN,OP-100076,08-Apr-2020,2024-12-15,1712
grupo carso,2310389.84,USD,OP-100077,2019-07-04,N/A,N/A
AMÉRICA MÓVIL,7671578.73,MXN,OP-100078,2018-02-25,N/A,N/A
walmart de méxico,939886.26,MXN,OP-100079,20/05/2025,N/A,N/A
AMÉRICA MÓVIL,3559498.96,MXN,OP-100080,13/02/2019,N/A,N/A
grupo bimbo,3660124.7,MXN,OP-100081,"May 12, 2020",N/A,N/A
américa móvil,3455234.67,USD,OP-100082,2018-12-23,25/07/2022,1310
CEMEX,9992868.22,EUR,OP-100083,"June 12, 2025",N/A,N/A
walmart de méxico,7696224.4,EUR,OP-100084,"March 19, 2023",N/A,N/A
CEMEX,2936431.9,MXN,OP-100085,21/02/2021,N/A,N/A
FEMSA,9898898.56,USD,OP-100086,15-Nov-2016,11/12/2018,727
BANORTE,1021526.38,USD,OP-100087,30/01/2025,N/A,N/A
liverpool,3794476.62,MXN,OP-100088,08/12/2019,N/A,N/A
GRUPO LALA,5266154.41,USD,OP-100089,19/05/2022,31-Dec-2022,226
ALSEA,8926978.81,MXN,OP-100090,"February 21, 2023",N/A,N/A
FEMSA,7284248.28,EUR,OP-100091,2016-03-24,08-May-2020,1506
PEMEX,4540486.02,MXN,OP-100092,"October 18, 2020",N/A,N/A
FEMSA,1342860.66,MXN,OP-100093,2023-06-30,N/A,N/A
américa móvil,3076629.85,MXN,OP-100094,2022-05-16,N/A,N/A
GRUPO LALA,6979780.64,EUR,OP-100095,19/02/2021,05-Nov-2022,624
grupo carso,1261159.99,MXN,OP-100096,2018-10-30,N/A,N/A
grupo bimbo,645729.77,MXN,OP-100097,28/05/2017,2019-04-10,682
SORIANA,9736377.73,MXN,OP-100098,03-Apr-2023,N/A,N/A
pemex,260860.8,USD,OP-100099,12-Jun-2021,N/A,N/A
GRUPO CARSO,7608204.01,USD,OP-100100,"November 16, 2016",N/A,N/A
walmart de méxico,7302298.66,USD,OP-100101,2018-10-19,N/A,N/A
grupo méxico,6247066.01,EUR,OP-100102,23/12/2017,N/A,N/A
liverpool,1130960.4,MXN,OP-100103,17/07/2017,21/05/2022,1769
américa móvil,9473863.63,USD,OP-100104,2015-10-20,"December 02, 2024",3331
CEMEX,1237758.74,EUR,OP-100105,"August 07, 2023","December 10, 2023",125
grupo lala,2408572.26,MXN,OP-100106,25/10/2018,N/A,N/A
BANORTE,6128058.22,EUR,OP-100107,"December 19, 2024",N/A,N/A
banorte,5752897.64,MXN,OP-100108,2016-04-04,N/A,N/A
banorte,5471825.68,EUR,OP-100109,"August 18, 2024",N/A,N/A
BBVA MÉXICO,3119070.25,EUR,OP-100110,"February 10, 2025",N/A,N/A
GRUPO MÉXICO,4001265.04,EUR,OP-100111,"January 09, 2025",2025-01-15,6
BANORTE,1200953.22,USD,OP-100112,07/09/2021,N/A,N/A
TELMEX,5860106.99,EUR,OP-100113,2025-04-13,N/A,N/A
telmex,8746496.45,EUR,OP-100114,2024-02-23,N/A,N/A
femsa,5568868.72,USD,OP-100115,2020-05-17,N/A,N/A
ALSEA,1133673.89,MXN,OP-100116,"November 27, 2018",N/A,N/A
GRUPO MÉXICO,1900141.86,USD,OP-100117,20-Aug-2022,N/A,N/A
BBVA MÉXICO,143476.09,MXN,OP-100118,2017-04-08,"December 02, 2023",2429
BANORTE,8803349.93,MXN,OP-100119,26-Nov-2019,N/A,N/A
américa móvil,693654.87,MXN,OP-100120,2023-03-02,N/A,N/A
WALMART DE MÉXICO,2405151.76,MXN,OP-100121,01-Jan-2018,N/A,N/A
GRUPO BIMBO,9741023.52,EUR,OP-100122,2023-12-25,N/A,N/A
grupo carso,6933217.63,MXN,OP-100123,2019-03-03,N/A,N/A
FEMSA,9344854.64,USD,OP-100124,"June 16, 2022",N/A,N/A
GRUPO CARSO,2973515.59,USD,OP-100125,2023-07-29,N/A,N/A
cemex,6579550.65,USD,OP-100126,12-Oct-2019,N/A,N/A
liverpool,848051.4,USD,OP-100127,17-May-2016,11/11/2022,2369
bbva méxico,8310397.98,EUR,OP-100128,04/07/2021,08/08/2024,1219
femsa,983487.22,USD,OP-100129,20-Apr-2020,N/A,N/A
GRUPO BIMBO,6401584.65,MXN,OP-100130,21-Aug-2023,N/A,N/A
grupo bimbo,4798066.94,USD,OP-100131,"September 01, 2017","May 31, 2019",637
TELMEX,4562257.21,MXN,OP-100132,12-Aug-2017,"January 29, 2020",900
TELMEX,3958702.3,MXN,OP-100133,07-Mar-2019,N/A,N/A
grupo méxico,7803899.52,MXN,OP-100134,08-Sep-2016,2024-08-19,2902
SORIANA,8668765.09,EUR,OP-100135,2023-07-28,N/A,N/A
LIVERPOOL,1585383.62,MXN,OP-100136,16-Jun-2018,N/A,N/A
ALSEA,9750384.89,MXN,OP-100137,15/12/2019,N/A,N/A
BBVA MÉXICO,796984.37,EUR,OP-100138,2018-09-23,N/A,N/A
liverpool,9372451.83,MXN,OP-100139,23-May-2017,"April 08, 2022",1781
LIVERPOOL,5169815.22,USD,OP-100140,27-Dec-2021,"April 23, 2023",482
grupo lala,2655864.35,EUR,OP-100141,20/10/2020,N/A,N/A
TELMEX,696539.43,MXN,OP-100142,"October 13, 2023",N/A,N/A
GRUPO CARSO,4976454.74,EUR,OP-100143,"November 17, 2016",N/A,N/A
WALMART DE MÉXICO,2155633.52,MXN,OP-100144,2020-06-29,N/A,N/A
CEMEX,6137353.24,EUR,OP-100145,07/06/2025,N/A,N/A
CEMEX,2292512.91,MXN,OP-100146,"May 15, 2018","February 27, 2024",2114
ALSEA,6904090.98,EUR,OP-100147,17-Dec-2023,N/A,N/A
grupo carso,2512579.34,MXN,OP-100148,15/04/2025,N/A,N/A
telmex,6420953.94,EUR,OP-100149,13/01/2020,N/A,N/A
liverpool,7128016.66,MXN,OP-100150,2022-02-22,N/A,N/A
femsa,8111307.62,EUR,OP-100151,"March 12, 2016",N/A,N/A
TELMEX,4549844.8,MXN,OP-100152,07-Dec-2017,N/A,N/A
pemex,2677624.26,EUR,OP-100153,2019-12-31,N/A,N/A
telmex,9890722.89,EUR,OP-100154,2025-06-09,N/A,N/A
BANORTE,1417791.47,USD,OP-100155,03-Sep-2019,2025-07-23,2150
PEMEX,4536671.27,USD,OP-100156,"August 21, 2019",2024-12-26,1954
grupo bimbo,5138307.53,EUR,OP-100157,2021-12-10,N/A,N/A
grupo lala,6388609.83,MXN,OP-100158,2024-02-06,N/A,N/A
FEMSA,4111277.05,MXN,OP-100159,"January 03, 2020","October 18, 2023",1384
BBVA MÉXICO,6092132.81,EUR,OP-100160,"November 06, 2015",N/A,N/A
bbva méxico,7372411.57,MXN,OP-100161,29/10/2021,N/A,N/A
telmex,167189.03,USD,OP-100162,14/08/2021,N/A,N/A
grupo bimbo,4696340.23,USD,OP-100163,11-Mar-2016,14-Sep-2020,1648
femsa,850858.71,EUR,OP-100164,10-Jun-2017,N/A,N/A
américa móvil,4855723.77,MXN,OP-100165,2022-11-09,N/A,N/A
grupo carso,7852857.93,USD,OP-100166,"May 14, 2018",N/A,N/A
FEMSA,4225235.56,USD,OP-100167,2017-03-17,27-Sep-2020,1290
AMÉRICA MÓVIL,3961918.69,MXN,OP-100168,"March 26, 2018",05-Mar-2023,1805
SORIANA,2388608.33,EUR,OP-100169,03-Aug-2016,N/A,N/A
PEMEX,7370410.3,USD,OP-100170,08/09/2020,N/A,N/A
LIVERPOOL,3839055.98,EUR,OP-100171,05-May-2017,N/A,N/A
grupo méxico,3270991.93,MXN,OP-100172,18/03/2022,N/A,N/A
WALMART DE MÉXICO,7293633.36,MXN,OP-100173,"October 13, 2017",2024-06-27,2449
ALSEA,5024803.15,MXN,OP-100174,18-Jul-2016,N/A,N/A
soriana,1929644.36,EUR,OP-100175,"August 29, 2019",N/A,N/A
liverpool,9296581.08,EUR,OP-100176,08-Jul-2018,29-Dec-2024,2366
grupo carso,3694295.99,USD,OP-100177,13-Apr-2024,N/A,N/A
grupo bimbo,9045102.58,MXN,OP-100178,"July 25, 2018",N/A,N/A
soriana,8589949.51,EUR,OP-100179,2019-07-11,"October 30, 2022",1207
bbva méxico,840466.11,USD,OP-100180,2015-10-28,N/A,N/A
ALSEA,2129318.18,EUR,OP-100181,13-Jun-2017,12-Oct-2019,851
liverpool,7533529.33,EUR,OP-100182,"June 19, 2019",N/A,N/A
GRUPO BIMBO,5215042.24,MXN,OP-100183,06/11/2020,N/A,N/A
pemex,782137.11,MXN,OP-100184,25-Mar-2022,N/A,N/A
alsea,7186463.2,USD,OP-100185,06/05/2019,N/A,N/A
cemex,7620141.86,EUR,OP-100186,"May 27, 2019","March 14, 2023",1387
ALSEA,6298562.51,EUR,OP-100187,"November 24, 2024",N/A,N/A
AMÉRICA MÓVIL,5636465.97,USD,OP-100188,2022-03-10,"April 09, 2022",30
grupo carso,2412499.96,MXN,OP-100189,2020-11-17,2024-02-21,1191
grupo méxico,9730732.35,USD,OP-100190,2021-06-12,2021-12-04,175
grupo méxico,9235693.41,MXN,OP-100191,03-Apr-2021,N/A,N/A
alsea,452754.64,EUR,OP-100192,26-Jul-2019,25/11/2019,122
BBVA MÉXICO,1065476.11,EUR,OP-100193,04/03/2017,N/A,N/A
FEMSA,9765255.76,USD,OP-100194,"February 03, 2021",N/A,N/A
walmart de méxico,7153276.12,EUR,OP-100195,06/03/2018,2022-01-15,1322
bbva méxico,737998.03,MXN,OP-100196,23/12/2021,2022-07-22,211
banorte,1765825.92,EUR,OP-100197,21-Jul-2022,N/A,N/A
GRUPO CARSO,7174357.66,MXN,OP-100198,19-May-2022,"April 16, 2025",1063
GRUPO CARSO,1682953.07,USD,OP-100199,25/04/2019,"February 21, 2020",302
soriana,2714892.37,EUR,OP-100200,28/03/2023,N/A,N/A
SORIANA,6823459.0,USD,OP-100201,22/05/2022,N/A,N/A
telmex,6014211.9,MXN,OP-100202,2016-08-19,02/04/2024,2725
BBVA MÉXICO,3075318.87,MXN,OP-100203,04/10/2021,N/A,N/A
AMÉRICA MÓVIL,5631445.14,USD,OP-100204,10/05/2020,N/A,N/A
WALMART DE MÉXICO,6678682.25,EUR,OP-100205,2017-06-13,N/A,N/A
soriana,4641917.3,MXN,OP-100206,"May 30, 2016",N/A,N/A
GRUPO CARSO,4299607.76,USD,OP-100207,11-Sep-2020,N/A,N/A
GRUPO LALA,6227231.53,USD,OP-100208,25-May-2022,"May 26, 2023",366
PEMEX,5156287.04,EUR,OP-100209,09/06/2024,N/A,N/A
SORIANA,5898863.93,USD,OP-100210,18/04/2016,N/A,N/A
CEMEX,7305432.54,USD,OP-100211,07-Dec-2019,2021-12-24,748
TELMEX,1909794.02,MXN,OP-100212,27/11/2018,29/01/2022,1159
grupo méxico,5840486.67,EUR,OP-100213,14-Apr-2018,N/A,N/A
BANORTE,837118.93,EUR,OP-100214,19/11/2019,N/A,N/A
soriana,701059.34,MXN,OP-100215,05/06/2017,01/08/2025,2804
grupo lala,1542269.22,MXN,OP-100216,2019-03-22,N/A,N/A
ALSEA,5913944.61,EUR,OP-100217,"August 09, 2022",N/A,N/A
WALMART DE MÉXICO,2242546.54,EUR,OP-100218,2016-06-07,2019-01-15,952
AMÉRICA MÓVIL,6517665.54,MXN,OP-100219,2021-08-25,N/A,N/A
grupo méxico,7566871.36,MXN,OP-100220,23/10/2021,08/04/2022,285
grupo méxico,7156155.74,USD,OP-100221,24-Mar-2021,2024-08-21,1246
américa móvil,252192.19,MXN,OP-100222,2024-05-15,N/A,N/A
TELMEX,2722200.76,EUR,OP-100223,"January 17, 2017",N/A,N/A
pemex,873761.4,EUR,OP-100224,"March 30, 2020",N/A,N/A
grupo bimbo,7073368.22,MXN,OP-100225,"May 16, 2018",N/A,N/A
femsa,1027813.11,EUR,OP-100226,2024-10-03,N/A,N/A
GRUPO BIMBO,5610796.03,MXN,OP-100227,13-Feb-2020,N/A,N/A
CEMEX,2638090.47,USD,OP-100228,01/04/2021,N/A,N/A
femsa,4883512.4,USD,OP-100229,05-Feb-2024,04/06/2025,426
AMÉRICA MÓVIL,7259346.05,MXN,OP-100230,2022-12-27,N/A,N/A
TELMEX,9146216.94,MXN,OP-100231,"November 03, 2024",N/A,N/A
grupo carso,6209153.77,USD,OP-100232,22-Nov-2016,2019-07-25,975
américa móvil,8126323.53,MXN,OP-100233,"April 26, 2025",05/02/2025,6
grupo bimbo,711153.01,USD,OP-100234,10/06/2017,N/A,N/A
GRUPO CARSO,8074619.9,MXN,OP-100235,"June 26, 2020",N/A,N/A
PEMEX,3769279.39,MXN,OP-100236,"October 08, 2022",N/A,N/A
BANORTE,3158388.27,MXN,OP-100237,2022-02-17,N/A,N/A
TELMEX,3009172.85,EUR,OP-100238,22-Jul-2025,N/A,N/A
BBVA MÉXICO,9880373.57,MXN,OP-100239,27-Oct-2023,N/A,N/A
AMÉRICA MÓVIL,6857834.71,MXN,OP-100240,2024-11-13,N/A,N/A
femsa,9039363.24,MXN,OP-100241,01/05/2016,N/A,N/A
GRUPO CARSO,3489153.95,USD,OP-100242,26/05/2025,N/A,N/A
FEMSA,1020353.13,EUR,OP-100243,2021-11-02,N/A,N/A
femsa,1908165.53,EUR,OP-100244,28-Jul-2025,N/A,N/A
grupo méxico,9518024.61,EUR,OP-100245,2022-12-01,N/A,N/A
GRUPO CARSO,3057714.58,USD,OP-100246,2024-06-12,N/A,N/A
LIVERPOOL,1859650.0,MXN,OP-100247,2018-06-16,"December 10, 2023",2003
grupo bimbo,4110000.85,MXN,OP-100248,2025-04-23,N/A,N/A
FEMSA,3186744.68,MXN,OP-100249,27-Dec-2021,N/A,N/A
FEMSA,715155.81,EUR,OP-100250,"March 13, 2016",2021-02-09,1794
CEMEX,6127303.76,MXN,OP-100251,2023-05-22,N/A,N/A
liverpool,2711213.82,MXN,OP-100252,2020-11-19,N/A,N/A
alsea,3768781.35,MXN,OP-100253,10/04/2016,N/A,N/A
telmex,8669427.14,USD,OP-100254,"March 06, 2025",N/A,N/A
FEMSA,1154895.06,EUR,OP-100255,31/03/2024,N/A,N/A
grupo lala,4709933.08,EUR,OP-100256,18/12/2024,N/A,N/A
GRUPO LALA,8564133.37,EUR,OP-100257,21/02/2024,N/A,N/A
GRUPO CARSO,7441585.62,USD,OP-100258,"January 29, 2017","December 06, 2017",311
WALMART DE MÉXICO,8396001.94,MXN,OP-100259,11-Sep-2015,24-May-2017,621
BANORTE,1443776.93,USD,OP-100260,10-Feb-2018,23/11/2022,1747
BANORTE,2015856.39,USD,OP-100261,"March 09, 2025",N/A,N/A
banorte,7910396.1,EUR,OP-100262,05/09/2017,N/A,N/A
bbva méxico,9989979.24,EUR,OP-100263,01-Sep-2018,24-Jul-2021,1057
GRUPO MÉXICO,3432510.38,EUR,OP-100264,11-Apr-2024,30/04/2024,19
GRUPO MÉXICO,3729657.58,MXN,OP-100265,"May 30, 2017",25/06/2023,2217
telmex,2727330.18,MXN,OP-100266,03-Dec-2015,"October 04, 2017",671
banorte,866010.82,MXN,OP-100267,23/03/2023,N/A,N/A
femsa,8599256.93,EUR,OP-100268,31/07/2016,21-Mar-2025,3155
BANORTE,9355540.22,EUR,OP-100269,2021-04-12,08/03/2022,478
grupo lala,2447436.23,EUR,OP-100270,02/04/2018,N/A,N/A
grupo lala,1921445.31,USD,OP-100271,"October 18, 2024",N/A,N/A
grupo carso,3102379.87,EUR,OP-100272,2019-02-18,09-Oct-2020,599
LIVERPOOL,1143455.54,MXN,OP-100273,"June 19, 2024",N/A,N/A
femsa,533280.87,USD,OP-100274,19-Apr-2022,N/A,N/A
bbva méxico,822254.54,EUR,OP-100275,18-Jun-2025,N/A,N/A
GRUPO MÉXICO,1899668.09,USD,OP-100276,29/08/2015,17/07/2024,3245
TELMEX,3953604.84,MXN,OP-100277,04/09/2017,N/A,N/A
grupo bimbo,6173193.52,EUR,OP-100278,31-Mar-2017,N/A,N/A
AMÉRICA MÓVIL,5644106.55,USD,OP-100279,2016-10-12,2021-12-21,1896
BBVA MÉXICO,4557160.79,MXN,OP-100280,2016-07-20,28-Apr-2018,647
GRUPO CARSO,4814380.9,USD,OP-100281,04-Apr-2023,N/A,N/A
alsea,5272499.45,MXN,OP-100282,"June 14, 2021",N/A,N/A
liverpool,7381486.28,USD,OP-100283,23/04/2024,N/A,N/A
soriana,6505041.55,MXN,OP-100284,24/11/2020,N/A,N/A
BANORTE,3601393.74,EUR,OP-100285,2015-09-01,11-May-2025,3540
grupo lala,9285744.35,USD,OP-100286,2016-10-31,"July 18, 2022",2086
femsa,1459358.47,EUR,OP-100287,06/02/2020,"February 09, 2022",617
pemex,5645616.73,EUR,OP-100288,03/06/2021,N/A,N/A
walmart de méxico,4913804.55,MXN,OP-100289,"October 04, 2021",N/A,N/A
PEMEX,6052424.86,USD,OP-100290,2025-03-15,N/A,N/A
AMÉRICA MÓVIL,3524230.99,EUR,OP-100291,14-Apr-2016,"June 17, 2021",1890
alsea,7175191.3,MXN,OP-100292,2018-02-12,15-Nov-2023,2102
GRUPO CARSO,9420954.99,USD,OP-100293,18/11/2018,N/A,N/A
BANORTE,1577264.24,EUR,OP-100294,2019-08-04,N/A,N/A
walmart de méxico,9726686.18,EUR,OP-100295,2016-09-14,N/A,N/A
banorte,8712582.09,USD,OP-100296,01/02/2019,2021-06-10,890
grupo lala,1884187.94,MXN,OP-100297,"October 23, 2023",N/A,N/A
TELMEX,5233641.13,MXN,OP-100298,"April 25, 2025",N/A,N/A
GRUPO MÉXICO,8471588.79,EUR,OP-100299,18-Nov-2018,"January 05, 2025",2240
alsea,4018342.76,USD,OP-100300,"May 29, 2022",N/A,N/A
GRUPO CARSO,2624156.66,EUR,OP-100301,26/07/2024,2025-06-21,330
telmex,1393003.39,USD,OP-100302,2022-10-17,2024-05-26,587
GRUPO BIMBO,209844.43,MXN,OP-100303,15-Jun-2022,N/A,N/A
LIVERPOOL,4858488.45,MXN,OP-100304,2021-11-10,N/A,N/A
femsa,2826949.26,MXN,OP-100305,2018-11-30,24-Aug-2025,2459
walmart de méxico,6698240.9,USD,OP-100306,"December 14, 2018",N/A,N/A
américa móvil,3532573.11,EUR,OP-100307,18/07/2025,N/A,N/A
grupo carso,6464068.89,USD,OP-100308,16/01/2019,N/A,N/A
grupo bimbo,3699952.61,MXN,OP-100309,2019-11-07,N/A,N/A
TELMEX,4570836.87,USD,OP-100310,26/11/2016,N/A,N/A
LIVERPOOL,8785227.53,MXN,OP-100311,07-May-2018,2023-09-22,1964
LIVERPOOL,3778607.31,USD,OP-100312,"November 26, 2019",18/06/2020,205
walmart de méxico,9476503.26,USD,OP-100313,02/07/2018,N/A,N/A
CEMEX,5806918.21,EUR,OP-100314,"December 11, 2016",N/A,N/A
walmart de méxico,4301097.93,USD,OP-100315,2018-01-03,19/05/2021,1232
grupo lala,663379.84,EUR,OP-100316,21/02/2019,20/11/2021,1003
pemex,4832365.33,USD,OP-100317,2018-02-20,N/A,N/A
walmart de méxico,2252751.98,EUR,OP-100318,12/06/2018,2020-11-30,725
TELMEX,5474571.22,EUR,OP-100319,"December 22, 2021",N/A,N/A
pemex,3721273.16,EUR,OP-100320,2019-11-12,N/A,N/A
cemex,2587146.29,MXN,OP-100321,27/03/2023,N/A,N/A
soriana,4884071.42,EUR,OP-100322,08-Dec-2019,N/A,N/A
cemex,4578920.58,EUR,OP-100323,2017-04-06,12-May-2018,401
grupo carso,2818089.08,USD,OP-100324,2025-04-15,N/A,N/A
américa móvil,6546192.47,USD,OP-100325,"January 02, 2022",N/A,N/A
BANORTE,4873978.08,MXN,OP-100326,"December 25, 2015",22-Nov-2019,1428
ALSEA,9588518.49,MXN,OP-100327,12/09/2016,"March 06, 2024",2644
banorte,3651338.69,EUR,OP-100328,04-Jan-2022,N/A,N/A
femsa,9192721.15,EUR,OP-100329,24/06/2021,N/A,N/A
grupo lala,2398490.69,EUR,OP-100330,27/07/2016,"December 17, 2017",508
ALSEA,946431.0,MXN,OP-100331,04-Mar-2022,N/A,N/A
PEMEX,4988728.59,USD,OP-100332,24/05/2018,2021-03-25,1036
grupo carso,2314514.04,USD,OP-100333,02-Dec-2022,"February 05, 2023",65
grupo bimbo,4939092.91,EUR,OP-100334,09/09/2015,24/09/2017,746
liverpool,9352492.24,USD,OP-100335,11/04/2024,N/A,N/A
grupo carso,7560926.46,EUR,OP-100336,"October 28, 2022",N/A,N/A
TELMEX,3548677.06,EUR,OP-100337,2018-12-30,N/A,N/A
GRUPO LALA,7054001.13,USD,OP-100338,11/10/2020,2023-03-17,857
GRUPO LALA,8767774.63,EUR,OP-100339,23/11/2024,N/A,N/A
liverpool,6389406.59,USD,OP-100340,24-Oct-2015,2022-11-10,2574
AMÉRICA MÓVIL,8018290.93,EUR,OP-100341,2017-02-15,03/10/2018,388
grupo carso,9545459.93,USD,OP-100342,02/11/2021,N/A,N/A
grupo bimbo,7008888.08,EUR,OP-100343,01/07/2018,28/10/2018,294
AMÉRICA MÓVIL,1058047.77,MXN,OP-100344,"June 23, 2024",N/A,N/A
BBVA MÉXICO,2855317.21,EUR,OP-100345,"August 12, 2018",N/A,N/A
liverpool,6028071.67,USD,OP-100346,05-Sep-2018,28/01/2025,2337
walmart de méxico,6395208.91,EUR,OP-100347,"March 03, 2024",23-Aug-2025,538
FEMSA,2452161.94,MXN,OP-100348,22/10/2022,N/A,N/A
TELMEX,7317817.98,EUR,OP-100349,18/11/2018,N/A,N/A
grupo bimbo,215835.65,USD,OP-100350,21/01/2021,N/A,N/A
WALMART DE MÉXICO,4663597.65,EUR,OP-100351,11-Sep-2020,N/A,N/A
GRUPO BIMBO,3704711.47,EUR,OP-100352,2017-01-31,2020-04-19,1174
grupo méxico,4492240.96,USD,OP-100353,2017-03-29,01-May-2025,2955
TELMEX,5574554.28,EUR,OP-100354,2017-01-08,2024-02-04,2583
grupo méxico,5743584.41,USD,OP-100355,"November 28, 2017",N/A,N/A
banorte,3321201.8,EUR,OP-100356,07/09/2020,N/A,N/A
LIVERPOOL,6700925.46,USD,OP-100357,15-Mar-2022,N/A,N/A
femsa,7566002.25,USD,OP-100358,23/05/2022,N/A,N/A
walmart de méxico,5761584.31,EUR,OP-100359,27/08/2021,06/09/2024,1017
SORIANA,257645.45,MXN,OP-100360,04-Apr-2022,N/A,N/A
alsea,3931829.68,EUR,OP-100361,"January 26, 2017","September 01, 2024",2775
alsea,4216568.89,EUR,OP-100362,2020-02-15,2025-04-15,1886
grupo bimbo,2960968.76,EUR,OP-100363,2021-05-13,2023-09-18,858
américa móvil,8432011.98,MXN,OP-100364,22-Feb-2024,N/A,N/A
LIVERPOOL,4728310.51,USD,OP-100365,03/11/2024,N/A,N/A
banorte,8481372.82,MXN,OP-100366,14/07/2019,22-Jan-2024,1653
telmex,8861395.79,MXN,OP-100367,"April 21, 2017",N/A,N/A
pemex,9104705.29,MXN,OP-100368,22-Nov-2024,N/A,N/A
pemex,5545751.28,MXN,OP-100369,20-Jun-2021,15-Mar-2025,1364
grupo carso,6115737.81,EUR,OP-100370,2016-02-27,2022-02-25,2190
CEMEX,1512808.92,USD,OP-100371,05-Apr-2020,N/A,N/A
AMÉRICA MÓVIL,973934.23,USD,OP-100372,"June 12, 2018",19-Jul-2019,402
grupo lala,3194065.92,MXN,OP-100373,2018-02-21,2025-06-25,2681
GRUPO LALA,8936372.2,MXN,OP-100374,2021-05-20,N/A,N/A
bbva méxico,309500.23,EUR,OP-100375,18/02/2017,21/09/2023,2406
SORIANA,3932155.29,MXN,OP-100376,08/05/2025,N/A,N/A
grupo lala,2842608.3,USD,OP-100377,05/06/2018,2023-08-11,1923
soriana,4340122.78,EUR,OP-100378,30/08/2022,N/A,N/A
CEMEX,291089.06,USD,OP-100379,2022-11-24,N/A,N/A
walmart de méxico,5134453.35,USD,OP-100380,"September 14, 2018",N/A,N/A
SORIANA,6865560.45,USD,OP-100381,"March 31, 2020","August 29, 2023",1246
PEMEX,4130542.43,MXN,OP-100382,02/09/2023,N/A,N/A
GRUPO LALA,1828784.92,USD,OP-100383,28-Jul-2017,01-Feb-2024,2379
GRUPO LALA,398382.14,EUR,OP-100384,"September 06, 2020","February 25, 2025",1633
grupo méxico,5530995.67,EUR,OP-100385,11-May-2022,N/A,N/A
walmart de méxico,9210087.36,USD,OP-100386,"February 24, 2016",18/11/2016,268
liverpool,9570381.47,MXN,OP-100387,"June 05, 2017","November 20, 2022",1994
soriana,6971353.83,USD,OP-100388,2021-02-13,"April 25, 2024",1167
LIVERPOOL,2766843.67,MXN,OP-100389,"March 14, 2017",N/A,N/A
banorte,7099557.03,USD,OP-100390,"November 26, 2016",03/03/2019,827
banorte,1208265.38,MXN,OP-100391,"January 17, 2022",03-Feb-2025,1113
grupo méxico,3207518.33,MXN,OP-100392,18-Aug-2018,N/A,N/A
cemex,639480.82,MXN,OP-100393,02-Jan-2017,2020-02-16,1140
soriana,6499038.17,MXN,OP-100394,"February 16, 2016",28/11/2018,1016
TELMEX,8191486.55,MXN,OP-100395,01/10/2015,N/A,N/A
grupo bimbo,3271668.53,MXN,OP-100396,2019-03-15,2023-06-23,1561
ALSEA,2178431.38,EUR,OP-100397,2023-02-07,N/A,N/A
CEMEX,7533808.64,USD,OP-100398,01/04/2024,18/05/2024,135
BBVA MÉXICO,5582847.65,EUR,OP-100399,12-Dec-2016,N/A,N/A
LIVERPOOL,5038127.0,USD,OP-100400,"June 30, 2021",15/10/2022,472
PEMEX,8520242.87,USD,OP-100401,12-Nov-2022,N/A,N/A
banorte,3708650.71,MXN,OP-100402,14/02/2016,N/A,N/A
grupo carso,2602488.05,USD,OP-100403,19/11/2021,N/A,N/A
GRUPO BIMBO,5812108.06,EUR,OP-100404,2023-11-22,N/A,N/A
américa móvil,1611790.36,MXN,OP-100405,08-Dec-2019,N/A,N/A
PEMEX,4249034.82,MXN,OP-100406,2015-11-04,N/A,N/A
telmex,7097368.1,MXN,OP-100407,"October 13, 2017",26/09/2022,1809
WALMART DE MÉXICO,8795211.25,MXN,OP-100408,2022-06-01,N/A,N/A
walmart de méxico,9246709.39,EUR,OP-100409,2018-11-28,2024-11-20,2184
GRUPO CARSO,7131700.35,USD,OP-100410,03/01/2025,N/A,N/A
liverpool,837756.61,EUR,OP-100411,04-Dec-2024,N/A,N/A
AMÉRICA MÓVIL,5275235.53,EUR,OP-100412,12-Mar-2021,17/02/2023,707
grupo bimbo,256590.07,USD,OP-100413,"July 05, 2024",N/A,N/A
cemex,3781622.1,USD,OP-100414,06/05/2016,2016-06-18,13
cemex,8723556.38,USD,OP-100415,2022-06-08,"March 20, 2024",651
soriana,1689854.32,USD,OP-100416,"November 05, 2017",07/05/2023,2068
TELMEX,4892099.61,USD,OP-100417,2017-11-14,09-Sep-2024,2491
GRUPO CARSO,1365860.95,USD,OP-100418,2024-01-12,10-Jun-2024,150
femsa,2251894.94,USD,OP-100419,"March 17, 2016",12-Aug-2016,148
LIVERPOOL,117974.87,EUR,OP-100420,"September 26, 2024",N/A,N/A
GRUPO MÉXICO,5168510.24,MXN,OP-100421,21-Nov-2017,N/A,N/A
américa móvil,172197.99,EUR,OP-100422,"April 03, 2022",N/A,N/A
telmex,2015477.35,USD,OP-100423,20/04/2020,2024-04-19,1460
liverpool,6498913.37,MXN,OP-100424,"July 08, 2023",N/A,N/A
SORIANA,6153836.55,USD,OP-100425,22-Sep-2019,N/A,N/A
WALMART DE MÉXICO,3784333.61,EUR,OP-100426,"August 29, 2023",N/A,N/A
WALMART DE MÉXICO,6468084.12,USD,OP-100427,2025-01-19,N/A,N/A
FEMSA,6253589.08,MXN,OP-100428,2023-03-27,N/A,N/A
alsea,3921315.89,USD,OP-100429,25-Apr-2021,N/A,N/A
liverpool,8010838.15,EUR,OP-100430,21-Aug-2019,N/A,N/A
cemex,4012576.62,MXN,OP-100431,"October 25, 2020","November 28, 2021",399
femsa,9568112.31,USD,OP-100432,28-Jan-2018,26-Oct-2024,2463
pemex,780362.11,USD,OP-100433,2016-09-08,N/A,N/A
walmart de méxico,2835589.33,USD,OP-100434,2024-08-19,2025-05-21,275
bbva méxico,4978595.67,MXN,OP-100435,2016-07-20,2016-11-26,129
alsea,1728099.28,USD,OP-100436,"July 29, 2019",N/A,N/A
GRUPO CARSO,1742174.67,EUR,OP-100437,04-Mar-2021,N/A,N/A
grupo lala,7899672.65,EUR,OP-100438,30-Aug-2016,2023-04-12,2416
soriana,1158595.58,EUR,OP-100439,"January 26, 2025",N/A,N/A
FEMSA,9982722.37,EUR,OP-100440,2024-09-27,N/A,N/A
cemex,3854980.52,USD,OP-100441,2020-04-27,N/A,N/A
grupo lala,9662201.98,MXN,OP-100442,2022-04-12,N/A,N/A
GRUPO BIMBO,9088970.3,USD,OP-100443,2022-04-23,N/A,N/A
GRUPO BIMBO,2605921.79,USD,OP-100444,13-Sep-2024,N/A,N/A
grupo carso,8766327.1,MXN,OP-100445,23/07/2021,N/A,N/A
BANORTE,4129648.04,USD,OP-100446,2021-06-19,N/A,N/A
TELMEX,8056981.55,MXN,OP-100447,11/10/2023,N/A,N/A
PEMEX,414343.2,MXN,OP-100448,2019-10-01,05/12/2022,954
FEMSA,5450471.33,EUR,OP-100449,2017-12-05,N/A,N/A
walmart de méxico,1543728.55,EUR,OP-100450,25-Jul-2016,N/A,N/A
GRUPO BIMBO,9207486.69,USD,OP-100451,21-Apr-2023,N/A,N/A
GRUPO MÉXICO,6502879.96,USD,OP-100452,01/05/2018,"July 05, 2025",2738
GRUPO CARSO,2306559.34,USD,OP-100453,21/02/2019,30-Oct-2022,1347
GRUPO BIMBO,8690400.9,USD,OP-100454,"August 09, 2017","January 14, 2024",2349
liverpool,4891545.69,EUR,OP-100455,"July 04, 2020",N/A,N/A
grupo méxico,6357941.41,MXN,OP-100456,2021-06-21,N/A,N/A
GRUPO MÉXICO,896888.42,MXN,OP-100457,30-Aug-2020,N/A,N/A
walmart de méxico,8895928.82,MXN,OP-100458,27/01/2016,N/A,N/A
BBVA MÉXICO,8201325.64,MXN,OP-100459,04-Jun-2024,N/A,N/A
TELMEX,2713227.64,EUR,OP-100460,2022-11-22,N/A,N/A
FEMSA,7799292.59,USD,OP-100461,"March 13, 2022",N/A,N/A
WALMART DE MÉXICO,2116096.88,USD,OP-100462,2018-12-02,2025-02-13,2265
LIVERPOOL,5065161.46,EUR,OP-100463,26/08/2023,N/A,N/A
américa móvil,4814101.49,EUR,OP-100464,10-Aug-2024,N/A,N/A
grupo carso,1977632.51,MXN,OP-100465,"January 06, 2024",N/A,N/A
FEMSA,4433610.96,EUR,OP-100466,25/01/2023,N/A,N/A
GRUPO LALA,3382754.88,USD,OP-100467,14-Apr-2016,26-Aug-2023,2690
BBVA MÉXICO,6213083.44,USD,OP-100468,12-Dec-2016,06-Mar-2023,2275
banorte,3327777.96,USD,OP-100469,"June 27, 2020",N/A,N/A
grupo carso,9471037.74,USD,OP-100470,2019-02-04,05/07/2021,823
pemex,1788677.28,MXN,OP-100471,31/07/2021,N/A,N/A
liverpool,2033639.39,USD,OP-100472,"November 21, 2022",N/A,N/A
PEMEX,2041048.69,USD,OP-100473,2022-08-10,N/A,N/A
soriana,1333800.67,EUR,OP-100474,21/07/2016,N/A,N/A
GRUPO CARSO,410107.2,EUR,OP-100475,"September 24, 2018",28-Jun-2020,643
banorte,1451267.04,EUR,OP-100476,17-Nov-2022,29-Sep-2023,316
TELMEX,8211966.77,MXN,OP-100477,14/07/2016,24/12/2022,2354
pemex,5669504.92,MXN,OP-100478,13-Jan-2024,N/A,N/A
walmart de méxico,9666986.58,USD,OP-100479,2020-06-17,"November 26, 2021",527
CEMEX,3874571.0,MXN,OP-100480,"August 14, 2017",2018-05-22,281
GRUPO LALA,4813359.48,USD,OP-100481,"July 05, 2021",N/A,N/A
LIVERPOOL,4801679.96,USD,OP-100482,2023-08-30,N/A,N/A
CEMEX,6208220.01,USD,OP-100483,04/04/2025,N/A,N/A
américa móvil,5357029.64,USD,OP-100484,2018-05-14,N/A,N/A
BANORTE,1806868.89,MXN,OP-100485,2025-07-24,N/A,N/A
pemex,7668780.94,EUR,OP-100486,18-Oct-2024,N/A,N/A
walmart de méxico,4166378.25,MXN,OP-100487,12/08/2025,N/A,N/A
liverpool,3725840.97,USD,OP-100488,25-Aug-2025,N/A,N/A
cemex,5283236.01,MXN,OP-100489,11/06/2019,28-Oct-2022,1087
pemex,9668893.98,MXN,OP-100490,2019-03-06,2019-10-19,227
femsa,1565697.58,USD,OP-100491,29-Apr-2023,N/A,N/A
alsea,5178894.21,MXN,OP-100492,24/08/2025,N/A,N/A
FEMSA,625694.08,MXN,OP-100493,10-Mar-2025,N/A,N/A
CEMEX,4638351.15,EUR,OP-100494,08-Jun-2025,N/A,N/A
cemex,7739565.86,MXN,OP-100495,04-Jan-2019,22/07/2024,2026
GRUPO LALA,3351949.49,EUR,OP-100496,"August 17, 2020",2021-03-31,226
BANORTE,5711777.94,MXN,OP-100497,2024-01-11,10-Mar-2025,424
liverpool,8310308.48,USD,OP-100498,16/08/2019,26/09/2020,407
WALMART DE MÉXICO,5321336.17,USD,OP-100499,03/07/2018,N/A,N/A
GRUPO BIMBO,4478994.04,EUR,OP-100500,23-Oct-2020,N/A,N/A
TELMEX,5334277.16,MXN,OP-100501,31-Oct-2018,20/05/2025,2393
AMÉRICA MÓVIL,2791806.1,EUR,OP-100502,13-Nov-2023,2023-12-18,35
WALMART DE MÉXICO,9443084.49,MXN,OP-100503,26/06/2023,09-Sep-2023,75
LIVERPOOL,9815416.84,EUR,OP-100504,23/07/2017,25-Mar-2022,1706
grupo bimbo,9597959.11,MXN,OP-100505,"February 07, 2019",N/A,N/A
FEMSA,4784071.15,EUR,OP-100506,2022-09-25,N/A,N/A
TELMEX,6383395.73,MXN,OP-100507,"July 17, 2021",N/A,N/A
GRUPO CARSO,8358665.85,USD,OP-100508,2019-05-12,13/09/2023,1585
AMÉRICA MÓVIL,192051.79,EUR,OP-100509,12/10/2015,14/05/2024,3078
bbva méxico,5659532.66,EUR,OP-100510,27/11/2015,"December 21, 2022",2581
CEMEX,7077483.74,MXN,OP-100511,2020-11-21,N/A,N/A
cemex,6831545.66,MXN,OP-100512,"February 06, 2019",N/A,N/A
grupo bimbo,6533829.64,USD,OP-100513,18/08/2016,N/A,N/A
TELMEX,2529860.08,MXN,OP-100514,16-May-2023,N/A,N/A
liverpool,487193.93,EUR,OP-100515,2022-08-18,N/A,N/A
liverpool,1209250.55,USD,OP-100516,2016-08-16,N/A,N/A
PEMEX,3168091.5,USD,OP-100517,2018-12-08,2020-07-26,596
GRUPO BIMBO,161271.88,EUR,OP-100518,19-May-2020,N/A,N/A
AMÉRICA MÓVIL,2154373.29,EUR,OP-100519,2022-09-09,N/A,N/A
banorte,4361315.78,EUR,OP-100520,11-May-2025,N/A,N/A
grupo carso,4006493.85,MXN,OP-100521,21-Sep-2020,N/A,N/A
CEMEX,2426535.0,USD,OP-100522,"March 26, 2025",N/A,N/A
liverpool,3514425.28,MXN,OP-100523,03/07/2020,N/A,N/A
BANORTE,8267736.2,USD,OP-100524,2023-02-02,N/A,N/A
FEMSA,1417695.57,USD,OP-100525,21-Jul-2016,04/09/2022,2088
CEMEX,8762033.88,MXN,OP-100526,2016-08-31,"August 18, 2018",717
TELMEX,9015988.37,USD,OP-100527,14-Sep-2018,N/A,N/A
grupo méxico,7829536.38,USD,OP-100528,2024-07-30,N/A,N/A
grupo carso,4334659.84,EUR,OP-100529,2021-01-30,N/A,N/A
GRUPO CARSO,2603526.09,EUR,OP-100530,"October 02, 2017",N/A,N/A
BANORTE,2043138.34,EUR,OP-100531,"February 20, 2019",19-Aug-2025,2372
grupo lala,3392691.68,USD,OP-100532,16/12/2022,N/A,N/A
walmart de méxico,3771324.27,MXN,OP-100533,2020-09-27,N/A,N/A
WALMART DE MÉXICO,8825955.2,USD,OP-100534,2022-06-30,N/A,N/A
liverpool,7035661.81,USD,OP-100535,01/01/2021,N/A,N/A
liverpool,7107388.39,USD,OP-100536,14/04/2022,N/A,N/A
grupo bimbo,2149003.97,USD,OP-100537,2022-09-09,2024-12-04,817
BBVA MÉXICO,2648558.28,MXN,OP-100538,28-Apr-2017,04-Feb-2025,2839
PEMEX,9475245.63,EUR,OP-100539,29-Nov-2022,N/A,N/A
CEMEX,7351322.92,EUR,OP-100540,2024-04-05,N/A,N/A
pemex,807388.25,MXN,OP-100541,23/11/2018,"December 08, 2024",2207
banorte,3714746.2,EUR,OP-100542,2015-11-26,2020-02-01,1528
grupo carso,2094094.67,USD,OP-100543,"February 14, 2016",N/A,N/A
grupo lala,4780479.07,MXN,OP-100544,24/07/2022,N/A,N/A
GRUPO LALA,5597736.51,EUR,OP-100545,2019-03-27,N/A,N/A
PEMEX,8848892.49,MXN,OP-100546,09/06/2024,N/A,N/A
walmart de méxico,6414703.13,USD,OP-100547,2022-05-27,N/A,N/A
alsea,7247786.38,USD,OP-100548,02-Mar-2017,"March 20, 2023",2209
soriana,4116112.88,USD,OP-100549,17/10/2018,N/A,N/A
grupo lala,1541153.54,MXN,OP-100550,"September 17, 2021",13/04/2025,1304
FEMSA,7103916.19,EUR,OP-100551,"September 25, 2017",N/A,N/A
FEMSA,3511419.94,EUR,OP-100552,"November 02, 2020",N/A,N/A
telmex,2261382.54,EUR,OP-100553,06-Apr-2024,N/A,N/A
pemex,7890194.61,MXN,OP-100554,02-Jun-2016,N/A,N/A
soriana,8896003.82,EUR,OP-100555,2021-11-25,N/A,N/A
pemex,8627724.29,EUR,OP-100556,2018-09-20,N/A,N/A
américa móvil,5096786.74,USD,OP-100557,04-Mar-2021,09-Apr-2025,1497
grupo méxico,2786548.1,USD,OP-100558,2018-09-13,N/A,N/A
AMÉRICA MÓVIL,2054990.37,MXN,OP-100559,"September 17, 2020",07-Mar-2025,1632
PEMEX,6302012.77,MXN,OP-100560,2022-03-17,N/A,N/A
banorte,9543855.02,USD,OP-100561,31-May-2017,"January 16, 2022",1691
pemex,2317809.4,USD,OP-100562,28/08/2020,N/A,N/A
LIVERPOOL,2012401.58,EUR,OP-100563,2024-06-17,N/A,N/A
walmart de méxico,1320122.66,USD,OP-100564,2024-03-05,N/A,N/A
FEMSA,4994092.09,EUR,OP-100565,19/09/2016,"November 03, 2022",2236
PEMEX,566198.35,USD,OP-100566,18/03/2018,17/06/2018,91
femsa,3610085.23,EUR,OP-100567,"May 08, 2023",N/A,N/A
grupo bimbo,7770239.87,USD,OP-100568,"August 01, 2025",N/A,N/A
FEMSA,487926.32,EUR,OP-100569,14/05/2025,N/A,N/A
liverpool,6587760.65,EUR,OP-100570,02-Mar-2019,N/A,N/A
ALSEA,1676414.83,EUR,OP-100571,"November 08, 2020",N/A,N/A
américa móvil,2446688.56,EUR,OP-100572,09-Nov-2021,17/01/2025,1165
WALMART DE MÉXICO,1310990.71,USD,OP-100573,2024-11-29,N/A,N/A
grupo bimbo,7441189.36,EUR,OP-100574,"January 08, 2025",N/A,N/A
FEMSA,2654249.95,MXN,OP-100575,25/08/2023,N/A,N/A
GRUPO MÉXICO,2671314.24,EUR,OP-100576,11-Sep-2023,N/A,N/A
banorte,4304007.12,MXN,OP-100577,2025-05-28,N/A,N/A
AMÉRICA MÓVIL,7032777.35,USD,OP-100578,2016-03-14,N/A,N/A
grupo carso,6653708.28,USD,OP-100579,"December 25, 2021",N/A,N/A
LIVERPOOL,4281869.07,MXN,OP-100580,06-Mar-2025,N/A,N/A
soriana,4335118.98,EUR,OP-100581,04-Oct-2015,2019-10-25,1482
AMÉRICA MÓVIL,1696858.16,MXN,OP-100582,28-Aug-2015,20-Sep-2020,1850
TELMEX,8233407.76,EUR,OP-100583,2020-07-15,N/A,N/A
PEMEX,7431874.17,EUR,OP-100584,"December 04, 2024",N/A,N/A
walmart de méxico,1305255.13,EUR,OP-100585,28-Aug-2023,N/A,N/A
bbva méxico,4961221.9,EUR,OP-100586,2023-09-24,N/A,N/A
BBVA MÉXICO,3916992.69,MXN,OP-100587,"July 07, 2017","May 12, 2022",1770
GRUPO LALA,8160097.29,USD,OP-100588,"June 22, 2025",N/A,N/A
BBVA MÉXICO,8609977.39,MXN,OP-100589,"October 22, 2017",07/09/2023,2086
GRUPO CARSO,7448726.43,MXN,OP-100590,18-Feb-2025,N/A,N/A
grupo bimbo,8010049.39,EUR,OP-100591,"April 14, 2024",N/A,N/A
liverpool,9049425.85,EUR,OP-100592,14-Jan-2017,N/A,N/A
grupo méxico,1125824.98,USD,OP-100593,2020-07-16,05/08/2022,661
WALMART DE MÉXICO,1949912.95,USD,OP-100594,2022-03-10,28-Sep-2022,202
GRUPO MÉXICO,8789757.37,USD,OP-100595,"March 04, 2023",2023-08-20,169
grupo carso,9689560.83,MXN,OP-100596,"November 27, 2022",N/A,N/A
grupo bimbo,3038120.58,USD,OP-100597,2016-04-24,"June 17, 2021",1880
WALMART DE MÉXICO,5303815.9,EUR,OP-100598,10/03/2016,N/A,N/A
pemex,6898560.8,USD,OP-100599,"July 06, 2020",N/A,N/A
grupo méxico,1120203.21,MXN,OP-100600,2016-11-10,25-Sep-2023,2510
grupo carso,1589542.93,USD,OP-100601,09/08/2018,N/A,N/A
BBVA MÉXICO,9622170.74,EUR,OP-100602,09-Jan-2021,N/A,N/A
BANORTE,3793277.18,EUR,OP-100603,"October 09, 2023",N/A,N/A
cemex,4804268.24,EUR,OP-100604,11/10/2023,N/A,N/A
liverpool,8177448.61,EUR,OP-100605,2015-10-30,04-Apr-2025,3444
GRUPO LALA,786120.2,EUR,OP-100606,"January 21, 2022",2025-04-25,1190
grupo lala,715642.66,MXN,OP-100607,30/03/2023,25-Mar-2024,361
femsa,6881978.67,USD,OP-100608,2021-04-19,N/A,N/A
AMÉRICA MÓVIL,1138508.93,USD,OP-100609,2021-09-09,N/A,N/A
telmex,7187022.73,EUR,OP-100610,03/02/2021,N/A,N/A
grupo bimbo,7369599.44,USD,OP-100611,2020-06-19,N/A,N/A
grupo méxico,3572262.43,EUR,OP-100612,18/11/2022,N/A,N/A
GRUPO CARSO,2121485.75,USD,OP-100613,2023-04-26,N/A,N/A
BANORTE,6935325.01,EUR,OP-100614,07/09/2022,N/A,N/A
GRUPO BIMBO,6299870.6,MXN,OP-100615,22/01/2016,2024-12-19,3254
AMÉRICA MÓVIL,2424056.94,EUR,OP-100616,2018-04-25,"April 17, 2025",2549
femsa,5463346.46,MXN,OP-100617,12-Feb-2016,03-Jul-2025,3429
grupo lala,6346539.44,EUR,OP-100618,15/10/2021,N/A,N/A
liverpool,9460516.99,MXN,OP-100619,"June 27, 2024",N/A,N/A
GRUPO CARSO,1868800.23,USD,OP-100620,18-Dec-2024,N/A,N/A
ALSEA,3064279.31,MXN,OP-100621,"May 06, 2016",2024-09-15,3054
soriana,228762.56,USD,OP-100622,"May 26, 2017",N/A,N/A
bbva méxico,2483663.58,EUR,OP-100623,15/04/2017,2017-06-07,53
walmart de méxico,1832446.32,MXN,OP-100624,27-Jun-2020,07-Mar-2025,1714
walmart de méxico,873088.46,MXN,OP-100625,2020-09-21,2022-09-14,723
liverpool,2814411.6,EUR,OP-100626,13-Jun-2023,N/A,N/A
AMÉRICA MÓVIL,3743356.08,USD,OP-100627,2018-11-30,2022-04-30,1247
grupo méxico,9962044.4,EUR,OP-100628,08-Oct-2023,N/A,N/A
ALSEA,3884129.76,USD,OP-100629,09/12/2015,N/A,N/A
liverpool,7780508.54,EUR,OP-100630,14/11/2021,N/A,N/A
liverpool,1228966.17,MXN,OP-100631,20-Jan-2023,N/A,N/A
soriana,3799751.22,MXN,OP-100632,27/12/2017,"April 18, 2022",1573
alsea,2142766.7,USD,OP-100633,25-Jun-2016,N/A,N/A
FEMSA,3948978.07,USD,OP-100634,08/07/2024,22/11/2024,107
grupo méxico,7484515.73,MXN,OP-100635,"October 31, 2019",N/A,N/A
FEMSA,5069929.22,MXN,OP-100636,19-Jul-2016,2016-11-10,114
ALSEA,2326542.48,MXN,OP-100637,05-Mar-2019,2021-10-24,964
PEMEX,7444359.15,EUR,OP-100638,22/09/2015,13/08/2025,3613
alsea,9362937.98,EUR,OP-100639,"September 12, 2023",N/A,N/A
WALMART DE MÉXICO,3040077.1,EUR,OP-100640,03-Nov-2016,03/04/2018,486
grupo méxico,3706783.07,USD,OP-100641,29/08/2018,"July 07, 2021",1043
walmart de méxico,8038526.83,USD,OP-100642,21/01/2024,N/A,N/A
SORIANA,3443520.28,USD,OP-100643,2025-02-08,N/A,N/A
BBVA MÉXICO,9903948.42,MXN,OP-100644,23-Nov-2016,03-Oct-2019,1044
femsa,6124792.56,USD,OP-100645,15/02/2016,22/05/2016,97
cemex,7734515.69,USD,OP-100646,16/08/2020,"May 25, 2024",1378
telmex,6793959.36,USD,OP-100647,"February 27, 2025",N/A,N/A
pemex,3848954.79,MXN,OP-100648,"April 03, 2019","August 21, 2023",1601
alsea,2668445.54,EUR,OP-100649,28-Aug-2023,N/A,N/A
femsa,7464406.51,USD,OP-100650,2023-08-30,"October 05, 2023",36
alsea,7037503.55,MXN,OP-100651,16-May-2023,N/A,N/A
liverpool,197574.48,MXN,OP-100652,04/07/2023,2024-12-19,622
CEMEX,9248047.09,USD,OP-100653,2020-11-15,07/11/2022,603
FEMSA,4101170.58,USD,OP-100654,26-Dec-2024,N/A,N/A
GRUPO CARSO,5840315.43,MXN,OP-100655,2024-07-06,N/A,N/A
GRUPO CARSO,5464537.16,MXN,OP-100656,19/03/2019,N/A,N/A
cemex,2859705.84,EUR,OP-100657,20/06/2016,N/A,N/A
banorte,862898.76,MXN,OP-100658,2020-10-03,"June 05, 2022",610
grupo carso,9292415.31,EUR,OP-100659,"March 09, 2019",N/A,N/A
pemex,1046769.57,EUR,OP-100660,2023-06-03,31-Jan-2025,608
grupo méxico,2659744.13,MXN,OP-100661,12/04/2018,N/A,N/A
telmex,9559251.65,USD,OP-100662,07/04/2018,"September 26, 2023",1910
GRUPO LALA,3495849.14,MXN,OP-100663,28/09/2015,"July 17, 2022",2484
américa móvil,4200889.62,MXN,OP-100664,2015-12-23,24/02/2024,2985
walmart de méxico,6322651.06,USD,OP-100665,16-May-2017,2022-01-10,1700
bbva méxico,4607548.16,MXN,OP-100666,26-Dec-2016,2020-04-07,1198
GRUPO CARSO,8829913.25,MXN,OP-100667,16-Jun-2019,07/10/2022,1120
telmex,9194871.05,EUR,OP-100668,24/09/2020,N/A,N/A
walmart de méxico,583730.72,MXN,OP-100669,27/03/2016,2023-11-22,2796
BANORTE,3668376.7,MXN,OP-100670,26/08/2016,"November 15, 2020",1542
grupo carso,1454652.48,MXN,OP-100671,"May 09, 2020",04-Jul-2025,1882
soriana,9121499.79,USD,OP-100672,"October 25, 2022",N/A,N/A
LIVERPOOL,2755426.51,USD,OP-100673,"July 16, 2023",N/A,N/A
banorte,5613575.24,MXN,OP-100674,2016-02-27,"December 05, 2023",2838
grupo carso,7634122.77,USD,OP-100675,21/12/2021,N/A,N/A
liverpool,6351564.36,EUR,OP-100676,24-Mar-2016,N/A,N/A
telmex,177573.77,MXN,OP-100677,13-Aug-2021,N/A,N/A
grupo carso,5526241.28,MXN,OP-100678,2021-10-19,N/A,N/A
LIVERPOOL,1995700.14,MXN,OP-100679,2020-07-16,14-Nov-2023,1216
grupo carso,1647860.23,EUR,OP-100680,12-Sep-2021,N/A,N/A
BANORTE,7921822.92,USD,OP-100681,07-Oct-2015,"April 10, 2016",186
bbva méxico,8417367.75,EUR,OP-100682,"September 06, 2022",N/A,N/A
FEMSA,2494890.98,USD,OP-100683,01/04/2023,N/A,N/A
CEMEX,8205693.93,USD,OP-100684,"September 10, 2018",N/A,N/A
telmex,9045893.83,MXN,OP-100685,2019-03-29,N/A,N/A
PEMEX,4580296.09,MXN,OP-100686,"July 12, 2019",N/A,N/A
BBVA MÉXICO,2651101.61,MXN,OP-100687,28/07/2019,01/09/2024,1626
telmex,1382337.73,EUR,OP-100688,01-Dec-2021,N/A,N/A
walmart de méxico,630647.0,MXN,OP-100689,"July 09, 2021",N/A,N/A
femsa,3515156.64,MXN,OP-100690,25-Jul-2024,N/A,N/A
grupo carso,1889135.73,EUR,OP-100691,"April 11, 2023",N/A,N/A
walmart de méxico,2146030.34,MXN,OP-100692,07/04/2020,N/A,N/A
walmart de méxico,5539145.83,USD,OP-100693,30/03/2020,"March 25, 2023",1090
BBVA MÉXICO,2610586.07,EUR,OP-100694,2020-01-31,N/A,N/A
TELMEX,1960002.46,USD,OP-100695,13-Sep-2016,16/10/2024,2955
GRUPO LALA,2635928.8,EUR,OP-100696,15-Mar-2016,N/A,N/A
grupo lala,4714453.94,EUR,OP-100697,2020-07-08,2022-05-09,670
femsa,5692288.11,USD,OP-100698,2021-09-05,N/A,N/A
GRUPO CARSO,7915204.04,MXN,OP-100699,"March 09, 2016","August 31, 2019",1270
femsa,3701081.28,EUR,OP-100700,30-Apr-2025,N/A,N/A
SORIANA,4209081.32,USD,OP-100701,2016-07-08,"August 31, 2023",2610
cemex,7243629.96,USD,OP-100702,02-Feb-2019,N/A,N/A
WALMART DE MÉXICO,1341303.94,EUR,OP-100703,"May 18, 2020",N/A,N/A
GRUPO BIMBO,9324369.08,EUR,OP-100704,"October 28, 2022",N/A,N/A
AMÉRICA MÓVIL,7398451.63,USD,OP-100705,09/09/2024,N/A,N/A
pemex,1455459.79,EUR,OP-100706,2025-01-17,N/A,N/A
grupo méxico,9081387.03,MXN,OP-100707,"November 08, 2024",N/A,N/A
GRUPO MÉXICO,5589550.54,USD,OP-100708,2022-11-28,N/A,N/A
BBVA MÉXICO,7125972.58,MXN,OP-100709,2015-08-30,2019-11-11,1534
américa móvil,4626916.5,EUR,OP-100710,"February 07, 2023",N/A,N/A
BBVA MÉXICO,4132787.34,MXN,OP-100711,07-Jul-2016,N/A,N/A
BANORTE,6775478.28,EUR,OP-100712,14/12/2017,2023-03-04,1906
grupo bimbo,3404429.66,MXN,OP-100713,28-Nov-2015,2022-12-23,2582
bbva méxico,1129366.12,MXN,OP-100714,18-Aug-2021,07/12/2023,693
banorte,9222497.96,MXN,OP-100715,2016-08-18,02-Feb-2020,1263
PEMEX,6116284.02,EUR,OP-100716,17-Nov-2020,N/A,N/A
walmart de méxico,9461016.99,EUR,OP-100717,05-Nov-2015,"May 28, 2022",2396
GRUPO BIMBO,7032298.44,MXN,OP-100718,10-Aug-2016,11/02/2017,449
LIVERPOOL,9619122.8,USD,OP-100719,2020-02-16,N/A,N/A
bbva méxico,5012584.66,USD,OP-100720,2020-06-22,17/02/2022,605
grupo carso,3558523.62,USD,OP-100721,2018-12-01,15-Apr-2023,1596
BANORTE,5308901.55,EUR,OP-100722,31-Oct-2020,N/A,N/A
grupo bimbo,6555999.8,MXN,OP-100723,2016-02-08,"June 08, 2019",1216
banorte,9897071.98,USD,OP-100724,12/10/2023,2025-07-01,569
grupo carso,9670686.85,MXN,OP-100725,2018-03-24,27-Mar-2023,1829
cemex,2086617.2,USD,OP-100726,23-Aug-2023,N/A,N/A
walmart de méxico,2235884.08,EUR,OP-100727,26-Sep-2021,N/A,N/A
grupo méxico,3009212.05,EUR,OP-100728,01-Jul-2019,N/A,N/A
BBVA MÉXICO,2298779.85,EUR,OP-100729,10/06/2024,N/A,N/A
walmart de méxico,2033408.18,EUR,OP-100730,31/05/2021,N/A,N/A
alsea,4157782.29,MXN,OP-100731,2020-03-12,2021-01-01,295
BANORTE,5127904.01,MXN,OP-100732,"July 23, 2018",N/A,N/A
PEMEX,8006238.18,EUR,OP-100733,"December 19, 2018",N/A,N/A
SORIANA,4966721.45,USD,OP-100734,07-Sep-2021,"June 12, 2024",1009
grupo carso,7168633.01,USD,OP-100735,10-Feb-2016,26/04/2020,1537
BBVA MÉXICO,2835308.32,EUR,OP-100736,"December 11, 2019","May 22, 2025",1989
américa móvil,6156587.69,USD,OP-100737,2025-06-15,N/A,N/A
FEMSA,7483829.36,EUR,OP-100738,2025-02-22,N/A,N/A
telmex,5793099.78,EUR,OP-100739,"July 16, 2025",N/A,N/A
WALMART DE MÉXICO,8365645.48,USD,OP-100740,2024-08-04,2024-11-21,109
américa móvil,7929120.79,EUR,OP-100741,2024-07-28,N/A,N/A
GRUPO CARSO,2088075.14,USD,OP-100742,16-Jul-2024,N/A,N/A
TELMEX,2731875.55,EUR,OP-100743,"July 28, 2023",N/A,N/A
grupo lala,8772192.88,USD,OP-100744,"September 02, 2017","July 05, 2020",1037
AMÉRICA MÓVIL,8579409.69,MXN,OP-100745,"June 29, 2021",N/A,N/A
BANORTE,5727490.38,EUR,OP-100746,27-Apr-2016,N/A,N/A
GRUPO BIMBO,2170998.06,USD,OP-100747,27-May-2020,N/A,N/A
liverpool,3284770.07,MXN,OP-100748,09/02/2016,2025-06-15,3208
GRUPO LALA,6247655.01,MXN,OP-100749,"August 24, 2017",2022-07-16,1787
liverpool,9695086.73,USD,OP-100750,10-Dec-2016,20-Jan-2024,2597
GRUPO LALA,6354451.56,EUR,OP-100751,2020-10-21,"September 15, 2021",329
grupo bimbo,6890674.71,MXN,OP-100752,10-Jun-2022,N/A,N/A
grupo méxico,4968160.12,USD,OP-100753,"October 04, 2017",2018-06-30,269
grupo bimbo,9290113.71,USD,OP-100754,03/10/2023,N/A,N/A
grupo carso,2219063.37,MXN,OP-100755,27-Dec-2022,"March 30, 2025",824
LIVERPOOL,6639294.94,MXN,OP-100756,01/09/2017,14-Sep-2019,978
banorte,8854769.98,USD,OP-100757,2018-03-04,N/A,N/A
GRUPO LALA,6554358.38,USD,OP-100758,2023-11-19,N/A,N/A
WALMART DE MÉXICO,7134584.09,MXN,OP-100759,"February 25, 2024",N/A,N/A
femsa,566803.32,EUR,OP-100760,"October 31, 2018",N/A,N/A
AMÉRICA MÓVIL,6790580.3,USD,OP-100761,05-Feb-2021,N/A,N/A
cemex,6565661.72,EUR,OP-100762,"November 17, 2024",N/A,N/A
américa móvil,9577282.71,MXN,OP-100763,21/04/2021,N/A,N/A
femsa,5886413.32,EUR,OP-100764,2025-05-16,N/A,N/A
walmart de méxico,7571707.74,EUR,OP-100765,11-May-2018,08-Jun-2024,2220
walmart de méxico,2938611.88,EUR,OP-100766,2024-07-23,N/A,N/A
grupo carso,1947293.57,EUR,OP-100767,2019-07-16,18-Mar-2025,2072
GRUPO CARSO,7853227.69,MXN,OP-100768,2015-09-24,2023-10-26,2954
cemex,2659749.14,MXN,OP-100769,14-Jan-2017,"March 24, 2017",69
grupo méxico,3838789.87,MXN,OP-100770,31-May-2019,N/A,N/A
GRUPO LALA,373049.63,EUR,OP-100771,"May 18, 2017","February 27, 2023",2111
PEMEX,3011101.41,EUR,OP-100772,18-Oct-2024,N/A,N/A
GRUPO MÉXICO,7978593.23,EUR,OP-100773,"September 03, 2016",N/A,N/A
BBVA MÉXICO,2306355.23,EUR,OP-100774,"August 27, 2016",N/A,N/A
grupo carso,9960496.31,EUR,OP-100775,2020-09-28,N/A,N/A
bbva méxico,4400386.78,USD,OP-100776,"April 03, 2019",N/A,N/A
grupo bimbo,7583853.71,USD,OP-100777,2023-06-14,N/A,N/A
bbva méxico,9026308.6,EUR,OP-100778,2021-06-14,"July 17, 2023",763
ALSEA,2846127.82,EUR,OP-100779,08/04/2023,08/08/2023,4
grupo lala,4839056.3,EUR,OP-100780,"September 19, 2023",N/A,N/A
GRUPO CARSO,8317321.1,USD,OP-100781,2025-07-25,N/A,N/A
telmex,8070475.49,USD,OP-100782,"December 31, 2024",2025-06-19,170
AMÉRICA MÓVIL,1440527.63,MXN,OP-100783,13-Jun-2022,N/A,N/A
américa móvil,9539818.35,MXN,OP-100784,"October 13, 2022",N/A,N/A
AMÉRICA MÓVIL,5033010.76,EUR,OP-100785,12/09/2023,N/A,N/A
LIVERPOOL,424629.82,EUR,OP-100786,28/08/2020,N/A,N/A
BBVA MÉXICO,9921487.54,EUR,OP-100787,18-Oct-2024,N/A,N/A
AMÉRICA MÓVIL,2124976.86,MXN,OP-100788,2016-07-17,"June 28, 2022",2172
AMÉRICA MÓVIL,5914819.63,MXN,OP-100789,19/11/2021,N/A,N/A
FEMSA,4421149.36,MXN,OP-100790,18/09/2017,N/A,N/A
TELMEX,8293433.43,MXN,OP-100791,2023-05-30,N/A,N/A
GRUPO MÉXICO,823341.41,MXN,OP-100792,14/06/2017,12/03/2025,3094
BBVA MÉXICO,6138724.89,EUR,OP-100793,"August 10, 2024",N/A,N/A
BANORTE,2530557.34,USD,OP-100794,08/12/2020,"January 17, 2021",158
PEMEX,876210.19,MXN,OP-100795,"September 25, 2015",01/11/2018,839
soriana,6051936.54,USD,OP-100796,"July 03, 2022",N/A,N/A
GRUPO CARSO,9855424.86,MXN,OP-100797,17-Oct-2019,N/A,N/A
GRUPO MÉXICO,5709977.31,USD,OP-100798,01/01/2020,N/A,N/A
FEMSA,6894451.67,USD,OP-100799,17-Feb-2023,N/A,N/A
BANORTE,5329917.9,USD,OP-100800,2017-05-06,"April 25, 2025",2911
CEMEX,3145001.13,MXN,OP-100801,2021-02-20,2023-10-07,959
grupo méxico,7513522.52,USD,OP-100802,"October 15, 2020",11-Jun-2022,604
banorte,4528814.6,MXN,OP-100803,"March 31, 2021",N/A,N/A
BANORTE,6424234.45,MXN,OP-100804,01-Feb-2024,N/A,N/A
telmex,266543.29,USD,OP-100805,11/04/2019,21/09/2021,687
grupo lala,6368359.72,USD,OP-100806,26-Mar-2023,N/A,N/A
femsa,2638770.85,MXN,OP-100807,2018-12-23,2023-03-14,1542
liverpool,3089843.95,USD,OP-100808,2017-05-21,27/07/2023,2258
bbva méxico,4041093.99,USD,OP-100809,"November 21, 2018",N/A,N/A
GRUPO BIMBO,8928062.51,MXN,OP-100810,27-Feb-2021,N/A,N/A
grupo lala,5167159.8,MXN,OP-100811,30-Jun-2019,N/A,N/A
FEMSA,4322093.23,MXN,OP-100812,16/07/2023,N/A,N/A
telmex,7630564.83,USD,OP-100813,"May 04, 2025",N/A,N/A
cemex,991278.12,MXN,OP-100814,09-Dec-2017,2018-09-11,276
CEMEX,2183954.02,USD,OP-100815,"January 24, 2023",26-Jul-2023,183
CEMEX,1343167.19,MXN,OP-100816,2023-05-01,04-Mar-2025,673
telmex,299711.5,USD,OP-100817,"February 21, 2022",07-Apr-2024,776
TELMEX,7897071.97,MXN,OP-100818,"July 24, 2024",N/A,N/A
LIVERPOOL,9354332.55,MXN,OP-100819,"May 03, 2024",N/A,N/A
AMÉRICA MÓVIL,4245758.94,USD,OP-100820,2017-04-07,19/05/2017,42
walmart de méxico,2333481.22,MXN,OP-100821,"May 11, 2018",N/A,N/A
walmart de méxico,7555480.96,USD,OP-100822,2017-04-12,04-Jul-2019,813
PEMEX,7754865.57,EUR,OP-100823,2016-12-15,"October 10, 2023",2490
BBVA MÉXICO,9289011.03,USD,OP-100824,"February 04, 2025",26/07/2025,172
TELMEX,5795563.72,USD,OP-100825,2024-12-15,N/A,N/A
SORIANA,8323002.58,EUR,OP-100826,"August 13, 2019",N/A,N/A
BANORTE,4915040.58,EUR,OP-100827,"August 06, 2016",2025-08-09,3290
GRUPO CARSO,5535406.44,MXN,OP-100828,04-Aug-2022,N/A,N/A
soriana,2622990.75,MXN,OP-100829,29-Sep-2022,N/A,N/A
GRUPO BIMBO,3099195.97,USD,OP-100830,"March 14, 2017",N/A,N/A
BANORTE,1505690.14,MXN,OP-100831,10/10/2019,N/A,N/A
soriana,7601791.01,MXN,OP-100832,09-Jan-2025,N/A,N/A
cemex,5813571.7,USD,OP-100833,2017-08-02,N/A,N/A
walmart de méxico,7238190.92,MXN,OP-100834,08/04/2018,21-Dec-2018,139
SORIANA,8373892.95,EUR,OP-100835,03-Feb-2017,N/A,N/A
GRUPO LALA,938120.27,USD,OP-100836,"April 23, 2019",2023-10-05,1626
telmex,404234.28,EUR,OP-100837,16/12/2019,2022-07-31,958
CEMEX,8775463.42,EUR,OP-100838,"April 11, 2020",N/A,N/A
LIVERPOOL,4906099.97,USD,OP-100839,26-Jul-2025,N/A,N/A
grupo carso,9439796.64,EUR,OP-100840,13-Oct-2019,03-Apr-2025,1999
FEMSA,1489995.89,EUR,OP-100841,06-Oct-2020,N/A,N/A
grupo lala,2146583.18,USD,OP-100842,"January 12, 2021",N/A,N/A
ALSEA,4944169.8,EUR,OP-100843,20/06/2020,N/A,N/A
pemex,3814194.04,EUR,OP-100844,"October 24, 2020",N/A,N/A
banorte,7498188.68,USD,OP-100845,11/08/2021,N/A,N/A
grupo bimbo,1732156.48,USD,OP-100846,2018-01-23,"April 26, 2018",93
GRUPO BIMBO,8537339.95,USD,OP-100847,15/01/2016,N/A,N/A
grupo méxico,6234756.83,EUR,OP-100848,03-Feb-2016,16/09/2021,2052
soriana,9868455.56,MXN,OP-100849,"July 20, 2018",N/A,N/A
bbva méxico,7177590.21,MXN,OP-100850,"February 28, 2020",N/A,N/A
FEMSA,5521173.22,EUR,OP-100851,"March 23, 2022",N/A,N/A
telmex,9388254.88,USD,OP-100852,02-Sep-2018,N/A,N/A
BANORTE,4788432.36,USD,OP-100853,01-Nov-2023,N/A,N/A
américa móvil,8280589.93,EUR,OP-100854,26-Jan-2017,22/03/2021,1516
soriana,7892776.74,USD,OP-100855,28-Jan-2018,"January 02, 2021",1070
bbva méxico,8014203.45,EUR,OP-100856,2020-06-29,N/A,N/A
grupo carso,952874.11,USD,OP-100857,"February 10, 2022",N/A,N/A
BANORTE,1985251.09,MXN,OP-100858,15-Jun-2017,N/A,N/A
grupo lala,9046556.62,MXN,OP-100859,04-Dec-2016,"February 09, 2024",2623
bbva méxico,5634549.34,MXN,OP-100860,08/08/2019,06-Sep-2022,1125
grupo lala,5300095.84,MXN,OP-100861,16-Jun-2019,27/05/2025,2172
soriana,6599024.44,MXN,OP-100862,03-Oct-2015,"March 19, 2023",2724
BBVA MÉXICO,2484588.49,EUR,OP-100863,27/05/2024,N/A,N/A
femsa,9934281.55,USD,OP-100864,14-Jun-2020,N/A,N/A
ALSEA,7266040.62,EUR,OP-100865,2020-04-24,31-Jul-2023,1193
FEMSA,4256634.99,MXN,OP-100866,10-Oct-2018,N/A,N/A
SORIANA,7399840.17,MXN,OP-100867,"October 08, 2021",N/A,N/A
GRUPO LALA,1277275.43,USD,OP-100868,27/10/2015,N/A,N/A
GRUPO CARSO,6229908.87,USD,OP-100869,25-May-2021,"July 04, 2025",1501
banorte,5399297.25,USD,OP-100870,28/09/2022,N/A,N/A
GRUPO BIMBO,9078531.31,MXN,OP-100871,"October 18, 2018","December 21, 2019",429
PEMEX,1895327.45,USD,OP-100872,13/03/2023,N/A,N/A
banorte,9949354.44,EUR,OP-100873,26/01/2024,N/A,N/A
AMÉRICA MÓVIL,1220542.1,EUR,OP-100874,08-Aug-2019,2022-02-24,931
soriana,6526730.36,EUR,OP-100875,"July 25, 2018",N/A,N/A
grupo carso,4507845.13,EUR,OP-100876,14-Mar-2017,2022-10-18,2044
bbva méxico,1263216.93,EUR,OP-100877,2025-05-03,N/A,N/A
pemex,9898897.24,USD,OP-100878,"July 12, 2024",N/A,N/A
pemex,2743666.98,USD,OP-100879,11/03/2023,N/A,N/A
pemex,4761382.12,MXN,OP-100880,2019-09-26,N/A,N/A
telmex,3855423.6,MXN,OP-100881,2019-01-25,N/A,N/A
grupo méxico,1043803.34,MXN,OP-100882,"August 12, 2016",N/A,N/A
TELMEX,6236510.44,USD,OP-100883,2021-09-21,N/A,N/A
GRUPO CARSO,9737871.37,MXN,OP-100884,"May 01, 2020",N/A,N/A
telmex,9595977.84,EUR,OP-100885,22/11/2019,N/A,N/A
BBVA MÉXICO,6380075.49,EUR,OP-100886,2023-03-22,14/03/2024,358
cemex,895567.53,USD,OP-100887,"March 28, 2025",N/A,N/A
TELMEX,3624961.81,USD,OP-100888,2019-11-26,N/A,N/A
BBVA MÉXICO,6080060.32,MXN,OP-100889,18-Jul-2020,23-Oct-2021,462
FEMSA,8817623.76,MXN,OP-100890,"April 27, 2019",N/A,N/A
alsea,7060554.47,USD,OP-100891,07-Apr-2023,N/A,N/A
CEMEX,3205307.14,EUR,OP-100892,2023-05-03,N/A,N/A
AMÉRICA MÓVIL,784137.38,MXN,OP-100893,13/11/2020,N/A,N/A
LIVERPOOL,5216590.56,USD,OP-100894,20-Feb-2020,N/A,N/A
GRUPO MÉXICO,314543.78,USD,OP-100895,2015-10-18,N/A,N/A
grupo méxico,2803856.73,USD,OP-100896,2017-11-28,2021-08-06,1347
cemex,7123841.98,USD,OP-100897,2018-04-08,N/A,N/A
bbva méxico,3607976.86,EUR,OP-100898,26/03/2023,N/A,N/A
liverpool,5272901.67,EUR,OP-100899,25/07/2018,22-Aug-2020,759
TELMEX,7176995.96,EUR,OP-100900,2021-12-13,13/04/2023,486
CEMEX,9268042.33,MXN,OP-100901,"October 10, 2020",N/A,N/A
LIVERPOOL,6252528.17,MXN,OP-100902,07/03/2020,N/A,N/A
FEMSA,6559267.16,USD,OP-100903,"June 04, 2024",N/A,N/A
GRUPO MÉXICO,5615559.55,EUR,OP-100904,2021-12-19,N/A,N/A
bbva méxico,1004275.02,EUR,OP-100905,09-Feb-2023,N/A,N/A
grupo carso,3964746.41,USD,OP-100906,29/06/2021,N/A,N/A
FEMSA,5294729.71,MXN,OP-100907,"March 29, 2021",2022-08-03,492
grupo lala,1463126.49,EUR,OP-100908,26-Dec-2020,"May 02, 2021",127
GRUPO LALA,1954992.59,MXN,OP-100909,03-Jan-2024,N/A,N/A
GRUPO LALA,5654465.99,MXN,OP-100910,2023-02-20,N/A,N/A
GRUPO CARSO,3943645.81,EUR,OP-100911,20/04/2018,N/A,N/A
bbva méxico,8743808.53,MXN,OP-100912,15-Jan-2019,2019-08-02,199
pemex,4127062.97,USD,OP-100913,05/04/2017,N/A,N/A
GRUPO MÉXICO,1073433.71,MXN,OP-100914,06/06/2019,N/A,N/A
FEMSA,4789936.68,USD,OP-100915,01/07/2019,N/A,N/A
liverpool,9769233.64,MXN,OP-100916,20/07/2025,N/A,N/A
femsa,2542992.82,EUR,OP-100917,20/08/2024,N/A,N/A
grupo méxico,403325.84,EUR,OP-100918,04/12/2018,N/A,N/A
BANORTE,7520918.31,USD,OP-100919,2023-03-22,N/A,N/A
FEMSA,7811678.6,USD,OP-100920,"January 11, 2025",N/A,N/A
grupo carso,1220068.21,EUR,OP-100921,2020-03-26,24-Jan-2024,1399
grupo bimbo,3871500.38,EUR,OP-100922,24-Jun-2022,N/A,N/A
alsea,9374485.26,USD,OP-100923,12-Dec-2016,N/A,N/A
soriana,9530462.31,USD,OP-100924,"February 24, 2019",N/A,N/A
ALSEA,6792784.96,EUR,OP-100925,"February 01, 2024",N/A,N/A
pemex,3244067.16,MXN,OP-100926,2019-08-31,N/A,N/A
PEMEX,6219481.97,EUR,OP-100927,01-Aug-2019,"August 13, 2021",743
walmart de méxico,9752275.71,MXN,OP-100928,"November 09, 2015",N/A,N/A
pemex,785160.6,USD,OP-100929,"January 05, 2020",N/A,N/A
cemex,8256635.57,EUR,OP-100930,"March 15, 2024",N/A,N/A
grupo bimbo,6643598.21,USD,OP-100931,"January 03, 2016",N/A,N/A
FEMSA,2634958.95,EUR,OP-100932,"March 13, 2017",N/A,N/A
GRUPO CARSO,9919066.78,EUR,OP-100933,2017-07-29,2020-05-10,1016
cemex,313025.82,USD,OP-100934,"December 27, 2022",01/05/2023,9
telmex,1560192.54,MXN,OP-100935,06/11/2022,N/A,N/A
BANORTE,8903433.29,USD,OP-100936,17/09/2023,N/A,N/A
grupo carso,5159056.26,EUR,OP-100937,"December 04, 2018",2024-05-18,1992
grupo méxico,7114431.56,USD,OP-100938,"February 17, 2023",N/A,N/A
GRUPO CARSO,2154224.25,MXN,OP-100939,14/07/2025,N/A,N/A
walmart de méxico,8616426.25,EUR,OP-100940,11-Aug-2022,N/A,N/A
cemex,353568.17,USD,OP-100941,2016-04-16,17-Apr-2019,1096
femsa,603172.82,EUR,OP-100942,"March 14, 2016",13/03/2018,729
AMÉRICA MÓVIL,6746601.0,EUR,OP-100943,"July 05, 2025",N/A,N/A
telmex,9594428.41,EUR,OP-100944,2019-08-26,N/A,N/A
américa móvil,6087828.03,EUR,OP-100945,03-Sep-2021,N/A,N/A
LIVERPOOL,4085921.58,USD,OP-100946,"March 11, 2020",N/A,N/A
soriana,5574754.9,MXN,OP-100947,2018-09-26,2023-03-01,1617
pemex,3961923.38,USD,OP-100948,07-Apr-2017,2022-06-13,1893
cemex,2811293.35,USD,OP-100949,21/09/2024,N/A,N/A
liverpool,3400839.72,USD,OP-100950,"March 10, 2023","July 09, 2025",852
GRUPO BIMBO,9541714.86,USD,OP-100951,"January 01, 2019",N/A,N/A
GRUPO BIMBO,4472452.24,USD,OP-100952,2019-08-04,N/A,N/A
femsa,3406304.46,EUR,OP-100953,2024-01-26,N/A,N/A
BANORTE,1956321.99,USD,OP-100954,2018-06-09,"June 14, 2024",2197
FEMSA,9323412.8,MXN,OP-100955,"June 21, 2024",N/A,N/A
walmart de méxico,7450596.78,EUR,OP-100956,2016-09-20,N/A,N/A
américa móvil,7963471.66,USD,OP-100957,2022-03-28,N/A,N/A
walmart de méxico,6483701.96,EUR,OP-100958,2019-06-26,28-Oct-2022,1220
AMÉRICA MÓVIL,1793804.46,EUR,OP-100959,03-Jun-2024,N/A,N/A
bbva méxico,2162326.65,USD,OP-100960,"October 21, 2019",N/A,N/A
PEMEX,3594335.49,MXN,OP-100961,23/11/2022,01/08/2025,777
pemex,3633104.07,USD,OP-100962,24-Jul-2016,N/A,N/A
grupo lala,1099831.52,MXN,OP-100963,"November 15, 2020",N/A,N/A
walmart de méxico,3282773.5,USD,OP-100964,28/08/2022,N/A,N/A
grupo lala,1707533.09,EUR,OP-100965,2020-05-07,N/A,N/A
GRUPO CARSO,6471768.34,USD,OP-100966,06-Apr-2018,22-Aug-2022,1599
telmex,9230899.52,EUR,OP-100967,04-Sep-2016,N/A,N/A
AMÉRICA MÓVIL,4212235.87,EUR,OP-100968,2017-04-14,N/A,N/A
grupo carso,104327.22,MXN,OP-100969,30-Jun-2017,08-Oct-2024,2657
PEMEX,6814678.83,MXN,OP-100970,11-Aug-2021,N/A,N/A
bbva méxico,6378744.55,EUR,OP-100971,2021-04-17,"August 31, 2021",136
GRUPO CARSO,7336388.25,EUR,OP-100972,03-Aug-2019,N/A,N/A
walmart de méxico,7396196.35,USD,OP-100973,2022-02-24,N/A,N/A
BBVA MÉXICO,7554910.35,USD,OP-100974,"January 14, 2021",N/A,N/A
CEMEX,206451.39,EUR,OP-100975,"May 04, 2022",N/A,N/A
PEMEX,1631662.88,EUR,OP-100976,2016-07-18,2025-03-15,3162
CEMEX,5954009.77,EUR,OP-100977,2018-01-26,"October 26, 2022",1734
cemex,2237020.24,EUR,OP-100978,07-Apr-2022,N/A,N/A
BANORTE,1286839.44,EUR,OP-100979,"December 13, 2015",22/10/2016,314
femsa,2886078.94,MXN,OP-100980,2023-09-12,N/A,N/A
banorte,3042558.98,USD,OP-100981,03/07/2022,N/A,N/A
AMÉRICA MÓVIL,5598515.43,MXN,OP-100982,2016-01-29,N/A,N/A
banorte,7860030.42,MXN,OP-100983,"May 26, 2022","November 20, 2023",543
GRUPO LALA,2955779.72,MXN,OP-100984,09/09/2017,05-Jun-2025,2826
AMÉRICA MÓVIL,2608495.57,USD,OP-100985,18/02/2023,N/A,N/A
PEMEX,9206245.98,MXN,OP-100986,21-Dec-2024,N/A,N/A
GRUPO MÉXICO,6596760.15,USD,OP-100987,01-May-2017,N/A,N/A
banorte,4784272.92,USD,OP-100988,02/08/2016,N/A,N/A
américa móvil,7771788.78,USD,OP-100989,2021-06-30,N/A,N/A
grupo méxico,6298723.95,MXN,OP-100990,"November 03, 2024",N/A,N/A
bbva méxico,7571863.32,USD,OP-100991,2018-08-04,2018-12-01,119
GRUPO MÉXICO,7494309.6,EUR,OP-100992,09-Nov-2016,2022-06-19,2048
grupo bimbo,5461890.46,EUR,OP-100993,2019-08-12,N/A,N/A
LIVERPOOL,7446228.7,USD,OP-100994,21/03/2018,N/A,N/A
SORIANA,8559777.25,USD,OP-100995,13-Sep-2022,N/A,N/A
bbva méxico,296492.8,USD,OP-100996,16-Jan-2022,N/A,N/A
TELMEX,8161437.41,MXN,OP-100997,2017-02-27,N/A,N/A
soriana,9913824.52,MXN,OP-100998,17/03/2019,N/A,N/A
GRUPO CARSO,2393038.96,MXN,OP-100999,"November 07, 2021",N/A,N/A
AMÉRICA MÓVIL,1555877.1,USD,OP-101000,16/05/2016,13/06/2021,1854
GRUPO BIMBO,6440644.44,MXN,OP-101001,2019-05-10,N/A,N/A
femsa,8630750.79,USD,OP-101002,2023-09-17,N/A,N/A
CEMEX,7257164.54,MXN,OP-101003,19/04/2019,N/A,N/A
GRUPO MÉXICO,4909334.22,EUR,OP-101004,"March 08, 2025",N/A,N/A
liverpool,3609257.99,MXN,OP-101005,09/05/2021,N/A,N/A
BBVA MÉXICO,7613026.04,MXN,OP-101006,14-Sep-2020,2022-05-21,614
américa móvil,4195372.66,EUR,OP-101007,19-Oct-2016,2018-11-20,762
grupo méxico,3933936.57,EUR,OP-101008,"August 26, 2017",12/06/2018,467
BBVA MÉXICO,1505759.03,MXN,OP-101009,10-Dec-2016,"August 02, 2020",1331
pemex,3384510.57,MXN,OP-101010,"May 12, 2020",14-Jun-2021,398
BANORTE,3893052.37,MXN,OP-101011,2017-12-05,06-May-2025,2709
banorte,4477666.5,EUR,OP-101012,21/09/2020,11-Jul-2022,658
américa móvil,7441985.78,MXN,OP-101013,"September 22, 2017",19/02/2022,1611
LIVERPOOL,1200493.7,EUR,OP-101014,28-Nov-2016,18-Jul-2020,1328
grupo bimbo,7762294.17,USD,OP-101015,"February 03, 2017",N/A,N/A
SORIANA,6750035.19,MXN,OP-101016,"January 06, 2023",N/A,N/A
grupo carso,5148626.96,EUR,OP-101017,"September 04, 2022",N/A,N/A
alsea,6611034.41,EUR,OP-101018,"May 07, 2021",N/A,N/A
FEMSA,5049367.45,USD,OP-101019,28-Jan-2016,09-May-2023,2658
BBVA MÉXICO,9877907.26,USD,OP-101020,"June 25, 2016",N/A,N/A
grupo carso,5870696.55,USD,OP-101021,21/10/2023,N/A,N/A
GRUPO BIMBO,2747290.43,EUR,OP-101022,"June 26, 2020",2022-09-30,826
grupo carso,4351838.9,USD,OP-101023,09/08/2025,N/A,N/A
GRUPO LALA,1423474.36,USD,OP-101024,"March 28, 2021",01/05/2024,1013
LIVERPOOL,5714968.28,MXN,OP-101025,"July 16, 2020",N/A,N/A
AMÉRICA MÓVIL,8821245.26,EUR,OP-101026,16/03/2017,2019-09-16,914
grupo carso,1165639.76,USD,OP-101027,01/10/2022,24/04/2024,835
GRUPO LALA,3839096.71,MXN,OP-101028,27/12/2016,N/A,N/A
GRUPO CARSO,2113213.52,MXN,OP-101029,26/07/2019,20/03/2025,2064
TELMEX,780365.74,EUR,OP-101030,"March 22, 2024",N/A,N/A
GRUPO LALA,5067283.87,USD,OP-101031,09/03/2020,23-Jan-2023,872
pemex,2331003.94,USD,OP-101032,"October 07, 2021",15/04/2023,555
GRUPO CARSO,8114046.27,MXN,OP-101033,04/11/2023,N/A,N/A
SORIANA,3139758.82,MXN,OP-101034,2018-11-13,2019-01-16,64
liverpool,1728279.66,MXN,OP-101035,2023-10-08,21/11/2023,44
bbva méxico,9399264.14,EUR,OP-101036,19/05/2016,"July 04, 2022",2237
PEMEX,9711428.05,EUR,OP-101037,06-Jul-2020,N/A,N/A
GRUPO BIMBO,6769750.33,MXN,OP-101038,31-Jan-2023,2024-06-29,515
WALMART DE MÉXICO,2112002.8,MXN,OP-101039,06-Mar-2023,N/A,N/A
liverpool,541287.87,EUR,OP-101040,2022-11-02,N/A,N/A
telmex,7513917.54,MXN,OP-101041,07/06/2016,N/A,N/A
ALSEA,875925.54,EUR,OP-101042,"March 23, 2018",09-Jul-2024,2300
ALSEA,3064025.59,MXN,OP-101043,02-Nov-2020,N/A,N/A
liverpool,3243909.77,EUR,OP-101044,13-Sep-2023,N/A,N/A
américa móvil,8123039.45,EUR,OP-101045,17/04/2024,N/A,N/A
bbva méxico,4352221.61,MXN,OP-101046,"September 23, 2022",N/A,N/A
GRUPO LALA,8814904.1,MXN,OP-101047,2019-07-29,20-Jul-2022,1087
CEMEX,5061704.08,MXN,OP-101048,15/04/2019,N/A,N/A
GRUPO CARSO,8424115.83,MXN,OP-101049,2019-11-18,N/A,N/A
BBVA MÉXICO,9864778.25,USD,OP-101050,06-Dec-2016,N/A,N/A
grupo lala,7432343.2,USD,OP-101051,25/06/2017,04/10/2023,2115
pemex,299029.65,MXN,OP-101052,"July 14, 2020",N/A,N/A
CEMEX,8272556.31,MXN,OP-101053,20-Oct-2017,N/A,N/A
alsea,8424746.91,USD,OP-101054,2022-05-26,N/A,N/A
TELMEX,8130978.31,MXN,OP-101055,2017-01-03,17-May-2023,2325
PEMEX,8765725.24,EUR,OP-101056,"May 22, 2023",N/A,N/A
américa móvil,7038511.85,USD,OP-101057,"August 15, 2017",10/11/2017,57
alsea,3579384.3,MXN,OP-101058,"January 25, 2025",N/A,N/A
cemex,5766309.43,MXN,OP-101059,"March 31, 2018",N/A,N/A
WALMART DE MÉXICO,7817693.88,MXN,OP-101060,"January 26, 2023",N/A,N/A
walmart de méxico,5264818.52,MXN,OP-101061,22-Sep-2019,N/A,N/A
grupo méxico,521328.52,USD,OP-101062,"August 22, 2021",N/A,N/A
GRUPO BIMBO,5827053.0,MXN,OP-101063,21/01/2022,18/04/2022,87
BBVA MÉXICO,2513369.07,USD,OP-101064,22-Apr-2017,N/A,N/A
CEMEX,3310215.83,USD,OP-101065,"December 05, 2024",N/A,N/A
américa móvil,6182242.47,MXN,OP-101066,21-Dec-2019,2025-01-10,1847
grupo carso,8841015.9,USD,OP-101067,06/09/2022,"August 03, 2025",1151
PEMEX,7826226.1,EUR,OP-101068,01-Dec-2015,"July 10, 2018",952
telmex,1217920.02,EUR,OP-101069,25/08/2017,N/A,N/A
soriana,5792966.67,MXN,OP-101070,2016-04-23,"April 18, 2022",2186
liverpool,6695629.0,USD,OP-101071,2019-06-23,N/A,N/A
bbva méxico,1639980.03,EUR,OP-101072,2018-06-22,18/12/2018,179
liverpool,6336007.86,MXN,OP-101073,"May 28, 2020",14-May-2025,1812
alsea,5550535.0,MXN,OP-101074,01/04/2017,N/A,N/A
WALMART DE MÉXICO,461567.68,USD,OP-101075,29/10/2016,23/06/2017,237
BANORTE,3523402.8,USD,OP-101076,"January 02, 2021",N/A,N/A
BBVA MÉXICO,4844220.49,MXN,OP-101077,2020-08-23,05-May-2024,1351
AMÉRICA MÓVIL,7830404.01,MXN,OP-101078,15-May-2023,N/A,N/A
soriana,9183969.49,MXN,OP-101079,02-Mar-2017,N/A,N/A
GRUPO BIMBO,7870916.8,USD,OP-101080,2020-06-13,N/A,N/A
cemex,7571313.39,MXN,OP-101081,01-Sep-2017,"April 20, 2023",2057
GRUPO LALA,1122762.14,MXN,OP-101082,2022-10-27,N/A,N/A
grupo bimbo,1536638.72,MXN,OP-101083,"October 28, 2021",2022-11-29,397
TELMEX,9518118.55,USD,OP-101084,17/04/2025,N/A,N/A
LIVERPOOL,4948737.89,USD,OP-101085,2016-01-12,"May 15, 2021",1950
grupo carso,8273391.48,USD,OP-101086,09/04/2018,N/A,N/A
femsa,4181598.02,EUR,OP-101087,"August 20, 2020",N/A,N/A
telmex,8080163.95,EUR,OP-101088,"September 30, 2022",N/A,N/A
walmart de méxico,3673002.37,EUR,OP-101089,"June 07, 2021",N/A,N/A
bbva méxico,3582430.43,MXN,OP-101090,"November 25, 2019",N/A,N/A
walmart de méxico,1803869.3,EUR,OP-101091,07/08/2021,N/A,N/A
AMÉRICA MÓVIL,4294814.24,MXN,OP-101092,19/02/2023,N/A,N/A
FEMSA,5633261.17,EUR,OP-101093,09/01/2023,N/A,N/A
GRUPO LALA,8907680.14,USD,OP-101094,15/02/2017,14-Nov-2017,272
ALSEA,2221772.89,USD,OP-101095,"April 14, 2018",N/A,N/A
BBVA MÉXICO,4891881.66,USD,OP-101096,"June 19, 2017",02/06/2023,2058
américa móvil,5957660.58,EUR,OP-101097,"December 12, 2024",N/A,N/A
TELMEX,6567948.83,MXN,OP-101098,2018-02-04,N/A,N/A
alsea,2804098.83,USD,OP-101099,30-Mar-2016,N/A,N/A
BANORTE,169393.53,USD,OP-101100,"January 20, 2023",N/A,N/A
soriana,3408169.49,EUR,OP-101101,09-Mar-2020,N/A,N/A
BANORTE,1026912.15,USD,OP-101102,11/10/2023,N/A,N/A
LIVERPOOL,3358284.23,USD,OP-101103,"April 22, 2022",N/A,N/A
CEMEX,4243359.21,EUR,OP-101104,2015-11-26,2020-12-22,1853
grupo méxico,7898148.46,EUR,OP-101105,"February 21, 2020",N/A,N/A
américa móvil,2682454.81,EUR,OP-101106,"April 13, 2022",26/06/2022,74
walmart de méxico,3484691.79,MXN,OP-101107,03-Dec-2019,2024-06-20,1661
américa móvil,3495549.15,MXN,OP-101108,07/01/2016,N/A,N/A
soriana,6972598.65,EUR,OP-101109,04-Nov-2018,N/A,N/A
WALMART DE MÉXICO,2588897.8,MXN,OP-101110,"October 11, 2021",N/A,N/A
liverpool,6145423.86,USD,OP-101111,08/04/2025,N/A,N/A
bbva méxico,7959067.73,MXN,OP-101112,2021-10-04,N/A,N/A
grupo carso,4233529.03,USD,OP-101113,16-Nov-2019,14-Apr-2021,515
grupo méxico,2603006.79,EUR,OP-101114,01/03/2020,2024-08-17,1688
BBVA MÉXICO,6842664.12,MXN,OP-101115,"August 08, 2023",N/A,N/A
GRUPO LALA,6093999.31,EUR,OP-101116,19/05/2019,N/A,N/A
walmart de méxico,861954.37,USD,OP-101117,2023-04-10,N/A,N/A
GRUPO MÉXICO,2739838.05,USD,OP-101118,2021-09-07,N/A,N/A
walmart de méxico,8321590.31,USD,OP-101119,2021-09-25,"November 21, 2022",422
bbva méxico,9974119.64,USD,OP-101120,04/03/2021,N/A,N/A
LIVERPOOL,2165982.47,EUR,OP-101121,2017-07-13,22-Aug-2024,2597
américa móvil,3651053.07,EUR,OP-101122,2021-02-28,N/A,N/A
soriana,5377071.27,MXN,OP-101123,"April 14, 2020",N/A,N/A
WALMART DE MÉXICO,6445865.66,USD,OP-101124,15/02/2022,N/A,N/A
CEMEX,6761127.71,USD,OP-101125,16-May-2023,N/A,N/A
PEMEX,4658092.84,USD,OP-101126,"February 14, 2024",N/A,N/A
GRUPO LALA,8692653.69,EUR,OP-101127,"November 29, 2024",N/A,N/A
grupo lala,8258564.28,MXN,OP-101128,2017-04-01,N/A,N/A
BANORTE,7825768.65,USD,OP-101129,03/05/2021,24/05/2024,1176
telmex,2909076.59,USD,OP-101130,16-Sep-2016,"October 10, 2018",754
soriana,3510443.13,MXN,OP-101131,2023-03-06,N/A,N/A
ALSEA,1314522.94,EUR,OP-101132,2018-06-17,20-Aug-2019,429
cemex,5415922.21,MXN,OP-101133,16-Aug-2023,N/A,N/A
PEMEX,7179798.21,EUR,OP-101134,12-Oct-2018,24-Mar-2025,2355
LIVERPOOL,3681925.34,USD,OP-101135,10/02/2018,20/05/2023,1691
américa móvil,182070.28,MXN,OP-101136,06-Aug-2016,01-Aug-2025,3282
grupo carso,2010021.31,MXN,OP-101137,05-Jun-2021,2021-10-10,127
telmex,4551017.34,EUR,OP-101138,02/01/2024,N/A,N/A
banorte,9102958.74,USD,OP-101139,"June 25, 2022",11-Jul-2025,1112
GRUPO CARSO,8261484.42,EUR,OP-101140,"December 12, 2024",N/A,N/A
AMÉRICA MÓVIL,5405061.1,EUR,OP-101141,27/07/2017,"October 26, 2024",2648
PEMEX,529051.49,EUR,OP-101142,2016-03-12,15/06/2016,95
walmart de méxico,6419729.92,USD,OP-101143,30/05/2023,N/A,N/A
WALMART DE MÉXICO,7617603.39,EUR,OP-101144,21/08/2020,2024-06-04,1383
alsea,6114819.04,USD,OP-101145,19/03/2024,N/A,N/A
bbva méxico,5602684.29,MXN,OP-101146,2016-03-11,2022-04-25,2236
banorte,9821836.58,USD,OP-101147,23-Jun-2023,N/A,N/A
liverpool,1287004.46,EUR,OP-101148,05/04/2018,N/A,N/A
grupo carso,4226765.23,EUR,OP-101149,"January 09, 2022",N/A,N/A
grupo méxico,6581524.74,USD,OP-101150,15-Jan-2016,28-Aug-2021,2052
WALMART DE MÉXICO,1915553.14,MXN,OP-101151,"May 20, 2018",05/05/2023,1811
GRUPO LALA,5148217.69,EUR,OP-101152,2024-05-06,N/A,N/A
WALMART DE MÉXICO,7693115.22,USD,OP-101153,2023-10-13,N/A,N/A
GRUPO LALA,3591872.39,EUR,OP-101154,04/04/2016,N/A,N/A
TELMEX,932861.73,USD,OP-101155,"January 04, 2019",N/A,N/A
grupo carso,3735487.18,EUR,OP-101156,15-Jun-2024,N/A,N/A
grupo bimbo,2871168.27,MXN,OP-101157,2016-05-05,N/A,N/A
LIVERPOOL,1137196.52,MXN,OP-101158,2025-06-06,N/A,N/A
FEMSA,7302198.99,EUR,OP-101159,2017-05-23,N/A,N/A
FEMSA,4437119.38,MXN,OP-101160,17-Jul-2024,N/A,N/A
grupo méxico,6314768.3,USD,OP-101161,2020-11-12,31-Dec-2024,1510
FEMSA,2855180.2,EUR,OP-101162,30-Jan-2023,N/A,N/A
GRUPO MÉXICO,1665523.99,MXN,OP-101163,28-Apr-2016,2021-05-19,1847
liverpool,2303822.2,EUR,OP-101164,07-Sep-2024,2024-12-24,108
grupo méxico,2103768.5,MXN,OP-101165,2018-08-02,N/A,N/A
grupo bimbo,3005097.33,USD,OP-101166,"September 04, 2017",2020-10-18,1140
cemex,5039133.79,MXN,OP-101167,11-Dec-2017,"April 04, 2020",845
GRUPO MÉXICO,4315441.37,USD,OP-101168,27/05/2020,N/A,N/A
GRUPO CARSO,7379281.4,EUR,OP-101169,21/11/2022,N/A,N/A
CEMEX,7274115.85,EUR,OP-101170,2020-07-18,19/08/2022,762
GRUPO BIMBO,5594128.92,USD,OP-101171,"September 17, 2023",N/A,N/A
banorte,8704897.65,MXN,OP-101172,2018-10-11,2023-08-29,1783
grupo carso,2566461.01,MXN,OP-101173,09-Jan-2021,"September 30, 2024",1360
grupo méxico,6694085.53,EUR,OP-101174,01/01/2020,25-Jul-2024,1667
WALMART DE MÉXICO,6349658.22,USD,OP-101175,28-Sep-2015,"November 27, 2016",426
américa móvil,4636031.88,MXN,OP-101176,14-Jan-2025,N/A,N/A
SORIANA,3482750.9,USD,OP-101177,2017-03-21,23-Nov-2021,1708
LIVERPOOL,8275222.41,MXN,OP-101178,08-Jul-2025,N/A,N/A
GRUPO CARSO,3859723.82,MXN,OP-101179,07-Feb-2016,22-Nov-2021,2115
bbva méxico,6158614.7,EUR,OP-101180,19-May-2019,N/A,N/A
walmart de méxico,4665989.12,EUR,OP-101181,"July 16, 2021",N/A,N/A
WALMART DE MÉXICO,8086935.77,USD,OP-101182,"June 18, 2018",11/07/2022,1603
américa móvil,5493504.89,MXN,OP-101183,"July 26, 2017","February 04, 2024",2384
GRUPO MÉXICO,1695246.17,USD,OP-101184,25/03/2025,N/A,N/A
banorte,5852719.75,EUR,OP-101185,2016-11-10,N/A,N/A
TELMEX,2277580.55,MXN,OP-101186,05/01/2018,N/A,N/A
BBVA MÉXICO,2570762.62,EUR,OP-101187,2019-07-28,N/A,N/A
GRUPO MÉXICO,626400.48,USD,OP-101188,25-Dec-2018,N/A,N/A
WALMART DE MÉXICO,1662279.15,EUR,OP-101189,2018-11-05,N/A,N/A
TELMEX,4757120.32,EUR,OP-101190,11/04/2019,N/A,N/A
CEMEX,7169043.69,USD,OP-101191,2018-07-03,17/03/2024,2084
walmart de méxico,5943661.91,USD,OP-101192,"June 16, 2025",N/A,N/A
ALSEA,1159894.97,EUR,OP-101193,"August 16, 2020",N/A,N/A
bbva méxico,6863333.08,EUR,OP-101194,19-Jun-2020,N/A,N/A
liverpool,5592742.66,MXN,OP-101195,"April 29, 2023",N/A,N/A
TELMEX,3364196.74,MXN,OP-101196,08/03/2022,N/A,N/A
GRUPO MÉXICO,1171169.36,MXN,OP-101197,"June 01, 2023",N/A,N/A
grupo lala,5803679.03,MXN,OP-101198,2018-07-18,N/A,N/A
grupo bimbo,5815086.25,EUR,OP-101199,24-Jul-2024,N/A,N/A
alsea,1058024.29,MXN,OP-101200,07-Jan-2023,2023-04-15,98
PEMEX,4053413.06,MXN,OP-101201,"April 29, 2020",N/A,N/A
femsa,6792845.28,MXN,OP-101202,2024-07-18,N/A,N/A
cemex,213071.67,EUR,OP-101203,03/12/2016,N/A,N/A
banorte,2166636.73,EUR,OP-101204,15-Oct-2020,N/A,N/A
grupo bimbo,2020976.9,USD,OP-101205,09-Apr-2018,N/A,N/A
bbva méxico,7927201.08,EUR,OP-101206,2020-12-17,23-Apr-2023,857
américa móvil,6091841.5,USD,OP-101207,11/02/2021,N/A,N/A
bbva méxico,3020592.85,USD,OP-101208,11-Jul-2018,27/03/2024,2086
bbva méxico,6919930.07,MXN,OP-101209,2015-11-11,24-Nov-2024,3301
pemex,8145866.06,EUR,OP-101210,07-Aug-2020,N/A,N/A
PEMEX,5520109.91,EUR,OP-101211,2017-05-22,2020-10-28,1255
PEMEX,9379358.15,USD,OP-101212,"January 27, 2017",N/A,N/A
AMÉRICA MÓVIL,3033551.02,MXN,OP-101213,08-Feb-2019,N/A,N/A
SORIANA,1050522.2,EUR,OP-101214,2022-11-13,N/A,N/A
walmart de méxico,6652695.77,MXN,OP-101215,26-Jul-2025,N/A,N/A
alsea,5107083.96,EUR,OP-101216,"December 11, 2015",24-Nov-2019,1444
bbva méxico,7235611.25,MXN,OP-101217,01-Jul-2024,N/A,N/A
bbva méxico,2440456.93,EUR,OP-101218,"April 11, 2017",2020-09-19,1257
grupo lala,8030420.77,MXN,OP-101219,14-Feb-2019,15/07/2024,1978
grupo lala,725178.07,EUR,OP-101220,2025-02-27,N/A,N/A
grupo bimbo,176284.16,USD,OP-101221,15/12/2016,2023-06-08,2366
LIVERPOOL,6007687.35,MXN,OP-101222,06/11/2018,28-Sep-2024,2301
grupo méxico,8696306.01,USD,OP-101223,2020-09-03,N/A,N/A
bbva méxico,4896309.52,MXN,OP-101224,"August 05, 2022",N/A,N/A
pemex,7270683.77,MXN,OP-101225,"October 04, 2021",02/12/2022,131
AMÉRICA MÓVIL,5150935.01,MXN,OP-101226,17-Aug-2025,N/A,N/A
grupo lala,3739907.85,MXN,OP-101227,2021-04-15,N/A,N/A
GRUPO LALA,9047370.13,USD,OP-101228,"October 17, 2023",N/A,N/A
cemex,8468123.37,EUR,OP-101229,"May 24, 2019",N/A,N/A
femsa,2517702.52,MXN,OP-101230,2017-12-02,23-May-2019,537
WALMART DE MÉXICO,5121730.16,USD,OP-101231,"June 20, 2018",N/A,N/A
BANORTE,1644842.97,EUR,OP-101232,"February 20, 2022",N/A,N/A
américa móvil,2872964.3,EUR,OP-101233,2022-09-06,"February 19, 2023",166
LIVERPOOL,7726664.42,MXN,OP-101234,"April 01, 2021",N/A,N/A
GRUPO BIMBO,8773057.93,MXN,OP-101235,"August 30, 2015",N/A,N/A
grupo méxico,4703546.1,MXN,OP-101236,2023-07-08,N/A,N/A
GRUPO MÉXICO,3342560.12,EUR,OP-101237,2017-06-19,N/A,N/A
GRUPO BIMBO,6805938.02,USD,OP-101238,"November 10, 2023",26/02/2025,474
américa móvil,6188046.52,EUR,OP-101239,13/01/2018,01/08/2019,360
GRUPO MÉXICO,3376465.26,EUR,OP-101240,"September 09, 2021",N/A,N/A
WALMART DE MÉXICO,6719459.7,EUR,OP-101241,2019-04-10,N/A,N/A
liverpool,8153592.28,EUR,OP-101242,2017-02-04,"August 02, 2020",1275
TELMEX,1558635.67,USD,OP-101243,2017-12-07,31-Jan-2018,55
cemex,6637722.76,USD,OP-101244,23-May-2024,N/A,N/A
liverpool,7727917.25,USD,OP-101245,2022-03-18,N/A,N/A
WALMART DE MÉXICO,3931585.05,EUR,OP-101246,19/09/2020,N/A,N/A
TELMEX,4285007.19,EUR,OP-101247,"August 23, 2016",2022-09-14,2213
banorte,8452187.11,EUR,OP-101248,11/05/2020,N/A,N/A
WALMART DE MÉXICO,7453146.21,EUR,OP-101249,2016-04-05,"February 20, 2018",686
femsa,1859753.46,USD,OP-101250,2024-10-02,N/A,N/A
PEMEX,6038901.06,USD,OP-101251,"July 08, 2019",N/A,N/A
GRUPO BIMBO,2901058.55,EUR,OP-101252,2025-03-04,N/A,N/A
GRUPO BIMBO,5718254.7,USD,OP-101253,25-Apr-2020,N/A,N/A
TELMEX,3367803.17,EUR,OP-101254,08/10/2016,N/A,N/A
grupo méxico,2720627.6,USD,OP-101255,"May 29, 2023",N/A,N/A
telmex,3318146.24,USD,OP-101256,14-Mar-2024,N/A,N/A
GRUPO CARSO,3301353.93,EUR,OP-101257,"November 11, 2022",N/A,N/A
bbva méxico,4017580.29,MXN,OP-101258,2016-03-30,30-Apr-2023,2587
walmart de méxico,6643612.8,EUR,OP-101259,19/10/2015,2024-12-08,3338
LIVERPOOL,5993407.98,MXN,OP-101260,"October 15, 2018",N/A,N/A
GRUPO MÉXICO,534770.89,USD,OP-101261,2024-05-07,"August 09, 2024",94
LIVERPOOL,7328486.38,USD,OP-101262,2023-02-03,N/A,N/A
GRUPO LALA,6837190.52,MXN,OP-101263,"July 24, 2016",05/06/2022,2112
BBVA MÉXICO,409275.84,USD,OP-101264,16-Dec-2020,N/A,N/A
TELMEX,4592036.46,USD,OP-101265,04/07/2020,N/A,N/A
AMÉRICA MÓVIL,1430452.85,USD,OP-101266,"March 05, 2016","November 27, 2022",2458
AMÉRICA MÓVIL,868845.48,MXN,OP-101267,15/09/2022,N/A,N/A
grupo bimbo,4625490.86,EUR,OP-101268,2021-12-03,N/A,N/A
LIVERPOOL,195331.72,MXN,OP-101269,2024-05-12,N/A,N/A
PEMEX,2710163.05,EUR,OP-101270,"August 27, 2016",N/A,N/A
telmex,1695521.04,EUR,OP-101271,13-May-2019,N/A,N/A
pemex,7526563.12,EUR,OP-101272,06-Jul-2022,"April 08, 2025",1007
GRUPO CARSO,2806557.82,MXN,OP-101273,2017-05-25,N/A,N/A
alsea,740925.13,EUR,OP-101274,2019-07-06,N/A,N/A
telmex,7913531.02,USD,OP-101275,04-Jun-2021,28/10/2024,1242
banorte,6950437.78,MXN,OP-101276,"March 05, 2024",N/A,N/A
walmart de méxico,1043176.37,USD,OP-101277,11/08/2020,N/A,N/A
FEMSA,9071762.55,USD,OP-101278,02/06/2020,24-Dec-2020,322
soriana,8412296.4,MXN,OP-101279,"July 20, 2024",N/A,N/A
PEMEX,7623839.44,MXN,OP-101280,2019-06-30,"August 30, 2022",1157
TELMEX,6897852.42,MXN,OP-101281,"January 27, 2023",N/A,N/A
liverpool,933752.52,EUR,OP-101282,14/09/2018,"February 09, 2023",1609
TELMEX,2887012.07,MXN,OP-101283,31-May-2023,2023-06-24,24
AMÉRICA MÓVIL,166305.22,USD,OP-101284,"October 21, 2016",17/01/2022,1914
pemex,7166876.71,EUR,OP-101285,21-Jan-2025,N/A,N/A
grupo méxico,9322765.77,EUR,OP-101286,"August 08, 2017",N/A,N/A
GRUPO CARSO,3015821.84,EUR,OP-101287,"June 27, 2016",N/A,N/A
liverpool,4662276.13,USD,OP-101288,"March 14, 2017",2023-04-27,2235
SORIANA,5193271.17,EUR,OP-101289,27/08/2015,2023-09-27,2953
bbva méxico,1930911.76,MXN,OP-101290,19-Sep-2017,28/12/2023,2291
GRUPO BIMBO,6914384.24,USD,OP-101291,17-Jun-2020,N/A,N/A
bbva méxico,705570.81,USD,OP-101292,20-Feb-2021,N/A,N/A
grupo carso,6750743.73,EUR,OP-101293,"November 16, 2019",24-May-2022,920
grupo méxico,5359506.32,MXN,OP-101294,"November 28, 2018","December 25, 2022",1488
BANORTE,1527279.83,MXN,OP-101295,04/10/2016,N/A,N/A
PEMEX,8545414.17,EUR,OP-101296,"August 31, 2017",12-Aug-2025,2903
SORIANA,9104102.61,MXN,OP-101297,"April 03, 2025",N/A,N/A
GRUPO MÉXICO,1302266.61,EUR,OP-101298,2024-03-02,N/A,N/A
américa móvil,5432600.56,USD,OP-101299,2018-06-05,N/A,N/A
BBVA MÉXICO,7398416.5,MXN,OP-101300,"January 11, 2020",N/A,N/A
ALSEA,7058892.43,EUR,OP-101301,2020-03-30,N/A,N/A
WALMART DE MÉXICO,5413733.4,EUR,OP-101302,"February 13, 2019",08/07/2024,2002
PEMEX,8268988.12,EUR,OP-101303,"September 02, 2016",N/A,N/A
grupo bimbo,9051195.04,MXN,OP-101304,29/10/2022,N/A,N/A
SORIANA,7424036.23,USD,OP-101305,10/11/2021,12/04/2024,1150
GRUPO CARSO,2448817.12,USD,OP-101306,23/07/2016,2024-03-24,2801
SORIANA,2367701.26,MXN,OP-101307,2022-01-23,N/A,N/A
grupo méxico,6952553.82,MXN,OP-101308,22/02/2021,23-Apr-2022,425
WALMART DE MÉXICO,7242145.43,USD,OP-101309,"June 09, 2019",N/A,N/A
bbva méxico,4870140.85,MXN,OP-101310,05/12/2017,03/03/2019,660
grupo méxico,9239086.13,EUR,OP-101311,31/05/2016,2021-01-20,1695
TELMEX,6353440.07,EUR,OP-101312,23/06/2020,09/03/2024,1533
américa móvil,2047661.25,MXN,OP-101313,2025-04-03,N/A,N/A
pemex,5137311.54,EUR,OP-101314,"April 28, 2019",N/A,N/A
liverpool,7145749.82,USD,OP-101315,2017-06-28,09/04/2024,2625
BANORTE,1022289.66,MXN,OP-101316,"May 21, 2024",N/A,N/A
soriana,8613544.45,USD,OP-101317,08-Apr-2025,N/A,N/A
alsea,8513308.68,MXN,OP-101318,17-Feb-2016,N/A,N/A
BANORTE,7295655.28,EUR,OP-101319,14-May-2024,N/A,N/A
ALSEA,6448003.83,MXN,OP-101320,06/02/2023,N/A,N/A
américa móvil,2917243.35,MXN,OP-101321,15/11/2022,N/A,N/A
alsea,6640527.94,EUR,OP-101322,2018-11-17,N/A,N/A
grupo carso,8950650.17,EUR,OP-101323,2018-12-03,"August 30, 2024",2097
femsa,8607089.71,MXN,OP-101324,23-Jan-2017,N/A,N/A
alsea,5131713.29,MXN,OP-101325,2019-05-17,N/A,N/A
pemex,4708545.28,EUR,OP-101326,"December 24, 2019",N/A,N/A
GRUPO LALA,8123741.97,EUR,OP-101327,2022-12-16,09-Sep-2023,267
alsea,7311255.79,EUR,OP-101328,"July 23, 2024",N/A,N/A
CEMEX,742653.25,MXN,OP-101329,2024-06-26,12/06/2025,528
liverpool,4036034.13,EUR,OP-101330,16-Sep-2019,"February 17, 2025",1981
CEMEX,3042821.24,USD,OP-101331,"June 19, 2019",05-Nov-2020,505
GRUPO MÉXICO,725433.51,USD,OP-101332,22/01/2020,N/A,N/A
pemex,6119483.39,USD,OP-101333,2024-08-19,N/A,N/A
grupo méxico,8610667.61,USD,OP-101334,2024-01-24,N/A,N/A
soriana,7403869.93,MXN,OP-101335,24/11/2023,26-Jun-2025,580
BANORTE,1149445.82,EUR,OP-101336,14-Nov-2018,N/A,N/A
américa móvil,7922867.73,MXN,OP-101337,21/07/2025,N/A,N/A
ALSEA,194478.36,EUR,OP-101338,2017-06-10,26-Sep-2020,1204
telmex,7368551.8,MXN,OP-101339,03-Mar-2023,N/A,N/A
grupo méxico,2842375.89,MXN,OP-101340,26/11/2021,N/A,N/A
bbva méxico,294585.44,USD,OP-101341,"October 19, 2024",N/A,N/A
grupo bimbo,439698.51,MXN,OP-101342,09-May-2020,N/A,N/A
grupo bimbo,8554211.69,EUR,OP-101343,12/08/2016,N/A,N/A
alsea,4820995.85,EUR,OP-101344,30/09/2016,N/A,N/A
PEMEX,2890934.45,MXN,OP-101345,09-Mar-2025,N/A,N/A
WALMART DE MÉXICO,6745972.85,MXN,OP-101346,09-Jun-2025,N/A,N/A
GRUPO BIMBO,3433441.08,EUR,OP-101347,08-Jun-2023,N/A,N/A
liverpool,445596.92,EUR,OP-101348,21-Aug-2016,N/A,N/A
GRUPO CARSO,8859977.25,MXN,OP-101349,08-Nov-2016,18/07/2020,1348
BBVA MÉXICO,9494051.9,MXN,OP-101350,07/01/2024,N/A,N/A
FEMSA,5977233.28,EUR,OP-101351,26-Apr-2019,"October 16, 2020",539
américa móvil,5723064.25,EUR,OP-101352,"July 24, 2016",2017-02-08,199
AMÉRICA MÓVIL,279035.61,USD,OP-101353,04-Nov-2017,13-Oct-2018,343
liverpool,1525439.41,USD,OP-101354,14-Dec-2019,07/04/2022,933
femsa,9846749.45,EUR,OP-101355,2018-07-28,N/A,N/A
TELMEX,4017189.65,EUR,OP-101356,"August 10, 2023",N/A,N/A
TELMEX,7192342.89,EUR,OP-101357,"May 03, 2019",N/A,N/A
TELMEX,2959052.3,USD,OP-101358,01/06/2018,2024-08-30,2428
liverpool,5731004.67,USD,OP-101359,30-Jun-2018,N/A,N/A
GRUPO CARSO,1550716.65,EUR,OP-101360,2017-08-03,N/A,N/A
GRUPO MÉXICO,2521062.85,MXN,OP-101361,"January 17, 2017","October 21, 2018",642
LIVERPOOL,1049838.97,USD,OP-101362,"July 19, 2025",N/A,N/A
BBVA MÉXICO,8466021.26,EUR,OP-101363,17/09/2020,2020-09-29,12
LIVERPOOL,3011811.06,MXN,OP-101364,19-Nov-2024,N/A,N/A
américa móvil,8886512.1,EUR,OP-101365,22/10/2021,N/A,N/A
grupo carso,7145347.15,USD,OP-101366,13-Oct-2020,N/A,N/A
TELMEX,8856200.69,MXN,OP-101367,07/11/2024,N/A,N/A
BANORTE,6371620.0,EUR,OP-101368,"October 08, 2020",N/A,N/A
pemex,6703927.6,MXN,OP-101369,"March 29, 2022",N/A,N/A
WALMART DE MÉXICO,2535314.14,USD,OP-101370,2022-12-11,N/A,N/A
soriana,1982615.21,MXN,OP-101371,2021-06-17,N/A,N/A
GRUPO BIMBO,2172401.71,EUR,OP-101372,02-Oct-2020,2022-02-01,487
grupo lala,2599352.4,USD,OP-101373,"June 23, 2023",N/A,N/A
cemex,5570547.64,MXN,OP-101374,18/06/2022,N/A,N/A
WALMART DE MÉXICO,2453378.92,USD,OP-101375,10-Oct-2017,2019-04-02,539
LIVERPOOL,9513235.12,USD,OP-101376,2023-05-20,N/A,N/A
FEMSA,1808660.73,EUR,OP-101377,24/06/2019,N/A,N/A
cemex,2441279.12,EUR,OP-101378,09-May-2021,N/A,N/A
SORIANA,2948880.56,USD,OP-101379,2017-06-23,N/A,N/A
TELMEX,965840.96,USD,OP-101380,"November 17, 2018",05/12/2022,1272
bbva méxico,8848413.12,EUR,OP-101381,01-Aug-2024,N/A,N/A
WALMART DE MÉXICO,7348569.14,EUR,OP-101382,"April 25, 2024",N/A,N/A
PEMEX,1755528.16,USD,OP-101383,"July 11, 2019",13/05/2025,2133
BBVA MÉXICO,3717244.19,EUR,OP-101384,2017-02-04,07/08/2019,884
BANORTE,3000425.71,EUR,OP-101385,2024-03-14,N/A,N/A
cemex,415350.37,USD,OP-101386,"March 27, 2021","March 11, 2025",1445
pemex,4049500.74,EUR,OP-101387,"November 01, 2019",N/A,N/A
américa móvil,9455596.42,EUR,OP-101388,29-Nov-2023,N/A,N/A
TELMEX,2393837.86,USD,OP-101389,"November 22, 2019",N/A,N/A
banorte,8897001.57,MXN,OP-101390,"October 23, 2017","February 03, 2024",2294
alsea,261532.01,MXN,OP-101391,2020-11-14,N/A,N/A
liverpool,6357248.07,EUR,OP-101392,20-Jan-2023,N/A,N/A
PEMEX,2658182.04,EUR,OP-101393,2025-06-15,N/A,N/A
walmart de méxico,1537002.68,EUR,OP-101394,2022-09-16,N/A,N/A
bbva méxico,9789525.43,MXN,OP-101395,2024-11-20,N/A,N/A
GRUPO CARSO,810878.96,EUR,OP-101396,20-Apr-2023,N/A,N/A
grupo bimbo,9840708.03,USD,OP-101397,2021-12-18,N/A,N/A
grupo bimbo,9227116.24,MXN,OP-101398,2019-10-24,17-Jun-2022,967
liverpool,8675324.25,USD,OP-101399,09/04/2023,N/A,N/A
FEMSA,6010138.78,MXN,OP-101400,2021-07-24,N/A,N/A
alsea,1637895.68,MXN,OP-101401,2015-10-25,25-Sep-2020,1797
TELMEX,3489963.49,MXN,OP-101402,2025-06-14,N/A,N/A
WALMART DE MÉXICO,811069.89,MXN,OP-101403,13-Feb-2024,N/A,N/A
américa móvil,9527149.91,USD,OP-101404,28/07/2022,N/A,N/A
ALSEA,3774624.59,EUR,OP-101405,"October 06, 2015",N/A,N/A
PEMEX,4728224.75,EUR,OP-101406,18-Apr-2017,14-Sep-2019,879
pemex,1502902.76,USD,OP-101407,09/05/2018,N/A,N/A
GRUPO BIMBO,7139226.49,EUR,OP-101408,19-Jan-2024,N/A,N/A
soriana,4352086.26,USD,OP-101409,04-Feb-2018,"September 20, 2020",959
CEMEX,4891475.89,EUR,OP-101410,18-Jan-2024,N/A,N/A
américa móvil,5055028.79,EUR,OP-101411,26/09/2023,N/A,N/A
BANORTE,3240001.1,EUR,OP-101412,10/10/2019,29/05/2023,1327
PEMEX,189838.09,MXN,OP-101413,2025-08-21,N/A,N/A
banorte,7989043.22,MXN,OP-101414,"January 08, 2020",N/A,N/A
GRUPO CARSO,3545612.13,EUR,OP-101415,15/03/2019,N/A,N/A
grupo carso,6764105.13,EUR,OP-101416,06/03/2019,N/A,N/A
grupo bimbo,1667934.02,EUR,OP-101417,11-Jan-2024,N/A,N/A
grupo bimbo,7072259.15,USD,OP-101418,"October 20, 2023",N/A,N/A
CEMEX,7605281.73,EUR,OP-101419,02-Jul-2021,N/A,N/A
grupo carso,8097369.86,EUR,OP-101420,"July 17, 2021",N/A,N/A
grupo méxico,3555852.76,USD,OP-101421,31-Dec-2017,15-Jan-2024,2206
grupo bimbo,9583457.6,MXN,OP-101422,10-Jan-2016,13/04/2025,3381
alsea,8500112.66,EUR,OP-101423,14-Jun-2020,2024-03-03,1358
GRUPO BIMBO,2213276.16,USD,OP-101424,30/04/2023,2024-08-23,481
alsea,2042176.14,MXN,OP-101425,"October 08, 2020",N/A,N/A
CEMEX,3781040.8,USD,OP-101426,"September 08, 2020","April 04, 2022",573
alsea,2484334.05,USD,OP-101427,2024-01-03,N/A,N/A
pemex,7427563.51,EUR,OP-101428,30-Oct-2022,N/A,N/A
LIVERPOOL,5520884.36,USD,OP-101429,12/02/2017,2023-04-18,1963
alsea,8946124.66,MXN,OP-101430,2022-09-27,2023-05-27,242
liverpool,839217.94,USD,OP-101431,11/09/2017,25/06/2025,2785
grupo carso,1139161.39,MXN,OP-101432,"July 07, 2018",N/A,N/A
SORIANA,8185790.47,MXN,OP-101433,16/07/2016,2021-09-22,1894
GRUPO MÉXICO,9309302.01,EUR,OP-101434,28/01/2025,N/A,N/A
femsa,6891822.53,MXN,OP-101435,"March 30, 2021",N/A,N/A
CEMEX,4330560.05,MXN,OP-101436,2019-09-30,01/02/2024,1555
telmex,9442955.47,EUR,OP-101437,"July 30, 2021",N/A,N/A
telmex,7084595.13,EUR,OP-101438,29-Aug-2015,N/A,N/A
walmart de méxico,7234197.92,EUR,OP-101439,14-Jan-2019,2024-11-22,2139
PEMEX,7592751.74,USD,OP-101440,"October 05, 2021",N/A,N/A
LIVERPOOL,5662300.29,EUR,OP-101441,17-Jul-2019,N/A,N/A
PEMEX,1254021.51,EUR,OP-101442,17-Feb-2023,N/A,N/A
PEMEX,5948937.54,USD,OP-101443,28/01/2022,N/A,N/A
grupo bimbo,112863.52,EUR,OP-101444,24/01/2022,N/A,N/A
GRUPO LALA,4673679.84,EUR,OP-101445,12-Mar-2018,2019-11-09,607
WALMART DE MÉXICO,385855.89,MXN,OP-101446,"May 07, 2024",N/A,N/A
soriana,4746721.79,EUR,OP-101447,03-Oct-2018,25/05/2023,1695
WALMART DE MÉXICO,7264382.05,USD,OP-101448,2015-11-13,01-Aug-2024,3184
TELMEX,241107.06,USD,OP-101449,30/12/2024,N/A,N/A
GRUPO CARSO,3661041.64,USD,OP-101450,2024-03-23,N/A,N/A
banorte,5365397.69,MXN,OP-101451,"December 03, 2018",N/A,N/A
AMÉRICA MÓVIL,6884301.02,EUR,OP-101452,"December 31, 2022",N/A,N/A
soriana,7849490.95,MXN,OP-101453,12-May-2024,2025-05-22,375
PEMEX,6219872.93,MXN,OP-101454,27/06/2025,N/A,N/A
GRUPO LALA,5222686.4,MXN,OP-101455,2019-09-18,16/01/2024,1581
BANORTE,5400614.22,MXN,OP-101456,12/09/2017,02-Apr-2018,114
alsea,6299005.17,EUR,OP-101457,"February 13, 2016","September 02, 2018",932
GRUPO MÉXICO,8136171.96,USD,OP-101458,07-Feb-2025,N/A,N/A
WALMART DE MÉXICO,6379810.98,EUR,OP-101459,"August 23, 2017",N/A,N/A
femsa,3437662.87,EUR,OP-101460,06-Sep-2019,"November 03, 2020",424
pemex,1414506.44,EUR,OP-101461,16/06/2022,N/A,N/A
FEMSA,2764306.43,MXN,OP-101462,2021-05-16,08/05/2021,81
BBVA MÉXICO,3654839.53,USD,OP-101463,07/04/2024,05-Oct-2024,93
grupo lala,5017071.01,EUR,OP-101464,"January 15, 2016",12/01/2019,1416
walmart de méxico,5431371.7,EUR,OP-101465,29/11/2019,30-Jul-2023,1339
pemex,516084.63,MXN,OP-101466,07/09/2023,N/A,N/A
grupo méxico,3313313.87,USD,OP-101467,"August 21, 2023",N/A,N/A
PEMEX,725833.82,EUR,OP-101468,23/02/2018,2019-05-30,461
liverpool,962202.61,EUR,OP-101469,"August 06, 2018",N/A,N/A
BANORTE,9620776.2,EUR,OP-101470,30/06/2023,N/A,N/A
PEMEX,3791731.91,MXN,OP-101471,"May 22, 2024",N/A,N/A
telmex,5999404.78,USD,OP-101472,02/02/2022,N/A,N/A
grupo méxico,5863039.61,MXN,OP-101473,20/08/2022,2024-06-22,672
cemex,9441146.38,USD,OP-101474,"February 23, 2023",N/A,N/A
walmart de méxico,2954517.27,USD,OP-101475,13/12/2024,N/A,N/A
TELMEX,4317471.8,EUR,OP-101476,03/02/2016,N/A,N/A
telmex,6831905.54,EUR,OP-101477,2022-08-11,N/A,N/A
liverpool,2921515.57,EUR,OP-101478,2025-05-29,N/A,N/A
telmex,7806131.46,EUR,OP-101479,2022-05-23,N/A,N/A
GRUPO BIMBO,9576849.01,EUR,OP-101480,"February 22, 2019",2025-07-20,2340
pemex,6924172.5,EUR,OP-101481,24/07/2019,"June 01, 2020",313
FEMSA,6047129.28,USD,OP-101482,2016-10-28,"December 27, 2018",790
BBVA MÉXICO,5068245.56,EUR,OP-101483,13/09/2020,N/A,N/A
bbva méxico,3034538.87,EUR,OP-101484,"April 24, 2018",19/12/2023,2065
alsea,2882654.18,MXN,OP-101485,08/12/2018,15-Mar-2023,1676
telmex,9105160.18,MXN,OP-101486,"November 12, 2017",N/A,N/A
GRUPO MÉXICO,4133032.35,MXN,OP-101487,12-Aug-2023,2025-06-28,686
grupo lala,5347874.37,USD,OP-101488,2022-01-07,N/A,N/A
grupo méxico,1515237.66,MXN,OP-101489,2019-09-16,2021-04-21,583
PEMEX,5230509.13,EUR,OP-101490,11-Aug-2025,N/A,N/A
BBVA MÉXICO,7217904.11,USD,OP-101491,16-Jan-2022,N/A,N/A
alsea,5960981.07,MXN,OP-101492,2024-03-14,N/A,N/A
grupo méxico,3887312.21,EUR,OP-101493,09-Aug-2023,N/A,N/A
BBVA MÉXICO,8415963.84,EUR,OP-101494,2022-12-16,N/A,N/A
walmart de méxico,7021396.5,MXN,OP-101495,23-Nov-2020,"July 19, 2022",603
BANORTE,7996211.02,EUR,OP-101496,01/11/2020,N/A,N/A
GRUPO CARSO,2717319.99,MXN,OP-101497,"November 29, 2017",2020-12-12,1109
soriana,1394884.35,EUR,OP-101498,01/05/2023,N/A,N/A
pemex,4951588.68,USD,OP-101499,26/10/2021,N/A,N/A
banorte,6453575.13,EUR,OP-101500,"February 11, 2017",2025-04-11,2981
pemex,6952198.03,EUR,OP-101501,"November 07, 2024",N/A,N/A
banorte,6258872.27,EUR,OP-101502,16-Apr-2021,N/A,N/A
américa móvil,7204542.81,USD,OP-101503,07/05/2016,24/06/2022,2180
PEMEX,2817990.11,MXN,OP-101504,"May 15, 2016",N/A,N/A
WALMART DE MÉXICO,2946055.52,EUR,OP-101505,07-Mar-2016,27/08/2023,2729
walmart de méxico,8301242.33,USD,OP-101506,"April 02, 2025",N/A,N/A
CEMEX,4107809.67,EUR,OP-101507,01-Jun-2020,N/A,N/A
GRUPO LALA,3991700.05,USD,OP-101508,25-Nov-2016,08/05/2023,2444
BANORTE,615834.12,MXN,OP-101509,08/07/2019,N/A,N/A
américa móvil,2690840.23,EUR,OP-101510,"May 11, 2023",N/A,N/A
GRUPO CARSO,8236136.87,USD,OP-101511,17/07/2016,18-Jan-2025,3107
AMÉRICA MÓVIL,6300112.27,EUR,OP-101512,2022-05-26,N/A,N/A
grupo lala,6943832.96,USD,OP-101513,17/09/2020,N/A,N/A
BBVA MÉXICO,5845520.83,MXN,OP-101514,10/12/2021,N/A,N/A
grupo méxico,2661721.84,EUR,OP-101515,"April 06, 2021",31-Jul-2023,846
walmart de méxico,7992367.44,MXN,OP-101516,09-Apr-2022,2024-07-22,835
GRUPO MÉXICO,9730965.21,MXN,OP-101517,2019-05-04,20/06/2020,413
ALSEA,4736031.98,EUR,OP-101518,"September 19, 2024",N/A,N/A
cemex,3637995.18,MXN,OP-101519,2017-03-14,2019-10-07,937
walmart de méxico,4966425.98,EUR,OP-101520,15/10/2015,"August 20, 2023",2866
telmex,2955477.89,MXN,OP-101521,"March 18, 2020",N/A,N/A
GRUPO LALA,5808998.67,EUR,OP-101522,06-Oct-2023,N/A,N/A
TELMEX,609493.3,EUR,OP-101523,"February 05, 2021",N/A,N/A
GRUPO CARSO,8750368.21,USD,OP-101524,18-May-2022,N/A,N/A
alsea,7986609.0,USD,OP-101525,10/10/2020,N/A,N/A
BANORTE,5907299.53,EUR,OP-101526,2023-12-06,N/A,N/A
PEMEX,2480739.26,USD,OP-101527,26/05/2022,N/A,N/A
liverpool,7771070.77,EUR,OP-101528,11-Dec-2019,2020-08-07,240
LIVERPOOL,560735.62,USD,OP-101529,2020-08-11,2023-10-10,1155
femsa,5467101.46,MXN,OP-101530,"February 24, 2016",08-Apr-2022,2235
soriana,1992566.54,MXN,OP-101531,2017-05-03,2023-12-03,2405
liverpool,2518815.79,EUR,OP-101532,01/07/2017,"March 06, 2017",58
GRUPO BIMBO,1587499.61,USD,OP-101533,2021-07-26,N/A,N/A
LIVERPOOL,1916067.34,EUR,OP-101534,17-Aug-2018,N/A,N/A
liverpool,420420.15,MXN,OP-101535,24/03/2019,N/A,N/A
walmart de méxico,3679429.55,USD,OP-101536,16/05/2025,N/A,N/A
walmart de méxico,2638924.87,MXN,OP-101537,2021-12-21,N/A,N/A
cemex,8960522.86,USD,OP-101538,27-Nov-2019,04-Jul-2021,585
cemex,5660114.33,USD,OP-101539,"April 29, 2024",01-Jun-2025,398
GRUPO CARSO,8362333.89,USD,OP-101540,"May 02, 2021",N/A,N/A
cemex,8350029.29,MXN,OP-101541,"May 11, 2016",05-Jan-2021,1700
PEMEX,5421791.34,EUR,OP-101542,"December 12, 2018",28/02/2025,2270
SORIANA,7182502.39,USD,OP-101543,31/10/2020,"December 03, 2020",33
telmex,4580059.9,MXN,OP-101544,"September 30, 2018",03-Feb-2021,857
BBVA MÉXICO,504759.65,MXN,OP-101545,09-Jun-2022,"December 04, 2022",178
alsea,8917917.35,USD,OP-101546,13/01/2025,N/A,N/A
BBVA MÉXICO,2345562.02,EUR,OP-101547,"May 29, 2016","September 02, 2024",3018
BANORTE,2593915.88,EUR,OP-101548,18/05/2020,N/A,N/A
grupo méxico,7063213.09,EUR,OP-101549,19-May-2018,N/A,N/A
cemex,4145867.88,EUR,OP-101550,27/04/2022,N/A,N/A
banorte,4508342.22,USD,OP-101551,"April 05, 2019",2021-09-28,907
grupo méxico,5149851.35,USD,OP-101552,"April 18, 2021",07/07/2022,445
GRUPO LALA,2825121.96,MXN,OP-101553,09-May-2025,N/A,N/A
bbva méxico,5299549.94,MXN,OP-101554,2018-07-26,16/07/2019,355
FEMSA,4165382.58,MXN,OP-101555,"June 23, 2019",N/A,N/A
grupo carso,6863885.24,EUR,OP-101556,17/06/2024,"December 28, 2024",194
FEMSA,6087587.78,MXN,OP-101557,08-Apr-2016,26/02/2021,1785
CEMEX,6407020.15,USD,OP-101558,04-Apr-2023,N/A,N/A
américa móvil,8388489.37,EUR,OP-101559,13/01/2022,"December 29, 2024",1081
SORIANA,2221964.86,USD,OP-101560,09/04/2019,N/A,N/A
femsa,6114199.44,MXN,OP-101561,07/03/2021,N/A,N/A
walmart de méxico,9235771.96,USD,OP-101562,"April 02, 2022",N/A,N/A
telmex,1243891.44,EUR,OP-101563,31-Oct-2022,N/A,N/A
SORIANA,7220093.49,USD,OP-101564,12/03/2017,N/A,N/A
américa móvil,7182747.66,USD,OP-101565,27/07/2020,N/A,N/A
ALSEA,5603044.31,MXN,OP-101566,"August 03, 2024",N/A,N/A
telmex,9305262.04,USD,OP-101567,2019-12-08,2021-02-12,432
américa móvil,9510515.93,USD,OP-101568,18-Apr-2022,N/A,N/A
PEMEX,4752271.25,MXN,OP-101569,13-Jun-2018,08/04/2022,1513
GRUPO BIMBO,4516219.47,EUR,OP-101570,07-Mar-2025,N/A,N/A
cemex,3624592.57,MXN,OP-101571,2024-12-17,N/A,N/A
GRUPO BIMBO,7960011.21,EUR,OP-101572,2020-03-02,14/02/2021,349
grupo bimbo,2243988.86,EUR,OP-101573,2023-06-30,N/A,N/A
walmart de méxico,8491929.28,EUR,OP-101574,2017-01-02,N/A,N/A
LIVERPOOL,8973737.13,EUR,OP-101575,2020-01-07,N/A,N/A
soriana,5041492.94,EUR,OP-101576,2019-06-20,01-Mar-2020,255
SORIANA,9046114.72,EUR,OP-101577,13-Mar-2025,N/A,N/A
grupo bimbo,5816988.63,MXN,OP-101578,29-Nov-2017,25-Aug-2019,634
grupo carso,2725829.22,USD,OP-101579,"May 16, 2019",N/A,N/A
walmart de méxico,6809926.53,USD,OP-101580,28-Dec-2023,N/A,N/A
LIVERPOOL,6292268.85,USD,OP-101581,"December 14, 2024",N/A,N/A
liverpool,7427838.24,EUR,OP-101582,"December 27, 2018",23-Nov-2019,331
américa móvil,8217584.22,EUR,OP-101583,"November 21, 2023",N/A,N/A
liverpool,3670802.4,MXN,OP-101584,05/08/2021,"September 23, 2023",868
liverpool,4558929.62,MXN,OP-101585,09-Oct-2024,N/A,N/A
SORIANA,4881014.74,USD,OP-101586,21-Mar-2022,N/A,N/A
américa móvil,1918733.66,MXN,OP-101587,"November 05, 2017",N/A,N/A
banorte,6665911.81,EUR,OP-101588,2015-11-28,18/08/2022,2455
banorte,551286.1,USD,OP-101589,06-Jun-2024,N/A,N/A
PEMEX,5470442.86,USD,OP-101590,"March 31, 2023",N/A,N/A
FEMSA,8932400.03,MXN,OP-101591,26-Apr-2022,N/A,N/A
cemex,8183617.59,MXN,OP-101592,26/01/2022,2023-06-08,498
soriana,8224012.19,EUR,OP-101593,2024-05-23,N/A,N/A
ALSEA,1169765.69,USD,OP-101594,17/07/2023,N/A,N/A
BANORTE,4595356.26,MXN,OP-101595,"December 12, 2015",2016-12-31,385
BANORTE,8456575.17,EUR,OP-101596,18-Nov-2020,N/A,N/A
grupo méxico,3196340.3,EUR,OP-101597,2018-04-10,19/03/2020,709
grupo lala,2923764.6,EUR,OP-101598,08/04/2016,N/A,N/A
SORIANA,9708696.59,USD,OP-101599,"September 28, 2018",N/A,N/A
américa móvil,1750102.09,MXN,OP-101600,2023-03-19,N/A,N/A
liverpool,447937.13,USD,OP-101601,2022-02-14,N/A,N/A
alsea,530215.2,MXN,OP-101602,"February 24, 2023",N/A,N/A
soriana,9595357.06,MXN,OP-101603,20/01/2018,05/10/2018,110
BANORTE,4685450.39,USD,OP-101604,31/01/2020,19/01/2023,1084
GRUPO LALA,9229259.32,EUR,OP-101605,27-Feb-2020,27/04/2023,1155
liverpool,3928546.4,EUR,OP-101606,"November 21, 2020","December 10, 2024",1480
grupo bimbo,8493706.88,EUR,OP-101607,2019-11-09,N/A,N/A
pemex,6111041.25,USD,OP-101608,"November 03, 2016",20/09/2022,2147
PEMEX,3056012.47,EUR,OP-101609,2020-06-06,"October 30, 2024",1607
ALSEA,272399.93,MXN,OP-101610,07-May-2018,N/A,N/A
FEMSA,1359823.45,USD,OP-101611,27-Apr-2020,19/07/2024,1544
soriana,3770610.42,USD,OP-101612,"March 21, 2020","March 19, 2021",363
GRUPO BIMBO,6681418.33,MXN,OP-101613,07/06/2016,"April 18, 2021",1747
CEMEX,9925914.77,MXN,OP-101614,2020-08-26,N/A,N/A
GRUPO CARSO,3402560.77,USD,OP-101615,2015-09-03,07/04/2021,2131
banorte,282616.49,USD,OP-101616,27-Aug-2020,N/A,N/A
BANORTE,9103601.88,USD,OP-101617,27/01/2023,03-Apr-2024,432
américa móvil,3304635.53,MXN,OP-101618,12/02/2017,N/A,N/A
LIVERPOOL,9747529.7,USD,OP-101619,27/03/2021,N/A,N/A
TELMEX,4696290.04,EUR,OP-101620,26-Mar-2019,"June 24, 2024",1917
grupo bimbo,514278.34,EUR,OP-101621,"August 31, 2023",N/A,N/A
banorte,8101602.23,USD,OP-101622,15-Sep-2017,08/06/2019,690
walmart de méxico,2804697.02,MXN,OP-101623,"March 24, 2022",N/A,N/A
GRUPO BIMBO,3802065.92,MXN,OP-101624,26/06/2016,N/A,N/A
LIVERPOOL,8361340.73,USD,OP-101625,"October 30, 2016",N/A,N/A
telmex,2931474.23,MXN,OP-101626,2022-10-12,N/A,N/A
liverpool,2342155.03,EUR,OP-101627,"April 26, 2017",05/01/2017,5
grupo méxico,5682298.75,USD,OP-101628,2016-07-10,"December 18, 2021",1987
alsea,6465724.88,EUR,OP-101629,2016-09-12,N/A,N/A
GRUPO BIMBO,8079979.18,EUR,OP-101630,13-May-2021,N/A,N/A
GRUPO CARSO,1431981.42,EUR,OP-101631,2018-12-02,25-Feb-2020,450
GRUPO BIMBO,8206869.15,MXN,OP-101632,25/06/2022,"February 27, 2025",978
CEMEX,3524741.8,MXN,OP-101633,02/06/2021,2021-02-26,20
CEMEX,4614321.56,USD,OP-101634,2025-04-25,N/A,N/A
CEMEX,1965144.54,EUR,OP-101635,2020-06-11,N/A,N/A
FEMSA,2018426.06,USD,OP-101636,2020-08-24,N/A,N/A
telmex,953019.43,EUR,OP-101637,25/06/2020,N/A,N/A
LIVERPOOL,8213350.11,EUR,OP-101638,2022-10-16,25-Sep-2023,344
grupo méxico,9714549.19,MXN,OP-101639,08-Dec-2024,N/A,N/A
femsa,3627858.4,EUR,OP-101640,2017-08-09,"August 16, 2019",737
telmex,3019315.82,EUR,OP-101641,31/07/2016,21/04/2021,1725
cemex,1903881.9,USD,OP-101642,2016-12-15,06-Feb-2025,2975
GRUPO MÉXICO,359739.43,EUR,OP-101643,18/01/2023,N/A,N/A
alsea,8587383.81,MXN,OP-101644,2019-05-10,N/A,N/A
FEMSA,9404715.26,EUR,OP-101645,01/12/2022,20-Jul-2023,554
telmex,8241710.34,EUR,OP-101646,13/10/2017,02/07/2019,482
TELMEX,8476255.27,USD,OP-101647,26-Jul-2018,2024-04-14,2089
TELMEX,5300823.72,MXN,OP-101648,21/11/2024,N/A,N/A
GRUPO LALA,5153211.04,EUR,OP-101649,13/08/2020,N/A,N/A
GRUPO BIMBO,9165332.12,MXN,OP-101650,01/01/2017,10-Feb-2020,1135
femsa,7169017.54,USD,OP-101651,29/02/2016,2018-05-24,815
grupo bimbo,9601762.61,MXN,OP-101652,22-Nov-2022,N/A,N/A
alsea,5439297.95,USD,OP-101653,04/05/2019,N/A,N/A
GRUPO MÉXICO,7469950.79,MXN,OP-101654,"September 04, 2019","March 07, 2022",915
GRUPO BIMBO,5787234.66,MXN,OP-101655,01-Feb-2024,N/A,N/A
grupo lala,2444922.41,USD,OP-101656,05/01/2020,N/A,N/A
walmart de méxico,2292627.84,USD,OP-101657,2018-01-26,15-Dec-2021,1419
GRUPO LALA,2098054.71,USD,OP-101658,"February 07, 2022",N/A,N/A
GRUPO BIMBO,5791099.27,EUR,OP-101659,"September 17, 2015",N/A,N/A
AMÉRICA MÓVIL,2850140.91,EUR,OP-101660,2021-03-18,20/04/2025,1494
GRUPO LALA,5478942.34,EUR,OP-101661,"July 31, 2025",N/A,N/A
alsea,6889752.81,USD,OP-101662,24/09/2021,"November 05, 2021",42
bbva méxico,8842501.52,MXN,OP-101663,2022-01-20,N/A,N/A
cemex,6733749.27,EUR,OP-101664,04/02/2016,N/A,N/A
GRUPO CARSO,6287990.71,MXN,OP-101665,13/08/2017,N/A,N/A
GRUPO CARSO,9831470.05,EUR,OP-101666,15-Apr-2019,N/A,N/A
GRUPO LALA,5192125.37,EUR,OP-101667,13-Nov-2015,N/A,N/A
LIVERPOOL,7541248.41,USD,OP-101668,18/03/2020,N/A,N/A
soriana,2135796.45,EUR,OP-101669,2018-05-17,N/A,N/A
pemex,5693281.04,MXN,OP-101670,03/03/2017,2020-08-15,1261
walmart de méxico,7573232.32,MXN,OP-101671,"March 09, 2025",N/A,N/A
BANORTE,9367578.38,USD,OP-101672,"October 15, 2023",N/A,N/A
américa móvil,4305223.65,MXN,OP-101673,29/05/2020,10-Jul-2022,772
CEMEX,1931982.76,USD,OP-101674,27-May-2021,N/A,N/A
BBVA MÉXICO,9828637.62,EUR,OP-101675,10-Nov-2023,N/A,N/A
walmart de méxico,8195299.67,MXN,OP-101676,25/07/2017,20/07/2020,1091
GRUPO LALA,4690873.37,EUR,OP-101677,"December 31, 2019",23/07/2023,1300
GRUPO CARSO,1057600.59,EUR,OP-101678,2017-01-18,"January 25, 2021",1468
grupo carso,8762196.13,EUR,OP-101679,2022-03-31,N/A,N/A
grupo lala,7961844.0,EUR,OP-101680,23-Feb-2018,08/02/2019,525
grupo carso,9532926.83,EUR,OP-101681,2017-03-04,"August 05, 2025",3076
FEMSA,7594262.26,EUR,OP-101682,2016-02-12,N/A,N/A
LIVERPOOL,2859262.57,MXN,OP-101683,27/12/2020,"March 20, 2023",813
GRUPO MÉXICO,471863.07,MXN,OP-101684,08-Dec-2015,N/A,N/A
grupo méxico,2412579.25,USD,OP-101685,13-Jan-2025,N/A,N/A
walmart de méxico,7046922.45,USD,OP-101686,2017-12-20,2023-01-18,1855
liverpool,7448043.05,USD,OP-101687,2025-03-01,N/A,N/A
GRUPO LALA,2152522.11,MXN,OP-101688,2020-09-06,N/A,N/A
grupo carso,1570352.88,EUR,OP-101689,29/04/2022,N/A,N/A
SORIANA,7900076.33,MXN,OP-101690,2020-10-15,N/A,N/A
GRUPO MÉXICO,6731081.58,USD,OP-101691,"July 28, 2016",N/A,N/A
liverpool,1579295.76,MXN,OP-101692,"August 08, 2025",N/A,N/A
alsea,166995.63,USD,OP-101693,2016-02-09,"December 26, 2021",2147
PEMEX,5379672.77,USD,OP-101694,25-Mar-2025,N/A,N/A
liverpool,5380737.98,MXN,OP-101695,"September 16, 2018","October 12, 2021",1122
pemex,2150330.64,USD,OP-101696,2019-02-21,N/A,N/A
alsea,5165973.49,MXN,OP-101697,19-Apr-2023,N/A,N/A
PEMEX,5920104.87,EUR,OP-101698,27/07/2016,N/A,N/A
alsea,5469897.94,EUR,OP-101699,2016-10-18,2021-06-10,1696
ALSEA,793982.01,MXN,OP-101700,03-Nov-2021,N/A,N/A
banorte,1358493.33,USD,OP-101701,2023-10-14,N/A,N/A
LIVERPOOL,7956792.42,MXN,OP-101702,23-May-2020,N/A,N/A
pemex,7055471.57,EUR,OP-101703,2020-09-24,N/A,N/A
américa móvil,1749841.48,USD,OP-101704,2018-07-11,N/A,N/A
alsea,2792148.32,USD,OP-101705,28-Mar-2025,N/A,N/A
américa móvil,7533102.21,EUR,OP-101706,2024-03-09,N/A,N/A
telmex,5752756.18,EUR,OP-101707,22/02/2023,N/A,N/A
grupo bimbo,458707.41,USD,OP-101708,2025-01-02,N/A,N/A
liverpool,8217024.35,USD,OP-101709,2018-12-06,N/A,N/A
alsea,616254.21,EUR,OP-101710,25/08/2020,N/A,N/A
GRUPO LALA,4856855.29,USD,OP-101711,"July 13, 2018",N/A,N/A
LIVERPOOL,6551919.86,MXN,OP-101712,"October 16, 2018",31/01/2019,107
AMÉRICA MÓVIL,251258.24,MXN,OP-101713,2020-08-18,N/A,N/A
BANORTE,9731699.19,EUR,OP-101714,"December 15, 2022",N/A,N/A
TELMEX,8161888.14,MXN,OP-101715,27-Apr-2020,N/A,N/A
américa móvil,251330.43,MXN,OP-101716,27-Aug-2020,"September 04, 2021",373
grupo carso,5220234.77,MXN,OP-101717,2016-03-22,N/A,N/A
GRUPO MÉXICO,8765276.5,EUR,OP-101718,24-Sep-2019,05-Aug-2020,316
soriana,5080430.5,USD,OP-101719,2017-09-15,"July 15, 2021",1399
GRUPO CARSO,1748194.98,USD,OP-101720,20/01/2016,09/09/2018,963
LIVERPOOL,7926376.28,MXN,OP-101721,18-Oct-2015,03/02/2022,2327
GRUPO MÉXICO,778978.27,MXN,OP-101722,"March 02, 2020",12/08/2023,1376
soriana,6101797.65,EUR,OP-101723,23-Nov-2016,"July 01, 2022",2046
WALMART DE MÉXICO,4054407.26,USD,OP-101724,09/03/2024,N/A,N/A
PEMEX,836438.84,EUR,OP-101725,"April 22, 2025",N/A,N/A
AMÉRICA MÓVIL,3603533.35,EUR,OP-101726,2022-11-09,N/A,N/A
grupo méxico,7719109.48,USD,OP-101727,"March 11, 2020","April 05, 2023",1120
GRUPO MÉXICO,2590700.99,MXN,OP-101728,07-Dec-2021,N/A,N/A
cemex,1945937.53,EUR,OP-101729,21-Mar-2020,N/A,N/A
FEMSA,4220874.19,EUR,OP-101730,30-Jul-2022,N/A,N/A
walmart de méxico,7832654.71,USD,OP-101731,"December 15, 2018","May 24, 2024",1987
américa móvil,8662288.06,USD,OP-101732,22/04/2023,N/A,N/A
américa móvil,1223048.9,USD,OP-101733,"May 25, 2018","July 02, 2018",38
LIVERPOOL,9023309.69,MXN,OP-101734,2024-07-01,N/A,N/A
TELMEX,9128559.84,EUR,OP-101735,29/08/2016,04/08/2018,587
ALSEA,601576.26,USD,OP-101736,2019-09-02,N/A,N/A
GRUPO MÉXICO,934241.62,EUR,OP-101737,28-Nov-2019,N/A,N/A
pemex,2660792.47,MXN,OP-101738,29-Jul-2018,23-Jul-2022,1455
grupo lala,5275822.41,USD,OP-101739,2016-03-20,"July 23, 2021",1951
alsea,748277.85,EUR,OP-101740,22/02/2021,2023-03-20,756
CEMEX,3471395.33,EUR,OP-101741,"May 02, 2025",N/A,N/A
CEMEX,9615670.79,USD,OP-101742,18/09/2020,2022-09-13,725
CEMEX,5271612.56,MXN,OP-101743,15-Dec-2021,N/A,N/A
PEMEX,7551420.22,USD,OP-101744,2021-08-05,"October 03, 2023",789
LIVERPOOL,1007369.91,EUR,OP-101745,"December 29, 2019","March 17, 2025",1905
SORIANA,3735519.29,EUR,OP-101746,09/04/2017,20-Jan-2022,1599
banorte,2791698.38,USD,OP-101747,04/12/2017,N/A,N/A
bbva méxico,8269954.1,EUR,OP-101748,03/02/2020,2020-05-14,73
GRUPO LALA,1403984.73,EUR,OP-101749,07-Nov-2021,N/A,N/A
liverpool,3940843.81,USD,OP-101750,"May 17, 2016",05-Oct-2017,506
liverpool,4156959.52,MXN,OP-101751,23/09/2018,N/A,N/A
walmart de méxico,1398787.76,USD,OP-101752,02/01/2019,"February 26, 2021",756
américa móvil,8048274.5,EUR,OP-101753,15/11/2019,N/A,N/A
GRUPO BIMBO,2928064.5,EUR,OP-101754,2020-08-11,N/A,N/A
AMÉRICA MÓVIL,573947.01,USD,OP-101755,2018-08-12,22/09/2020,772
TELMEX,368560.45,USD,OP-101756,03/09/2023,N/A,N/A
grupo lala,8502564.55,EUR,OP-101757,28/02/2025,N/A,N/A
américa móvil,6708378.64,USD,OP-101758,01/10/2024,N/A,N/A
soriana,8540090.35,EUR,OP-101759,18-Aug-2021,20-Feb-2022,186
BBVA MÉXICO,2085768.53,EUR,OP-101760,"March 05, 2019","March 17, 2019",12
GRUPO CARSO,1236021.18,EUR,OP-101761,2018-09-14,2021-04-06,935
américa móvil,4559910.23,MXN,OP-101762,2019-04-08,N/A,N/A
liverpool,9928558.99,MXN,OP-101763,05/10/2018,N/A,N/A
pemex,3142192.16,USD,OP-101764,30/01/2023,05/03/2023,93
SORIANA,4025131.99,EUR,OP-101765,"May 14, 2023",N/A,N/A
PEMEX,4912078.96,MXN,OP-101766,2023-07-12,N/A,N/A
banorte,2718637.24,EUR,OP-101767,30-Jan-2017,2024-06-08,2686
grupo méxico,8289353.05,MXN,OP-101768,06-Jan-2016,2018-10-02,1000
walmart de méxico,9627085.54,USD,OP-101769,28-Mar-2017,01/04/2019,647
grupo bimbo,5883491.07,MXN,OP-101770,27/04/2020,N/A,N/A
grupo bimbo,8570765.9,MXN,OP-101771,"March 10, 2023",N/A,N/A
walmart de méxico,8063997.18,EUR,OP-101772,12-Nov-2024,N/A,N/A
GRUPO BIMBO,9319391.48,MXN,OP-101773,"November 01, 2023",N/A,N/A
américa móvil,4434165.34,MXN,OP-101774,20/03/2022,N/A,N/A
banorte,8274379.82,MXN,OP-101775,2023-05-23,17-Apr-2025,695
telmex,1197272.1,MXN,OP-101776,"March 19, 2016",09/11/2018,906
liverpool,1546345.97,USD,OP-101777,23-Aug-2018,11/11/2023,1906
pemex,6012817.47,EUR,OP-101778,"December 19, 2016",26-Sep-2020,1377
bbva méxico,9025659.86,MXN,OP-101779,17/12/2024,N/A,N/A
grupo bimbo,3193604.3,USD,OP-101780,14/05/2019,N/A,N/A
cemex,8124727.41,EUR,OP-101781,13-Mar-2025,N/A,N/A
AMÉRICA MÓVIL,2275310.22,MXN,OP-101782,"October 29, 2023",N/A,N/A
WALMART DE MÉXICO,5890561.21,MXN,OP-101783,"June 05, 2016","May 04, 2025",3255
banorte,5089267.5,MXN,OP-101784,26/02/2025,N/A,N/A
grupo bimbo,9118561.81,MXN,OP-101785,"April 07, 2021",05/01/2024,1120
GRUPO BIMBO,1828899.14,MXN,OP-101786,"October 20, 2024",N/A,N/A
soriana,251276.14,MXN,OP-101787,"April 23, 2017",01/10/2021,1358
PEMEX,9221332.15,USD,OP-101788,22/08/2017,N/A,N/A
walmart de méxico,9316751.33,USD,OP-101789,2018-11-16,"March 24, 2025",2320
grupo lala,8026756.74,MXN,OP-101790,2020-05-05,29/06/2025,1881
grupo carso,8503551.05,USD,OP-101791,06-Nov-2021,N/A,N/A
liverpool,9655658.15,USD,OP-101792,26/12/2016,02-Mar-2022,1892
walmart de méxico,2286417.93,EUR,OP-101793,"March 14, 2025",N/A,N/A
LIVERPOOL,7786144.56,EUR,OP-101794,04-Jan-2016,10/05/2017,640
GRUPO BIMBO,4003094.68,EUR,OP-101795,"March 20, 2020",N/A,N/A
walmart de méxico,6363029.14,USD,OP-101796,28-May-2016,N/A,N/A
FEMSA,3625435.35,USD,OP-101797,19-Dec-2016,N/A,N/A
SORIANA,5878224.24,MXN,OP-101798,17-Nov-2023,N/A,N/A
AMÉRICA MÓVIL,4380866.45,USD,OP-101799,"October 20, 2023",09/10/2024,326
alsea,8668020.64,MXN,OP-101800,"March 30, 2020",N/A,N/A
WALMART DE MÉXICO,6345280.64,USD,OP-101801,01-Jul-2024,N/A,N/A
grupo bimbo,4308180.27,MXN,OP-101802,15-Nov-2022,"December 29, 2023",409
walmart de méxico,710931.62,USD,OP-101803,2019-12-06,2023-06-13,1285
américa móvil,8622829.74,MXN,OP-101804,19/10/2015,07-Jun-2024,3154
grupo méxico,1559775.89,EUR,OP-101805,"October 17, 2024",N/A,N/A
pemex,4491802.77,EUR,OP-101806,"August 06, 2017",23/06/2019,686
GRUPO BIMBO,8873457.02,EUR,OP-101807,18/08/2021,N/A,N/A
grupo lala,8769284.57,USD,OP-101808,14/05/2023,N/A,N/A
liverpool,4994299.98,MXN,OP-101809,02-Jan-2021,N/A,N/A
PEMEX,1381628.01,MXN,OP-101810,"May 01, 2024",N/A,N/A
ALSEA,1958801.81,USD,OP-101811,22/08/2020,2025-07-02,1775
bbva méxico,8000450.6,MXN,OP-101812,16/09/2023,N/A,N/A
grupo bimbo,8863478.09,EUR,OP-101813,15/12/2020,N/A,N/A
GRUPO LALA,263091.57,USD,OP-101814,12-Jul-2018,N/A,N/A
banorte,4582663.88,USD,OP-101815,28/02/2020,29-Jun-2022,852
pemex,9592078.21,MXN,OP-101816,08/02/2018,18/08/2023,1842
BANORTE,633046.18,USD,OP-101817,31/05/2017,27-Sep-2017,119
soriana,794527.04,EUR,OP-101818,"May 15, 2016","November 12, 2018",911
WALMART DE MÉXICO,5099423.27,EUR,OP-101819,31-Aug-2020,N/A,N/A
cemex,4623020.58,EUR,OP-101820,"February 03, 2024",N/A,N/A
GRUPO CARSO,2533813.59,USD,OP-101821,"October 18, 2022",N/A,N/A
américa móvil,4098081.75,USD,OP-101822,"October 06, 2016",12/09/2018,794
BBVA MÉXICO,1242872.91,MXN,OP-101823,06/04/2022,2024-04-17,683
femsa,1600776.83,EUR,OP-101824,25/03/2022,N/A,N/A
SORIANA,5334117.99,MXN,OP-101825,"September 11, 2018","May 16, 2021",978
ALSEA,6427685.66,EUR,OP-101826,27-Jan-2021,N/A,N/A
GRUPO BIMBO,1504384.05,USD,OP-101827,13/05/2017,"September 23, 2020",1229
femsa,9404136.46,MXN,OP-101828,18-Jul-2021,N/A,N/A
AMÉRICA MÓVIL,1252042.1,MXN,OP-101829,2017-03-14,2019-08-18,887
bbva méxico,2182341.0,EUR,OP-101830,"April 16, 2024",N/A,N/A
bbva méxico,1560102.14,EUR,OP-101831,"August 26, 2023",N/A,N/A
WALMART DE MÉXICO,9227931.38,EUR,OP-101832,20/06/2017,N/A,N/A
BBVA MÉXICO,5751697.56,EUR,OP-101833,16/07/2019,N/A,N/A
grupo bimbo,7398085.81,USD,OP-101834,08/11/2020,N/A,N/A
BBVA MÉXICO,225886.58,USD,OP-101835,08-Mar-2024,N/A,N/A
pemex,2370325.4,MXN,OP-101836,"June 21, 2021",2022-06-29,373
GRUPO LALA,4251347.63,USD,OP-101837,08/02/2024,N/A,N/A
WALMART DE MÉXICO,6260341.82,MXN,OP-101838,2024-11-25,N/A,N/A
BBVA MÉXICO,7244825.1,USD,OP-101839,2025-03-27,N/A,N/A
grupo méxico,9493010.74,MXN,OP-101840,04-Aug-2019,03-Nov-2019,91
grupo bimbo,6994028.47,USD,OP-101841,01-May-2020,N/A,N/A
FEMSA,850344.92,USD,OP-101842,18/07/2019,N/A,N/A
grupo bimbo,6979104.28,MXN,OP-101843,2017-11-16,2020-07-28,985
liverpool,3442580.68,MXN,OP-101844,"December 23, 2023",N/A,N/A
TELMEX,6509522.71,USD,OP-101845,"July 01, 2024",N/A,N/A
GRUPO LALA,8484894.35,MXN,OP-101846,03/02/2016,17-Jun-2016,107
américa móvil,9673016.69,MXN,OP-101847,"July 23, 2019","December 03, 2022",1229
banorte,4280429.87,MXN,OP-101848,2017-12-07,04/10/2021,1220
FEMSA,5972605.26,USD,OP-101849,2021-10-21,N/A,N/A
CEMEX,9342193.19,EUR,OP-101850,08/05/2022,N/A,N/A
PEMEX,7355866.21,MXN,OP-101851,2024-08-06,N/A,N/A
femsa,9337318.39,MXN,OP-101852,2024-03-16,N/A,N/A
WALMART DE MÉXICO,4848356.64,EUR,OP-101853,14-Nov-2018,08-Dec-2018,24
grupo lala,3877657.12,EUR,OP-101854,"June 11, 2024",N/A,N/A
GRUPO BIMBO,4519720.4,MXN,OP-101855,"May 29, 2017",02-Apr-2021,1404
grupo méxico,6794587.4,USD,OP-101856,2025-04-23,N/A,N/A
grupo méxico,7256316.82,USD,OP-101857,"November 14, 2019",2019-12-25,41
BANORTE,660586.66,USD,OP-101858,26-Jun-2025,N/A,N/A
américa móvil,6375325.31,MXN,OP-101859,2016-11-19,N/A,N/A
ALSEA,1404678.66,EUR,OP-101860,"February 03, 2021",N/A,N/A
WALMART DE MÉXICO,8911980.5,MXN,OP-101861,18-Mar-2022,N/A,N/A
FEMSA,9443690.79,USD,OP-101862,10-May-2023,N/A,N/A
PEMEX,8438631.88,MXN,OP-101863,2025-02-19,N/A,N/A
liverpool,5797146.22,MXN,OP-101864,31-Jan-2018,2019-09-25,602
américa móvil,9513088.33,MXN,OP-101865,"June 17, 2018",N/A,N/A
AMÉRICA MÓVIL,5950473.79,MXN,OP-101866,01-Dec-2017,N/A,N/A
telmex,9808729.89,EUR,OP-101867,18/10/2024,N/A,N/A
grupo lala,5918284.35,EUR,OP-101868,2019-10-22,"April 08, 2025",1995
pemex,7241550.91,USD,OP-101869,15/05/2023,2024-01-28,258
telmex,5855057.21,EUR,OP-101870,2019-04-11,N/A,N/A
walmart de méxico,5869232.9,EUR,OP-101871,15-Aug-2018,N/A,N/A
BANORTE,6983584.07,USD,OP-101872,"January 20, 2019",N/A,N/A
BBVA MÉXICO,6341499.65,MXN,OP-101873,24-Feb-2022,N/A,N/A
banorte,6721383.2,USD,OP-101874,"September 16, 2024",N/A,N/A
soriana,8560001.86,USD,OP-101875,05-Jun-2016,N/A,N/A
GRUPO MÉXICO,1091112.13,EUR,OP-101876,"March 14, 2020",N/A,N/A
TELMEX,9617520.78,MXN,OP-101877,"February 16, 2023",N/A,N/A
walmart de méxico,8494028.39,MXN,OP-101878,05/01/2017,"September 24, 2022",1972
américa móvil,9720656.54,USD,OP-101879,"July 31, 2021","August 14, 2023",744
SORIANA,3841358.74,MXN,OP-101880,17-Jun-2020,N/A,N/A
GRUPO LALA,6730054.93,USD,OP-101881,"March 10, 2021","May 09, 2024",1156
bbva méxico,251121.57,MXN,OP-101882,30/07/2017,N/A,N/A
FEMSA,4495264.82,EUR,OP-101883,05-Jul-2016,N/A,N/A
femsa,4365144.43,EUR,OP-101884,02-Nov-2018,29/08/2019,300
banorte,2402790.12,EUR,OP-101885,21/09/2022,N/A,N/A
grupo lala,4514215.67,MXN,OP-101886,21-Feb-2025,N/A,N/A
liverpool,4490314.25,MXN,OP-101887,13/11/2023,N/A,N/A
alsea,2993922.99,EUR,OP-101888,"September 04, 2024",N/A,N/A
walmart de méxico,424971.46,USD,OP-101889,12/01/2025,N/A,N/A
telmex,4837470.87,USD,OP-101890,2020-10-08,N/A,N/A
cemex,204909.77,EUR,OP-101891,"June 11, 2017","May 06, 2024",2521
grupo méxico,6766512.43,MXN,OP-101892,2016-03-29,"December 02, 2018",978
SORIANA,9650925.05,USD,OP-101893,28-Aug-2023,N/A,N/A
banorte,8481794.3,USD,OP-101894,28-May-2021,03/12/2024,1019
AMÉRICA MÓVIL,660449.43,USD,OP-101895,07-Jul-2018,N/A,N/A
cemex,5577793.82,MXN,OP-101896,20/06/2021,"October 09, 2021",111
GRUPO BIMBO,263690.19,MXN,OP-101897,"October 08, 2016",N/A,N/A
CEMEX,6476832.09,USD,OP-101898,2022-10-04,N/A,N/A
GRUPO BIMBO,8040711.8,MXN,OP-101899,13-Dec-2018,14-Sep-2023,1736
femsa,3904941.72,EUR,OP-101900,17-May-2019,16/12/2023,1674
BANORTE,7336365.57,MXN,OP-101901,2021-02-21,N/A,N/A
grupo lala,1610563.7,MXN,OP-101902,2023-01-11,N/A,N/A
PEMEX,5679115.96,USD,OP-101903,08-Apr-2018,N/A,N/A
BBVA MÉXICO,3489810.18,EUR,OP-101904,24/06/2022,N/A,N/A
bbva méxico,4086253.68,USD,OP-101905,2022-12-05,N/A,N/A
femsa,1223741.7,MXN,OP-101906,16/08/2020,N/A,N/A
grupo carso,1952386.98,USD,OP-101907,2021-06-26,N/A,N/A
grupo carso,6224942.81,USD,OP-101908,"January 01, 2018",N/A,N/A
BANORTE,445972.99,MXN,OP-101909,17-Nov-2016,N/A,N/A
cemex,3866099.32,EUR,OP-101910,31/03/2024,N/A,N/A
CEMEX,8391961.1,USD,OP-101911,08/04/2017,06/06/2021,1402
pemex,9816192.18,MXN,OP-101912,09-Mar-2023,N/A,N/A
grupo bimbo,1779255.07,EUR,OP-101913,2024-09-19,N/A,N/A
cemex,3154285.9,USD,OP-101914,"September 24, 2024",N/A,N/A
ALSEA,741171.74,EUR,OP-101915,01/11/2024,24-Jul-2025,560
femsa,7351388.01,EUR,OP-101916,2018-07-21,N/A,N/A
FEMSA,9910375.06,EUR,OP-101917,2020-12-18,N/A,N/A
alsea,2085836.91,MXN,OP-101918,22/11/2019,N/A,N/A
CEMEX,7721992.62,EUR,OP-101919,2017-07-04,13-Feb-2018,224
GRUPO MÉXICO,5973482.14,EUR,OP-101920,2018-08-03,N/A,N/A
AMÉRICA MÓVIL,1117862.53,EUR,OP-101921,13-Dec-2018,16/05/2021,885
bbva méxico,5604020.81,EUR,OP-101922,04-May-2017,11-Jul-2022,1894
PEMEX,8356898.81,USD,OP-101923,"February 03, 2019",06-Sep-2022,1311
telmex,2810158.89,EUR,OP-101924,"February 26, 2019",N/A,N/A
alsea,280871.12,EUR,OP-101925,15/02/2020,16-Jun-2025,1948
GRUPO BIMBO,9792886.27,USD,OP-101926,2024-11-26,N/A,N/A
grupo bimbo,221448.1,USD,OP-101927,"January 02, 2021",2024-02-09,1133
WALMART DE MÉXICO,2369946.51,EUR,OP-101928,19-May-2020,N/A,N/A
BANORTE,765181.81,MXN,OP-101929,09/10/2023,N/A,N/A
AMÉRICA MÓVIL,6543914.12,USD,OP-101930,15-Feb-2018,N/A,N/A
AMÉRICA MÓVIL,8782254.14,MXN,OP-101931,14-May-2024,N/A,N/A
américa móvil,4032163.81,EUR,OP-101932,28/09/2016,2021-09-04,1802
PEMEX,678319.89,MXN,OP-101933,"December 05, 2018","May 19, 2020",531
soriana,2500238.57,USD,OP-101934,2019-02-27,N/A,N/A
GRUPO LALA,4453118.41,MXN,OP-101935,2017-01-21,02/02/2024,2568
grupo bimbo,4120127.12,EUR,OP-101936,22/03/2018,2019-04-20,394
liverpool,6128199.38,MXN,OP-101937,"April 25, 2022","February 28, 2024",674
grupo lala,3327865.27,EUR,OP-101938,18/03/2016,2016-04-18,31
soriana,9725717.29,MXN,OP-101939,"October 11, 2019",N/A,N/A
femsa,2204528.69,MXN,OP-101940,29-Jul-2021,N/A,N/A
cemex,9715514.72,EUR,OP-101941,2017-05-05,N/A,N/A
TELMEX,1243855.03,EUR,OP-101942,"October 13, 2021","October 14, 2023",731
américa móvil,1232012.94,USD,OP-101943,02-Mar-2025,N/A,N/A
liverpool,787646.42,EUR,OP-101944,2021-03-27,N/A,N/A
BANORTE,2425374.79,MXN,OP-101945,2016-05-15,"January 01, 2022",2057
pemex,8372841.87,EUR,OP-101946,24-Jun-2017,2024-10-02,2657
TELMEX,4342281.26,USD,OP-101947,01-Jan-2016,09-Apr-2025,3386
walmart de méxico,6199295.8,EUR,OP-101948,17-Jul-2020,N/A,N/A
AMÉRICA MÓVIL,4398944.99,EUR,OP-101949,2016-10-27,2018-11-04,738
TELMEX,6102870.05,EUR,OP-101950,20/02/2024,N/A,N/A
ALSEA,7029388.56,MXN,OP-101951,17/12/2017,N/A,N/A
LIVERPOOL,9371688.92,EUR,OP-101952,"February 16, 2023",N/A,N/A
liverpool,7106388.17,USD,OP-101953,03/08/2017,N/A,N/A
CEMEX,7986666.77,MXN,OP-101954,14/07/2023,N/A,N/A
bbva méxico,437540.09,EUR,OP-101955,2019-12-29,N/A,N/A
banorte,3507744.77,MXN,OP-101956,"June 13, 2021",N/A,N/A
grupo méxico,5621002.72,EUR,OP-101957,09-Feb-2016,2017-05-28,474
LIVERPOOL,2817229.72,USD,OP-101958,10-Nov-2020,N/A,N/A
WALMART DE MÉXICO,9773341.85,USD,OP-101959,27/01/2019,N/A,N/A
BANORTE,316628.12,USD,OP-101960,"February 19, 2018","November 11, 2023",2091
LIVERPOOL,9835859.28,USD,OP-101961,06/08/2017,N/A,N/A
grupo méxico,7024353.58,EUR,OP-101962,2025-06-17,N/A,N/A
SORIANA,9816646.22,EUR,OP-101963,21-Mar-2024,N/A,N/A
LIVERPOOL,8213299.25,EUR,OP-101964,2025-01-28,N/A,N/A
grupo lala,6404760.16,EUR,OP-101965,2020-05-19,N/A,N/A
WALMART DE MÉXICO,1456005.14,EUR,OP-101966,01-Sep-2016,"March 15, 2023",2386
AMÉRICA MÓVIL,9517715.85,USD,OP-101967,"January 20, 2023",N/A,N/A
liverpool,7104746.73,EUR,OP-101968,"November 27, 2020",N/A,N/A
telmex,7600065.32,USD,OP-101969,04-Nov-2022,N/A,N/A
telmex,1637258.77,USD,OP-101970,26-Mar-2021,N/A,N/A
alsea,4440406.24,EUR,OP-101971,22/09/2023,21/10/2023,29
telmex,7193604.29,MXN,OP-101972,11/06/2017,20/03/2018,134
PEMEX,2615371.59,EUR,OP-101973,"June 29, 2021",N/A,N/A
américa móvil,6762972.93,USD,OP-101974,11-Jul-2018,N/A,N/A
GRUPO MÉXICO,4058287.56,EUR,OP-101975,"May 29, 2020",N/A,N/A
GRUPO MÉXICO,1516169.93,MXN,OP-101976,"February 03, 2018",N/A,N/A
pemex,6265577.61,EUR,OP-101977,"November 03, 2019",N/A,N/A
pemex,2501715.44,MXN,OP-101978,21/08/2020,N/A,N/A
BANORTE,5022868.69,USD,OP-101979,"September 27, 2022",N/A,N/A
GRUPO MÉXICO,8937299.76,MXN,OP-101980,"December 12, 2015",N/A,N/A
cemex,1107052.39,EUR,OP-101981,28/03/2023,N/A,N/A
FEMSA,9441654.62,USD,OP-101982,"December 24, 2017","January 23, 2024",2221
telmex,3421439.75,USD,OP-101983,2018-06-07,2020-05-22,715
GRUPO LALA,5689251.69,EUR,OP-101984,2021-07-25,N/A,N/A
américa móvil,7076475.84,USD,OP-101985,2019-05-29,N/A,N/A
bbva méxico,5553316.7,USD,OP-101986,"September 01, 2015",03/07/2016,188
grupo lala,4603965.88,EUR,OP-101987,08-Sep-2021,05-Mar-2025,1274
LIVERPOOL,7474888.31,MXN,OP-101988,2019-04-10,09-Oct-2024,2009
TELMEX,7157226.9,MXN,OP-101989,2020-05-07,N/A,N/A
femsa,7696685.41,USD,OP-101990,2021-07-11,N/A,N/A
liverpool,1972988.15,USD,OP-101991,27-Sep-2015,"February 18, 2024",3066
GRUPO CARSO,2287615.91,EUR,OP-101992,13/06/2025,N/A,N/A
femsa,8703506.61,USD,OP-101993,29/01/2025,N/A,N/A
GRUPO LALA,5330525.41,USD,OP-101994,19-Jul-2024,N/A,N/A
GRUPO MÉXICO,5402242.72,MXN,OP-101995,01/09/2015,"March 09, 2016",425
AMÉRICA MÓVIL,5879215.28,USD,OP-101996,2021-02-20,N/A,N/A
grupo bimbo,1783371.38,EUR,OP-101997,05-Sep-2022,N/A,N/A
pemex,4603088.2,MXN,OP-101998,26-Aug-2022,N/A,N/A
FEMSA,6501242.01,USD,OP-101999,07-Jan-2018,25-Dec-2018,352
CEMEX,7844672.0,USD,OP-102000,2023-09-27,22/06/2024,269
grupo bimbo,1624762.85,USD,OP-102001,29-Jun-2023,N/A,N/A
GRUPO LALA,7573754.48,EUR,OP-102002,"April 19, 2019",02-Mar-2023,1413
grupo carso,5200149.55,MXN,OP-102003,24-Mar-2024,N/A,N/A
alsea,5526986.81,EUR,OP-102004,08-Jan-2021,N/A,N/A
BBVA MÉXICO,4328952.76,MXN,OP-102005,12/02/2023,"June 12, 2025",558
CEMEX,4620648.82,EUR,OP-102006,"October 11, 2018",N/A,N/A
FEMSA,4212913.51,USD,OP-102007,"December 09, 2018",23/03/2020,470
WALMART DE MÉXICO,712444.85,EUR,OP-102008,"March 05, 2017",06-Jul-2021,1584
FEMSA,7647066.17,MXN,OP-102009,"August 25, 2024",N/A,N/A
TELMEX,597255.93,EUR,OP-102010,2022-07-08,N/A,N/A
SORIANA,6339084.64,USD,OP-102011,"April 22, 2021","September 01, 2022",497
grupo carso,1979406.18,USD,OP-102012,2019-11-14,"April 24, 2023",1257
FEMSA,3516415.8,MXN,OP-102013,2016-03-29,N/A,N/A
grupo lala,8972519.08,MXN,OP-102014,18/12/2022,N/A,N/A
américa móvil,8741727.54,USD,OP-102015,17-Sep-2021,N/A,N/A
grupo méxico,1753706.32,EUR,OP-102016,"June 01, 2025",N/A,N/A
GRUPO CARSO,8313722.78,USD,OP-102017,2025-02-17,N/A,N/A
GRUPO BIMBO,7018566.5,USD,OP-102018,07-Jun-2019,N/A,N/A
walmart de méxico,6856517.59,EUR,OP-102019,"February 08, 2023",N/A,N/A
BANORTE,9734619.75,MXN,OP-102020,2025-08-09,N/A,N/A
WALMART DE MÉXICO,5330020.15,EUR,OP-102021,"November 04, 2019",2021-03-23,505
BANORTE,8947210.43,USD,OP-102022,"June 21, 2023",N/A,N/A
ALSEA,6821504.24,EUR,OP-102023,02-Dec-2024,N/A,N/A
grupo lala,2351223.95,MXN,OP-102024,2015-11-29,N/A,N/A
américa móvil,9526700.13,EUR,OP-102025,03-Jul-2019,N/A,N/A
américa móvil,9201970.4,MXN,OP-102026,24/02/2018,N/A,N/A
soriana,214782.24,USD,OP-102027,"June 03, 2020",2021-10-04,488
bbva méxico,4978591.38,EUR,OP-102028,22/07/2019,"March 04, 2022",956
soriana,2635788.4,MXN,OP-102029,23/11/2021,N/A,N/A
FEMSA,5471063.68,USD,OP-102030,"January 04, 2019",10/05/2021,1005
bbva méxico,942392.75,USD,OP-102031,"June 01, 2021",N/A,N/A
CEMEX,3013446.59,EUR,OP-102032,"December 10, 2020",N/A,N/A
soriana,8101013.66,EUR,OP-102033,2020-11-16,N/A,N/A
femsa,2211448.38,USD,OP-102034,2020-01-24,N/A,N/A
pemex,678594.88,MXN,OP-102035,19/03/2024,N/A,N/A
BBVA MÉXICO,8522454.63,MXN,OP-102036,"April 02, 2019",N/A,N/A
WALMART DE MÉXICO,2718285.47,MXN,OP-102037,"March 06, 2020",N/A,N/A
bbva méxico,9584343.23,MXN,OP-102038,2025-08-08,N/A,N/A
liverpool,5358914.2,USD,OP-102039,2016-02-08,N/A,N/A
grupo carso,4868403.04,EUR,OP-102040,06-Mar-2017,N/A,N/A
GRUPO BIMBO,2852056.09,USD,OP-102041,"May 29, 2021",N/A,N/A
WALMART DE MÉXICO,6968434.19,MXN,OP-102042,05/12/2024,N/A,N/A
cemex,6753445.44,EUR,OP-102043,27-Jun-2016,17/05/2025,3246
walmart de méxico,1818601.99,MXN,OP-102044,07/06/2017,26-Feb-2019,600
PEMEX,6813104.22,EUR,OP-102045,2024-05-14,N/A,N/A
TELMEX,2927429.49,EUR,OP-102046,13-Aug-2023,N/A,N/A
bbva méxico,6931391.94,EUR,OP-102047,"September 18, 2021",N/A,N/A
ALSEA,5765988.4,USD,OP-102048,17-Jul-2017,N/A,N/A
TELMEX,5568639.01,MXN,OP-102049,03-Sep-2015,27-Aug-2024,3281
PEMEX,3784060.18,EUR,OP-102050,24-Jul-2023,N/A,N/A
ALSEA,3741283.99,EUR,OP-102051,2017-10-08,N/A,N/A
américa móvil,6581238.78,USD,OP-102052,04/01/2017,17/07/2017,107
alsea,2287197.18,USD,OP-102053,26-Jan-2017,N/A,N/A
liverpool,3931968.82,MXN,OP-102054,2023-04-24,N/A,N/A
FEMSA,1946784.59,EUR,OP-102055,29/09/2015,10-Feb-2025,3422
GRUPO MÉXICO,4162999.79,USD,OP-102056,25/06/2023,N/A,N/A
cemex,3645606.46,MXN,OP-102057,21/02/2020,N/A,N/A
bbva méxico,5393499.65,USD,OP-102058,2019-03-19,25-Jul-2023,1589
GRUPO LALA,8195691.59,EUR,OP-102059,23-Jul-2025,N/A,N/A
CEMEX,2173852.67,MXN,OP-102060,08/05/2024,N/A,N/A
BANORTE,7850527.67,USD,OP-102061,2021-10-14,2025-06-27,1352
bbva méxico,897640.64,MXN,OP-102062,"March 24, 2023",N/A,N/A
grupo carso,5100531.27,MXN,OP-102063,07-Dec-2019,N/A,N/A
grupo bimbo,9160550.61,MXN,OP-102064,09/01/2023,N/A,N/A
grupo bimbo,7377744.16,EUR,OP-102065,20/01/2019,N/A,N/A
ALSEA,2528955.68,MXN,OP-102066,2024-11-09,N/A,N/A
cemex,2222847.07,USD,OP-102067,18/06/2021,N/A,N/A
GRUPO BIMBO,1929844.5,MXN,OP-102068,"September 13, 2023",N/A,N/A
FEMSA,5777927.99,MXN,OP-102069,23-May-2022,N/A,N/A
grupo méxico,7179219.37,MXN,OP-102070,05-Aug-2016,28/03/2022,2061
LIVERPOOL,3060780.23,MXN,OP-102071,"October 29, 2021",N/A,N/A
grupo lala,3773167.0,USD,OP-102072,18/04/2025,N/A,N/A
walmart de méxico,4226237.56,MXN,OP-102073,30-Oct-2023,N/A,N/A
GRUPO LALA,1839880.97,USD,OP-102074,"June 27, 2022",N/A,N/A
BANORTE,6019468.72,USD,OP-102075,"March 18, 2022",N/A,N/A
américa móvil,1564009.51,USD,OP-102076,"January 03, 2016",N/A,N/A
walmart de méxico,3233440.24,MXN,OP-102077,2018-10-13,"January 03, 2019",82
BANORTE,1149511.73,EUR,OP-102078,13-Jun-2020,09/10/2023,1184
américa móvil,8985638.61,EUR,OP-102079,"May 22, 2022",N/A,N/A
AMÉRICA MÓVIL,5116508.98,EUR,OP-102080,22/04/2016,"October 25, 2024",3108
grupo lala,8143386.99,USD,OP-102081,17/10/2018,N/A,N/A
GRUPO CARSO,7577973.83,USD,OP-102082,21-Jan-2019,06-Feb-2021,747
bbva méxico,6356666.33,EUR,OP-102083,"February 19, 2020",N/A,N/A
cemex,6868653.24,USD,OP-102084,"October 06, 2022",N/A,N/A
grupo méxico,9604923.02,USD,OP-102085,2024-09-10,N/A,N/A
GRUPO LALA,2774682.7,EUR,OP-102086,"August 20, 2022","May 05, 2023",258
LIVERPOOL,9430914.14,USD,OP-102087,2018-05-16,N/A,N/A
pemex,6956196.56,EUR,OP-102088,27-Dec-2015,N/A,N/A
GRUPO BIMBO,3181715.46,EUR,OP-102089,2018-10-18,17/01/2022,1187
grupo bimbo,5305435.41,MXN,OP-102090,"January 20, 2020",2023-07-03,1260
BANORTE,3854272.25,MXN,OP-102091,2021-03-02,31-Mar-2021,29
GRUPO BIMBO,9811312.45,EUR,OP-102092,28/09/2024,N/A,N/A
TELMEX,630803.01,EUR,OP-102093,2018-07-10,2021-04-06,1001
GRUPO CARSO,8570174.38,MXN,OP-102094,01/10/2021,N/A,N/A
GRUPO BIMBO,8977748.31,EUR,OP-102095,2025-05-28,N/A,N/A
pemex,5560106.36,USD,OP-102096,2019-09-24,28/03/2020,186
alsea,9007747.32,USD,OP-102097,2021-05-19,2022-06-20,397
grupo méxico,8997583.06,EUR,OP-102098,2016-03-09,08/08/2016,152
cemex,4318175.13,MXN,OP-102099,20-May-2022,N/A,N/A
grupo carso,1892483.74,EUR,OP-102100,"January 17, 2017",07-Oct-2023,2454
bbva méxico,8712721.44,USD,OP-102101,04/11/2017,19/06/2019,799
grupo bimbo,7385942.97,EUR,OP-102102,19/06/2020,N/A,N/A
BBVA MÉXICO,8410612.55,EUR,OP-102103,16-Mar-2018,N/A,N/A
GRUPO MÉXICO,9850914.16,USD,OP-102104,04/01/2018,N/A,N/A
GRUPO MÉXICO,4458537.27,EUR,OP-102105,25/10/2023,N/A,N/A
femsa,7021023.48,EUR,OP-102106,"December 06, 2024",N/A,N/A
SORIANA,621894.18,EUR,OP-102107,2022-09-11,N/A,N/A
grupo lala,4700032.9,USD,OP-102108,06-Nov-2023,N/A,N/A
telmex,373630.46,EUR,OP-102109,22/12/2019,21-Mar-2024,1551
cemex,7105971.15,USD,OP-102110,16/10/2024,N/A,N/A
femsa,5874610.13,EUR,OP-102111,03/05/2021,09/04/2021,183
liverpool,7788632.98,USD,OP-102112,"January 10, 2025",N/A,N/A
banorte,1879485.94,MXN,OP-102113,2016-02-05,25/06/2022,2332
GRUPO MÉXICO,1299776.82,EUR,OP-102114,17/05/2024,N/A,N/A
grupo lala,7847409.57,USD,OP-102115,13/10/2023,N/A,N/A
américa móvil,7416870.01,USD,OP-102116,"June 05, 2024",N/A,N/A
pemex,9500931.53,USD,OP-102117,"August 18, 2017",N/A,N/A
cemex,9695546.48,EUR,OP-102118,15-Dec-2022,N/A,N/A
liverpool,9337850.45,EUR,OP-102119,09/04/2020,25/11/2023,1177
SORIANA,5655314.7,MXN,OP-102120,09/12/2022,N/A,N/A
walmart de méxico,1732733.71,EUR,OP-102121,27-Nov-2024,N/A,N/A
grupo lala,9928079.24,EUR,OP-102122,30-Jan-2019,N/A,N/A
BANORTE,2664675.61,USD,OP-102123,"April 15, 2020",N/A,N/A
LIVERPOOL,3680178.68,MXN,OP-102124,15/11/2024,N/A,N/A
américa móvil,5908448.28,EUR,OP-102125,21/12/2023,N/A,N/A
grupo méxico,4856995.06,EUR,OP-102126,2018-01-12,N/A,N/A
walmart de méxico,6259277.28,USD,OP-102127,2016-06-07,N/A,N/A
PEMEX,8925112.24,EUR,OP-102128,"December 14, 2019",N/A,N/A
SORIANA,8297015.5,USD,OP-102129,21-May-2024,N/A,N/A
banorte,6211575.87,USD,OP-102130,"December 08, 2020",N/A,N/A
femsa,6484287.09,EUR,OP-102131,2021-01-27,2024-06-18,1238
CEMEX,6698533.38,EUR,OP-102132,06/02/2020,2022-04-11,678
PEMEX,6152655.97,USD,OP-102133,"March 03, 2020",12/07/2023,1374
liverpool,5006574.85,USD,OP-102134,"January 15, 2018",N/A,N/A
TELMEX,4033219.19,USD,OP-102135,17/09/2022,N/A,N/A
grupo lala,4833962.04,EUR,OP-102136,26-Nov-2021,N/A,N/A
PEMEX,8210054.67,EUR,OP-102137,07-Aug-2016,"March 10, 2024",2772
liverpool,9077432.88,USD,OP-102138,05/10/2020,N/A,N/A
liverpool,8367245.41,EUR,OP-102139,2021-09-18,N/A,N/A
femsa,1727688.51,USD,OP-102140,"May 19, 2019",10-Jun-2019,22
SORIANA,7900843.6,USD,OP-102141,29/10/2019,"September 23, 2024",1791
SORIANA,5682547.48,USD,OP-102142,21/11/2021,N/A,N/A
grupo méxico,5596801.56,USD,OP-102143,26/04/2017,2022-02-17,1758
GRUPO LALA,7677256.38,USD,OP-102144,03/03/2021,N/A,N/A
soriana,3638865.85,EUR,OP-102145,"May 07, 2020",N/A,N/A
BANORTE,1283706.93,MXN,OP-102146,18-May-2021,N/A,N/A
telmex,1885716.99,EUR,OP-102147,19-Nov-2022,N/A,N/A
grupo lala,5565101.84,EUR,OP-102148,"July 14, 2016","January 05, 2025",3097
grupo méxico,5713245.2,USD,OP-102149,"September 28, 2016",N/A,N/A
grupo méxico,1240446.76,EUR,OP-102150,2017-12-25,N/A,N/A
SORIANA,6182985.1,EUR,OP-102151,21/10/2020,N/A,N/A
GRUPO BIMBO,2291736.82,EUR,OP-102152,23-Nov-2020,12/03/2021,375
bbva méxico,6618583.46,USD,OP-102153,2019-02-08,2020-05-07,454
américa móvil,9036354.06,USD,OP-102154,29/11/2020,2021-05-20,172
walmart de méxico,2613828.55,EUR,OP-102155,2016-08-27,01/06/2021,1593
banorte,9927439.71,EUR,OP-102156,2017-06-29,N/A,N/A
alsea,7686988.77,MXN,OP-102157,"March 15, 2023",N/A,N/A
liverpool,6150396.56,MXN,OP-102158,2022-10-01,N/A,N/A
grupo bimbo,6975141.01,USD,OP-102159,2016-01-29,2017-05-12,469
liverpool,7873824.15,MXN,OP-102160,21-Jan-2025,N/A,N/A
AMÉRICA MÓVIL,9629843.1,USD,OP-102161,"February 22, 2022",2024-12-01,1013
grupo méxico,5362692.09,EUR,OP-102162,"November 09, 2016",N/A,N/A
grupo carso,3129274.23,EUR,OP-102163,"November 06, 2024",N/A,N/A
GRUPO LALA,7649403.16,MXN,OP-102164,17/04/2020,21/12/2023,1343
GRUPO BIMBO,4656342.17,USD,OP-102165,2015-12-20,N/A,N/A
FEMSA,3993850.97,EUR,OP-102166,2019-04-12,N/A,N/A
walmart de méxico,290180.32,EUR,OP-102167,2022-09-08,N/A,N/A
GRUPO CARSO,5092419.05,MXN,OP-102168,"March 18, 2025",N/A,N/A
alsea,9958172.13,EUR,OP-102169,10-Sep-2024,N/A,N/A
pemex,742903.11,MXN,OP-102170,09/02/2024,N/A,N/A
pemex,7108243.34,EUR,OP-102171,08/12/2020,N/A,N/A
bbva méxico,9637789.32,MXN,OP-102172,"December 26, 2016","May 08, 2024",2690
GRUPO MÉXICO,5185961.22,USD,OP-102173,"October 16, 2019",N/A,N/A
telmex,3965852.96,USD,OP-102174,16/09/2020,10/05/2024,1480
GRUPO MÉXICO,6021988.36,USD,OP-102175,08/05/2021,30-Jan-2023,543
walmart de méxico,9481503.23,MXN,OP-102176,"July 28, 2018",2023-07-28,1826
grupo lala,1145473.1,USD,OP-102177,10/03/2025,N/A,N/A
SORIANA,3116883.29,EUR,OP-102178,27-Jun-2020,N/A,N/A
CEMEX,6129755.74,EUR,OP-102179,01-Mar-2023,N/A,N/A
FEMSA,9908638.38,MXN,OP-102180,22-Nov-2015,N/A,N/A
BANORTE,6512734.19,USD,OP-102181,"August 22, 2016",N/A,N/A
grupo carso,4641888.08,MXN,OP-102182,07/12/2023,N/A,N/A
LIVERPOOL,8143618.23,EUR,OP-102183,26/05/2017,14-Oct-2020,1237
grupo méxico,4668777.11,MXN,OP-102184,09-Oct-2019,N/A,N/A
BBVA MÉXICO,4422670.59,MXN,OP-102185,06/12/2024,N/A,N/A
SORIANA,7770207.96,USD,OP-102186,"November 17, 2015",N/A,N/A
AMÉRICA MÓVIL,1221736.29,USD,OP-102187,2016-02-20,N/A,N/A
GRUPO MÉXICO,8749942.3,EUR,OP-102188,27/09/2022,N/A,N/A
cemex,7544074.28,EUR,OP-102189,26/06/2017,N/A,N/A
PEMEX,3160847.55,EUR,OP-102190,08/06/2021,N/A,N/A
BANORTE,9530414.96,MXN,OP-102191,2016-06-04,N/A,N/A
FEMSA,3998404.44,EUR,OP-102192,22-May-2025,N/A,N/A
soriana,4065274.22,EUR,OP-102193,"June 19, 2022",N/A,N/A
WALMART DE MÉXICO,4631939.44,USD,OP-102194,23/05/2022,N/A,N/A
telmex,3308702.05,MXN,OP-102195,07/03/2022,N/A,N/A
WALMART DE MÉXICO,5162521.83,USD,OP-102196,21-Jan-2016,"May 30, 2019",1225
CEMEX,5133252.98,MXN,OP-102197,2025-02-18,N/A,N/A
PEMEX,4459922.77,MXN,OP-102198,04/04/2016,23-May-2024,2971
grupo bimbo,167317.9,EUR,OP-102199,"April 29, 2018",N/A,N/A
grupo bimbo,5310955.28,EUR,OP-102200,"September 02, 2015",N/A,N/A
GRUPO CARSO,6337688.88,EUR,OP-102201,19-Jun-2020,07/01/2021,377
FEMSA,4312268.37,MXN,OP-102202,2017-12-01,N/A,N/A
grupo lala,9282745.52,MXN,OP-102203,20-Jul-2022,N/A,N/A
américa móvil,3162385.66,EUR,OP-102204,03/03/2023,N/A,N/A
GRUPO MÉXICO,9885679.49,USD,OP-102205,2017-03-28,26-Jan-2021,1400
walmart de méxico,2643809.84,EUR,OP-102206,"March 09, 2017",N/A,N/A
GRUPO CARSO,5636045.27,EUR,OP-102207,09/02/2023,N/A,N/A
bbva méxico,8973769.7,MXN,OP-102208,08-Oct-2016,N/A,N/A
pemex,4948958.36,EUR,OP-102209,2021-12-19,2023-05-15,512
CEMEX,1316616.01,USD,OP-102210,24/08/2025,N/A,N/A
PEMEX,6917736.17,USD,OP-102211,2020-07-31,N/A,N/A
BANORTE,8369703.45,USD,OP-102212,03-Mar-2025,N/A,N/A
BANORTE,7161888.21,EUR,OP-102213,13/11/2017,"April 28, 2018",166
AMÉRICA MÓVIL,5505313.24,USD,OP-102214,30/03/2021,"June 22, 2023",814
soriana,2128526.69,USD,OP-102215,2019-03-06,N/A,N/A
PEMEX,3195556.76,EUR,OP-102216,26/09/2023,N/A,N/A
walmart de méxico,893233.33,EUR,OP-102217,17-Jul-2022,N/A,N/A
GRUPO LALA,4563733.17,EUR,OP-102218,"December 25, 2019",N/A,N/A
femsa,489383.0,EUR,OP-102219,"February 17, 2019",N/A,N/A
BBVA MÉXICO,2632779.16,USD,OP-102220,2025-02-06,N/A,N/A
grupo bimbo,2685042.3,EUR,OP-102221,2022-08-13,N/A,N/A
AMÉRICA MÓVIL,9475575.1,EUR,OP-102222,"May 29, 2023",N/A,N/A
GRUPO MÉXICO,8319961.14,USD,OP-102223,22/02/2020,N/A,N/A
soriana,388664.99,USD,OP-102224,13/11/2020,2025-04-09,1608
ALSEA,8692226.28,MXN,OP-102225,"March 03, 2021",N/A,N/A
grupo méxico,6766967.84,USD,OP-102226,25-Sep-2024,N/A,N/A
ALSEA,1971848.85,USD,OP-102227,08/06/2023,N/A,N/A
BBVA MÉXICO,8564884.44,MXN,OP-102228,"December 16, 2017",03-Dec-2023,2178
BANORTE,3707011.17,USD,OP-102229,"July 06, 2025",N/A,N/A
GRUPO CARSO,9230960.33,USD,OP-102230,2017-09-26,N/A,N/A
BBVA MÉXICO,5991301.97,EUR,OP-102231,15-Dec-2020,N/A,N/A
PEMEX,8323688.37,USD,OP-102232,"July 18, 2021",N/A,N/A
américa móvil,1996217.46,MXN,OP-102233,2022-06-25,N/A,N/A
grupo bimbo,5298620.42,MXN,OP-102234,27/10/2024,N/A,N/A
CEMEX,5717649.35,MXN,OP-102235,09/04/2017,N/A,N/A
grupo méxico,5332787.02,USD,OP-102236,23/06/2024,N/A,N/A
bbva méxico,9077609.95,EUR,OP-102237,14-Mar-2023,N/A,N/A
WALMART DE MÉXICO,4453921.77,USD,OP-102238,"August 31, 2021",N/A,N/A
cemex,7589803.82,EUR,OP-102239,26/01/2021,18-Aug-2024,1300
BBVA MÉXICO,2090659.35,EUR,OP-102240,"November 13, 2019",N/A,N/A
CEMEX,3375638.93,MXN,OP-102241,02/07/2017,27-Oct-2017,262
liverpool,7420127.45,MXN,OP-102242,03-Nov-2015,N/A,N/A
grupo lala,7367967.59,MXN,OP-102243,"February 04, 2016",18-Oct-2024,3179
ALSEA,7847127.82,USD,OP-102244,"July 16, 2023",N/A,N/A
américa móvil,1354301.4,EUR,OP-102245,02-Jul-2024,N/A,N/A
WALMART DE MÉXICO,8586156.91,EUR,OP-102246,"December 19, 2016",17-Dec-2020,1459
AMÉRICA MÓVIL,270643.93,MXN,OP-102247,"April 21, 2019","April 24, 2019",3
LIVERPOOL,8751404.38,MXN,OP-102248,25/04/2022,N/A,N/A
cemex,7967490.17,EUR,OP-102249,2016-03-20,04/07/2016,18
GRUPO CARSO,3197927.8,EUR,OP-102250,"May 01, 2024",N/A,N/A
pemex,7287877.27,MXN,OP-102251,25-Jul-2017,21-Nov-2019,849
alsea,8643966.95,USD,OP-102252,04-Mar-2021,2024-01-19,1051
BANORTE,773312.71,EUR,OP-102253,05-Jul-2022,N/A,N/A
grupo carso,7608115.7,USD,OP-102254,03/07/2021,2025-07-18,1594
PEMEX,7434885.31,USD,OP-102255,2018-02-22,N/A,N/A
FEMSA,9223668.94,MXN,OP-102256,21-Jul-2019,2022-06-27,1072
GRUPO LALA,6071272.08,MXN,OP-102257,"June 05, 2016",2023-04-23,2513
BANORTE,7851469.11,MXN,OP-102258,26/07/2024,N/A,N/A
alsea,1513328.05,EUR,OP-102259,23-Aug-2020,N/A,N/A
ALSEA,1520970.05,MXN,OP-102260,09-Dec-2016,08-Sep-2017,273
WALMART DE MÉXICO,1793955.16,EUR,OP-102261,22-Sep-2019,2021-10-15,754
grupo lala,2913684.69,USD,OP-102262,"October 17, 2017",2024-09-09,2519
liverpool,5996522.92,EUR,OP-102263,"September 20, 2019",N/A,N/A
PEMEX,7798517.16,USD,OP-102264,06/07/2021,N/A,N/A
LIVERPOOL,3269194.3,USD,OP-102265,18/12/2019,13/04/2020,117
GRUPO CARSO,1656122.08,EUR,OP-102266,"November 05, 2017",2021-02-12,1195
grupo carso,6484912.32,USD,OP-102267,03-Oct-2019,N/A,N/A
femsa,456631.19,MXN,OP-102268,2023-03-18,N/A,N/A
ALSEA,7730400.03,USD,OP-102269,"November 20, 2023",N/A,N/A
LIVERPOOL,7882061.61,USD,OP-102270,15/03/2020,"July 04, 2023",1206
bbva méxico,2198651.18,EUR,OP-102271,09/03/2016,"July 16, 2020",1412
ALSEA,4255586.86,USD,OP-102272,"May 11, 2021",03/11/2023,669
américa móvil,2041191.63,USD,OP-102273,08/11/2020,02-Jul-2024,1421
telmex,2631769.63,EUR,OP-102274,12/05/2024,N/A,N/A
banorte,8413024.92,USD,OP-102275,17/06/2016,"June 05, 2018",718
grupo carso,2538446.78,USD,OP-102276,27-Jan-2025,N/A,N/A
WALMART DE MÉXICO,6394784.53,EUR,OP-102277,12-Sep-2019,N/A,N/A
SORIANA,1363068.12,MXN,OP-102278,29-Nov-2015,30/04/2023,2709
GRUPO MÉXICO,8643483.2,EUR,OP-102279,05/01/2023,"September 25, 2023",147
telmex,308798.51,MXN,OP-102280,"December 05, 2019",N/A,N/A
SORIANA,2874436.77,MXN,OP-102281,11-May-2017,20-Jan-2024,2445
walmart de méxico,998638.71,MXN,OP-102282,26/08/2018,"July 20, 2023",1789
PEMEX,1664124.81,EUR,OP-102283,"January 23, 2023",02-Jul-2024,526
cemex,3696502.09,MXN,OP-102284,07-May-2024,N/A,N/A
PEMEX,6141778.36,EUR,OP-102285,05/12/2015,05-May-2018,1089
walmart de méxico,6793315.69,MXN,OP-102286,2015-10-01,26/02/2021,1975
grupo méxico,9691730.61,EUR,OP-102287,24-Mar-2024,N/A,N/A
TELMEX,3629406.93,EUR,OP-102288,27/09/2022,N/A,N/A
liverpool,7067712.93,USD,OP-102289,2023-03-24,"February 18, 2024",331
ALSEA,9018854.47,USD,OP-102290,03/10/2020,2025-07-29,1967
CEMEX,7153316.28,EUR,OP-102291,2024-10-23,"January 26, 2025",95
banorte,7241963.07,EUR,OP-102292,18-Feb-2019,2019-11-21,276
femsa,7606349.19,EUR,OP-102293,2017-09-23,2021-05-31,1346
alsea,4578497.64,EUR,OP-102294,2025-06-14,N/A,N/A
WALMART DE MÉXICO,2718933.16,USD,OP-102295,08/08/2019,"April 19, 2024",1716
américa móvil,4849676.47,MXN,OP-102296,20/01/2021,N/A,N/A
BANORTE,1713182.63,USD,OP-102297,19/02/2016,24/04/2019,1160
TELMEX,7327076.45,MXN,OP-102298,"May 22, 2023",N/A,N/A
grupo carso,6527361.98,USD,OP-102299,22-Oct-2015,2017-08-30,678
cemex,9878716.72,USD,OP-102300,"July 04, 2019",N/A,N/A
GRUPO BIMBO,2987493.91,EUR,OP-102301,14/12/2015,21-Jun-2020,1651
banorte,8211500.77,MXN,OP-102302,"April 29, 2017",N/A,N/A
cemex,4243300.75,USD,OP-102303,03-Jun-2022,N/A,N/A
grupo bimbo,9275226.44,EUR,OP-102304,2022-11-15,N/A,N/A
AMÉRICA MÓVIL,8828138.9,USD,OP-102305,"September 16, 2017",N/A,N/A
femsa,8024878.13,USD,OP-102306,02/03/2024,N/A,N/A
SORIANA,1753532.34,USD,OP-102307,"January 16, 2016","August 23, 2023",2776
pemex,9465807.42,EUR,OP-102308,08/08/2019,N/A,N/A
BANORTE,3629761.13,EUR,OP-102309,06-Mar-2019,13/03/2023,1468
ALSEA,398687.08,USD,OP-102310,2021-11-17,"May 18, 2025",1278
cemex,9502084.81,EUR,OP-102311,15-Feb-2025,N/A,N/A
américa móvil,1208494.74,USD,OP-102312,"April 26, 2016",N/A,N/A
walmart de méxico,9434248.25,EUR,OP-102313,15-Mar-2016,2017-08-06,509
femsa,5013981.32,EUR,OP-102314,23/09/2016,N/A,N/A
GRUPO MÉXICO,1903985.88,EUR,OP-102315,"June 29, 2022",N/A,N/A
grupo carso,5980852.18,EUR,OP-102316,2017-04-28,01/11/2019,623
cemex,2320095.27,USD,OP-102317,18/10/2015,N/A,N/A
LIVERPOOL,4588069.51,USD,OP-102318,2025-04-29,N/A,N/A
liverpool,8313016.26,EUR,OP-102319,2016-02-01,N/A,N/A
GRUPO MÉXICO,136286.74,EUR,OP-102320,13-Nov-2024,N/A,N/A
grupo bimbo,3861541.59,MXN,OP-102321,2024-12-20,N/A,N/A
grupo lala,7771980.71,EUR,OP-102322,02-May-2020,N/A,N/A
GRUPO CARSO,6202819.72,EUR,OP-102323,01-Jun-2024,N/A,N/A
soriana,4722838.06,EUR,OP-102324,2020-07-17,2023-11-16,1217
WALMART DE MÉXICO,5368739.65,MXN,OP-102325,"February 12, 2018",08/06/2019,540
GRUPO LALA,5775416.84,MXN,OP-102326,10-Jan-2018,N/A,N/A
cemex,4422163.58,EUR,OP-102327,2022-05-16,N/A,N/A
BBVA MÉXICO,6660831.4,USD,OP-102328,"July 15, 2023",N/A,N/A
PEMEX,9313052.94,USD,OP-102329,"May 27, 2016",2018-02-18,632
CEMEX,278739.32,MXN,OP-102330,"February 27, 2023",2023-03-02,3
BBVA MÉXICO,4706848.15,MXN,OP-102331,11/11/2015,11/02/2017,722
LIVERPOOL,6143321.49,USD,OP-102332,2019-12-24,"May 31, 2025",1985
GRUPO BIMBO,5815975.18,USD,OP-102333,2020-02-01,2024-08-05,1647
WALMART DE MÉXICO,9974303.85,USD,OP-102334,06-Mar-2025,N/A,N/A
grupo lala,3407222.72,USD,OP-102335,2018-04-25,N/A,N/A
grupo bimbo,9601853.17,EUR,OP-102336,30/01/2019,N/A,N/A
grupo carso,7281701.19,EUR,OP-102337,2020-04-28,2020-05-31,33
ALSEA,2540358.13,USD,OP-102338,14/01/2020,N/A,N/A
PEMEX,113839.03,USD,OP-102339,"September 13, 2022",N/A,N/A
AMÉRICA MÓVIL,6909886.08,MXN,OP-102340,"May 04, 2021",16-Oct-2022,530
BANORTE,974572.32,USD,OP-102341,05/07/2016,N/A,N/A
walmart de méxico,7013854.32,MXN,OP-102342,29-Apr-2019,N/A,N/A
CEMEX,323850.28,EUR,OP-102343,17/06/2019,N/A,N/A
SORIANA,5105118.78,EUR,OP-102344,05-Aug-2022,28-Dec-2022,145
CEMEX,6081507.79,EUR,OP-102345,30/05/2020,N/A,N/A
américa móvil,7957898.42,EUR,OP-102346,"October 28, 2022",N/A,N/A
GRUPO LALA,8521279.28,EUR,OP-102347,07-May-2025,N/A,N/A
liverpool,8006167.55,EUR,OP-102348,2022-08-18,03-Sep-2023,381
telmex,1530837.04,MXN,OP-102349,30/01/2021,N/A,N/A
américa móvil,9141786.46,MXN,OP-102350,06/09/2020,2025-08-09,1887
américa móvil,2705695.55,MXN,OP-102351,"June 30, 2018",2019-03-02,245
ALSEA,6630958.1,EUR,OP-102352,30/07/2024,25-Jan-2025,179
BBVA MÉXICO,7656395.01,MXN,OP-102353,2022-06-16,N/A,N/A
BBVA MÉXICO,1395970.32,USD,OP-102354,10-May-2022,N/A,N/A
GRUPO BIMBO,5499201.36,USD,OP-102355,14/04/2018,15-May-2019,396
grupo lala,3957640.72,USD,OP-102356,17-May-2016,N/A,N/A
TELMEX,6170699.95,MXN,OP-102357,24/08/2024,N/A,N/A
américa móvil,4232806.5,USD,OP-102358,2022-05-07,N/A,N/A
PEMEX,3316430.45,USD,OP-102359,2016-10-08,N/A,N/A
GRUPO BIMBO,3785645.39,EUR,OP-102360,30-May-2019,N/A,N/A
grupo bimbo,3143834.5,EUR,OP-102361,26-Sep-2024,N/A,N/A
bbva méxico,9417382.38,EUR,OP-102362,2016-08-15,"April 11, 2025",3161
bbva méxico,4918942.11,EUR,OP-102363,2016-04-09,N/A,N/A
GRUPO MÉXICO,6190437.04,USD,OP-102364,2024-08-29,N/A,N/A
GRUPO CARSO,5872676.78,USD,OP-102365,14/04/2019,N/A,N/A
banorte,6348896.62,EUR,OP-102366,"December 21, 2024",N/A,N/A
CEMEX,6238687.95,MXN,OP-102367,"August 23, 2016","December 13, 2018",842
banorte,2670086.02,MXN,OP-102368,30-Jan-2018,30-Aug-2021,1308
liverpool,7033687.27,USD,OP-102369,23/01/2024,N/A,N/A
grupo bimbo,9162791.41,USD,OP-102370,2015-10-16,02-Aug-2023,2847
CEMEX,3559349.96,MXN,OP-102371,"March 10, 2018",2018-06-02,84
WALMART DE MÉXICO,4480924.98,EUR,OP-102372,17/07/2016,N/A,N/A
LIVERPOOL,8091052.63,MXN,OP-102373,"December 31, 2022",N/A,N/A
pemex,994623.65,USD,OP-102374,08/05/2022,N/A,N/A
ALSEA,3359330.48,EUR,OP-102375,2017-09-22,"March 19, 2020",909
GRUPO CARSO,9618545.01,EUR,OP-102376,2019-09-06,"April 30, 2020",237
alsea,3952856.99,MXN,OP-102377,06-Dec-2016,N/A,N/A
ALSEA,6519434.08,MXN,OP-102378,2018-11-14,11-Jun-2019,209
femsa,7746997.55,USD,OP-102379,"March 22, 2022","August 04, 2023",500
soriana,5392324.05,USD,OP-102380,"November 12, 2017",N/A,N/A
WALMART DE MÉXICO,8548697.43,MXN,OP-102381,07/04/2021,N/A,N/A
WALMART DE MÉXICO,2196924.65,MXN,OP-102382,07/10/2015,13/03/2020,1708
banorte,3268599.79,EUR,OP-102383,2021-07-11,N/A,N/A
bbva méxico,8439135.9,EUR,OP-102384,16-Sep-2019,N/A,N/A
PEMEX,2693540.99,MXN,OP-102385,2017-06-24,"July 17, 2018",388
grupo carso,402511.33,EUR,OP-102386,27/05/2021,N/A,N/A
WALMART DE MÉXICO,1746880.4,MXN,OP-102387,11/06/2022,N/A,N/A
cemex,3974103.31,USD,OP-102388,10-Jan-2016,14-Apr-2025,3382
AMÉRICA MÓVIL,5238522.88,EUR,OP-102389,25/07/2021,N/A,N/A
femsa,2028659.09,EUR,OP-102390,08-Nov-2019,N/A,N/A
telmex,7436142.52,USD,OP-102391,04/10/2015,2018-12-21,1351
cemex,6868313.19,USD,OP-102392,09/05/2023,N/A,N/A
banorte,1894488.15,MXN,OP-102393,2023-01-02,N/A,N/A
bbva méxico,9902034.49,MXN,OP-102394,14-Jun-2021,17-May-2025,1433
telmex,1454399.61,MXN,OP-102395,"April 05, 2023",N/A,N/A
GRUPO CARSO,4691896.89,EUR,OP-102396,02-Mar-2023,N/A,N/A
WALMART DE MÉXICO,9785577.14,MXN,OP-102397,2023-01-02,N/A,N/A
CEMEX,1696999.98,MXN,OP-102398,2022-12-09,N/A,N/A
grupo lala,3822756.01,USD,OP-102399,"November 07, 2020",N/A,N/A
liverpool,3132122.03,USD,OP-102400,2021-01-21,N/A,N/A
alsea,2367786.6,MXN,OP-102401,"April 18, 2016",17-Mar-2022,2159
alsea,1879267.28,EUR,OP-102402,21/06/2021,N/A,N/A
SORIANA,838706.06,EUR,OP-102403,"May 19, 2022",N/A,N/A
grupo carso,4702032.95,EUR,OP-102404,04-May-2017,2020-12-19,1325
alsea,1930029.81,MXN,OP-102405,31-May-2019,N/A,N/A
AMÉRICA MÓVIL,4880932.23,USD,OP-102406,04-May-2022,N/A,N/A
grupo bimbo,9268324.74,USD,OP-102407,20-Sep-2023,N/A,N/A
FEMSA,3466127.04,USD,OP-102408,04-Jul-2021,N/A,N/A
FEMSA,315749.55,MXN,OP-102409,"February 12, 2019",N/A,N/A
GRUPO BIMBO,5153920.52,MXN,OP-102410,"August 07, 2025",N/A,N/A
grupo bimbo,5498420.0,EUR,OP-102411,05/11/2024,N/A,N/A
cemex,6353133.01,MXN,OP-102412,11-Nov-2020,N/A,N/A
LIVERPOOL,5367448.84,USD,OP-102413,"November 15, 2015",24/12/2020,1866
GRUPO LALA,656194.4,EUR,OP-102414,09/10/2017,29/06/2019,657
bbva méxico,8657483.58,EUR,OP-102415,24-May-2025,N/A,N/A
grupo lala,4454686.32,USD,OP-102416,"September 09, 2016",N/A,N/A
banorte,753136.29,USD,OP-102417,04/07/2020,N/A,N/A
pemex,3873812.23,USD,OP-102418,28/01/2024,N/A,N/A
américa móvil,3872620.35,EUR,OP-102419,"June 07, 2024",N/A,N/A
femsa,5244703.28,MXN,OP-102420,14-Jun-2025,N/A,N/A
GRUPO CARSO,7023388.02,EUR,OP-102421,2019-06-26,26/04/2021,670
grupo bimbo,9587964.14,EUR,OP-102422,25/09/2020,"February 25, 2022",518
grupo lala,9350604.79,EUR,OP-102423,17/07/2022,N/A,N/A
grupo lala,2695480.72,USD,OP-102424,2017-11-23,"August 29, 2019",644
grupo bimbo,5167268.44,USD,OP-102425,19/09/2017,N/A,N/A
GRUPO CARSO,7393063.21,USD,OP-102426,2022-04-06,N/A,N/A
SORIANA,1013986.95,EUR,OP-102427,2024-10-20,27-Dec-2024,68
telmex,9210505.04,USD,OP-102428,2021-06-21,2023-10-02,833
telmex,9344011.66,EUR,OP-102429,"November 01, 2019",N/A,N/A
GRUPO CARSO,521704.79,EUR,OP-102430,04/10/2024,N/A,N/A
LIVERPOOL,8396068.43,MXN,OP-102431,2022-01-28,27/03/2023,423
GRUPO BIMBO,6551601.76,MXN,OP-102432,2019-11-17,15-Nov-2024,1825
SORIANA,9371996.6,USD,OP-102433,30/01/2021,N/A,N/A
BBVA MÉXICO,2963433.85,MXN,OP-102434,2019-11-09,"March 12, 2024",1585
SORIANA,7683237.97,EUR,OP-102435,16-Sep-2015,N/A,N/A
CEMEX,4670866.48,EUR,OP-102436,23-Mar-2023,N/A,N/A
grupo méxico,5016714.41,USD,OP-102437,08-Oct-2022,N/A,N/A
BBVA MÉXICO,4536079.98,USD,OP-102438,27/04/2022,N/A,N/A
GRUPO BIMBO,4116947.22,MXN,OP-102439,19/05/2024,N/A,N/A
telmex,5470934.92,MXN,OP-102440,2023-04-14,N/A,N/A
grupo carso,7179837.08,MXN,OP-102441,2019-10-29,"August 15, 2021",656
BANORTE,6181165.27,EUR,OP-102442,03-Jun-2025,N/A,N/A
CEMEX,2339156.26,USD,OP-102443,19/07/2016,"October 20, 2016",93
BANORTE,1142397.54,MXN,OP-102444,11/07/2018,"June 20, 2019",225
cemex,6702105.98,EUR,OP-102445,"September 18, 2015",21/09/2015,3
BANORTE,4555402.31,USD,OP-102446,2020-08-03,N/A,N/A
américa móvil,1541671.14,USD,OP-102447,12-Apr-2020,N/A,N/A
grupo carso,402685.73,EUR,OP-102448,2024-05-12,N/A,N/A
grupo méxico,8261965.13,MXN,OP-102449,"March 18, 2022",19/11/2024,977
américa móvil,5901802.98,USD,OP-102450,29/05/2022,N/A,N/A
WALMART DE MÉXICO,6557371.62,USD,OP-102451,"September 13, 2016",06-Nov-2019,1149
SORIANA,3918020.62,MXN,OP-102452,"March 05, 2017",N/A,N/A
FEMSA,2566686.1,MXN,OP-102453,31-Mar-2016,25/05/2022,2246
alsea,8291284.69,USD,OP-102454,2022-03-03,N/A,N/A
BANORTE,4323136.92,EUR,OP-102455,"November 09, 2019",N/A,N/A
bbva méxico,9468022.5,EUR,OP-102456,25-Sep-2023,N/A,N/A
alsea,9197974.69,USD,OP-102457,27-Feb-2022,N/A,N/A
FEMSA,3196411.25,MXN,OP-102458,05-Aug-2022,"February 22, 2024",566
PEMEX,8760382.4,EUR,OP-102459,2020-02-18,N/A,N/A
grupo lala,135075.08,MXN,OP-102460,26/12/2021,N/A,N/A
femsa,6632320.65,MXN,OP-102461,2020-05-28,N/A,N/A
WALMART DE MÉXICO,4489164.52,EUR,OP-102462,"August 12, 2017",N/A,N/A
WALMART DE MÉXICO,7563622.76,USD,OP-102463,14/01/2020,07-Jul-2024,1636
GRUPO MÉXICO,1563947.37,EUR,OP-102464,2015-11-26,N/A,N/A
alsea,647032.3,MXN,OP-102465,2015-09-16,16-Mar-2017,547
FEMSA,9006719.87,MXN,OP-102466,2018-02-16,N/A,N/A
BANORTE,1430967.22,MXN,OP-102467,"January 06, 2016",28-Jan-2018,753
TELMEX,3599461.38,MXN,OP-102468,08-Jul-2022,N/A,N/A
GRUPO CARSO,6066560.61,EUR,OP-102469,2017-09-19,N/A,N/A
FEMSA,6862286.44,EUR,OP-102470,"January 20, 2021",N/A,N/A
grupo bimbo,9804654.56,MXN,OP-102471,15/10/2017,30/11/2022,1872
ALSEA,9562443.84,EUR,OP-102472,19-Mar-2023,N/A,N/A
bbva méxico,2798893.4,USD,OP-102473,2019-01-07,2019-01-14,7
grupo bimbo,4171187.23,EUR,OP-102474,2022-03-06,N/A,N/A
grupo carso,7508108.22,MXN,OP-102475,27/01/2023,N/A,N/A
bbva méxico,570451.95,EUR,OP-102476,29-Jun-2022,N/A,N/A
grupo bimbo,6666831.61,EUR,OP-102477,18-Jan-2023,N/A,N/A
telmex,4154303.47,USD,OP-102478,"June 29, 2016","June 18, 2017",354
walmart de méxico,8228525.15,EUR,OP-102479,"August 22, 2018",2018-12-31,131
alsea,7786915.66,MXN,OP-102480,"September 08, 2022",2025-07-28,1054
pemex,5743829.8,EUR,OP-102481,"November 07, 2017",27/09/2024,2516
CEMEX,5009704.13,MXN,OP-102482,2024-04-17,N/A,N/A
pemex,5283710.34,EUR,OP-102483,2020-04-06,N/A,N/A
SORIANA,507617.71,MXN,OP-102484,17-Dec-2022,N/A,N/A
CEMEX,4202422.3,USD,OP-102485,2024-08-08,N/A,N/A
LIVERPOOL,1367129.43,EUR,OP-102486,12-Jun-2024,N/A,N/A
FEMSA,5691371.2,EUR,OP-102487,24-May-2022,20/08/2025,1184
LIVERPOOL,461349.2,USD,OP-102488,24/08/2025,N/A,N/A
WALMART DE MÉXICO,2252780.12,MXN,OP-102489,"December 07, 2019",17/07/2025,2049
cemex,466162.95,MXN,OP-102490,04/05/2025,N/A,N/A
soriana,1590068.1,EUR,OP-102491,"February 10, 2021",N/A,N/A
WALMART DE MÉXICO,2822839.11,USD,OP-102492,2021-01-25,N/A,N/A
FEMSA,7881854.57,EUR,OP-102493,16-Aug-2024,N/A,N/A
BBVA MÉXICO,7464829.62,EUR,OP-102494,04-Sep-2016,"July 08, 2018",672
bbva méxico,6748954.13,USD,OP-102495,28-Apr-2016,03/11/2022,2143
BANORTE,9745572.6,USD,OP-102496,2017-10-30,16/08/2025,2847
banorte,5189872.01,USD,OP-102497,"December 13, 2024",N/A,N/A
WALMART DE MÉXICO,8941184.51,USD,OP-102498,"November 25, 2018",01-Sep-2020,646
banorte,376399.26,MXN,OP-102499,19/04/2025,N/A,N/A
BANORTE,6291033.26,MXN,OP-102500,"October 12, 2024",N/A,N/A
SORIANA,5260896.27,MXN,OP-102501,22-Nov-2021,"June 05, 2025",1291
TELMEX,7058031.25,EUR,OP-102502,"January 05, 2021",N/A,N/A
SORIANA,4176814.34,MXN,OP-102503,2015-12-29,19/06/2022,2364
PEMEX,404377.73,USD,OP-102504,17-Aug-2023,"July 07, 2024",325
alsea,4020837.32,USD,OP-102505,22/06/2017,N/A,N/A
SORIANA,3732727.25,USD,OP-102506,13/07/2019,25-Aug-2025,2235
PEMEX,6199418.04,EUR,OP-102507,2021-09-13,N/A,N/A
TELMEX,7979001.1,USD,OP-102508,2019-08-19,N/A,N/A
LIVERPOOL,6728996.37,EUR,OP-102509,2024-04-10,N/A,N/A
PEMEX,8696014.59,USD,OP-102510,27/08/2018,2023-08-30,1829
grupo bimbo,547198.95,MXN,OP-102511,13/01/2018,N/A,N/A
SORIANA,4150491.88,EUR,OP-102512,29/03/2018,N/A,N/A
banorte,6721914.58,MXN,OP-102513,20-Aug-2021,N/A,N/A
pemex,6569834.24,USD,OP-102514,2019-02-08,31-Mar-2025,2243
WALMART DE MÉXICO,4158662.4,EUR,OP-102515,05/01/2022,"February 18, 2023",293
WALMART DE MÉXICO,8861840.73,EUR,OP-102516,07-Oct-2017,N/A,N/A
GRUPO BIMBO,6259031.09,EUR,OP-102517,"August 19, 2020",N/A,N/A
cemex,1275228.1,EUR,OP-102518,15-Apr-2023,25/09/2024,529
alsea,8772322.96,MXN,OP-102519,11/04/2023,N/A,N/A
GRUPO LALA,4937365.26,MXN,OP-102520,2024-04-14,N/A,N/A
SORIANA,8152027.54,USD,OP-102521,27/02/2018,N/A,N/A
BBVA MÉXICO,6198675.31,EUR,OP-102522,11/09/2024,N/A,N/A
cemex,7711702.75,EUR,OP-102523,06/12/2024,N/A,N/A
GRUPO MÉXICO,2535767.66,MXN,OP-102524,"October 17, 2022",N/A,N/A
GRUPO LALA,6992623.58,MXN,OP-102525,"December 21, 2024","December 24, 2024",3
SORIANA,3158023.9,USD,OP-102526,"September 14, 2016",N/A,N/A
BANORTE,7008244.85,USD,OP-102527,03/01/2019,N/A,N/A
walmart de méxico,7710868.13,EUR,OP-102528,"August 08, 2024",N/A,N/A
AMÉRICA MÓVIL,2762750.94,MXN,OP-102529,"November 04, 2018","July 09, 2020",613
femsa,256586.89,USD,OP-102530,22-Oct-2016,N/A,N/A
ALSEA,2740799.26,EUR,OP-102531,14/10/2015,N/A,N/A
PEMEX,4108692.78,USD,OP-102532,"August 24, 2021",N/A,N/A
GRUPO BIMBO,8509198.14,MXN,OP-102533,2022-08-01,N/A,N/A
telmex,7706697.01,USD,OP-102534,03/08/2022,N/A,N/A
grupo lala,6379453.94,MXN,OP-102535,"February 09, 2016","March 16, 2024",2958
soriana,181273.86,EUR,OP-102536,2021-10-06,18-Dec-2023,803
telmex,6501144.45,EUR,OP-102537,24/06/2016,N/A,N/A
GRUPO LALA,6572697.15,USD,OP-102538,2022-04-15,N/A,N/A
banorte,4014017.9,USD,OP-102539,22/08/2017,24-Nov-2019,824
BBVA MÉXICO,3416254.49,EUR,OP-102540,"July 18, 2025",N/A,N/A
PEMEX,2138813.54,MXN,OP-102541,12/06/2016,09/08/2022,2102
grupo bimbo,2408245.3,EUR,OP-102542,22-Nov-2017,2022-01-31,1531
AMÉRICA MÓVIL,5747516.61,MXN,OP-102543,21/08/2020,N/A,N/A
WALMART DE MÉXICO,9427040.49,EUR,OP-102544,2015-10-16,01-Jul-2025,3546
ALSEA,6889836.23,EUR,OP-102545,16/08/2023,N/A,N/A
banorte,2987357.13,USD,OP-102546,08/09/2018,N/A,N/A
SORIANA,2201348.57,USD,OP-102547,"March 12, 2017",N/A,N/A
grupo lala,6850411.51,MXN,OP-102548,2019-12-14,27/01/2025,1871
GRUPO CARSO,8399332.81,USD,OP-102549,18/12/2017,05-Jul-2024,2391
cemex,1927813.05,EUR,OP-102550,"September 23, 2024",18/05/2025,237
CEMEX,1594443.67,EUR,OP-102551,"July 27, 2021",22-Mar-2022,238
PEMEX,1995165.29,EUR,OP-102552,2024-06-02,N/A,N/A
américa móvil,6289702.18,MXN,OP-102553,21-Feb-2020,N/A,N/A
GRUPO BIMBO,5319898.02,USD,OP-102554,2019-01-26,N/A,N/A
telmex,1877767.94,EUR,OP-102555,2018-11-28,N/A,N/A
banorte,9357994.83,EUR,OP-102556,09-Apr-2021,11/06/2023,941
alsea,4669062.56,EUR,OP-102557,19-Dec-2022,2023-10-01,286
SORIANA,289838.62,EUR,OP-102558,2025-07-22,N/A,N/A
alsea,349230.2,USD,OP-102559,"December 12, 2023",N/A,N/A
grupo carso,8284278.01,MXN,OP-102560,2022-10-02,N/A,N/A
grupo bimbo,5702180.73,USD,OP-102561,"September 17, 2023",N/A,N/A
PEMEX,4084267.3,USD,OP-102562,11-Feb-2023,N/A,N/A
GRUPO LALA,172159.81,USD,OP-102563,04-May-2023,N/A,N/A
alsea,3912232.8,USD,OP-102564,2022-04-26,N/A,N/A
pemex,6330684.26,USD,OP-102565,10/07/2025,N/A,N/A
GRUPO LALA,1871990.23,MXN,OP-102566,2020-01-02,N/A,N/A
telmex,5360977.11,USD,OP-102567,2021-11-24,N/A,N/A
SORIANA,7344054.42,EUR,OP-102568,2019-04-19,N/A,N/A
pemex,8788517.63,MXN,OP-102569,"March 09, 2018",N/A,N/A
GRUPO CARSO,3943144.15,MXN,OP-102570,2023-05-10,N/A,N/A
soriana,2288894.47,MXN,OP-102571,"February 17, 2019","February 13, 2021",727
bbva méxico,582294.07,USD,OP-102572,18/11/2021,2024-09-10,1027
walmart de méxico,1237388.28,USD,OP-102573,15/09/2024,N/A,N/A
GRUPO LALA,1875010.99,USD,OP-102574,"April 17, 2020",13-Nov-2023,1305
GRUPO BIMBO,8305824.94,MXN,OP-102575,"May 21, 2018","January 01, 2020",590
GRUPO CARSO,2087891.18,EUR,OP-102576,"June 18, 2019",N/A,N/A
GRUPO CARSO,4631807.67,USD,OP-102577,2021-06-15,N/A,N/A
grupo méxico,1250682.1,MXN,OP-102578,21-Sep-2023,N/A,N/A
soriana,9435144.28,MXN,OP-102579,"August 26, 2017",26-Dec-2018,487
telmex,3505111.29,USD,OP-102580,20-Mar-2020,N/A,N/A
GRUPO CARSO,2381213.34,MXN,OP-102581,28-Jun-2019,"May 02, 2022",1039
banorte,2630786.99,EUR,OP-102582,2018-03-05,N/A,N/A
FEMSA,9182225.39,USD,OP-102583,07-Apr-2017,05-Mar-2024,2524
banorte,2867533.16,USD,OP-102584,29-Feb-2020,N/A,N/A
GRUPO MÉXICO,3872283.68,EUR,OP-102585,2022-03-03,04-Jan-2024,672
pemex,1888457.07,EUR,OP-102586,09/04/2016,"August 13, 2017",343
telmex,2926906.25,MXN,OP-102587,"August 05, 2019",N/A,N/A
grupo bimbo,5223981.66,USD,OP-102588,01-Sep-2023,N/A,N/A
CEMEX,9481111.91,USD,OP-102589,"October 25, 2021",N/A,N/A
GRUPO MÉXICO,5448718.99,EUR,OP-102590,2020-06-21,20-Mar-2022,637
grupo carso,9147971.9,EUR,OP-102591,"June 30, 2024",N/A,N/A
banorte,9993481.19,EUR,OP-102592,02-Nov-2020,2021-08-27,298
ALSEA,812933.44,USD,OP-102593,11-Apr-2019,N/A,N/A
grupo carso,5103701.54,EUR,OP-102594,"January 26, 2022",2025-07-08,1259
AMÉRICA MÓVIL,9573765.98,MXN,OP-102595,31-Jul-2024,N/A,N/A
GRUPO CARSO,3189006.1,EUR,OP-102596,"November 19, 2019",15-Dec-2021,757
grupo carso,279107.08,USD,OP-102597,"February 04, 2025",N/A,N/A
WALMART DE MÉXICO,125389.67,MXN,OP-102598,11-Feb-2016,"June 05, 2024",3037
soriana,6855774.83,USD,OP-102599,21/11/2022,N/A,N/A
telmex,3990383.18,EUR,OP-102600,09-Dec-2015,2024-09-08,3196
SORIANA,7431005.92,USD,OP-102601,16-Apr-2019,N/A,N/A
GRUPO CARSO,8507088.09,USD,OP-102602,2016-01-09,2025-05-04,3403
pemex,707679.9,EUR,OP-102603,16/09/2019,N/A,N/A
GRUPO CARSO,972863.02,EUR,OP-102604,"December 21, 2018",N/A,N/A
grupo carso,2506391.32,USD,OP-102605,2016-07-20,2020-05-31,1411
PEMEX,5228564.72,MXN,OP-102606,21-May-2018,2024-11-15,2370
FEMSA,8461334.87,EUR,OP-102607,28/05/2017,N/A,N/A
grupo lala,8731425.78,USD,OP-102608,2017-02-21,12/07/2018,654
PEMEX,151422.45,EUR,OP-102609,"July 11, 2016",25-Nov-2024,3059
BANORTE,8747499.31,USD,OP-102610,2024-01-18,N/A,N/A
GRUPO CARSO,9767011.07,EUR,OP-102611,22-Oct-2023,"January 28, 2025",464
BANORTE,6950047.6,USD,OP-102612,2016-03-26,22-Apr-2023,2583
telmex,9294054.71,EUR,OP-102613,03-Oct-2019,12-Feb-2021,498
TELMEX,8645919.3,MXN,OP-102614,19/10/2017,20/07/2025,2831
pemex,1993254.29,EUR,OP-102615,10/01/2021,11-May-2024,953
GRUPO LALA,6397184.27,EUR,OP-102616,2017-01-23,N/A,N/A
walmart de méxico,8661612.3,EUR,OP-102617,2016-12-02,26-Nov-2021,1820
grupo carso,5392606.81,USD,OP-102618,"September 20, 2016",N/A,N/A
GRUPO MÉXICO,8822118.54,USD,OP-102619,22-Jul-2019,2025-03-16,2064
grupo méxico,9375378.38,USD,OP-102620,2020-07-14,N/A,N/A
liverpool,8950646.53,USD,OP-102621,"October 14, 2020",N/A,N/A
GRUPO LALA,5016359.51,MXN,OP-102622,06-Jul-2021,N/A,N/A
SORIANA,2890243.39,EUR,OP-102623,05-Aug-2016,N/A,N/A
CEMEX,337816.89,USD,OP-102624,21/08/2017,"July 05, 2022",1779
grupo carso,7530210.68,USD,OP-102625,19-Sep-2023,N/A,N/A
américa móvil,1723287.69,MXN,OP-102626,2021-12-31,N/A,N/A
pemex,3082272.53,MXN,OP-102627,2017-04-23,14-May-2018,386
alsea,6007890.02,EUR,OP-102628,"May 08, 2024",N/A,N/A
grupo méxico,1999323.48,EUR,OP-102629,06-Oct-2015,13-Mar-2021,1985
BANORTE,4991652.18,USD,OP-102630,08/01/2019,12/08/2024,1956
BANORTE,7919573.96,MXN,OP-102631,"August 20, 2016",N/A,N/A
WALMART DE MÉXICO,4387506.58,USD,OP-102632,10-May-2023,N/A,N/A
bbva méxico,884289.25,MXN,OP-102633,2024-05-20,N/A,N/A
femsa,7527670.46,EUR,OP-102634,2025-08-20,N/A,N/A
BANORTE,2227076.89,EUR,OP-102635,25-Apr-2016,"August 18, 2017",480
BBVA MÉXICO,2565232.77,USD,OP-102636,08/08/2022,N/A,N/A
GRUPO MÉXICO,755416.95,MXN,OP-102637,2019-04-08,18-May-2024,1867
TELMEX,876551.33,USD,OP-102638,19/04/2020,18/08/2023,1216
AMÉRICA MÓVIL,3055898.63,EUR,OP-102639,31/01/2016,09-Nov-2017,648
femsa,7470781.35,USD,OP-102640,2023-03-31,25-Oct-2024,574
BANORTE,4653133.94,USD,OP-102641,2017-05-08,30/03/2019,691
BANORTE,5146603.87,USD,OP-102642,05/08/2016,22/12/2017,593
cemex,6459045.7,MXN,OP-102643,2019-03-16,07-Apr-2022,1118
WALMART DE MÉXICO,6921265.34,MXN,OP-102644,2023-07-20,N/A,N/A
grupo méxico,3849337.39,USD,OP-102645,"November 04, 2018",N/A,N/A
telmex,2342238.48,USD,OP-102646,2020-09-23,N/A,N/A
SORIANA,1225633.82,MXN,OP-102647,28/04/2025,N/A,N/A
cemex,7223333.44,EUR,OP-102648,"August 05, 2018",N/A,N/A
pemex,9956114.81,USD,OP-102649,2020-08-12,01-Apr-2021,232
WALMART DE MÉXICO,7903685.73,MXN,OP-102650,14-Aug-2021,"October 21, 2024",1164
telmex,1819598.0,EUR,OP-102651,2020-08-21,21/03/2025,1673
GRUPO LALA,758743.47,MXN,OP-102652,16-Jan-2016,18-Jun-2020,1615
LIVERPOOL,338434.01,USD,OP-102653,11-Sep-2016,2022-05-28,2085
alsea,298970.18,EUR,OP-102654,16/05/2023,N/A,N/A
LIVERPOOL,5422908.74,MXN,OP-102655,24/12/2024,N/A,N/A
BANORTE,4286777.03,EUR,OP-102656,06-Feb-2017,2023-02-07,2192
AMÉRICA MÓVIL,8907736.5,EUR,OP-102657,2015-09-30,N/A,N/A
cemex,6039675.56,MXN,OP-102658,16-Oct-2020,"November 29, 2020",44
WALMART DE MÉXICO,3741673.08,EUR,OP-102659,2020-04-05,"November 04, 2021",578
CEMEX,9178246.03,EUR,OP-102660,2022-09-20,N/A,N/A
banorte,1385198.62,EUR,OP-102661,25-Jan-2020,11-Nov-2020,291
américa móvil,7350000.44,USD,OP-102662,12-Jul-2019,N/A,N/A
AMÉRICA MÓVIL,7935087.22,EUR,OP-102663,"April 05, 2016",N/A,N/A
FEMSA,8059963.49,USD,OP-102664,18-May-2017,N/A,N/A
PEMEX,1831950.66,MXN,OP-102665,18/07/2022,N/A,N/A
banorte,4759937.56,MXN,OP-102666,"May 26, 2018",N/A,N/A
GRUPO BIMBO,9756337.63,MXN,OP-102667,26/06/2020,N/A,N/A
grupo carso,8849229.73,EUR,OP-102668,"August 18, 2021",N/A,N/A
soriana,1869511.43,USD,OP-102669,2019-05-16,N/A,N/A
alsea,6129699.32,EUR,OP-102670,2015-12-17,03-Jul-2021,2025
BANORTE,6510142.81,USD,OP-102671,2025-08-04,N/A,N/A
soriana,474896.76,USD,OP-102672,01/05/2025,N/A,N/A
grupo bimbo,782045.33,MXN,OP-102673,2022-08-02,N/A,N/A
pemex,5210422.39,EUR,OP-102674,2017-01-20,N/A,N/A
femsa,1292561.38,MXN,OP-102675,"May 27, 2020",N/A,N/A
GRUPO MÉXICO,5395728.07,EUR,OP-102676,06-Nov-2017,N/A,N/A
grupo méxico,7716915.95,USD,OP-102677,2022-04-23,N/A,N/A
américa móvil,2859864.16,EUR,OP-102678,19-Oct-2019,"April 11, 2021",540
GRUPO CARSO,7799093.43,USD,OP-102679,12-Feb-2017,12-Nov-2019,1003
GRUPO LALA,1384166.37,USD,OP-102680,"December 10, 2020",N/A,N/A
WALMART DE MÉXICO,1647078.07,MXN,OP-102681,"December 21, 2022",N/A,N/A
SORIANA,4313067.76,EUR,OP-102682,"February 09, 2022",30-May-2024,841
LIVERPOOL,1647374.76,MXN,OP-102683,25/11/2024,N/A,N/A
AMÉRICA MÓVIL,9696709.78,USD,OP-102684,16/11/2023,N/A,N/A
bbva méxico,919502.37,MXN,OP-102685,18/06/2022,28-Jul-2025,1136
grupo carso,4468550.65,MXN,OP-102686,14-Apr-2025,N/A,N/A
PEMEX,5130984.41,MXN,OP-102687,14-Feb-2024,"June 25, 2024",132
soriana,9447014.56,MXN,OP-102688,11-Jan-2019,N/A,N/A
soriana,1855655.18,USD,OP-102689,13/12/2021,N/A,N/A
liverpool,8352257.61,USD,OP-102690,"July 17, 2017",N/A,N/A
banorte,2398877.41,MXN,OP-102691,2016-04-13,N/A,N/A
AMÉRICA MÓVIL,6764266.22,EUR,OP-102692,06/02/2018,N/A,N/A
bbva méxico,7536176.7,EUR,OP-102693,2023-12-01,N/A,N/A
GRUPO LALA,8932645.44,EUR,OP-102694,"May 23, 2016",26-Aug-2024,3017
pemex,607373.92,USD,OP-102695,09-May-2021,N/A,N/A
GRUPO BIMBO,8468077.97,MXN,OP-102696,"August 17, 2018",12/11/2022,1577
CEMEX,1963820.3,EUR,OP-102697,"November 05, 2023",N/A,N/A
TELMEX,6798314.94,USD,OP-102698,09-May-2018,N/A,N/A
GRUPO CARSO,5039756.54,USD,OP-102699,21/08/2018,N/A,N/A
cemex,9348552.1,MXN,OP-102700,30-Jan-2019,N/A,N/A
GRUPO LALA,5623582.52,EUR,OP-102701,10/06/2018,N/A,N/A
GRUPO LALA,5373173.96,USD,OP-102702,"April 19, 2016",N/A,N/A
TELMEX,9442966.38,MXN,OP-102703,15/05/2024,N/A,N/A
CEMEX,9846506.6,USD,OP-102704,2020-05-01,30-Nov-2021,578
grupo carso,9756327.39,MXN,OP-102705,"November 07, 2020","July 28, 2024",1359
BBVA MÉXICO,7520082.86,USD,OP-102706,26/04/2017,"April 27, 2019",731
liverpool,7239808.08,MXN,OP-102707,2020-05-31,"March 09, 2024",1378
PEMEX,4472693.21,USD,OP-102708,09/07/2022,N/A,N/A
FEMSA,414814.64,USD,OP-102709,02/01/2025,N/A,N/A
CEMEX,6078331.64,EUR,OP-102710,"February 10, 2020",10/06/2025,2065
grupo carso,7474360.35,USD,OP-102711,"July 10, 2025",N/A,N/A
telmex,8708673.41,USD,OP-102712,"February 20, 2021",N/A,N/A
grupo lala,2016115.43,USD,OP-102713,19-Nov-2023,N/A,N/A
liverpool,3543007.78,EUR,OP-102714,10/11/2021,N/A,N/A
TELMEX,2475843.19,USD,OP-102715,2023-11-30,N/A,N/A
CEMEX,2794653.37,MXN,OP-102716,2021-05-08,N/A,N/A
femsa,8824441.31,EUR,OP-102717,"August 13, 2023",N/A,N/A
LIVERPOOL,9839419.12,USD,OP-102718,04/04/2020,2023-11-23,1328
grupo lala,7969281.76,MXN,OP-102719,14-Jan-2020,N/A,N/A
grupo méxico,6933494.1,MXN,OP-102720,28/12/2021,N/A,N/A
alsea,5954767.64,EUR,OP-102721,2016-10-22,08-Nov-2019,1112
banorte,6104291.23,USD,OP-102722,31-May-2024,N/A,N/A
cemex,2360667.51,MXN,OP-102723,25/08/2019,02-Nov-2022,1165
LIVERPOOL,5357263.82,MXN,OP-102724,"May 31, 2024",05/07/2025,341
banorte,4723404.42,EUR,OP-102725,13/08/2020,N/A,N/A
TELMEX,4764563.8,MXN,OP-102726,"October 02, 2021",01-Sep-2023,699
alsea,6216480.92,USD,OP-102727,28/08/2020,01/04/2025,1590
soriana,1240407.07,MXN,OP-102728,"June 09, 2020",04/10/2024,1401
grupo bimbo,8430990.99,MXN,OP-102729,12/02/2019,"June 18, 2021",564
walmart de méxico,6200302.03,USD,OP-102730,20-Aug-2016,20/06/2021,1765
liverpool,366314.04,MXN,OP-102731,2021-04-23,N/A,N/A
grupo carso,9441765.8,MXN,OP-102732,2017-10-27,N/A,N/A
PEMEX,4818634.84,EUR,OP-102733,"November 21, 2022",N/A,N/A
FEMSA,8697045.81,USD,OP-102734,"September 29, 2021",26-Jul-2024,1031
GRUPO MÉXICO,5200300.49,USD,OP-102735,2019-09-14,2021-12-07,815
grupo bimbo,8409900.37,MXN,OP-102736,11-May-2018,15-May-2023,1830
femsa,3316668.43,USD,OP-102737,"March 25, 2023",N/A,N/A
PEMEX,768260.76,USD,OP-102738,13-Jun-2024,N/A,N/A
grupo méxico,5790214.37,USD,OP-102739,02/08/2019,03-Jan-2021,695
pemex,2467595.45,USD,OP-102740,04/08/2025,N/A,N/A
alsea,522855.64,USD,OP-102741,"February 22, 2019",N/A,N/A
GRUPO LALA,1781693.46,MXN,OP-102742,11/06/2021,31/08/2024,1029
femsa,6531307.12,USD,OP-102743,14/05/2017,N/A,N/A
PEMEX,3530672.74,USD,OP-102744,"February 20, 2024",N/A,N/A
américa móvil,4456730.42,MXN,OP-102745,2021-09-28,N/A,N/A
soriana,1604742.68,EUR,OP-102746,09/01/2023,N/A,N/A
LIVERPOOL,9295608.09,EUR,OP-102747,02/07/2024,N/A,N/A
ALSEA,7567106.7,EUR,OP-102748,16-Feb-2018,2024-02-01,2176
telmex,1959357.17,USD,OP-102749,"June 14, 2022",N/A,N/A
PEMEX,4050611.25,EUR,OP-102750,"January 08, 2022",N/A,N/A
pemex,9000327.58,MXN,OP-102751,12-Jun-2020,N/A,N/A
SORIANA,8203601.66,USD,OP-102752,01/09/2024,N/A,N/A
américa móvil,4568451.44,EUR,OP-102753,03/11/2019,"September 01, 2021",905
SORIANA,1561832.96,USD,OP-102754,20/03/2016,N/A,N/A
ALSEA,7477356.56,USD,OP-102755,"August 18, 2021",N/A,N/A
GRUPO LALA,6594194.17,EUR,OP-102756,2020-04-28,10-Sep-2023,1230
GRUPO CARSO,7528812.03,EUR,OP-102757,"October 30, 2022",N/A,N/A
cemex,1848807.2,MXN,OP-102758,23/11/2023,N/A,N/A
cemex,9115426.8,USD,OP-102759,08/10/2023,N/A,N/A
LIVERPOOL,7292940.07,USD,OP-102760,"March 26, 2020",N/A,N/A
FEMSA,1701205.35,USD,OP-102761,"July 24, 2022",2024-11-10,840
CEMEX,7979001.92,USD,OP-102762,"October 24, 2022",30/12/2023,432
grupo carso,2679721.45,USD,OP-102763,29-Jun-2025,N/A,N/A
pemex,9061345.29,EUR,OP-102764,"April 13, 2022",N/A,N/A
grupo lala,693026.95,MXN,OP-102765,31/10/2021,N/A,N/A
AMÉRICA MÓVIL,302012.4,USD,OP-102766,2024-04-24,01/05/2025,256
américa móvil,1782902.14,EUR,OP-102767,01-Dec-2021,"December 16, 2023",745
ALSEA,7564356.92,USD,OP-102768,25-Jun-2016,16/09/2023,2639
alsea,1542002.3,USD,OP-102769,"September 17, 2022",N/A,N/A
pemex,3955312.48,MXN,OP-102770,"November 12, 2023",N/A,N/A
FEMSA,1546736.57,EUR,OP-102771,27-Aug-2016,"June 30, 2024",2864
grupo carso,147131.78,MXN,OP-102772,06-Dec-2024,N/A,N/A
SORIANA,7150542.78,USD,OP-102773,19-May-2022,N/A,N/A
WALMART DE MÉXICO,5079219.11,USD,OP-102774,"December 25, 2021",N/A,N/A
grupo bimbo,990861.46,EUR,OP-102775,23-Feb-2024,N/A,N/A
grupo méxico,7065090.26,EUR,OP-102776,04/05/2024,N/A,N/A
alsea,7564702.66,EUR,OP-102777,23/11/2020,"May 09, 2024",1263
AMÉRICA MÓVIL,7982320.29,USD,OP-102778,"May 12, 2017",N/A,N/A
GRUPO LALA,2960617.64,USD,OP-102779,14/02/2018,08-Oct-2019,601
ALSEA,4203075.77,MXN,OP-102780,22/01/2019,N/A,N/A
ALSEA,5314312.41,MXN,OP-102781,2016-03-26,N/A,N/A
SORIANA,326946.19,USD,OP-102782,"March 12, 2022",N/A,N/A
américa móvil,8004748.83,EUR,OP-102783,23/04/2025,N/A,N/A
bbva méxico,5304937.46,USD,OP-102784,2018-11-13,N/A,N/A
GRUPO CARSO,4919591.65,USD,OP-102785,06-Mar-2024,2024-12-19,288
liverpool,3037410.31,MXN,OP-102786,01/09/2017,N/A,N/A
liverpool,6411594.38,USD,OP-102787,30-Apr-2018,2018-10-08,161
bbva méxico,9278294.52,MXN,OP-102788,31/01/2018,N/A,N/A
femsa,1431428.19,EUR,OP-102789,22-Mar-2019,N/A,N/A
FEMSA,737318.31,USD,OP-102790,2016-06-01,N/A,N/A
grupo lala,1336686.52,EUR,OP-102791,16/10/2020,N/A,N/A
AMÉRICA MÓVIL,3643966.85,USD,OP-102792,"May 22, 2021",N/A,N/A
américa móvil,6522000.91,USD,OP-102793,2016-09-11,2025-07-30,3244
grupo lala,2046283.43,USD,OP-102794,"July 15, 2021",N/A,N/A
BANORTE,2357681.07,USD,OP-102795,25-Oct-2022,N/A,N/A
américa móvil,2731276.18,MXN,OP-102796,"July 16, 2018",N/A,N/A
telmex,3094759.06,USD,OP-102797,"August 21, 2019",2022-08-31,1106
telmex,1479639.48,EUR,OP-102798,"April 30, 2023",N/A,N/A
grupo carso,599621.29,EUR,OP-102799,29/05/2019,N/A,N/A
AMÉRICA MÓVIL,6751701.75,EUR,OP-102800,06/11/2019,N/A,N/A
walmart de méxico,580221.32,USD,OP-102801,25/06/2020,N/A,N/A
grupo lala,799611.38,EUR,OP-102802,11/02/2025,N/A,N/A
cemex,2656756.65,USD,OP-102803,"January 24, 2021",N/A,N/A
BANORTE,9780276.68,EUR,OP-102804,14-Dec-2021,N/A,N/A
LIVERPOOL,6222163.75,EUR,OP-102805,31-Mar-2016,"March 18, 2024",2909
walmart de méxico,1773959.53,USD,OP-102806,18-Apr-2025,N/A,N/A
liverpool,7025361.0,MXN,OP-102807,2022-11-21,N/A,N/A
cemex,6432533.61,EUR,OP-102808,06/08/2017,N/A,N/A
grupo carso,772344.39,MXN,OP-102809,30-Nov-2017,N/A,N/A
GRUPO CARSO,4270555.62,MXN,OP-102810,01/03/2022,N/A,N/A
grupo bimbo,510915.39,USD,OP-102811,21/11/2016,25-Nov-2016,4
cemex,4165760.1,USD,OP-102812,20-Apr-2023,N/A,N/A
grupo lala,2997521.73,USD,OP-102813,20-Nov-2020,N/A,N/A
grupo carso,7856013.09,USD,OP-102814,"February 11, 2024",N/A,N/A
bbva méxico,8099262.38,MXN,OP-102815,2020-07-13,16-Aug-2021,399
AMÉRICA MÓVIL,7935264.1,MXN,OP-102816,"December 11, 2024",N/A,N/A
BBVA MÉXICO,2675006.04,MXN,OP-102817,"February 01, 2018",N/A,N/A
grupo carso,6531556.27,USD,OP-102818,2017-08-25,2019-04-17,600
walmart de méxico,8365333.71,MXN,OP-102819,08/11/2022,N/A,N/A
grupo lala,5033852.11,USD,OP-102820,"December 19, 2015",N/A,N/A
cemex,9545365.67,EUR,OP-102821,2016-05-25,07/04/2024,2962
BANORTE,4347724.7,USD,OP-102822,2023-01-24,N/A,N/A
soriana,8558048.99,EUR,OP-102823,"August 29, 2024",N/A,N/A
banorte,233746.46,MXN,OP-102824,2017-05-08,"October 30, 2023",2366
grupo lala,140641.75,USD,OP-102825,"May 11, 2018",21/07/2022,1532
CEMEX,6497106.67,MXN,OP-102826,07/01/2021,N/A,N/A
FEMSA,6674599.56,MXN,OP-102827,"December 22, 2018",13/03/2020,447
GRUPO MÉXICO,5579353.17,MXN,OP-102828,"January 28, 2016",2022-06-28,2343
bbva méxico,2167433.82,EUR,OP-102829,"July 28, 2022",N/A,N/A
ALSEA,8510931.18,MXN,OP-102830,2024-09-24,N/A,N/A
américa móvil,4612649.32,USD,OP-102831,31/01/2017,08-Jul-2021,1619
grupo bimbo,6471804.37,EUR,OP-102832,28/04/2023,N/A,N/A
GRUPO LALA,223829.76,USD,OP-102833,19/06/2017,N/A,N/A
LIVERPOOL,9605398.19,EUR,OP-102834,"November 10, 2017",N/A,N/A
SORIANA,9081334.5,USD,OP-102835,27-Sep-2023,19-Nov-2024,419
PEMEX,5373566.78,USD,OP-102836,31-Oct-2021,N/A,N/A
grupo lala,5050505.65,MXN,OP-102837,"April 16, 2019",11/01/2023,1660
cemex,7225004.64,EUR,OP-102838,09/05/2019,09/08/2024,1830
pemex,7705261.71,MXN,OP-102839,2022-05-01,N/A,N/A
banorte,4389249.29,EUR,OP-102840,10-Apr-2021,N/A,N/A
BBVA MÉXICO,7883636.79,EUR,OP-102841,15-Jun-2018,"January 19, 2019",218
cemex,5084669.75,USD,OP-102842,"September 16, 2018",N/A,N/A
banorte,9935962.96,MXN,OP-102843,"December 29, 2015",N/A,N/A
liverpool,8420996.45,USD,OP-102844,2018-11-26,N/A,N/A
BBVA MÉXICO,7091514.85,EUR,OP-102845,30/11/2016,16-Feb-2017,78
soriana,9701274.82,EUR,OP-102846,09-May-2018,27-Jan-2024,2089
ALSEA,5676919.33,EUR,OP-102847,"May 03, 2018","January 16, 2019",258
grupo bimbo,5131698.75,USD,OP-102848,27-Jul-2018,N/A,N/A
BBVA MÉXICO,5861278.38,EUR,OP-102849,27-Sep-2016,"January 06, 2022",1927
SORIANA,5380405.02,USD,OP-102850,2025-02-07,N/A,N/A
TELMEX,356070.66,MXN,OP-102851,"July 25, 2023",N/A,N/A
LIVERPOOL,3274437.59,USD,OP-102852,04/03/2020,22-Nov-2024,1694
pemex,7892610.35,USD,OP-102853,11/04/2020,30/05/2024,1303
FEMSA,9599732.76,USD,OP-102854,22/01/2022,N/A,N/A
grupo lala,4059575.58,EUR,OP-102855,2025-08-07,N/A,N/A
liverpool,9829143.12,MXN,OP-102856,21/09/2015,"December 17, 2019",1548
GRUPO MÉXICO,8489645.32,EUR,OP-102857,"August 04, 2018",N/A,N/A
CEMEX,2055545.78,EUR,OP-102858,"June 01, 2022",N/A,N/A
alsea,7272269.42,MXN,OP-102859,15-Jun-2022,N/A,N/A
TELMEX,1683881.38,USD,OP-102860,2017-04-27,N/A,N/A
grupo carso,4491377.79,EUR,OP-102861,24-Mar-2025,N/A,N/A
GRUPO LALA,1485136.38,USD,OP-102862,2020-10-20,10-Mar-2025,1602
ALSEA,2578728.17,EUR,OP-102863,07/03/2020,N/A,N/A
SORIANA,5602318.39,EUR,OP-102864,18-Feb-2019,N/A,N/A
ALSEA,4810694.48,USD,OP-102865,21-Jan-2022,N/A,N/A
PEMEX,9919436.39,MXN,OP-102866,03/09/2019,2023-01-12,1405
TELMEX,9418270.78,USD,OP-102867,"March 26, 2025",N/A,N/A
américa móvil,5928335.12,USD,OP-102868,"September 03, 2016",2018-05-30,634
liverpool,4515904.46,USD,OP-102869,2022-01-12,N/A,N/A
grupo lala,8165915.94,MXN,OP-102870,13-May-2019,N/A,N/A
BANORTE,1080607.97,MXN,OP-102871,"March 09, 2021",N/A,N/A
grupo méxico,5661015.38,EUR,OP-102872,"July 15, 2025",N/A,N/A
cemex,8057133.9,MXN,OP-102873,"February 16, 2022","July 24, 2023",523
grupo carso,4544426.41,USD,OP-102874,12-Dec-2016,30/03/2017,108
grupo lala,888003.66,MXN,OP-102875,"June 03, 2023",08/12/2023,70
soriana,8429948.46,USD,OP-102876,21/03/2025,N/A,N/A
cemex,7669829.4,EUR,OP-102877,10/09/2015,2023-04-06,2736
grupo méxico,5140487.93,MXN,OP-102878,01-Dec-2018,N/A,N/A
soriana,9180813.79,USD,OP-102879,"December 02, 2021",17-Apr-2022,136
LIVERPOOL,2697538.37,EUR,OP-102880,2020-11-24,N/A,N/A
walmart de méxico,1933954.75,EUR,OP-102881,23-Sep-2022,2022-10-17,24
WALMART DE MÉXICO,7619188.8,USD,OP-102882,29/01/2023,N/A,N/A
WALMART DE MÉXICO,9529191.34,USD,OP-102883,26-Sep-2017,N/A,N/A
GRUPO MÉXICO,805508.59,EUR,OP-102884,03/11/2024,N/A,N/A
bbva méxico,7520268.35,EUR,OP-102885,26-May-2022,N/A,N/A
grupo lala,3331259.23,EUR,OP-102886,09-May-2021,N/A,N/A
WALMART DE MÉXICO,4448070.66,MXN,OP-102887,2020-07-23,N/A,N/A
GRUPO CARSO,9167086.62,MXN,OP-102888,22-Jan-2017,"January 04, 2021",1443
ALSEA,8847422.18,EUR,OP-102889,"September 10, 2024",N/A,N/A
banorte,4305380.86,USD,OP-102890,"November 04, 2017",10/05/2018,335
SORIANA,850776.68,USD,OP-102891,2022-09-22,N/A,N/A
FEMSA,6145462.01,EUR,OP-102892,2022-08-28,28-Jan-2025,884
CEMEX,3926828.54,EUR,OP-102893,2018-10-30,08-Jan-2023,1531
GRUPO BIMBO,1617328.12,EUR,OP-102894,10/09/2015,2021-10-07,2190
grupo carso,3345477.47,USD,OP-102895,2025-08-04,N/A,N/A
LIVERPOOL,6643764.22,MXN,OP-102896,"September 14, 2019",N/A,N/A
GRUPO LALA,3202380.4,EUR,OP-102897,30/11/2023,N/A,N/A
walmart de méxico,8857686.78,EUR,OP-102898,08-Mar-2025,N/A,N/A
grupo lala,3951648.39,USD,OP-102899,2024-08-24,N/A,N/A
ALSEA,1449441.39,MXN,OP-102900,15-Dec-2022,2024-04-01,473
PEMEX,5000729.34,EUR,OP-102901,15/12/2018,"July 12, 2019",209
alsea,8521843.87,USD,OP-102902,21/11/2020,N/A,N/A
WALMART DE MÉXICO,2281260.32,USD,OP-102903,"April 15, 2023",N/A,N/A
CEMEX,9383072.55,MXN,OP-102904,23-Dec-2022,N/A,N/A
AMÉRICA MÓVIL,6961293.39,EUR,OP-102905,2023-04-30,N/A,N/A
liverpool,2651514.4,EUR,OP-102906,30-Sep-2015,N/A,N/A
pemex,965971.57,MXN,OP-102907,2023-05-13,N/A,N/A
BANORTE,5600338.52,USD,OP-102908,15/02/2022,N/A,N/A
liverpool,1852475.2,EUR,OP-102909,"November 10, 2024",N/A,N/A
bbva méxico,9191381.84,MXN,OP-102910,03-Aug-2022,12-Apr-2025,983
CEMEX,4383219.16,EUR,OP-102911,01/01/2017,"September 01, 2023",2434
LIVERPOOL,5287032.94,MXN,OP-102912,2015-12-23,13/12/2021,2182
BANORTE,7757639.63,USD,OP-102913,"March 02, 2018",25/12/2019,663
BANORTE,7163156.82,MXN,OP-102914,2022-12-21,N/A,N/A
grupo lala,8320846.0,MXN,OP-102915,07/02/2021,2024-06-04,1068
grupo lala,3636145.06,MXN,OP-102916,2020-08-07,N/A,N/A
GRUPO LALA,5659232.51,EUR,OP-102917,17/05/2022,N/A,N/A
GRUPO CARSO,7901832.6,USD,OP-102918,2025-07-20,N/A,N/A
ALSEA,4503896.4,EUR,OP-102919,25/02/2022,"April 28, 2022",62
SORIANA,9112509.61,USD,OP-102920,2019-07-16,N/A,N/A
telmex,7061977.04,USD,OP-102921,06/06/2016,27-Feb-2019,996
GRUPO LALA,1330938.55,EUR,OP-102922,19-Jul-2018,22-Jul-2023,1829
pemex,1814915.48,EUR,OP-102923,"May 21, 2024",N/A,N/A
grupo bimbo,156910.97,USD,OP-102924,25/08/2017,08-Jul-2023,2143
grupo bimbo,8879312.15,EUR,OP-102925,14/07/2016,"November 16, 2021",1951
BANORTE,3580154.95,USD,OP-102926,"May 27, 2017",N/A,N/A
BBVA MÉXICO,5730462.19,EUR,OP-102927,"May 27, 2019",13/11/2021,901
SORIANA,2911096.14,MXN,OP-102928,2016-02-24,"December 09, 2017",654
grupo bimbo,332105.25,MXN,OP-102929,15/08/2021,N/A,N/A
PEMEX,8147909.71,MXN,OP-102930,"August 08, 2021","February 21, 2025",1293
bbva méxico,8756282.31,EUR,OP-102931,2017-10-15,16/08/2019,670
telmex,9990115.1,USD,OP-102932,"December 27, 2023",N/A,N/A
grupo bimbo,6780970.33,EUR,OP-102933,07/02/2024,N/A,N/A
TELMEX,1151618.76,MXN,OP-102934,"January 23, 2019",N/A,N/A
femsa,6697759.41,USD,OP-102935,"July 04, 2019","May 08, 2021",674
cemex,2555905.42,EUR,OP-102936,10-Jun-2019,"November 22, 2019",165
LIVERPOOL,1673249.4,USD,OP-102937,"August 12, 2023",25/08/2024,379
BANORTE,2774187.47,EUR,OP-102938,29-Sep-2022,"June 30, 2025",1005
femsa,4427000.75,EUR,OP-102939,08/02/2024,N/A,N/A
telmex,1364867.35,USD,OP-102940,"April 12, 2025",N/A,N/A
bbva méxico,5988229.4,MXN,OP-102941,"April 17, 2025",N/A,N/A
grupo bimbo,8091845.86,EUR,OP-102942,"October 25, 2022",09-Oct-2023,349
TELMEX,4762072.96,EUR,OP-102943,2019-03-30,N/A,N/A
pemex,4919264.1,MXN,OP-102944,27-Mar-2017,10-Sep-2020,1263
GRUPO CARSO,3959039.72,MXN,OP-102945,2016-02-25,N/A,N/A
grupo bimbo,9921295.77,USD,OP-102946,22/01/2016,N/A,N/A
GRUPO MÉXICO,6703373.37,MXN,OP-102947,26/02/2018,2023-09-02,2014
ALSEA,8469563.46,MXN,OP-102948,06/06/2023,N/A,N/A
soriana,5361314.08,MXN,OP-102949,24/01/2018,2018-04-12,78
soriana,7203306.41,EUR,OP-102950,21/02/2020,N/A,N/A
soriana,6877406.19,EUR,OP-102951,30-Jul-2016,N/A,N/A
grupo bimbo,9731327.37,USD,OP-102952,11/11/2018,14/03/2021,854
grupo bimbo,6174533.01,EUR,OP-102953,19/12/2018,N/A,N/A
SORIANA,4767220.4,EUR,OP-102954,"June 08, 2025",N/A,N/A
PEMEX,4912907.32,MXN,OP-102955,"May 02, 2018",N/A,N/A
GRUPO BIMBO,2683034.66,MXN,OP-102956,"July 21, 2025",N/A,N/A
LIVERPOOL,4852197.11,EUR,OP-102957,24/11/2020,N/A,N/A
telmex,3265499.93,EUR,OP-102958,"September 02, 2021",N/A,N/A
grupo méxico,6708195.43,USD,OP-102959,2016-12-03,N/A,N/A
BANORTE,6822915.85,EUR,OP-102960,2018-01-01,16/02/2022,1507
banorte,1293043.15,MXN,OP-102961,"November 05, 2017",N/A,N/A
LIVERPOOL,2569698.88,EUR,OP-102962,2018-04-22,2022-11-19,1672
grupo bimbo,7325833.55,USD,OP-102963,20/03/2016,05-Nov-2020,1691
GRUPO BIMBO,7761771.05,MXN,OP-102964,2020-12-27,N/A,N/A
GRUPO LALA,3191957.69,EUR,OP-102965,2016-12-24,N/A,N/A
liverpool,4411666.95,USD,OP-102966,"November 26, 2024",N/A,N/A
pemex,7680759.96,EUR,OP-102967,"December 02, 2018",2021-05-05,885
GRUPO CARSO,3551213.75,MXN,OP-102968,2024-03-18,N/A,N/A
walmart de méxico,3435068.79,EUR,OP-102969,16-Feb-2025,N/A,N/A
LIVERPOOL,9745851.76,MXN,OP-102970,"January 05, 2016",17/12/2018,1077
SORIANA,8019917.68,MXN,OP-102971,"October 09, 2016","October 16, 2018",737
pemex,4456578.28,USD,OP-102972,2023-09-12,N/A,N/A
FEMSA,8005768.38,MXN,OP-102973,"February 16, 2016",16/05/2018,820
grupo carso,4193841.45,USD,OP-102974,2019-03-27,N/A,N/A
banorte,6842170.52,USD,OP-102975,12-Oct-2019,N/A,N/A
banorte,6932093.41,EUR,OP-102976,"February 20, 2021",N/A,N/A
PEMEX,9934182.43,USD,OP-102977,2016-07-17,N/A,N/A
telmex,9435428.65,EUR,OP-102978,2024-10-06,N/A,N/A
américa móvil,1417445.05,EUR,OP-102979,04-Oct-2018,10-Jul-2024,2106
américa móvil,5141687.06,USD,OP-102980,08/11/2021,N/A,N/A
grupo bimbo,3064527.12,MXN,OP-102981,"November 13, 2023","March 21, 2025",494
cemex,4410420.56,EUR,OP-102982,"April 11, 2016",12/07/2024,3162
bbva méxico,2745347.6,MXN,OP-102983,26/06/2017,N/A,N/A
grupo bimbo,2881057.77,USD,OP-102984,2025-05-16,N/A,N/A
SORIANA,1416037.94,EUR,OP-102985,09/04/2019,N/A,N/A
CEMEX,5766406.38,MXN,OP-102986,"June 21, 2020",N/A,N/A
américa móvil,3137144.36,MXN,OP-102987,18/11/2015,"November 15, 2022",2554
GRUPO LALA,2615315.08,MXN,OP-102988,2020-10-31,N/A,N/A
soriana,6621068.48,EUR,OP-102989,09/06/2019,N/A,N/A
liverpool,5949336.31,EUR,OP-102990,01/02/2025,N/A,N/A
cemex,6366952.48,USD,OP-102991,"April 23, 2021",24-Feb-2022,307
WALMART DE MÉXICO,525768.93,EUR,OP-102992,"May 08, 2025",N/A,N/A
ALSEA,9776558.2,MXN,OP-102993,"February 04, 2017",2019-02-16,742
GRUPO BIMBO,1498720.01,MXN,OP-102994,09/01/2023,N/A,N/A
GRUPO BIMBO,9108628.38,USD,OP-102995,"June 25, 2021","January 04, 2022",193
banorte,6590678.06,EUR,OP-102996,11/08/2019,N/A,N/A
pemex,2068508.22,MXN,OP-102997,2019-02-01,N/A,N/A
grupo carso,5926888.33,EUR,OP-102998,2017-03-09,22-Jun-2020,1201
GRUPO CARSO,247459.59,MXN,OP-102999,2022-12-15,N/A,N/A
LIVERPOOL,9878631.55,EUR,OP-103000,03-Sep-2018,N/A,N/A
cemex,9430360.74,MXN,OP-103001,05-Jun-2025,N/A,N/A
GRUPO BIMBO,8850197.22,USD,OP-103002,06-Sep-2024,N/A,N/A
bbva méxico,1650832.77,EUR,OP-103003,10/09/2015,"April 19, 2019",1288
américa móvil,3283659.3,EUR,OP-103004,2021-12-15,N/A,N/A
soriana,991805.86,MXN,OP-103005,30/04/2017,N/A,N/A
AMÉRICA MÓVIL,4467104.06,EUR,OP-103006,19-Oct-2018,03-Nov-2024,2207
GRUPO MÉXICO,3332153.08,MXN,OP-103007,29/10/2021,11-Jun-2023,590
grupo méxico,8577424.54,MXN,OP-103008,04/11/2021,"February 01, 2025",1392
walmart de méxico,9800903.96,EUR,OP-103009,2016-02-12,13/05/2018,821
telmex,1748784.18,MXN,OP-103010,29/01/2017,2019-03-17,777
grupo méxico,3688703.89,USD,OP-103011,2020-07-22,N/A,N/A
femsa,6593193.81,EUR,OP-103012,2025-05-01,N/A,N/A
banorte,5140861.87,MXN,OP-103013,"August 23, 2025",N/A,N/A
LIVERPOOL,8748314.66,EUR,OP-103014,"November 17, 2017",2024-12-27,2597
bbva méxico,5708789.73,EUR,OP-103015,2019-03-27,N/A,N/A
WALMART DE MÉXICO,9898560.38,USD,OP-103016,25/05/2022,N/A,N/A
GRUPO LALA,9385825.63,EUR,OP-103017,"September 25, 2023",N/A,N/A
femsa,2041307.41,EUR,OP-103018,2020-02-11,2025-02-24,1840
banorte,1946087.9,USD,OP-103019,2017-12-09,09/10/2024,2467
GRUPO LALA,5888880.52,USD,OP-103020,"February 15, 2025",N/A,N/A
grupo méxico,1235507.13,MXN,OP-103021,12/02/2020,N/A,N/A
liverpool,1522597.75,MXN,OP-103022,28/07/2020,11/08/2024,1564
GRUPO CARSO,7308123.05,USD,OP-103023,12-May-2023,N/A,N/A
LIVERPOOL,2927404.96,EUR,OP-103024,16-Feb-2021,14/12/2024,1397
AMÉRICA MÓVIL,1598865.07,USD,OP-103025,17-Jun-2020,24/01/2025,1682
grupo méxico,6587578.79,MXN,OP-103026,17/04/2025,N/A,N/A
grupo méxico,8079813.39,EUR,OP-103027,10/06/2018,"April 12, 2025",2380
GRUPO MÉXICO,7181610.97,MXN,OP-103028,"May 09, 2019",N/A,N/A
alsea,8930189.51,MXN,OP-103029,"August 13, 2024",N/A,N/A
WALMART DE MÉXICO,2348318.14,EUR,OP-103030,2020-02-18,30/12/2021,681
soriana,9322034.21,USD,OP-103031,01/11/2016,08-Jan-2017,363
américa móvil,755645.51,USD,OP-103032,26-Jul-2024,N/A,N/A
TELMEX,3023804.97,MXN,OP-103033,2022-01-17,21-Feb-2022,35
GRUPO LALA,6640041.86,EUR,OP-103034,04-Jan-2018,09-Aug-2019,582
FEMSA,7280806.41,USD,OP-103035,"October 09, 2020",N/A,N/A
WALMART DE MÉXICO,4324550.74,EUR,OP-103036,2022-12-08,N/A,N/A
GRUPO BIMBO,2000724.24,USD,OP-103037,14/07/2019,N/A,N/A
liverpool,6604892.19,EUR,OP-103038,"June 21, 2025",N/A,N/A
grupo méxico,5610153.27,MXN,OP-103039,"July 03, 2016",N/A,N/A
FEMSA,8986873.0,EUR,OP-103040,07-Jul-2018,"February 21, 2022",1325
GRUPO BIMBO,8115685.24,USD,OP-103041,"August 08, 2019",2023-01-16,1257
soriana,4508876.04,EUR,OP-103042,"August 21, 2025",N/A,N/A
femsa,5515613.12,USD,OP-103043,2015-10-10,2023-08-03,2854
WALMART DE MÉXICO,9666559.72,EUR,OP-103044,2016-11-14,"October 07, 2022",2153
PEMEX,9680862.86,EUR,OP-103045,"August 21, 2024",N/A,N/A
pemex,9687312.44,MXN,OP-103046,"March 28, 2024",N/A,N/A
WALMART DE MÉXICO,1352593.0,EUR,OP-103047,04-Mar-2019,N/A,N/A
GRUPO BIMBO,9513078.59,USD,OP-103048,"June 11, 2020",N/A,N/A
TELMEX,6472190.52,EUR,OP-103049,26-Sep-2023,N/A,N/A
cemex,389323.55,EUR,OP-103050,25-Jan-2018,N/A,N/A
pemex,7855432.24,USD,OP-103051,16-Aug-2022,N/A,N/A
banorte,8368887.78,MXN,OP-103052,05/12/2018,N/A,N/A
soriana,1698695.25,EUR,OP-103053,19/04/2017,27/05/2024,2595
CEMEX,2644069.01,EUR,OP-103054,14-Nov-2023,2025-08-21,646
walmart de méxico,7781879.94,USD,OP-103055,2016-07-24,2024-01-18,2734
GRUPO BIMBO,4994594.73,USD,OP-103056,2018-11-22,22/09/2020,670
LIVERPOOL,4106859.72,EUR,OP-103057,17-Sep-2017,N/A,N/A
femsa,7250435.09,USD,OP-103058,"April 09, 2020",N/A,N/A
femsa,7456334.29,MXN,OP-103059,2024-04-26,N/A,N/A
TELMEX,7932122.78,USD,OP-103060,11/03/2025,N/A,N/A
BBVA MÉXICO,5611910.23,USD,OP-103061,"August 26, 2021","January 13, 2025",1236
AMÉRICA MÓVIL,7898886.48,USD,OP-103062,"March 15, 2020",N/A,N/A
WALMART DE MÉXICO,3123606.91,MXN,OP-103063,2021-04-04,21-Jan-2025,1388
GRUPO MÉXICO,2749516.88,EUR,OP-103064,2019-02-23,08/10/2022,1264
soriana,4674192.86,EUR,OP-103065,"August 07, 2018",28/01/2025,2366
GRUPO BIMBO,5228739.83,MXN,OP-103066,2018-12-14,N/A,N/A
SORIANA,9126066.0,MXN,OP-103067,29/09/2018,N/A,N/A
pemex,5204939.11,USD,OP-103068,2023-11-01,N/A,N/A
femsa,878269.97,USD,OP-103069,20-Jan-2018,04/02/2018,72
BBVA MÉXICO,2679040.01,MXN,OP-103070,"December 25, 2016",04-Feb-2025,2963
walmart de méxico,7543436.11,USD,OP-103071,16-Sep-2022,N/A,N/A
GRUPO BIMBO,5959843.33,EUR,OP-103072,2018-03-24,N/A,N/A
grupo lala,8672367.67,EUR,OP-103073,2022-09-25,N/A,N/A
GRUPO MÉXICO,3042226.64,MXN,OP-103074,07-Nov-2022,N/A,N/A
grupo bimbo,4743881.69,EUR,OP-103075,2019-06-22,"April 15, 2021",663
grupo bimbo,8608788.38,MXN,OP-103076,2022-06-02,N/A,N/A
CEMEX,994333.85,MXN,OP-103077,2019-09-05,N/A,N/A
grupo méxico,2014891.27,USD,OP-103078,28-May-2021,N/A,N/A
liverpool,568064.57,MXN,OP-103079,"August 09, 2024",N/A,N/A
FEMSA,3936333.03,EUR,OP-103080,"March 26, 2021",N/A,N/A
GRUPO BIMBO,8052494.82,MXN,OP-103081,21/11/2022,N/A,N/A
PEMEX,9331342.02,MXN,OP-103082,"July 08, 2022",N/A,N/A
bbva méxico,3934560.63,EUR,OP-103083,2023-11-14,"April 07, 2025",510
GRUPO BIMBO,8508487.35,USD,OP-103084,2016-08-11,2025-07-27,3272
PEMEX,6514762.79,USD,OP-103085,2018-11-18,N/A,N/A
alsea,705054.12,MXN,OP-103086,15-Mar-2019,N/A,N/A
soriana,7360391.06,USD,OP-103087,"February 15, 2022",N/A,N/A
telmex,8015054.27,EUR,OP-103088,13/05/2016,26-Mar-2020,1413
grupo carso,6453568.43,EUR,OP-103089,2022-07-30,N/A,N/A
GRUPO CARSO,9013886.94,USD,OP-103090,2018-11-24,"March 04, 2020",466
telmex,8882939.65,USD,OP-103091,08/09/2015,N/A,N/A
CEMEX,9518407.36,MXN,OP-103092,2016-10-31,N/A,N/A
bbva méxico,1357158.68,USD,OP-103093,"December 16, 2015",05-Nov-2019,1420
liverpool,6023022.32,EUR,OP-103094,09/10/2016,"October 23, 2017",408
GRUPO LALA,3756406.37,USD,OP-103095,"July 09, 2020",N/A,N/A
américa móvil,8793958.04,EUR,OP-103096,18-Feb-2017,19-Jan-2024,2526
PEMEX,4955533.59,EUR,OP-103097,07/04/2025,N/A,N/A
BANORTE,9212608.07,MXN,OP-103098,08/04/2021,N/A,N/A
PEMEX,8712032.59,EUR,OP-103099,"July 26, 2023",N/A,N/A
GRUPO CARSO,4481073.46,EUR,OP-103100,2021-10-05,N/A,N/A
FEMSA,3543040.05,USD,OP-103101,11/12/2024,N/A,N/A
WALMART DE MÉXICO,5607644.62,MXN,OP-103102,"December 16, 2015",2025-08-09,3524
alsea,6246350.5,EUR,OP-103103,18/01/2018,2023-08-30,2050
GRUPO CARSO,6581683.4,EUR,OP-103104,"August 01, 2022",N/A,N/A
pemex,607191.38,EUR,OP-103105,13-Jul-2017,N/A,N/A
BANORTE,7744340.61,USD,OP-103106,02/02/2023,N/A,N/A
liverpool,112272.2,EUR,OP-103107,22/11/2024,01-Aug-2025,252
grupo carso,5829705.83,USD,OP-103108,18/12/2018,2022-04-13,1212
américa móvil,7995970.67,USD,OP-103109,"May 03, 2018",N/A,N/A
femsa,4831655.25,USD,OP-103110,12-Jul-2022,N/A,N/A
ALSEA,4506969.55,USD,OP-103111,06-Jun-2022,2024-05-30,724
PEMEX,6098906.16,USD,OP-103112,19/03/2021,N/A,N/A
GRUPO BIMBO,8278213.38,USD,OP-103113,17-Nov-2017,21/08/2024,2469
grupo bimbo,5484236.43,EUR,OP-103114,2015-09-30,"February 04, 2025",3415
PEMEX,3972671.73,USD,OP-103115,25-Nov-2023,N/A,N/A
femsa,1939534.09,MXN,OP-103116,19-May-2016,N/A,N/A
GRUPO MÉXICO,2506290.64,USD,OP-103117,19-Jul-2020,05-May-2022,655
GRUPO BIMBO,5558971.96,USD,OP-103118,"April 05, 2022",N/A,N/A
walmart de méxico,7494951.06,USD,OP-103119,27-Feb-2020,N/A,N/A
bbva méxico,6134949.64,EUR,OP-103120,2023-12-07,09-May-2024,154
banorte,6943986.3,EUR,OP-103121,29-Dec-2019,N/A,N/A
grupo méxico,7451982.52,USD,OP-103122,2022-04-11,2023-05-13,397
GRUPO BIMBO,5351684.71,MXN,OP-103123,2021-04-09,2022-12-05,605
américa móvil,621838.41,MXN,OP-103124,15/05/2024,N/A,N/A
soriana,3846116.62,USD,OP-103125,09/03/2025,N/A,N/A
TELMEX,188171.43,MXN,OP-103126,2019-06-26,N/A,N/A
ALSEA,1229746.15,USD,OP-103127,29/02/2020,N/A,N/A
bbva méxico,8499521.97,EUR,OP-103128,19/01/2024,N/A,N/A
banorte,895271.67,USD,OP-103129,12/07/2024,N/A,N/A
walmart de méxico,1593269.42,EUR,OP-103130,08/06/2024,N/A,N/A
bbva méxico,6210948.77,USD,OP-103131,07/01/2023,N/A,N/A
TELMEX,8826970.78,USD,OP-103132,09/12/2020,2020-10-16,34
BBVA MÉXICO,9646163.73,USD,OP-103133,2021-08-04,N/A,N/A
américa móvil,8976439.64,MXN,OP-103134,"December 02, 2015","April 18, 2022",2329
liverpool,2809627.06,EUR,OP-103135,2016-07-13,23-May-2019,1044
SORIANA,8924949.05,EUR,OP-103136,2018-06-30,2023-01-30,1675
GRUPO LALA,7872596.14,MXN,OP-103137,27-Sep-2017,"March 13, 2021",1263
ALSEA,4353976.82,USD,OP-103138,12/03/2022,N/A,N/A
GRUPO LALA,6557350.47,EUR,OP-103139,05/08/2023,N/A,N/A
LIVERPOOL,6131348.36,MXN,OP-103140,04/06/2018,N/A,N/A
WALMART DE MÉXICO,4747481.38,EUR,OP-103141,13/04/2017,28/06/2020,1172
GRUPO LALA,8565573.34,USD,OP-103142,2019-01-22,01-Oct-2020,618
américa móvil,9565441.42,MXN,OP-103143,"September 18, 2022",N/A,N/A
walmart de méxico,5545858.45,MXN,OP-103144,02/07/2024,N/A,N/A
GRUPO CARSO,7700913.57,USD,OP-103145,"June 23, 2024",N/A,N/A
soriana,4926999.62,MXN,OP-103146,"October 23, 2023","December 23, 2023",61
BANORTE,8682853.75,EUR,OP-103147,28/09/2015,2020-11-25,1885
CEMEX,1936493.17,USD,OP-103148,2025-07-26,N/A,N/A
GRUPO LALA,346030.93,MXN,OP-103149,21/01/2016,30/10/2018,1013
BANORTE,1025589.7,EUR,OP-103150,"January 02, 2018",15-Aug-2022,1686
telmex,1900399.14,MXN,OP-103151,26-Aug-2016,18/04/2020,1331
walmart de méxico,7483132.17,EUR,OP-103152,"February 21, 2019",22/09/2024,2040
TELMEX,4521961.32,MXN,OP-103153,07-Jun-2021,2023-03-29,660
liverpool,9519506.48,MXN,OP-103154,25/01/2017,N/A,N/A
BANORTE,407596.05,MXN,OP-103155,2019-02-10,N/A,N/A
GRUPO LALA,7509268.53,MXN,OP-103156,"July 17, 2017","May 21, 2025",2865
BANORTE,7607963.13,EUR,OP-103157,03/05/2020,N/A,N/A
américa móvil,5155783.16,EUR,OP-103158,"March 26, 2016",21/09/2017,544
pemex,417445.04,USD,OP-103159,11-Oct-2015,27-Nov-2015,47
PEMEX,9596125.84,USD,OP-103160,"July 30, 2019",23/09/2024,1882
femsa,1782728.25,USD,OP-103161,"January 14, 2017","February 09, 2018",391
grupo bimbo,3496641.45,USD,OP-103162,30/08/2016,24-Jan-2022,1973
grupo lala,1081431.11,EUR,OP-103163,2020-04-03,N/A,N/A
SORIANA,2918588.51,USD,OP-103164,2021-07-22,N/A,N/A
BBVA MÉXICO,7702145.34,EUR,OP-103165,"October 21, 2015",N/A,N/A
telmex,2130796.34,MXN,OP-103166,2021-07-02,N/A,N/A
grupo lala,9372283.15,MXN,OP-103167,02/10/2015,N/A,N/A
GRUPO LALA,8952811.85,MXN,OP-103168,20/03/2017,N/A,N/A
GRUPO LALA,4829482.61,EUR,OP-103169,16/05/2016,N/A,N/A
femsa,8279706.82,EUR,OP-103170,"December 13, 2015",30/08/2021,2087
américa móvil,5174616.61,USD,OP-103171,23/09/2023,"December 16, 2024",450
walmart de méxico,9575341.63,EUR,OP-103172,03/09/2018,N/A,N/A
walmart de méxico,4408505.31,USD,OP-103173,"March 20, 2022",N/A,N/A
américa móvil,2136956.68,EUR,OP-103174,22/10/2023,N/A,N/A
bbva méxico,9328135.7,EUR,OP-103175,"March 04, 2021",18-Jul-2024,1232
FEMSA,5393130.96,USD,OP-103176,12-Jan-2018,18/06/2020,888
PEMEX,105488.4,EUR,OP-103177,2016-11-06,01-Jul-2022,2063
BBVA MÉXICO,6576630.71,USD,OP-103178,"March 13, 2019",20-Jul-2019,129
AMÉRICA MÓVIL,5142277.83,USD,OP-103179,04/04/2021,08/07/2025,1586
GRUPO MÉXICO,7752749.89,MXN,OP-103180,2015-09-12,01-Mar-2021,1997
BANORTE,7747069.03,USD,OP-103181,2024-10-09,17/02/2025,131
grupo carso,6141206.86,USD,OP-103182,12/05/2021,N/A,N/A
AMÉRICA MÓVIL,1497197.26,USD,OP-103183,2022-07-07,"July 06, 2024",730
GRUPO CARSO,5197495.52,EUR,OP-103184,18-Apr-2025,N/A,N/A
pemex,9793619.95,MXN,OP-103185,17-Sep-2019,N/A,N/A
WALMART DE MÉXICO,3412292.33,MXN,OP-103186,15-Oct-2020,2021-10-08,358
soriana,2784892.75,MXN,OP-103187,2024-05-22,N/A,N/A
américa móvil,5232803.52,EUR,OP-103188,28/04/2018,N/A,N/A
alsea,807955.87,USD,OP-103189,24-Feb-2019,N/A,N/A
GRUPO LALA,3988962.34,EUR,OP-103190,"February 16, 2022",N/A,N/A
pemex,503214.79,EUR,OP-103191,"April 24, 2019",N/A,N/A
grupo lala,7513803.15,USD,OP-103192,2024-08-06,N/A,N/A
pemex,8164734.81,EUR,OP-103193,10-Nov-2018,23-Jul-2025,2447
grupo méxico,4738497.79,MXN,OP-103194,2021-01-26,"May 10, 2021",104
grupo lala,6703238.67,USD,OP-103195,27-Oct-2018,"April 19, 2019",174
grupo carso,8672538.35,MXN,OP-103196,"October 29, 2015",04/05/2024,3081
grupo carso,4398442.09,EUR,OP-103197,2018-03-04,N/A,N/A
pemex,7064483.53,EUR,OP-103198,"December 07, 2020",N/A,N/A
SORIANA,9140989.95,MXN,OP-103199,2015-09-27,N/A,N/A
bbva méxico,910468.77,EUR,OP-103200,03/06/2019,N/A,N/A
AMÉRICA MÓVIL,932449.34,MXN,OP-103201,2017-06-30,"October 14, 2018",471
GRUPO BIMBO,9242881.38,MXN,OP-103202,2018-02-12,21/06/2023,1955
américa móvil,8985143.62,MXN,OP-103203,13/12/2019,08-Oct-2022,1030
ALSEA,7726782.02,EUR,OP-103204,15/06/2019,N/A,N/A
pemex,6443059.72,USD,OP-103205,"March 28, 2025",N/A,N/A
banorte,2597224.61,EUR,OP-103206,05-Nov-2020,N/A,N/A
BBVA MÉXICO,3634548.57,USD,OP-103207,14/07/2016,N/A,N/A
GRUPO MÉXICO,1237951.55,EUR,OP-103208,06-Mar-2025,N/A,N/A
bbva méxico,7599291.82,USD,OP-103209,2019-02-18,07-Jun-2025,2301
WALMART DE MÉXICO,8527985.4,MXN,OP-103210,12-Jun-2016,N/A,N/A
walmart de méxico,6139978.11,EUR,OP-103211,28/03/2020,N/A,N/A
liverpool,9543595.66,USD,OP-103212,29-Sep-2020,N/A,N/A
soriana,8431423.63,MXN,OP-103213,2016-05-12,13/06/2023,2588
walmart de méxico,973962.66,EUR,OP-103214,10/03/2025,N/A,N/A
LIVERPOOL,8846733.31,EUR,OP-103215,"February 15, 2021",15-Aug-2024,1277
GRUPO LALA,8016557.53,MXN,OP-103216,2022-03-10,N/A,N/A
ALSEA,2826598.34,MXN,OP-103217,2024-04-15,N/A,N/A
alsea,6018739.81,EUR,OP-103218,"December 29, 2020",N/A,N/A
pemex,8830919.85,MXN,OP-103219,25-Jul-2024,N/A,N/A
WALMART DE MÉXICO,1587145.29,EUR,OP-103220,2015-12-02,"September 17, 2022",2481
bbva méxico,1707995.58,MXN,OP-103221,"August 20, 2021",N/A,N/A
AMÉRICA MÓVIL,6287938.3,MXN,OP-103222,"December 22, 2017",25-Sep-2024,2469
CEMEX,5393000.37,EUR,OP-103223,25-Jun-2024,"October 25, 2024",122
grupo méxico,2692996.5,MXN,OP-103224,30/12/2015,05-May-2021,1953
telmex,672527.85,USD,OP-103225,13/10/2017,19-Oct-2018,371
ALSEA,7191003.48,USD,OP-103226,"May 26, 2025",N/A,N/A
GRUPO MÉXICO,5493766.63,EUR,OP-103227,"December 03, 2021",2025-07-10,1315
alsea,7954678.56,USD,OP-103228,"January 06, 2022",N/A,N/A
américa móvil,2166817.1,EUR,OP-103229,27-Mar-2016,2021-01-28,1768
TELMEX,9531359.07,MXN,OP-103230,"April 02, 2019",N/A,N/A
WALMART DE MÉXICO,1680277.18,EUR,OP-103231,22/11/2015,N/A,N/A
BBVA MÉXICO,3787286.16,USD,OP-103232,2021-12-04,N/A,N/A
WALMART DE MÉXICO,936619.24,EUR,OP-103233,22-Apr-2023,N/A,N/A
GRUPO BIMBO,6393075.72,USD,OP-103234,14/03/2020,2024-02-05,1423
GRUPO MÉXICO,1644830.35,EUR,OP-103235,15-Mar-2018,"January 10, 2025",2493
CEMEX,7135754.5,USD,OP-103236,06-Jun-2022,09/08/2023,459
alsea,259221.36,EUR,OP-103237,"March 20, 2025",2025-07-31,133
PEMEX,8656272.84,USD,OP-103238,24-Oct-2018,2019-07-01,250
bbva méxico,4672409.88,EUR,OP-103239,2022-07-28,N/A,N/A
liverpool,6117400.71,EUR,OP-103240,10/01/2025,N/A,N/A
ALSEA,940202.56,EUR,OP-103241,03/12/2019,25-Mar-2024,1840
GRUPO CARSO,7738340.21,EUR,OP-103242,"January 18, 2018",N/A,N/A
AMÉRICA MÓVIL,7930910.86,EUR,OP-103243,27-Sep-2015,"July 31, 2024",3230
BBVA MÉXICO,4564940.66,USD,OP-103244,2018-02-16,"February 06, 2019",355
alsea,9522929.96,MXN,OP-103245,"May 05, 2021",28-Feb-2024,1029
SORIANA,9550065.78,USD,OP-103246,2020-08-06,N/A,N/A
BANORTE,6146878.19,USD,OP-103247,"November 10, 2017",N/A,N/A
telmex,3348252.59,USD,OP-103248,"February 19, 2019","October 18, 2020",607
GRUPO MÉXICO,9703847.14,EUR,OP-103249,11-Apr-2024,N/A,N/A
CEMEX,2881788.26,EUR,OP-103250,2024-10-31,N/A,N/A
pemex,7208049.07,MXN,OP-103251,07/05/2025,N/A,N/A
bbva méxico,4772559.35,USD,OP-103252,"January 11, 2018",2024-10-08,2462
FEMSA,2833007.6,EUR,OP-103253,07-Nov-2023,N/A,N/A
grupo bimbo,8729101.96,MXN,OP-103254,11-Sep-2015,13-May-2020,1706
américa móvil,4809387.91,USD,OP-103255,2022-07-25,N/A,N/A
cemex,2783719.34,MXN,OP-103256,23-Jul-2020,20/06/2022,697
banorte,7956138.94,EUR,OP-103257,2016-12-16,"November 14, 2020",1429
cemex,8753311.86,MXN,OP-103258,18-Jun-2022,02-Aug-2025,1141
ALSEA,5290684.2,USD,OP-103259,2018-11-18,26-Oct-2024,2169
BANORTE,8567522.01,USD,OP-103260,"May 18, 2018",N/A,N/A
américa móvil,7592879.05,USD,OP-103261,"November 25, 2019","February 15, 2024",1543
LIVERPOOL,2542481.78,EUR,OP-103262,16/03/2023,N/A,N/A
grupo carso,4404901.92,EUR,OP-103263,"October 27, 2022",N/A,N/A
banorte,3658753.37,MXN,OP-103264,16/10/2024,N/A,N/A
BANORTE,2698826.41,EUR,OP-103265,"October 09, 2018","August 10, 2022",1401
WALMART DE MÉXICO,9854612.7,EUR,OP-103266,2023-06-30,2025-08-07,769
FEMSA,5864414.33,EUR,OP-103267,"October 20, 2021","November 11, 2022",387
WALMART DE MÉXICO,205064.07,MXN,OP-103268,2024-12-03,N/A,N/A
GRUPO LALA,2259132.91,EUR,OP-103269,2017-08-13,"August 02, 2019",719
WALMART DE MÉXICO,3016961.53,USD,OP-103270,15-Jul-2024,N/A,N/A
CEMEX,4027922.04,USD,OP-103271,2021-02-25,N/A,N/A
BANORTE,4629761.11,MXN,OP-103272,21/08/2020,N/A,N/A
TELMEX,6678984.38,EUR,OP-103273,2024-03-01,N/A,N/A
GRUPO BIMBO,5960261.27,EUR,OP-103274,26/01/2020,N/A,N/A
TELMEX,5741800.79,MXN,OP-103275,"February 24, 2016",2017-01-28,339
walmart de méxico,7040321.53,EUR,OP-103276,2015-10-26,"August 18, 2018",1027
ALSEA,2103167.41,EUR,OP-103277,13-Dec-2021,N/A,N/A
PEMEX,5770572.34,MXN,OP-103278,"June 20, 2021",N/A,N/A
GRUPO MÉXICO,2615171.11,USD,OP-103279,08-Jun-2025,N/A,N/A
AMÉRICA MÓVIL,6849941.55,USD,OP-103280,14-May-2019,N/A,N/A
grupo lala,678759.0,MXN,OP-103281,07-Sep-2016,"July 18, 2023",2505
SORIANA,5437039.09,USD,OP-103282,2023-05-26,N/A,N/A
telmex,1873853.19,USD,OP-103283,2019-11-09,"October 09, 2021",700
grupo méxico,1084859.25,MXN,OP-103284,"August 14, 2017",18-Dec-2018,491
WALMART DE MÉXICO,3253313.94,MXN,OP-103285,02-Aug-2019,N/A,N/A
cemex,1060402.12,MXN,OP-103286,28-Jul-2017,2019-09-21,785
telmex,318805.65,USD,OP-103287,02-Jun-2025,06/04/2025,2
cemex,2714500.87,MXN,OP-103288,30-Aug-2022,2024-10-09,771
telmex,9860580.32,USD,OP-103289,13/10/2018,N/A,N/A
pemex,4897332.31,USD,OP-103290,13-May-2023,N/A,N/A
BBVA MÉXICO,1896778.23,EUR,OP-103291,"March 20, 2018",N/A,N/A
pemex,198283.55,EUR,OP-103292,02/03/2016,04/04/2018,791
TELMEX,3265390.93,EUR,OP-103293,2023-04-09,N/A,N/A
alsea,9482633.25,USD,OP-103294,23/08/2025,N/A,N/A
soriana,4083408.47,EUR,OP-103295,18-Jan-2023,N/A,N/A
telmex,6309596.49,EUR,OP-103296,26/06/2018,"April 15, 2020",659
CEMEX,7965086.98,MXN,OP-103297,27/08/2020,N/A,N/A
femsa,5263669.45,USD,OP-103298,22/11/2023,N/A,N/A
WALMART DE MÉXICO,3157241.89,MXN,OP-103299,2020-06-02,N/A,N/A
SORIANA,6423307.02,USD,OP-103300,"February 25, 2025",N/A,N/A
cemex,4220818.67,EUR,OP-103301,19-May-2024,N/A,N/A
GRUPO MÉXICO,2671199.05,USD,OP-103302,17/07/2020,08/10/2022,754
telmex,1484720.78,USD,OP-103303,2025-03-08,N/A,N/A
PEMEX,2667014.57,EUR,OP-103304,"July 24, 2021",2023-02-12,568
GRUPO CARSO,4211500.79,MXN,OP-103305,22/08/2017,"February 13, 2020",905
femsa,8617468.73,MXN,OP-103306,25/10/2017,N/A,N/A
BBVA MÉXICO,5983539.17,USD,OP-103307,2025-06-11,N/A,N/A
TELMEX,7302506.0,MXN,OP-103308,"April 22, 2024",N/A,N/A
GRUPO LALA,6569426.87,EUR,OP-103309,"October 11, 2021",N/A,N/A
grupo bimbo,6680348.46,MXN,OP-103310,2024-04-22,N/A,N/A
grupo méxico,2380229.15,USD,OP-103311,10-Sep-2024,N/A,N/A
GRUPO LALA,5644412.46,MXN,OP-103312,2023-11-12,N/A,N/A
grupo méxico,8790528.61,EUR,OP-103313,2017-09-15,23-Nov-2024,2626
pemex,4734664.54,MXN,OP-103314,31/03/2019,N/A,N/A
femsa,7111626.49,EUR,OP-103315,03/10/2023,14/05/2023,65
GRUPO MÉXICO,1881126.01,USD,OP-103316,"September 15, 2020","December 22, 2024",1559
liverpool,2713216.32,USD,OP-103317,22/02/2023,N/A,N/A
SORIANA,2448717.84,USD,OP-103318,23-May-2023,N/A,N/A
soriana,1481449.95,USD,OP-103319,26-Apr-2023,"December 11, 2024",595
BBVA MÉXICO,3801015.16,USD,OP-103320,"April 18, 2016",03/07/2023,2514
américa móvil,4405654.65,EUR,OP-103321,02/12/2022,N/A,N/A
cemex,3709621.81,MXN,OP-103322,07-Jul-2024,N/A,N/A
walmart de méxico,7470457.79,EUR,OP-103323,"March 06, 2022",N/A,N/A
grupo méxico,5605709.59,EUR,OP-103324,2020-08-08,17/12/2020,131
telmex,1612660.91,USD,OP-103325,29-Mar-2018,02/03/2019,311
BBVA MÉXICO,5353376.98,USD,OP-103326,21-Feb-2018,N/A,N/A
telmex,5163757.69,EUR,OP-103327,21/01/2025,N/A,N/A
liverpool,7945357.57,EUR,OP-103328,"October 18, 2021",N/A,N/A
CEMEX,5815157.93,MXN,OP-103329,"July 17, 2019",2022-05-11,1029
GRUPO MÉXICO,7453389.46,EUR,OP-103330,2024-02-14,N/A,N/A
FEMSA,2262533.01,EUR,OP-103331,2018-02-28,06-Dec-2021,1377
grupo lala,2489303.48,EUR,OP-103332,"March 06, 2023",N/A,N/A
cemex,4548528.08,EUR,OP-103333,2019-04-22,N/A,N/A
bbva méxico,824066.45,USD,OP-103334,03-Sep-2019,N/A,N/A
grupo lala,1193264.02,MXN,OP-103335,21/02/2017,26/08/2018,551
BBVA MÉXICO,2651075.76,EUR,OP-103336,2021-12-01,N/A,N/A
BANORTE,2833113.43,MXN,OP-103337,2018-08-04,25-Jun-2021,1056
FEMSA,4557301.52,USD,OP-103338,"December 18, 2023",N/A,N/A
grupo carso,6570218.28,USD,OP-103339,07-Dec-2020,N/A,N/A
femsa,7600276.17,USD,OP-103340,04-Aug-2019,02/09/2020,189
BANORTE,5565280.7,EUR,OP-103341,11-Nov-2020,N/A,N/A
PEMEX,3126096.43,MXN,OP-103342,"April 07, 2017",13-Sep-2020,1255
grupo bimbo,8192952.85,MXN,OP-103343,"March 05, 2025",N/A,N/A
pemex,5532602.36,EUR,OP-103344,09-Oct-2021,N/A,N/A
américa móvil,4014876.1,USD,OP-103345,2015-10-13,"June 21, 2020",1713
américa móvil,7781219.83,EUR,OP-103346,"October 19, 2018",N/A,N/A
SORIANA,2192104.92,MXN,OP-103347,2021-02-16,N/A,N/A
grupo bimbo,3867005.77,EUR,OP-103348,2024-02-21,"August 09, 2024",170
GRUPO MÉXICO,6403789.68,EUR,OP-103349,"May 13, 2024",N/A,N/A
liverpool,1308132.08,MXN,OP-103350,23/03/2023,N/A,N/A
BANORTE,4630833.02,MXN,OP-103351,19/05/2019,"April 06, 2024",1784
américa móvil,254073.5,USD,OP-103352,"October 21, 2020",N/A,N/A
SORIANA,8618584.86,MXN,OP-103353,"February 16, 2023",22/10/2023,248
femsa,7080736.32,EUR,OP-103354,07-Jul-2016,N/A,N/A
ALSEA,8681060.74,EUR,OP-103355,22/04/2020,28-Nov-2020,220
FEMSA,2372905.53,EUR,OP-103356,19-Nov-2022,N/A,N/A
PEMEX,5030338.39,MXN,OP-103357,24-Sep-2017,N/A,N/A
GRUPO BIMBO,4782875.32,MXN,OP-103358,17-Oct-2017,N/A,N/A
GRUPO LALA,6711213.65,EUR,OP-103359,"June 22, 2022",2022-08-10,49
AMÉRICA MÓVIL,6938986.7,USD,OP-103360,19-Feb-2019,N/A,N/A
américa móvil,2445538.54,EUR,OP-103361,"April 30, 2024",N/A,N/A
américa móvil,1447894.2,USD,OP-103362,27-May-2022,N/A,N/A
SORIANA,4449263.2,EUR,OP-103363,03/12/2022,N/A,N/A
TELMEX,1977389.28,MXN,OP-103364,05-Aug-2022,N/A,N/A
banorte,1773562.95,MXN,OP-103365,23-Jan-2017,29-Dec-2022,2166
ALSEA,7345021.44,EUR,OP-103366,"March 24, 2024",N/A,N/A
ALSEA,8041400.71,USD,OP-103367,"April 21, 2016",N/A,N/A
WALMART DE MÉXICO,7477813.96,MXN,OP-103368,"June 23, 2020",N/A,N/A
soriana,2181526.24,MXN,OP-103369,"January 15, 2025",N/A,N/A
FEMSA,5640025.09,MXN,OP-103370,02/11/2017,2025-04-13,2983
grupo bimbo,2314984.03,USD,OP-103371,29/12/2017,N/A,N/A
GRUPO MÉXICO,6539842.83,USD,OP-103372,14/06/2025,N/A,N/A
pemex,4782298.97,MXN,OP-103373,25/11/2022,N/A,N/A
GRUPO LALA,2275297.49,USD,OP-103374,21/12/2020,N/A,N/A
grupo méxico,1173381.47,MXN,OP-103375,"January 15, 2023",N/A,N/A
liverpool,3191786.04,USD,OP-103376,25-Jul-2022,N/A,N/A
femsa,7248941.7,USD,OP-103377,"July 13, 2020","August 25, 2021",408
BBVA MÉXICO,3102625.12,USD,OP-103378,"November 11, 2021",N/A,N/A
grupo bimbo,4115955.13,USD,OP-103379,"November 12, 2023",N/A,N/A
bbva méxico,7306121.05,EUR,OP-103380,"November 10, 2016","October 06, 2018",695
BBVA MÉXICO,4257780.47,USD,OP-103381,"October 01, 2024",N/A,N/A
GRUPO CARSO,3837486.86,USD,OP-103382,24-Mar-2017,05/11/2018,413
cemex,4019568.09,MXN,OP-103383,27/04/2023,N/A,N/A
telmex,1223989.19,EUR,OP-103384,2023-09-02,N/A,N/A
banorte,2176228.62,MXN,OP-103385,04-Dec-2015,2022-05-31,2370
BANORTE,9258612.23,EUR,OP-103386,08-Sep-2021,"March 22, 2023",560
BANORTE,9171937.94,USD,OP-103387,"January 11, 2019",N/A,N/A
walmart de méxico,9330170.13,EUR,OP-103388,05-Oct-2024,N/A,N/A
femsa,8838630.76,USD,OP-103389,2024-09-19,N/A,N/A
SORIANA,1781876.43,USD,OP-103390,10/03/2020,N/A,N/A
BANORTE,8179979.15,MXN,OP-103391,27/10/2016,N/A,N/A
walmart de méxico,4962157.64,USD,OP-103392,06/06/2019,N/A,N/A
banorte,8199278.73,EUR,OP-103393,2024-01-04,N/A,N/A
liverpool,1889228.36,MXN,OP-103394,2024-02-03,N/A,N/A
walmart de méxico,2092057.63,EUR,OP-103395,24/04/2025,N/A,N/A
FEMSA,7151372.34,USD,OP-103396,"July 10, 2023",N/A,N/A
WALMART DE MÉXICO,4200584.44,MXN,OP-103397,2022-02-13,N/A,N/A
grupo carso,9177269.89,MXN,OP-103398,"October 12, 2017","January 27, 2019",472
bbva méxico,4212183.61,MXN,OP-103399,02-Apr-2023,N/A,N/A
banorte,103341.74,EUR,OP-103400,16/02/2018,07/09/2023,1969
ALSEA,7812524.27,EUR,OP-103401,"February 25, 2024",N/A,N/A
CEMEX,4066148.18,EUR,OP-103402,30-May-2025,N/A,N/A
soriana,7195274.98,USD,OP-103403,27/02/2023,N/A,N/A
alsea,8804113.86,MXN,OP-103404,13/04/2024,N/A,N/A
grupo lala,580888.17,USD,OP-103405,02-Feb-2021,N/A,N/A
telmex,1601118.04,EUR,OP-103406,04-Jul-2016,N/A,N/A
FEMSA,5617376.32,EUR,OP-103407,2025-02-27,N/A,N/A
FEMSA,6869289.51,EUR,OP-103408,01/01/2019,19-Jan-2021,749
GRUPO LALA,4429569.74,USD,OP-103409,2019-09-02,N/A,N/A
grupo lala,2895680.48,MXN,OP-103410,"June 12, 2019",2023-07-26,1505
pemex,5433686.12,USD,OP-103411,2022-05-18,N/A,N/A
BBVA MÉXICO,6231266.58,MXN,OP-103412,2019-06-25,13/03/2025,2088
soriana,2718798.58,USD,OP-103413,2018-09-22,"October 04, 2020",743
grupo lala,8038307.46,MXN,OP-103414,03/11/2024,N/A,N/A
GRUPO CARSO,6698044.36,USD,OP-103415,"June 08, 2024",N/A,N/A
GRUPO BIMBO,8503659.78,EUR,OP-103416,"September 27, 2023",N/A,N/A
soriana,6597476.32,EUR,OP-103417,"December 20, 2017",N/A,N/A
pemex,2437432.1,MXN,OP-103418,"September 26, 2015",N/A,N/A
banorte,708135.48,EUR,OP-103419,2023-11-21,N/A,N/A
banorte,3279756.29,USD,OP-103420,"January 20, 2020",2022-07-02,894
ALSEA,2976834.37,MXN,OP-103421,15-Sep-2017,N/A,N/A
grupo bimbo,3727482.73,MXN,OP-103422,2022-01-12,N/A,N/A
PEMEX,779323.92,EUR,OP-103423,"January 09, 2025",N/A,N/A
AMÉRICA MÓVIL,5607097.78,EUR,OP-103424,01/12/2019,N/A,N/A
femsa,3993494.93,MXN,OP-103425,"April 08, 2021",N/A,N/A
grupo lala,6683251.87,USD,OP-103426,"September 17, 2015",2021-06-11,2094
grupo lala,4949893.18,USD,OP-103427,2023-06-23,N/A,N/A
femsa,9213272.92,MXN,OP-103428,"February 13, 2022",N/A,N/A
telmex,8912951.8,MXN,OP-103429,2025-07-11,N/A,N/A
LIVERPOOL,1581685.84,USD,OP-103430,01/04/2017,N/A,N/A
banorte,4767864.51,USD,OP-103431,22-Aug-2023,N/A,N/A
bbva méxico,2910291.67,EUR,OP-103432,11-Apr-2019,05-Feb-2020,300
grupo bimbo,6416560.28,MXN,OP-103433,07-May-2025,N/A,N/A
PEMEX,8603925.13,MXN,OP-103434,14/06/2024,N/A,N/A
CEMEX,8129053.24,USD,OP-103435,09/08/2017,N/A,N/A
CEMEX,2673760.15,MXN,OP-103436,30-Jan-2019,"January 19, 2021",720
telmex,555066.45,MXN,OP-103437,2022-05-02,N/A,N/A
GRUPO CARSO,917656.12,USD,OP-103438,2018-12-04,08/07/2025,2438
WALMART DE MÉXICO,5353916.49,EUR,OP-103439,03/06/2021,22-Apr-2023,777
GRUPO LALA,9574884.26,MXN,OP-103440,31-Jan-2023,2024-04-08,433
BBVA MÉXICO,3665549.64,USD,OP-103441,09/10/2017,N/A,N/A
BBVA MÉXICO,7968199.2,USD,OP-103442,23/04/2024,N/A,N/A
américa móvil,2598517.84,USD,OP-103443,01-Apr-2021,16-Sep-2022,533
GRUPO MÉXICO,470116.02,EUR,OP-103444,07-Jan-2021,2021-05-31,144
grupo carso,3445651.36,EUR,OP-103445,2020-11-09,N/A,N/A
SORIANA,3255803.12,USD,OP-103446,21/12/2015,2022-03-16,2277
WALMART DE MÉXICO,3595726.75,MXN,OP-103447,10/06/2016,N/A,N/A
GRUPO BIMBO,1145112.93,USD,OP-103448,18-Mar-2016,N/A,N/A
banorte,4106665.67,USD,OP-103449,03-Dec-2021,N/A,N/A
soriana,4202164.03,EUR,OP-103450,2023-06-29,N/A,N/A
CEMEX,4457131.45,EUR,OP-103451,21/01/2024,N/A,N/A
FEMSA,569807.72,USD,OP-103452,09/06/2020,2022-03-17,557
cemex,7425537.18,EUR,OP-103453,15/01/2025,N/A,N/A
ALSEA,3173853.84,USD,OP-103454,25-Mar-2016,"November 29, 2021",2075
bbva méxico,2857425.78,EUR,OP-103455,"June 24, 2016","October 19, 2024",3039
femsa,9505862.72,EUR,OP-103456,25/01/2017,N/A,N/A
liverpool,2788703.83,EUR,OP-103457,"April 04, 2016",2023-10-11,2746
grupo bimbo,1705228.73,EUR,OP-103458,"January 04, 2024",N/A,N/A
telmex,434909.88,EUR,OP-103459,29-Nov-2022,"May 02, 2023",154
BANORTE,4617536.02,EUR,OP-103460,24/05/2021,2024-01-01,952
GRUPO MÉXICO,2771907.67,USD,OP-103461,10-Jul-2019,22-Feb-2025,2054
walmart de méxico,7324401.36,USD,OP-103462,"September 13, 2019",23-Apr-2024,1684
femsa,7283446.69,USD,OP-103463,"June 18, 2017",N/A,N/A
AMÉRICA MÓVIL,633925.86,MXN,OP-103464,2019-10-23,02/08/2020,108
bbva méxico,8318547.58,USD,OP-103465,12/10/2022,2024-10-28,688
grupo bimbo,8637535.05,USD,OP-103466,10/07/2017,"November 09, 2022",1859
AMÉRICA MÓVIL,3032161.61,MXN,OP-103467,2019-04-09,N/A,N/A
grupo méxico,639669.62,MXN,OP-103468,10/01/2019,N/A,N/A
SORIANA,8413588.49,MXN,OP-103469,2018-06-07,N/A,N/A
femsa,9614738.58,EUR,OP-103470,15/11/2015,"August 24, 2025",3570
banorte,4095199.38,MXN,OP-103471,06/05/2020,2025-04-23,1783
pemex,6986763.47,EUR,OP-103472,2017-10-10,N/A,N/A
grupo lala,5580185.43,USD,OP-103473,06-Feb-2023,"March 07, 2025",760
SORIANA,7120729.76,USD,OP-103474,"April 26, 2025",N/A,N/A
soriana,8100012.37,USD,OP-103475,"May 29, 2023",N/A,N/A
FEMSA,8898466.62,USD,OP-103476,19-Jan-2024,N/A,N/A
GRUPO BIMBO,2547344.44,USD,OP-103477,19-Dec-2018,N/A,N/A
telmex,8102405.83,USD,OP-103478,"May 13, 2017",N/A,N/A
grupo lala,1656220.12,MXN,OP-103479,"February 28, 2025",N/A,N/A
grupo bimbo,2170884.07,MXN,OP-103480,2018-06-24,N/A,N/A
PEMEX,9142753.65,MXN,OP-103481,"February 07, 2017",25-Aug-2022,2025
PEMEX,2237673.29,USD,OP-103482,15/12/2017,26/01/2023,1868
grupo méxico,6589563.33,MXN,OP-103483,21/03/2016,N/A,N/A
WALMART DE MÉXICO,2658832.36,MXN,OP-103484,"January 15, 2020",N/A,N/A
américa móvil,3885081.71,USD,OP-103485,04-Dec-2018,N/A,N/A
BANORTE,4835121.58,EUR,OP-103486,"July 15, 2019",N/A,N/A
GRUPO CARSO,9227376.01,EUR,OP-103487,"June 08, 2025",N/A,N/A
bbva méxico,3338986.04,MXN,OP-103488,03-Nov-2020,N/A,N/A
GRUPO BIMBO,3858996.87,EUR,OP-103489,05-Jan-2025,N/A,N/A
grupo lala,6884965.07,EUR,OP-103490,"September 17, 2020",N/A,N/A
BBVA MÉXICO,640043.89,MXN,OP-103491,2018-07-23,N/A,N/A
soriana,4368005.82,MXN,OP-103492,2023-06-05,N/A,N/A
liverpool,318734.26,EUR,OP-103493,11-Dec-2016,27/03/2024,2663
TELMEX,5949430.28,USD,OP-103494,28-Oct-2015,2021-04-10,1991
GRUPO MÉXICO,4631169.04,EUR,OP-103495,14/08/2022,N/A,N/A
GRUPO CARSO,9453599.77,EUR,OP-103496,2021-05-16,N/A,N/A
femsa,9898695.09,EUR,OP-103497,05-Jan-2021,2024-03-03,1153
femsa,8610854.13,MXN,OP-103498,"May 17, 2024",N/A,N/A
soriana,1504851.54,USD,OP-103499,2016-04-19,08/06/2019,1204
pemex,250610.24,EUR,OP-103500,2024-06-15,N/A,N/A
grupo carso,8520801.66,USD,OP-103501,"October 01, 2020",N/A,N/A
BBVA MÉXICO,8477916.02,USD,OP-103502,12/01/2023,N/A,N/A
CEMEX,1685009.77,EUR,OP-103503,19-Aug-2021,N/A,N/A
LIVERPOOL,5153608.08,EUR,OP-103504,09-Jun-2023,N/A,N/A
alsea,1493165.63,USD,OP-103505,17-Sep-2022,N/A,N/A
LIVERPOOL,6032428.78,MXN,OP-103506,2021-10-04,N/A,N/A
TELMEX,4904914.5,USD,OP-103507,"September 09, 2024",N/A,N/A
FEMSA,7942377.95,EUR,OP-103508,"October 25, 2016",16/09/2023,2517
grupo carso,1223097.51,USD,OP-103509,20/02/2020,14/09/2020,207
SORIANA,9037418.82,EUR,OP-103510,16-May-2017,N/A,N/A
FEMSA,4968745.1,EUR,OP-103511,"December 25, 2019",N/A,N/A
cemex,8154428.61,EUR,OP-103512,30-Jul-2023,N/A,N/A
telmex,9877621.56,USD,OP-103513,"June 23, 2021",N/A,N/A
banorte,1150546.2,MXN,OP-103514,13-Sep-2021,"November 15, 2022",428
BBVA MÉXICO,5248388.7,EUR,OP-103515,"September 11, 2024",N/A,N/A
grupo carso,1193917.18,EUR,OP-103516,31/03/2022,08/01/2022,123
BANORTE,8864457.77,USD,OP-103517,14-Apr-2024,N/A,N/A
grupo méxico,4853869.11,EUR,OP-103518,2024-07-19,N/A,N/A
GRUPO LALA,2377109.38,MXN,OP-103519,05/06/2022,N/A,N/A
BANORTE,8555623.3,EUR,OP-103520,"November 13, 2015",18/03/2024,3048
alsea,580171.17,MXN,OP-103521,11-Mar-2016,14/06/2022,2286
ALSEA,6312000.47,USD,OP-103522,09/11/2022,N/A,N/A
américa móvil,1715363.23,MXN,OP-103523,08/03/2020,N/A,N/A
américa móvil,9747137.2,USD,OP-103524,22-Dec-2017,N/A,N/A
CEMEX,6687502.05,USD,OP-103525,19-Jul-2023,N/A,N/A
pemex,2442585.16,USD,OP-103526,2017-08-10,13/11/2023,2286
américa móvil,5159406.18,USD,OP-103527,14/04/2024,N/A,N/A
grupo carso,9817456.69,MXN,OP-103528,2018-11-10,18/12/2018,38
pemex,4675084.97,MXN,OP-103529,2021-07-02,27/03/2024,999
femsa,5687677.31,MXN,OP-103530,2024-11-26,N/A,N/A
FEMSA,2997955.48,MXN,OP-103531,2015-10-09,2017-11-29,782
ALSEA,7565786.67,EUR,OP-103532,2020-08-01,N/A,N/A
TELMEX,1021778.3,EUR,OP-103533,15-May-2025,N/A,N/A
liverpool,9117962.53,EUR,OP-103534,29/09/2015,N/A,N/A
grupo bimbo,4319815.09,USD,OP-103535,19-Feb-2019,N/A,N/A
PEMEX,1944125.07,EUR,OP-103536,11-Aug-2023,N/A,N/A
WALMART DE MÉXICO,9057220.52,USD,OP-103537,2016-12-06,N/A,N/A
alsea,9128861.11,MXN,OP-103538,2017-01-12,13/04/2018,456
soriana,2302628.79,USD,OP-103539,2017-08-19,"April 09, 2020",964
BANORTE,6492094.56,MXN,OP-103540,"March 11, 2021",N/A,N/A
grupo bimbo,7183838.6,EUR,OP-103541,"February 29, 2016",N/A,N/A
GRUPO LALA,821721.33,USD,OP-103542,29-Sep-2023,N/A,N/A
PEMEX,7681243.99,USD,OP-103543,15-Sep-2023,N/A,N/A
pemex,102583.3,EUR,OP-103544,2024-12-19,N/A,N/A
GRUPO LALA,7167218.73,EUR,OP-103545,14/01/2017,N/A,N/A
bbva méxico,437476.85,MXN,OP-103546,2022-04-08,N/A,N/A
liverpool,653842.27,EUR,OP-103547,"January 10, 2016",17/01/2016,7
SORIANA,7613282.39,EUR,OP-103548,17/10/2023,02/01/2024,107
TELMEX,5042068.59,USD,OP-103549,26-Aug-2024,N/A,N/A
CEMEX,6924051.67,USD,OP-103550,21-Mar-2016,2016-05-28,68
FEMSA,4277183.09,MXN,OP-103551,"September 24, 2023","September 07, 2024",349
soriana,560250.31,EUR,OP-103552,13/09/2021,N/A,N/A
PEMEX,5458560.69,MXN,OP-103553,2020-06-15,N/A,N/A
telmex,7410367.93,MXN,OP-103554,2019-06-20,N/A,N/A
GRUPO BIMBO,9753929.76,EUR,OP-103555,"July 14, 2020",06/10/2023,1061
BBVA MÉXICO,6382711.87,EUR,OP-103556,2016-11-06,"April 30, 2020",1271
américa móvil,8687838.66,EUR,OP-103557,2023-10-21,N/A,N/A
telmex,8980202.56,EUR,OP-103558,02-May-2016,14/03/2023,2507
liverpool,5086092.05,MXN,OP-103559,21-Dec-2017,2020-08-15,968
cemex,8498619.39,MXN,OP-103560,19/09/2021,N/A,N/A
ALSEA,1118168.53,MXN,OP-103561,01-Mar-2024,N/A,N/A
alsea,3772334.54,EUR,OP-103562,2023-10-25,N/A,N/A
banorte,3872031.08,USD,OP-103563,2016-02-19,N/A,N/A
pemex,5937443.74,USD,OP-103564,2025-02-05,N/A,N/A
walmart de méxico,6760810.5,MXN,OP-103565,2017-03-11,2019-11-29,993
grupo carso,8982823.86,MXN,OP-103566,"December 28, 2022",N/A,N/A
banorte,8400609.92,USD,OP-103567,15/01/2020,N/A,N/A
TELMEX,8431594.5,EUR,OP-103568,2018-10-30,2018-11-09,10
cemex,1206559.07,MXN,OP-103569,"December 11, 2021",17-Dec-2021,6
AMÉRICA MÓVIL,5041765.03,EUR,OP-103570,14-Oct-2024,N/A,N/A
liverpool,1762876.36,USD,OP-103571,2020-12-17,N/A,N/A
WALMART DE MÉXICO,3067434.27,USD,OP-103572,2023-12-09,"May 09, 2025",517
CEMEX,5952320.46,USD,OP-103573,"January 07, 2021",2023-10-21,1017
TELMEX,7287984.63,USD,OP-103574,2017-07-23,29/03/2021,1345
GRUPO BIMBO,1894636.69,EUR,OP-103575,"January 25, 2023",N/A,N/A
cemex,9396939.15,USD,OP-103576,"July 22, 2017",N/A,N/A
GRUPO LALA,291375.78,EUR,OP-103577,01/04/2023,N/A,N/A
américa móvil,2134501.28,EUR,OP-103578,21/06/2022,N/A,N/A
grupo méxico,1257225.27,EUR,OP-103579,26/09/2015,2023-01-13,2666
grupo bimbo,8744313.6,MXN,OP-103580,23/02/2022,N/A,N/A
banorte,5374257.11,EUR,OP-103581,09/03/2018,N/A,N/A
pemex,6298651.49,MXN,OP-103582,"January 02, 2024",N/A,N/A
BANORTE,7536236.06,EUR,OP-103583,2025-01-03,N/A,N/A
alsea,348834.25,USD,OP-103584,"August 20, 2020",N/A,N/A
femsa,1050687.87,USD,OP-103585,15/02/2024,N/A,N/A
GRUPO CARSO,2870924.87,MXN,OP-103586,2018-04-30,N/A,N/A
grupo méxico,2178155.99,USD,OP-103587,"March 10, 2017",N/A,N/A
SORIANA,1253064.18,USD,OP-103588,"September 27, 2022",N/A,N/A
femsa,6306161.41,USD,OP-103589,11/09/2015,09-Jun-2018,943
grupo bimbo,6219856.13,MXN,OP-103590,2020-02-08,N/A,N/A
soriana,5100120.39,USD,OP-103591,26-Oct-2022,"January 17, 2025",814
CEMEX,3389316.09,MXN,OP-103592,05-Feb-2024,N/A,N/A
cemex,7806997.54,MXN,OP-103593,"May 19, 2016",07/09/2022,2242
TELMEX,6539785.16,MXN,OP-103594,2019-05-15,N/A,N/A
soriana,1381360.45,USD,OP-103595,06/10/2021,N/A,N/A
pemex,7917588.48,MXN,OP-103596,2018-01-22,N/A,N/A
femsa,8818639.19,MXN,OP-103597,23-Dec-2021,N/A,N/A
walmart de méxico,7569138.69,EUR,OP-103598,15-Apr-2020,N/A,N/A
femsa,9212522.75,MXN,OP-103599,"March 31, 2024",14-Jul-2024,105
banorte,4825931.45,USD,OP-103600,16-Mar-2022,N/A,N/A
telmex,2085063.69,USD,OP-103601,2015-09-02,"November 16, 2015",75
liverpool,6093771.01,MXN,OP-103602,"June 18, 2020",2022-01-24,585
cemex,6474101.96,MXN,OP-103603,18/08/2020,N/A,N/A
femsa,9619030.69,USD,OP-103604,20/11/2019,N/A,N/A
grupo méxico,4884410.92,EUR,OP-103605,"September 09, 2018",16-Feb-2019,160
liverpool,4218883.97,EUR,OP-103606,2017-04-11,02/02/2022,1758
FEMSA,445035.13,EUR,OP-103607,14/08/2024,N/A,N/A
walmart de méxico,6633141.35,MXN,OP-103608,08/06/2019,N/A,N/A
grupo lala,1414325.45,MXN,OP-103609,23-Sep-2019,"April 15, 2024",1666
BANORTE,7530660.76,USD,OP-103610,29/11/2020,N/A,N/A
liverpool,9742150.37,EUR,OP-103611,"March 31, 2018","May 03, 2021",1129
GRUPO BIMBO,1780359.53,EUR,OP-103612,28/03/2023,N/A,N/A
AMÉRICA MÓVIL,4646973.69,EUR,OP-103613,28/02/2024,N/A,N/A
alsea,4931852.53,MXN,OP-103614,2024-03-28,N/A,N/A
CEMEX,9902642.51,MXN,OP-103615,14-Aug-2025,N/A,N/A
ALSEA,7956105.98,MXN,OP-103616,23/10/2023,N/A,N/A
cemex,7578367.65,USD,OP-103617,20/10/2019,N/A,N/A
TELMEX,5508376.54,MXN,OP-103618,"February 15, 2023",N/A,N/A
GRUPO LALA,879766.61,USD,OP-103619,15/08/2022,N/A,N/A
GRUPO BIMBO,5201530.13,USD,OP-103620,10/03/2019,N/A,N/A
bbva méxico,9924877.85,USD,OP-103621,"June 06, 2018",N/A,N/A
telmex,6673402.63,MXN,OP-103622,2024-07-19,N/A,N/A
pemex,2098357.51,USD,OP-103623,2016-05-11,12/11/2017,579
GRUPO CARSO,8199430.75,EUR,OP-103624,2024-03-21,N/A,N/A
pemex,1609557.41,EUR,OP-103625,2023-10-17,N/A,N/A
ALSEA,2219059.99,MXN,OP-103626,28/06/2017,"October 14, 2022",1934
GRUPO MÉXICO,9887761.39,EUR,OP-103627,"February 21, 2018",N/A,N/A
femsa,4691258.67,USD,OP-103628,"January 18, 2025",N/A,N/A
LIVERPOOL,111481.9,MXN,OP-103629,05-Apr-2021,N/A,N/A
CEMEX,8496724.76,MXN,OP-103630,"January 01, 2021",N/A,N/A
GRUPO BIMBO,9592417.74,MXN,OP-103631,30-Mar-2023,N/A,N/A
TELMEX,2541045.68,MXN,OP-103632,"December 24, 2020",14/05/2024,1237
bbva méxico,6298921.12,USD,OP-103633,2020-01-04,N/A,N/A
FEMSA,5089367.84,USD,OP-103634,"January 04, 2016",2016-12-16,347
grupo carso,1683092.68,USD,OP-103635,"October 03, 2020",N/A,N/A
américa móvil,5482200.69,USD,OP-103636,2023-04-05,14/03/2024,344
GRUPO LALA,7126452.45,USD,OP-103637,10/11/2022,30-Dec-2023,445
walmart de méxico,318717.56,EUR,OP-103638,"August 11, 2018",N/A,N/A
bbva méxico,7493258.67,MXN,OP-103639,24/02/2020,N/A,N/A
ALSEA,897966.8,MXN,OP-103640,2020-11-28,2025-03-17,1570
liverpool,2792032.48,EUR,OP-103641,"May 21, 2018",2024-07-27,2259
WALMART DE MÉXICO,8721616.23,MXN,OP-103642,"August 22, 2021",N/A,N/A
grupo carso,7012519.16,MXN,OP-103643,03/06/2021,N/A,N/A
WALMART DE MÉXICO,3623533.12,USD,OP-103644,2022-01-03,"January 06, 2024",733
ALSEA,2576907.29,EUR,OP-103645,24/12/2024,N/A,N/A
grupo lala,9681460.96,MXN,OP-103646,2021-01-14,16/05/2021,122
grupo méxico,6979167.69,USD,OP-103647,2018-03-02,N/A,N/A
grupo lala,5079551.92,USD,OP-103648,03/10/2020,N/A,N/A
BBVA MÉXICO,4708133.26,EUR,OP-103649,23-Oct-2024,N/A,N/A
grupo bimbo,5772209.53,EUR,OP-103650,"October 27, 2016",2024-06-06,2779
bbva méxico,9212912.42,EUR,OP-103651,"November 14, 2022",N/A,N/A
ALSEA,9929788.1,USD,OP-103652,02/12/2019,N/A,N/A
telmex,6355913.38,MXN,OP-103653,"January 04, 2019",14-May-2024,1957
liverpool,2199466.32,EUR,OP-103654,"October 28, 2018",27/09/2023,1795
bbva méxico,2505274.54,USD,OP-103655,"June 08, 2023",N/A,N/A
alsea,8943224.02,MXN,OP-103656,19-Feb-2024,N/A,N/A
WALMART DE MÉXICO,8642311.17,EUR,OP-103657,23-Oct-2018,"June 22, 2022",1338
grupo carso,8749911.19,USD,OP-103658,01-Aug-2024,2025-03-25,236
ALSEA,1751729.32,USD,OP-103659,14/07/2025,N/A,N/A
walmart de méxico,869611.62,USD,OP-103660,"October 02, 2019",2024-07-22,1755
GRUPO BIMBO,5664973.47,MXN,OP-103661,14-Jan-2025,N/A,N/A
grupo bimbo,4867676.7,MXN,OP-103662,"January 04, 2018",N/A,N/A
GRUPO BIMBO,4312839.7,EUR,OP-103663,09/06/2022,N/A,N/A
liverpool,736456.1,EUR,OP-103664,2016-12-15,N/A,N/A
GRUPO MÉXICO,2780958.81,USD,OP-103665,23/05/2018,14-Oct-2020,875
BANORTE,1257195.83,EUR,OP-103666,"August 14, 2021",20-Jan-2022,159
SORIANA,9948717.99,USD,OP-103667,19/07/2021,N/A,N/A
grupo méxico,2458497.4,EUR,OP-103668,2019-08-02,N/A,N/A
BANORTE,950178.57,MXN,OP-103669,"February 26, 2024",N/A,N/A
grupo lala,5675738.4,USD,OP-103670,28-May-2017,17/10/2024,2699
soriana,7172085.96,MXN,OP-103671,17-Nov-2017,2019-09-06,658
grupo lala,4007701.71,USD,OP-103672,2024-11-08,N/A,N/A
BANORTE,9563790.64,USD,OP-103673,"October 10, 2023",N/A,N/A
walmart de méxico,2213089.41,EUR,OP-103674,2017-12-19,N/A,N/A
TELMEX,6230548.78,USD,OP-103675,08-Mar-2019,2022-12-27,1390
bbva méxico,2804630.23,USD,OP-103676,12/06/2025,N/A,N/A
soriana,3443970.2,USD,OP-103677,10-Apr-2024,N/A,N/A
alsea,1009080.31,USD,OP-103678,2019-08-19,N/A,N/A
grupo bimbo,4867414.97,EUR,OP-103679,29-Nov-2016,2024-04-06,2685
WALMART DE MÉXICO,1355218.34,USD,OP-103680,03/03/2024,23-Oct-2024,234
GRUPO MÉXICO,5152506.83,USD,OP-103681,"June 27, 2025",N/A,N/A
soriana,8972490.9,EUR,OP-103682,"February 17, 2023",N/A,N/A
bbva méxico,5300432.18,EUR,OP-103683,26/10/2021,N/A,N/A
BANORTE,6552795.0,MXN,OP-103684,30-Apr-2020,19-Aug-2020,111
grupo lala,1932467.89,USD,OP-103685,2017-02-07,11-Sep-2018,581
GRUPO MÉXICO,4705812.25,USD,OP-103686,11/02/2025,N/A,N/A
pemex,7984401.49,MXN,OP-103687,25-Nov-2016,"May 29, 2022",2011
GRUPO LALA,6547255.58,USD,OP-103688,02/10/2015,13-Jun-2020,1950
liverpool,4244352.33,USD,OP-103689,"December 12, 2023",N/A,N/A
liverpool,3591004.33,USD,OP-103690,22/12/2024,N/A,N/A
telmex,3718266.28,USD,OP-103691,13/10/2016,N/A,N/A
GRUPO LALA,7440285.84,USD,OP-103692,2019-02-08,N/A,N/A
grupo lala,9646244.75,EUR,OP-103693,2022-10-25,N/A,N/A
grupo carso,8973569.27,MXN,OP-103694,29-Apr-2021,N/A,N/A
PEMEX,2927641.82,EUR,OP-103695,28-Apr-2019,29/12/2022,1341
alsea,7998621.7,MXN,OP-103696,2023-02-18,N/A,N/A
américa móvil,1133839.14,USD,OP-103697,23/07/2019,N/A,N/A
cemex,7203587.49,MXN,OP-103698,"April 17, 2019",N/A,N/A
BBVA MÉXICO,2774474.04,USD,OP-103699,2018-10-23,N/A,N/A
grupo méxico,1440262.21,EUR,OP-103700,"March 26, 2020","November 17, 2020",236
banorte,4228950.34,EUR,OP-103701,2015-11-25,2021-08-25,2100
banorte,4343281.24,MXN,OP-103702,2024-07-08,N/A,N/A
banorte,2257868.49,USD,OP-103703,2023-03-05,N/A,N/A
SORIANA,5946794.06,MXN,OP-103704,12/05/2017,N/A,N/A
américa móvil,7350313.22,EUR,OP-103705,27/05/2021,N/A,N/A
grupo carso,8540858.43,MXN,OP-103706,28/12/2021,16/07/2024,931
GRUPO CARSO,4586665.15,MXN,OP-103707,"April 02, 2024","May 07, 2025",400
SORIANA,3092976.81,MXN,OP-103708,2019-05-02,N/A,N/A
GRUPO CARSO,3920664.65,EUR,OP-103709,02/05/2025,N/A,N/A
GRUPO LALA,1231166.39,USD,OP-103710,"February 17, 2021",N/A,N/A
grupo carso,946661.76,MXN,OP-103711,2020-06-02,N/A,N/A
grupo bimbo,1070285.06,USD,OP-103712,21-Mar-2018,2023-01-18,1764
LIVERPOOL,9447936.86,EUR,OP-103713,07/02/2020,N/A,N/A
alsea,1750783.01,EUR,OP-103714,2018-03-01,14/07/2020,866
bbva méxico,3019184.95,USD,OP-103715,2024-04-15,"November 02, 2024",201
LIVERPOOL,5659538.81,MXN,OP-103716,2020-06-14,N/A,N/A
GRUPO BIMBO,3662193.4,MXN,OP-103717,2020-05-25,2025-03-16,1756
ALSEA,3028932.52,USD,OP-103718,22-Jul-2018,N/A,N/A
GRUPO LALA,4908812.01,EUR,OP-103719,12/05/2016,19/01/2023,2236
PEMEX,7307823.08,MXN,OP-103720,2023-08-18,N/A,N/A
WALMART DE MÉXICO,140014.77,EUR,OP-103721,2023-06-16,N/A,N/A
telmex,5096128.08,MXN,OP-103722,2021-03-08,"March 13, 2022",370
soriana,7201510.9,MXN,OP-103723,2021-12-05,N/A,N/A
PEMEX,157674.34,EUR,OP-103724,28/04/2021,2025-03-17,1419
grupo lala,6431878.0,EUR,OP-103725,29/04/2023,N/A,N/A
BANORTE,9677426.16,EUR,OP-103726,"March 10, 2025",N/A,N/A
GRUPO LALA,8371711.15,MXN,OP-103727,17/05/2018,"October 07, 2023",1969
walmart de méxico,7091459.61,MXN,OP-103728,28-Jun-2021,N/A,N/A
SORIANA,6502692.54,EUR,OP-103729,13-Apr-2021,N/A,N/A
soriana,8160237.01,USD,OP-103730,2015-12-23,"January 05, 2024",2935
banorte,4625020.48,EUR,OP-103731,"July 25, 2020",06-Sep-2020,43
CEMEX,9276687.38,USD,OP-103732,05/03/2018,2019-10-31,546
cemex,8426774.86,USD,OP-103733,11/04/2021,N/A,N/A
grupo carso,2306778.58,MXN,OP-103734,02/04/2016,N/A,N/A
FEMSA,9371251.15,USD,OP-103735,"June 27, 2017",N/A,N/A
PEMEX,9007759.93,USD,OP-103736,08-Sep-2023,N/A,N/A
femsa,4873960.92,USD,OP-103737,2017-07-06,23/09/2019,809
GRUPO MÉXICO,5388587.3,EUR,OP-103738,10-Dec-2023,N/A,N/A
GRUPO LALA,8711093.92,USD,OP-103739,"July 29, 2023",N/A,N/A
GRUPO MÉXICO,4317570.24,USD,OP-103740,"November 22, 2017",2020-08-07,989
GRUPO MÉXICO,270453.44,USD,OP-103741,2017-04-24,18-May-2017,24
alsea,4625612.8,MXN,OP-103742,"November 29, 2015","June 18, 2017",567
pemex,2082508.85,EUR,OP-103743,28-Apr-2020,N/A,N/A
GRUPO CARSO,7642193.0,EUR,OP-103744,2017-06-12,N/A,N/A
pemex,5684506.92,MXN,OP-103745,2019-01-05,N/A,N/A
TELMEX,5140925.11,USD,OP-103746,2019-06-18,02/12/2023,1335
grupo méxico,8609608.96,USD,OP-103747,30/12/2024,N/A,N/A
banorte,9094825.01,EUR,OP-103748,2020-12-22,N/A,N/A
grupo bimbo,212468.44,EUR,OP-103749,"January 13, 2019",N/A,N/A
grupo lala,2794135.16,EUR,OP-103750,2024-03-26,N/A,N/A
grupo bimbo,5118588.48,EUR,OP-103751,"May 09, 2022",N/A,N/A
BANORTE,3902947.82,MXN,OP-103752,"March 19, 2024",N/A,N/A
soriana,206573.16,EUR,OP-103753,14/12/2017,"July 12, 2019",575
GRUPO CARSO,7793901.87,MXN,OP-103754,2025-01-02,N/A,N/A
AMÉRICA MÓVIL,4546389.38,USD,OP-103755,27-Jul-2022,N/A,N/A
grupo carso,2596490.82,USD,OP-103756,"April 18, 2023",N/A,N/A
grupo carso,4861825.91,EUR,OP-103757,"April 06, 2024",N/A,N/A
walmart de méxico,5290554.53,MXN,OP-103758,2023-01-12,"September 15, 2024",612
SORIANA,8309941.34,MXN,OP-103759,05-Jun-2016,N/A,N/A
grupo bimbo,4378180.73,MXN,OP-103760,2024-09-21,N/A,N/A
PEMEX,3275321.39,USD,OP-103761,23/03/2023,N/A,N/A
américa móvil,8861411.76,USD,OP-103762,10-Oct-2017,15/07/2025,2835
AMÉRICA MÓVIL,5883757.92,USD,OP-103763,2017-10-31,"March 10, 2025",2687
FEMSA,1305423.06,USD,OP-103764,25-Nov-2015,N/A,N/A
BBVA MÉXICO,2148550.05,USD,OP-103765,2021-06-03,N/A,N/A
FEMSA,4559846.77,MXN,OP-103766,23/11/2024,N/A,N/A
GRUPO MÉXICO,2192952.52,USD,OP-103767,23-Jan-2016,N/A,N/A
WALMART DE MÉXICO,6622695.34,USD,OP-103768,09/09/2024,N/A,N/A
cemex,5263269.18,MXN,OP-103769,02-Oct-2019,20/01/2020,110
CEMEX,9264068.65,USD,OP-103770,03/04/2020,N/A,N/A
PEMEX,3918112.49,EUR,OP-103771,2023-03-25,N/A,N/A
walmart de méxico,1590763.4,EUR,OP-103772,11/09/2018,N/A,N/A
cemex,1026024.07,USD,OP-103773,02-Feb-2025,N/A,N/A
PEMEX,5343860.23,MXN,OP-103774,31-Jul-2016,13-Oct-2018,804
GRUPO BIMBO,2587673.53,MXN,OP-103775,05-Jan-2024,N/A,N/A
banorte,6015804.02,USD,OP-103776,"November 14, 2017",N/A,N/A
FEMSA,9320334.5,USD,OP-103777,"October 18, 2019",N/A,N/A
bbva méxico,3097907.11,USD,OP-103778,"January 29, 2019",N/A,N/A
pemex,8122470.54,EUR,OP-103779,"May 17, 2021",N/A,N/A
grupo bimbo,3751940.78,USD,OP-103780,25-Mar-2025,N/A,N/A
alsea,3163892.92,MXN,OP-103781,2018-01-05,N/A,N/A
soriana,5877560.64,USD,OP-103782,2021-10-23,"November 26, 2023",764
LIVERPOOL,5021171.88,MXN,OP-103783,22/09/2019,N/A,N/A
GRUPO MÉXICO,6899644.57,MXN,OP-103784,10/08/2016,2017-11-28,416
GRUPO BIMBO,9374704.67,MXN,OP-103785,"October 09, 2022",15-Oct-2022,6
banorte,5148347.22,EUR,OP-103786,24/03/2021,"June 16, 2025",1545
GRUPO LALA,6245595.67,USD,OP-103787,16-Mar-2020,N/A,N/A
grupo bimbo,8795477.88,EUR,OP-103788,19/05/2019,11/10/2021,906
pemex,3151518.13,USD,OP-103789,"August 05, 2017",N/A,N/A
alsea,2383195.56,USD,OP-103790,27/08/2018,2023-12-11,1932
femsa,8642301.13,EUR,OP-103791,2022-11-30,N/A,N/A
telmex,1300947.64,EUR,OP-103792,2023-02-23,"May 25, 2024",457
WALMART DE MÉXICO,8783212.46,USD,OP-103793,28-Dec-2018,N/A,N/A
CEMEX,8076039.01,MXN,OP-103794,10/10/2020,2024-10-06,1457
grupo méxico,3191242.64,MXN,OP-103795,28-May-2025,N/A,N/A
CEMEX,816601.86,EUR,OP-103796,"March 25, 2025",N/A,N/A
ALSEA,7210811.88,MXN,OP-103797,22-Aug-2016,N/A,N/A
GRUPO CARSO,855453.11,USD,OP-103798,"May 12, 2020",N/A,N/A
WALMART DE MÉXICO,8363716.37,MXN,OP-103799,01/07/2016,19/09/2020,1717
CEMEX,107988.47,USD,OP-103800,28-Jul-2020,N/A,N/A
liverpool,1999286.06,USD,OP-103801,30/12/2024,N/A,N/A
femsa,439767.96,EUR,OP-103802,24/02/2018,"August 03, 2018",160
AMÉRICA MÓVIL,6617795.38,USD,OP-103803,13-Feb-2018,N/A,N/A
GRUPO BIMBO,7615906.16,USD,OP-103804,2024-09-23,N/A,N/A
PEMEX,3231951.74,MXN,OP-103805,2021-09-16,"November 21, 2022",431
BANORTE,2205518.38,EUR,OP-103806,2023-12-13,N/A,N/A
grupo méxico,5238869.4,USD,OP-103807,2024-12-15,N/A,N/A
WALMART DE MÉXICO,4845706.01,MXN,OP-103808,"March 25, 2020",09-Apr-2020,15
FEMSA,980653.56,MXN,OP-103809,2016-06-20,2025-07-04,3301
LIVERPOOL,3068746.49,USD,OP-103810,2018-07-29,N/A,N/A
GRUPO MÉXICO,2204643.4,USD,OP-103811,09/06/2023,N/A,N/A
CEMEX,9738738.73,USD,OP-103812,11/04/2018,"August 09, 2019",278
GRUPO LALA,5743585.85,MXN,OP-103813,22-Oct-2015,22-May-2025,3500
telmex,3400186.46,MXN,OP-103814,2022-08-17,N/A,N/A
SORIANA,5703890.2,EUR,OP-103815,"May 17, 2017",2025-05-06,2911
AMÉRICA MÓVIL,3116916.54,MXN,OP-103816,"December 09, 2024",N/A,N/A
femsa,3126964.06,EUR,OP-103817,"February 06, 2024",N/A,N/A
ALSEA,2156075.56,MXN,OP-103818,24/07/2020,N/A,N/A
walmart de méxico,1820702.43,USD,OP-103819,"July 30, 2024",23-Feb-2025,208
femsa,9860954.03,USD,OP-103820,09-Mar-2021,22/02/2022,350
CEMEX,889214.77,EUR,OP-103821,"October 04, 2021",N/A,N/A
banorte,3530104.37,EUR,OP-103822,2023-01-08,N/A,N/A
GRUPO CARSO,764438.68,USD,OP-103823,18/03/2025,N/A,N/A
GRUPO MÉXICO,8933637.07,EUR,OP-103824,2025-01-01,N/A,N/A
PEMEX,2833681.96,MXN,OP-103825,17-Feb-2017,12-Nov-2022,2094
BBVA MÉXICO,6427660.4,USD,OP-103826,13/05/2020,16/12/2020,217
AMÉRICA MÓVIL,8505281.24,EUR,OP-103827,25/03/2021,03/10/2024,1081
GRUPO LALA,4663413.07,MXN,OP-103828,2018-12-24,N/A,N/A
AMÉRICA MÓVIL,6833841.13,USD,OP-103829,2020-01-26,N/A,N/A
walmart de méxico,2840517.65,EUR,OP-103830,12-Jun-2016,26/07/2021,1870
grupo lala,1597007.59,MXN,OP-103831,2024-02-12,2025-01-13,336
walmart de méxico,5218689.19,MXN,OP-103832,2020-11-10,13-Jul-2021,245
grupo bimbo,7268499.67,EUR,OP-103833,"February 25, 2023",28-Jan-2024,337
TELMEX,3921345.44,EUR,OP-103834,03/07/2018,26/09/2021,1299
BANORTE,1164132.44,EUR,OP-103835,03/04/2018,12-Oct-2024,2414
AMÉRICA MÓVIL,3474476.89,USD,OP-103836,2021-09-28,03/12/2024,896
FEMSA,5874724.08,MXN,OP-103837,09-Jun-2022,N/A,N/A
grupo lala,6001128.01,USD,OP-103838,25/06/2016,2019-01-26,945
femsa,8590453.75,EUR,OP-103839,2022-10-22,N/A,N/A
américa móvil,9040502.22,EUR,OP-103840,2020-07-19,N/A,N/A
pemex,3886391.99,MXN,OP-103841,16/03/2019,"July 20, 2020",492
BBVA MÉXICO,5326249.41,EUR,OP-103842,2020-04-10,N/A,N/A
cemex,2249689.7,MXN,OP-103843,"April 29, 2017",2021-02-21,1394
grupo carso,4289968.36,MXN,OP-103844,"October 09, 2020",N/A,N/A
américa móvil,5146861.87,MXN,OP-103845,18/02/2020,2025-07-07,1966
BANORTE,5302797.83,EUR,OP-103846,2021-02-04,N/A,N/A
BANORTE,6973416.77,MXN,OP-103847,"September 25, 2018",2020-03-11,533
grupo bimbo,5972326.54,USD,OP-103848,06/02/2023,N/A,N/A
grupo carso,5469448.86,EUR,OP-103849,2018-07-01,N/A,N/A
BBVA MÉXICO,7389015.36,USD,OP-103850,2024-12-22,N/A,N/A
ALSEA,5526752.71,USD,OP-103851,"August 24, 2019",2019-09-23,30
ALSEA,910890.53,EUR,OP-103852,24/12/2024,N/A,N/A
cemex,7391233.26,EUR,OP-103853,2020-11-14,28-Jul-2022,621
grupo lala,1325636.78,USD,OP-103854,11-Sep-2020,2023-01-26,867
femsa,488020.07,MXN,OP-103855,2019-04-11,19-Jun-2025,2261
LIVERPOOL,8975870.47,EUR,OP-103856,25/04/2021,N/A,N/A
CEMEX,5651817.29,USD,OP-103857,06/05/2025,N/A,N/A
GRUPO LALA,8710570.99,USD,OP-103858,"June 10, 2022",N/A,N/A
grupo méxico,256206.04,USD,OP-103859,"June 10, 2020",N/A,N/A
walmart de méxico,9706954.1,EUR,OP-103860,2019-04-13,06/06/2025,2246
telmex,4890819.75,EUR,OP-103861,"January 05, 2016",2024-08-12,3142
TELMEX,2034740.89,USD,OP-103862,10-Aug-2025,N/A,N/A
alsea,6740768.78,MXN,OP-103863,01-Feb-2021,N/A,N/A
grupo lala,5528037.25,USD,OP-103864,2016-07-02,26-Jul-2022,2215
AMÉRICA MÓVIL,8697302.44,MXN,OP-103865,12-Jun-2021,N/A,N/A
BBVA MÉXICO,4599616.24,EUR,OP-103866,"September 02, 2020",15/12/2020,104
grupo lala,4335651.64,MXN,OP-103867,13/02/2021,N/A,N/A
CEMEX,1116256.09,USD,OP-103868,"July 16, 2017",12/07/2017,144
banorte,4254023.84,EUR,OP-103869,2020-08-20,12/02/2021,469
BANORTE,2301379.91,EUR,OP-103870,2019-10-01,N/A,N/A
GRUPO BIMBO,558532.0,EUR,OP-103871,27/05/2017,"April 17, 2025",2882
GRUPO CARSO,8430262.85,EUR,OP-103872,28/08/2024,N/A,N/A
LIVERPOOL,9492335.48,MXN,OP-103873,26-Nov-2017,"October 27, 2022",1796
américa móvil,2002602.04,MXN,OP-103874,26/09/2022,25/03/2024,546
banorte,1084654.17,MXN,OP-103875,2016-02-17,"March 21, 2019",1128
femsa,4683443.28,EUR,OP-103876,"October 08, 2017",N/A,N/A
GRUPO CARSO,6765401.48,MXN,OP-103877,"June 07, 2023",N/A,N/A
AMÉRICA MÓVIL,5439102.27,MXN,OP-103878,"July 09, 2017",N/A,N/A
SORIANA,7599039.59,USD,OP-103879,"July 22, 2023","January 12, 2025",540
grupo méxico,8919209.35,USD,OP-103880,"January 21, 2025",N/A,N/A
FEMSA,9116840.88,EUR,OP-103881,26-Jan-2016,18/11/2020,1758
BBVA MÉXICO,5375374.67,EUR,OP-103882,10/02/2016,"September 16, 2017",349
AMÉRICA MÓVIL,6666554.04,USD,OP-103883,2018-11-24,"November 30, 2022",1467
PEMEX,4263687.29,USD,OP-103884,2023-02-20,N/A,N/A
grupo lala,7806605.94,MXN,OP-103885,2021-07-20,31-Mar-2024,985
alsea,9680488.69,USD,OP-103886,10-Jul-2016,"September 27, 2020",1540
bbva méxico,2268298.85,EUR,OP-103887,"February 06, 2019",2024-04-23,1903
pemex,981773.34,MXN,OP-103888,10/03/2017,N/A,N/A
telmex,3979033.86,MXN,OP-103889,13-Apr-2019,N/A,N/A
bbva méxico,2707291.02,EUR,OP-103890,30-Dec-2017,"August 13, 2019",591
GRUPO BIMBO,1113885.61,USD,OP-103891,28/11/2022,N/A,N/A
CEMEX,9708942.62,EUR,OP-103892,15/04/2023,2025-06-26,803
GRUPO CARSO,4121976.03,MXN,OP-103893,2018-07-29,N/A,N/A
GRUPO BIMBO,1617617.55,USD,OP-103894,18/11/2020,N/A,N/A
SORIANA,4320041.37,EUR,OP-103895,18-Jun-2019,N/A,N/A
grupo lala,7399416.19,MXN,OP-103896,02-Mar-2020,2022-05-08,797
banorte,5937823.61,MXN,OP-103897,2017-12-14,2021-11-11,1428
TELMEX,4750223.16,EUR,OP-103898,24-Feb-2016,N/A,N/A
femsa,2195280.25,EUR,OP-103899,"May 26, 2018",2023-08-08,1900
grupo méxico,5609619.1,USD,OP-103900,08-Jun-2018,"January 01, 2025",2399
AMÉRICA MÓVIL,9185335.0,MXN,OP-103901,11-Feb-2025,N/A,N/A
soriana,8812991.23,USD,OP-103902,2019-11-20,N/A,N/A
FEMSA,1000169.57,USD,OP-103903,23-Jun-2017,"June 20, 2022",1823
pemex,1512471.18,MXN,OP-103904,"March 07, 2016",2025-04-16,3327
GRUPO MÉXICO,5451658.59,USD,OP-103905,02-Dec-2020,N/A,N/A
PEMEX,6354712.77,MXN,OP-103906,2017-11-18,N/A,N/A
walmart de méxico,9120295.76,MXN,OP-103907,21-Mar-2018,11/08/2021,1328
CEMEX,7404267.5,USD,OP-103908,20-Jul-2021,N/A,N/A
grupo bimbo,3488774.24,USD,OP-103909,2018-12-13,2025-07-12,2403
pemex,2796626.81,MXN,OP-103910,2023-03-22,N/A,N/A
BBVA MÉXICO,2380661.26,MXN,OP-103911,"February 26, 2021",N/A,N/A
CEMEX,2304506.82,MXN,OP-103912,18/06/2019,2023-01-27,1319
banorte,2178408.95,EUR,OP-103913,2019-03-30,N/A,N/A
banorte,650450.28,USD,OP-103914,13-Apr-2024,N/A,N/A
TELMEX,2362815.36,EUR,OP-103915,"March 31, 2024",N/A,N/A
BANORTE,895986.74,MXN,OP-103916,01/04/2017,N/A,N/A
telmex,2538325.58,EUR,OP-103917,"August 28, 2020",N/A,N/A
femsa,9252260.1,MXN,OP-103918,"April 20, 2019",27/08/2019,129
GRUPO BIMBO,4405619.59,EUR,OP-103919,15/03/2024,N/A,N/A
américa móvil,9458784.28,EUR,OP-103920,15/01/2016,09/01/2025,3517
telmex,3682314.29,MXN,OP-103921,28-Jan-2022,06/12/2022,135
CEMEX,6749439.54,MXN,OP-103922,13/09/2016,"July 14, 2017",304
AMÉRICA MÓVIL,1042639.07,USD,OP-103923,2025-08-24,N/A,N/A
FEMSA,6601584.2,MXN,OP-103924,"February 20, 2023",N/A,N/A
GRUPO BIMBO,1712609.36,USD,OP-103925,2017-06-17,N/A,N/A
GRUPO BIMBO,8887604.18,USD,OP-103926,05-Feb-2022,N/A,N/A
GRUPO BIMBO,5393461.26,EUR,OP-103927,17/07/2022,N/A,N/A
telmex,6550305.69,MXN,OP-103928,19/10/2021,N/A,N/A
grupo bimbo,3198525.17,EUR,OP-103929,05/07/2022,N/A,N/A
alsea,5319138.46,EUR,OP-103930,"May 23, 2019","December 23, 2022",1310
telmex,8484829.36,USD,OP-103931,"September 03, 2023",N/A,N/A
GRUPO BIMBO,4807015.93,MXN,OP-103932,"December 07, 2015",20/03/2018,834
BANORTE,7377501.59,EUR,OP-103933,10-Mar-2022,25/08/2023,533
CEMEX,5101894.62,USD,OP-103934,"May 22, 2024",N/A,N/A
soriana,5519310.96,EUR,OP-103935,08-Aug-2018,N/A,N/A
GRUPO BIMBO,8475583.56,EUR,OP-103936,"August 19, 2021",N/A,N/A
grupo bimbo,7848387.26,MXN,OP-103937,01-Feb-2024,N/A,N/A
pemex,3893974.62,MXN,OP-103938,21-Sep-2017,2018-04-27,218
CEMEX,478287.44,EUR,OP-103939,"February 15, 2025",N/A,N/A
AMÉRICA MÓVIL,5487859.5,EUR,OP-103940,"June 02, 2016",N/A,N/A
BBVA MÉXICO,1523753.58,MXN,OP-103941,08/11/2018,09/05/2020,756
alsea,8080210.34,EUR,OP-103942,"December 25, 2021",N/A,N/A
ALSEA,2091442.54,USD,OP-103943,29-Sep-2023,N/A,N/A
grupo lala,2941315.67,EUR,OP-103944,2024-04-25,11-Jun-2025,412
bbva méxico,9610699.59,EUR,OP-103945,28-May-2023,N/A,N/A
AMÉRICA MÓVIL,5671533.13,USD,OP-103946,"December 30, 2017",N/A,N/A
américa móvil,3105985.74,USD,OP-103947,2017-07-24,N/A,N/A
grupo lala,9987332.06,USD,OP-103948,01/04/2020,N/A,N/A
grupo lala,8084619.81,MXN,OP-103949,14/02/2022,N/A,N/A
GRUPO CARSO,8299666.74,MXN,OP-103950,02-Apr-2018,N/A,N/A
soriana,8328727.47,MXN,OP-103951,30/11/2015,28-Apr-2024,3072
telmex,1232281.26,MXN,OP-103952,2023-11-01,N/A,N/A
soriana,4041126.06,USD,OP-103953,2025-04-09,N/A,N/A
liverpool,3317991.45,USD,OP-103954,"October 07, 2024",N/A,N/A
GRUPO MÉXICO,4503037.71,EUR,OP-103955,12/03/2018,N/A,N/A
GRUPO CARSO,3545316.52,MXN,OP-103956,06-Mar-2022,N/A,N/A
PEMEX,8619362.08,MXN,OP-103957,29/06/2020,2023-03-16,990
BBVA MÉXICO,1980781.61,MXN,OP-103958,19/02/2017,2020-10-05,1324
femsa,4817899.44,MXN,OP-103959,13/05/2022,N/A,N/A
femsa,1264703.34,EUR,OP-103960,23/01/2022,N/A,N/A
GRUPO BIMBO,2808086.01,MXN,OP-103961,15/04/2021,14-Jan-2023,639
LIVERPOOL,4031979.74,MXN,OP-103962,2017-07-01,N/A,N/A
GRUPO MÉXICO,376650.51,MXN,OP-103963,"February 28, 2021",N/A,N/A
banorte,4994970.17,EUR,OP-103964,13/03/2017,11/08/2017,240
grupo carso,530994.88,EUR,OP-103965,2015-09-21,19-Oct-2016,394
liverpool,1239197.88,MXN,OP-103966,15/04/2016,2022-08-01,2299
américa móvil,9480424.16,USD,OP-103967,10-Mar-2021,N/A,N/A
walmart de méxico,8783929.09,USD,OP-103968,"May 09, 2021","May 06, 2025",1458
grupo bimbo,3428911.88,EUR,OP-103969,27-Jan-2023,N/A,N/A
BANORTE,9236825.45,EUR,OP-103970,13-Apr-2016,N/A,N/A
GRUPO CARSO,2514437.69,USD,OP-103971,17/06/2021,06/11/2024,1090
BANORTE,5905349.44,USD,OP-103972,20-Mar-2024,N/A,N/A
GRUPO LALA,6663134.15,MXN,OP-103973,11-Jul-2019,N/A,N/A
AMÉRICA MÓVIL,6229641.17,MXN,OP-103974,"August 02, 2023","November 04, 2024",460
soriana,2440592.84,EUR,OP-103975,"December 11, 2020",N/A,N/A
walmart de méxico,9129797.51,EUR,OP-103976,28-Apr-2021,N/A,N/A
pemex,1783458.11,USD,OP-103977,2018-03-15,2021-05-06,1148
grupo carso,4822537.49,EUR,OP-103978,2022-07-25,2023-11-22,485
banorte,2143331.97,EUR,OP-103979,10-Mar-2017,"February 18, 2021",1441
liverpool,481179.45,MXN,OP-103980,2021-06-11,N/A,N/A
TELMEX,8518140.13,MXN,OP-103981,2024-03-22,N/A,N/A
GRUPO CARSO,7793630.22,USD,OP-103982,12/11/2019,21/12/2022,1106
bbva méxico,3507212.49,USD,OP-103983,"May 29, 2023",N/A,N/A
GRUPO CARSO,2047219.16,MXN,OP-103984,03/06/2018,22-May-2020,808
grupo bimbo,3351969.6,MXN,OP-103985,13/04/2022,N/A,N/A
ALSEA,3786645.18,USD,OP-103986,30/06/2023,"January 08, 2024",192
FEMSA,8278635.44,MXN,OP-103987,2017-06-21,N/A,N/A
ALSEA,2043028.21,USD,OP-103988,25-Oct-2016,N/A,N/A
GRUPO BIMBO,2603906.22,EUR,OP-103989,06/06/2024,N/A,N/A
grupo carso,8387998.53,USD,OP-103990,"December 20, 2019",N/A,N/A
pemex,2900458.62,USD,OP-103991,"January 05, 2024",N/A,N/A
AMÉRICA MÓVIL,7600989.41,USD,OP-103992,2016-11-26,2024-03-24,2675
femsa,4896626.44,MXN,OP-103993,22-Sep-2018,N/A,N/A
femsa,6713106.45,EUR,OP-103994,2017-09-25,N/A,N/A
CEMEX,2216141.75,EUR,OP-103995,23/01/2022,N/A,N/A
grupo méxico,3576331.24,MXN,OP-103996,05/09/2021,2021-07-21,73
BBVA MÉXICO,8712867.49,USD,OP-103997,10/08/2025,N/A,N/A
CEMEX,1994432.52,USD,OP-103998,31/01/2025,N/A,N/A
alsea,1456222.11,EUR,OP-103999,"February 25, 2024",N/A,N/A
GRUPO BIMBO,2924546.59,USD,OP-104000,10/10/2018,28-Jul-2020,657
BBVA MÉXICO,5383481.39,MXN,OP-104001,11-Apr-2020,N/A,N/A
grupo bimbo,5829457.89,EUR,OP-104002,"May 26, 2016","December 16, 2023",2760
PEMEX,7393958.88,USD,OP-104003,21/07/2025,N/A,N/A
grupo bimbo,1533070.94,USD,OP-104004,2024-11-29,N/A,N/A
grupo carso,1699927.16,MXN,OP-104005,2018-07-16,2019-03-14,241
BANORTE,7974619.44,MXN,OP-104006,01/08/2018,N/A,N/A
BBVA MÉXICO,5966456.1,MXN,OP-104007,16-Mar-2019,N/A,N/A
WALMART DE MÉXICO,8767452.04,USD,OP-104008,2025-04-21,N/A,N/A
alsea,3744640.14,USD,OP-104009,22/01/2024,N/A,N/A
alsea,4660162.28,EUR,OP-104010,"November 20, 2015",N/A,N/A
CEMEX,7171193.67,MXN,OP-104011,2016-03-20,"October 19, 2024",3135
BBVA MÉXICO,8109281.35,MXN,OP-104012,"June 07, 2018",N/A,N/A
TELMEX,7322758.23,USD,OP-104013,19-Jun-2019,05-Oct-2019,108
TELMEX,1955648.74,USD,OP-104014,"May 30, 2022",N/A,N/A
ALSEA,5937534.17,MXN,OP-104015,26-Mar-2021,30-Dec-2021,279
américa móvil,9918406.44,EUR,OP-104016,"December 10, 2021",N/A,N/A
grupo carso,209613.73,EUR,OP-104017,2024-12-09,N/A,N/A
GRUPO MÉXICO,2376825.35,MXN,OP-104018,13-Dec-2018,2024-07-29,2055
GRUPO BIMBO,8540266.03,EUR,OP-104019,2019-12-26,03-Oct-2023,1377
pemex,4478087.76,MXN,OP-104020,15/09/2022,N/A,N/A
GRUPO BIMBO,1921037.86,EUR,OP-104021,26-Nov-2022,N/A,N/A
ALSEA,9983618.25,MXN,OP-104022,"February 08, 2024",N/A,N/A
telmex,3067701.92,MXN,OP-104023,"December 10, 2015",N/A,N/A
TELMEX,3449224.29,MXN,OP-104024,2021-07-09,N/A,N/A
GRUPO LALA,447050.5,EUR,OP-104025,"September 04, 2023",N/A,N/A
banorte,127942.13,MXN,OP-104026,"October 15, 2020",N/A,N/A
BBVA MÉXICO,6511836.23,MXN,OP-104027,2017-06-29,10/10/2017,103
telmex,8761992.21,MXN,OP-104028,31-Mar-2016,21-Jun-2022,2273
ALSEA,8351552.88,MXN,OP-104029,2024-12-25,N/A,N/A
BBVA MÉXICO,7935226.59,MXN,OP-104030,26-Oct-2019,N/A,N/A
soriana,2427282.03,USD,OP-104031,"May 25, 2018",26-Sep-2024,2316
GRUPO MÉXICO,9318337.1,EUR,OP-104032,"December 24, 2021",N/A,N/A
AMÉRICA MÓVIL,9195451.35,MXN,OP-104033,"October 01, 2022",N/A,N/A
PEMEX,1543493.99,EUR,OP-104034,16-Feb-2021,06/01/2024,1201
cemex,1790815.49,EUR,OP-104035,12/03/2017,N/A,N/A
GRUPO CARSO,976960.39,EUR,OP-104036,"January 24, 2024",N/A,N/A
SORIANA,4910781.44,EUR,OP-104037,26-Sep-2022,N/A,N/A
grupo bimbo,127246.51,MXN,OP-104038,"February 01, 2024",N/A,N/A
telmex,2713310.41,USD,OP-104039,"June 13, 2021",N/A,N/A
liverpool,8733321.24,MXN,OP-104040,"September 20, 2020",N/A,N/A
FEMSA,9307043.43,USD,OP-104041,29/11/2019,N/A,N/A
cemex,6729110.09,MXN,OP-104042,19/12/2016,N/A,N/A
ALSEA,8929850.07,EUR,OP-104043,13/05/2021,N/A,N/A
soriana,9209301.01,MXN,OP-104044,"September 20, 2021",N/A,N/A
ALSEA,5133576.42,EUR,OP-104045,03-May-2022,N/A,N/A
SORIANA,3655656.94,USD,OP-104046,09-May-2021,N/A,N/A
SORIANA,796322.84,EUR,OP-104047,14-Jun-2019,"August 17, 2021",795
LIVERPOOL,2209268.33,MXN,OP-104048,01/10/2018,N/A,N/A
pemex,3143257.05,MXN,OP-104049,2019-11-04,07/06/2021,610
LIVERPOOL,6917497.93,USD,OP-104050,2019-01-16,05-Feb-2025,2212
AMÉRICA MÓVIL,2825137.79,EUR,OP-104051,21-Jun-2022,N/A,N/A
femsa,6695585.41,EUR,OP-104052,"April 03, 2019",01-Feb-2022,1035
ALSEA,1791580.69,USD,OP-104053,"July 31, 2025",N/A,N/A
PEMEX,5767548.39,USD,OP-104054,01/01/2021,2023-12-09,1072
TELMEX,1938599.09,EUR,OP-104055,"September 26, 2016",N/A,N/A
américa móvil,8283213.26,EUR,OP-104056,11-Mar-2019,10/01/2024,2031
BANORTE,9026419.1,USD,OP-104057,2018-06-26,2022-10-03,1560
soriana,6018169.1,MXN,OP-104058,11-Apr-2023,N/A,N/A
WALMART DE MÉXICO,2473624.82,MXN,OP-104059,"March 15, 2020","March 31, 2022",746
LIVERPOOL,3234490.43,USD,OP-104060,03/08/2022,N/A,N/A
grupo méxico,3466868.35,USD,OP-104061,"July 10, 2023",N/A,N/A
SORIANA,7875916.67,EUR,OP-104062,11-Aug-2025,N/A,N/A
grupo bimbo,2143238.48,USD,OP-104063,27-Mar-2016,N/A,N/A
grupo méxico,4757376.92,USD,OP-104064,20/10/2016,N/A,N/A
GRUPO MÉXICO,8367000.93,MXN,OP-104065,14/12/2020,17-Mar-2023,823
GRUPO CARSO,7229365.31,EUR,OP-104066,29-Nov-2019,N/A,N/A
TELMEX,7274565.94,MXN,OP-104067,"October 26, 2021",N/A,N/A
bbva méxico,1248137.92,MXN,OP-104068,"October 02, 2024",N/A,N/A
alsea,9607757.67,EUR,OP-104069,27/09/2017,N/A,N/A
ALSEA,390361.68,USD,OP-104070,27/12/2018,"March 27, 2024",1917
FEMSA,136475.97,EUR,OP-104071,"February 26, 2018",27-Dec-2022,1765
alsea,1462978.24,MXN,OP-104072,05/11/2023,N/A,N/A
FEMSA,208847.09,USD,OP-104073,"September 13, 2016","January 25, 2021",1595
banorte,7622920.06,EUR,OP-104074,"May 16, 2020",2020-08-26,102
alsea,9382795.93,EUR,OP-104075,2024-08-09,N/A,N/A
banorte,3037010.25,EUR,OP-104076,2022-11-10,N/A,N/A
pemex,2004649.92,EUR,OP-104077,23-Jun-2018,"August 13, 2024",2243
GRUPO CARSO,4858279.31,EUR,OP-104078,26/06/2018,"July 19, 2021",1119
BBVA MÉXICO,1927305.74,MXN,OP-104079,"August 18, 2022",N/A,N/A
telmex,4712151.98,MXN,OP-104080,07-Jul-2023,04-May-2024,302
soriana,5760313.63,EUR,OP-104081,01-Jan-2023,N/A,N/A
AMÉRICA MÓVIL,2305433.07,USD,OP-104082,14-Apr-2023,N/A,N/A
ALSEA,3275741.28,EUR,OP-104083,25/08/2018,22-Dec-2020,850
bbva méxico,8210053.61,USD,OP-104084,13-May-2025,N/A,N/A
soriana,3690524.36,USD,OP-104085,26/09/2021,N/A,N/A
banorte,2658011.19,MXN,OP-104086,2017-04-24,N/A,N/A
FEMSA,1220675.62,MXN,OP-104087,26/09/2019,N/A,N/A
telmex,9591446.17,MXN,OP-104088,15/12/2017,N/A,N/A
LIVERPOOL,7987890.84,MXN,OP-104089,09-Apr-2021,20-Jun-2022,437
pemex,1585291.61,MXN,OP-104090,03-Nov-2022,N/A,N/A
grupo méxico,9568564.88,MXN,OP-104091,2019-07-01,N/A,N/A
PEMEX,4123869.6,USD,OP-104092,2020-01-24,30/03/2024,1527
walmart de méxico,5930174.73,MXN,OP-104093,21-Aug-2017,"July 17, 2018",330
AMÉRICA MÓVIL,2794059.61,USD,OP-104094,18-Jan-2020,2024-06-11,1606
soriana,3302321.45,EUR,OP-104095,2020-05-01,"September 28, 2024",1611
américa móvil,5927924.27,USD,OP-104096,2023-04-16,N/A,N/A
FEMSA,9791592.2,USD,OP-104097,09-Dec-2020,12-Nov-2024,1434
américa móvil,343673.45,EUR,OP-104098,"March 08, 2016",N/A,N/A
PEMEX,9530275.18,EUR,OP-104099,"November 26, 2024",N/A,N/A
américa móvil,9362065.74,MXN,OP-104100,"January 21, 2025",N/A,N/A
grupo méxico,3079111.1,MXN,OP-104101,08/08/2018,"June 19, 2023",1776
américa móvil,3030941.2,MXN,OP-104102,2016-06-28,"October 08, 2018",832
bbva méxico,5156701.98,MXN,OP-104103,"October 01, 2017",20-Mar-2022,1631
GRUPO BIMBO,4475333.73,MXN,OP-104104,"October 24, 2023",N/A,N/A
GRUPO BIMBO,8771130.68,USD,OP-104105,20-Apr-2016,N/A,N/A
telmex,7222926.12,EUR,OP-104106,14/07/2025,N/A,N/A
FEMSA,6211102.26,EUR,OP-104107,04/03/2016,N/A,N/A
cemex,6168183.19,EUR,OP-104108,16-Apr-2021,N/A,N/A
FEMSA,6925370.97,MXN,OP-104109,18-Dec-2021,23/01/2024,766
walmart de méxico,5845400.46,USD,OP-104110,2019-04-24,29-May-2022,1131
walmart de méxico,5285163.78,USD,OP-104111,2023-07-01,N/A,N/A
GRUPO MÉXICO,9631302.61,USD,OP-104112,2025-06-25,N/A,N/A
femsa,8020361.7,USD,OP-104113,11-Feb-2020,28/10/2022,990
alsea,1602275.37,USD,OP-104114,2024-05-16,N/A,N/A
cemex,8281128.93,MXN,OP-104115,02-Dec-2023,"July 28, 2024",239
walmart de méxico,4607836.18,MXN,OP-104116,"June 14, 2020",2023-12-22,1286
grupo bimbo,1225996.02,MXN,OP-104117,31-Dec-2018,2019-11-17,321
femsa,1094833.97,EUR,OP-104118,2017-01-23,27/12/2024,2895
LIVERPOOL,2499186.44,MXN,OP-104119,03-Apr-2019,N/A,N/A
SORIANA,6040198.94,MXN,OP-104120,23/12/2017,2019-10-08,654
grupo bimbo,4977709.96,EUR,OP-104121,19-May-2018,N/A,N/A
américa móvil,9852126.35,USD,OP-104122,01-Jul-2020,2021-02-25,239
CEMEX,9092161.32,EUR,OP-104123,18/10/2016,"March 30, 2025",3085
CEMEX,5014265.02,MXN,OP-104124,16-Oct-2015,17-Mar-2025,3440
GRUPO CARSO,9011586.92,USD,OP-104125,"February 23, 2023",N/A,N/A
SORIANA,2759522.44,MXN,OP-104126,12/12/2016,16/04/2019,855
GRUPO BIMBO,3335751.42,EUR,OP-104127,"March 20, 2019",N/A,N/A
GRUPO LALA,7518354.93,USD,OP-104128,10-Feb-2024,N/A,N/A
BBVA MÉXICO,4699243.48,MXN,OP-104129,25/08/2025,N/A,N/A
liverpool,3643828.87,EUR,OP-104130,14/11/2017,30-Jul-2023,2084
WALMART DE MÉXICO,3143821.44,EUR,OP-104131,"January 04, 2019",N/A,N/A
bbva méxico,8584428.75,EUR,OP-104132,23-Oct-2017,02-Sep-2019,679
GRUPO LALA,5693830.63,USD,OP-104133,21-Apr-2022,N/A,N/A
telmex,3789063.41,MXN,OP-104134,2019-06-10,N/A,N/A
GRUPO MÉXICO,7091337.27,USD,OP-104135,2025-04-08,N/A,N/A
CEMEX,7697281.31,USD,OP-104136,2019-03-16,01-Mar-2021,716
FEMSA,3041599.82,USD,OP-104137,22/05/2023,24/09/2024,491
LIVERPOOL,4795912.6,EUR,OP-104138,24-May-2023,N/A,N/A
FEMSA,4641495.13,EUR,OP-104139,21-Dec-2020,"December 26, 2024",1466
bbva méxico,582370.31,USD,OP-104140,30/03/2021,N/A,N/A
CEMEX,1806886.89,EUR,OP-104141,12-Oct-2020,N/A,N/A
AMÉRICA MÓVIL,7041058.21,USD,OP-104142,"July 26, 2019",03-Dec-2019,130
PEMEX,3169869.09,MXN,OP-104143,27/10/2024,N/A,N/A
pemex,9051117.06,EUR,OP-104144,27/08/2017,12/02/2021,1558
bbva méxico,9782029.65,EUR,OP-104145,14-Nov-2018,2019-08-01,260
américa móvil,1450549.12,USD,OP-104146,11-Jun-2022,N/A,N/A
walmart de méxico,8988449.02,USD,OP-104147,20/06/2022,N/A,N/A
soriana,171977.53,USD,OP-104148,08/06/2023,N/A,N/A
BBVA MÉXICO,7473682.44,USD,OP-104149,"July 30, 2019",N/A,N/A
FEMSA,4893565.73,EUR,OP-104150,04-May-2017,N/A,N/A
FEMSA,8111094.65,MXN,OP-104151,03-Aug-2024,N/A,N/A
PEMEX,974974.69,USD,OP-104152,11/11/2023,N/A,N/A
alsea,3949150.87,MXN,OP-104153,09/10/2018,"March 15, 2022",1282
banorte,850392.62,MXN,OP-104154,"May 20, 2022",N/A,N/A
pemex,1707999.52,EUR,OP-104155,01/04/2019,2020-07-23,566
AMÉRICA MÓVIL,4763505.52,USD,OP-104156,29-Mar-2022,2024-05-21,784
grupo carso,2560199.15,EUR,OP-104157,29/11/2023,N/A,N/A
GRUPO MÉXICO,3655805.28,MXN,OP-104158,22/08/2021,16-Oct-2022,420
cemex,3735687.36,MXN,OP-104159,04/06/2018,12-May-2024,2228
GRUPO CARSO,5610018.2,MXN,OP-104160,17-May-2021,"August 23, 2025",1559
grupo carso,2404294.72,MXN,OP-104161,2017-01-30,13/01/2021,1444
walmart de méxico,7635715.82,MXN,OP-104162,2018-09-13,N/A,N/A
BANORTE,2761170.59,MXN,OP-104163,2017-02-05,2019-12-04,1032
walmart de méxico,7177790.57,EUR,OP-104164,13-Jul-2020,2021-05-02,293
walmart de méxico,1888135.22,USD,OP-104165,02/03/2016,14/08/2025,3480
GRUPO LALA,4826562.83,USD,OP-104166,18-Apr-2022,"May 11, 2023",388
FEMSA,5623890.52,USD,OP-104167,10/04/2022,"April 11, 2023",189
PEMEX,5106760.11,EUR,OP-104168,11/06/2023,N/A,N/A
GRUPO CARSO,5204679.62,EUR,OP-104169,11/10/2015,17-Jun-2022,2411
TELMEX,3760847.26,MXN,OP-104170,17/12/2022,"June 23, 2023",188
FEMSA,4156159.74,EUR,OP-104171,24/10/2022,14-Oct-2024,721
BBVA MÉXICO,8795235.36,MXN,OP-104172,2020-03-05,16/10/2020,225
ALSEA,7687442.31,USD,OP-104173,09-Jul-2025,N/A,N/A
CEMEX,1636557.39,MXN,OP-104174,22-Feb-2024,N/A,N/A
PEMEX,9365123.48,EUR,OP-104175,03-Mar-2021,N/A,N/A
liverpool,6006493.85,MXN,OP-104176,"August 18, 2022",N/A,N/A
BBVA MÉXICO,2729301.27,MXN,OP-104177,2018-07-27,N/A,N/A
américa móvil,3918535.99,MXN,OP-104178,"January 26, 2019",N/A,N/A
cemex,2602438.53,EUR,OP-104179,"May 12, 2017","April 03, 2021",1422
PEMEX,8716637.07,MXN,OP-104180,"February 02, 2022",N/A,N/A
PEMEX,3925411.09,EUR,OP-104181,2025-01-11,N/A,N/A
pemex,3978405.26,USD,OP-104182,13-Aug-2021,N/A,N/A
BBVA MÉXICO,9178058.47,EUR,OP-104183,"October 05, 2020",N/A,N/A
BBVA MÉXICO,5962195.95,MXN,OP-104184,15/11/2021,2022-08-25,283
grupo méxico,7809688.86,USD,OP-104185,2021-02-01,04-Apr-2021,62
GRUPO LALA,1638587.94,USD,OP-104186,2016-10-12,05/01/2022,2027
femsa,473250.13,USD,OP-104187,11/03/2025,N/A,N/A
GRUPO BIMBO,2211854.9,EUR,OP-104188,2023-03-31,N/A,N/A
PEMEX,1828166.39,USD,OP-104189,"April 01, 2019",N/A,N/A
WALMART DE MÉXICO,428395.93,EUR,OP-104190,"November 30, 2021",N/A,N/A
PEMEX,5851014.24,EUR,OP-104191,28-Dec-2024,N/A,N/A
BBVA MÉXICO,2131702.91,MXN,OP-104192,16/05/2024,N/A,N/A
BBVA MÉXICO,9437488.92,USD,OP-104193,"August 08, 2019",25/08/2023,1478
BBVA MÉXICO,3106060.14,EUR,OP-104194,"May 20, 2022","November 24, 2022",188
alsea,5161892.21,MXN,OP-104195,29-Aug-2017,21/10/2020,1149
grupo carso,9500694.31,MXN,OP-104196,15/12/2018,09-Jul-2019,206
américa móvil,5469851.27,USD,OP-104197,04/08/2019,15/07/2019,98
walmart de méxico,4951720.3,MXN,OP-104198,22/08/2016,24-Jul-2022,2162
LIVERPOOL,6186376.3,EUR,OP-104199,"June 23, 2021",2024-08-30,1164
walmart de méxico,9142015.33,EUR,OP-104200,"June 13, 2017","May 08, 2024",2521
WALMART DE MÉXICO,1885967.46,MXN,OP-104201,2018-08-09,N/A,N/A
TELMEX,9955828.97,MXN,OP-104202,"September 29, 2019",20/09/2022,1087
GRUPO CARSO,1627800.62,MXN,OP-104203,2023-01-12,2023-03-17,64
BANORTE,3548431.17,USD,OP-104204,"October 31, 2021",N/A,N/A
liverpool,7115046.05,MXN,OP-104205,"October 30, 2015",15/10/2016,351
bbva méxico,6390827.56,USD,OP-104206,"September 21, 2015",13-Jan-2023,2671
GRUPO LALA,889326.02,USD,OP-104207,2023-06-06,N/A,N/A
FEMSA,1943520.59,MXN,OP-104208,06/11/2023,"January 22, 2024",225
AMÉRICA MÓVIL,627565.09,MXN,OP-104209,"October 09, 2016",08-Feb-2017,122
pemex,9405495.65,EUR,OP-104210,"September 01, 2015","November 19, 2017",810
telmex,4481189.95,MXN,OP-104211,26/05/2016,N/A,N/A
cemex,4480207.88,USD,OP-104212,11/07/2023,N/A,N/A
walmart de méxico,2711825.15,USD,OP-104213,23/01/2020,N/A,N/A
soriana,9880386.2,MXN,OP-104214,2017-04-19,2019-03-24,704
CEMEX,5744642.12,EUR,OP-104215,2024-12-20,N/A,N/A
grupo carso,5673693.3,USD,OP-104216,"October 27, 2018","May 05, 2020",556
bbva méxico,7078887.47,USD,OP-104217,07-Oct-2020,07-Jan-2021,92
grupo carso,9619482.24,MXN,OP-104218,24-Aug-2019,N/A,N/A
pemex,3473750.91,MXN,OP-104219,12/08/2022,N/A,N/A
GRUPO CARSO,5506274.63,EUR,OP-104220,"August 10, 2017",21/08/2023,2202
FEMSA,5806937.06,MXN,OP-104221,"September 06, 2017","May 21, 2024",2449
GRUPO CARSO,7662174.87,MXN,OP-104222,11-Aug-2022,N/A,N/A
bbva méxico,4380598.85,EUR,OP-104223,2023-01-08,N/A,N/A
GRUPO LALA,401070.26,EUR,OP-104224,11-Jul-2025,N/A,N/A
TELMEX,2793168.89,USD,OP-104225,"May 19, 2016",N/A,N/A
walmart de méxico,7966313.18,MXN,OP-104226,2022-11-25,N/A,N/A
bbva méxico,9025784.76,USD,OP-104227,2021-10-09,N/A,N/A
BANORTE,3094651.39,MXN,OP-104228,08-Dec-2016,20/11/2019,1077
GRUPO MÉXICO,2541245.46,EUR,OP-104229,02/09/2015,"May 25, 2024",3393
grupo lala,7035261.65,MXN,OP-104230,08-Aug-2023,N/A,N/A
CEMEX,2544223.6,MXN,OP-104231,2023-08-27,18-Dec-2023,113
GRUPO BIMBO,2365998.09,EUR,OP-104232,01-Feb-2019,N/A,N/A
GRUPO MÉXICO,5757123.02,MXN,OP-104233,"September 22, 2021",N/A,N/A
cemex,3118141.35,EUR,OP-104234,"November 16, 2024",N/A,N/A
soriana,828935.55,USD,OP-104235,20-Mar-2021,01/03/2024,1019
américa móvil,6990559.38,MXN,OP-104236,"April 13, 2025",N/A,N/A
GRUPO CARSO,5643605.7,USD,OP-104237,15-Jan-2024,N/A,N/A
CEMEX,4567897.35,USD,OP-104238,"October 19, 2016",21-Sep-2023,2528
GRUPO CARSO,8716925.53,MXN,OP-104239,"August 09, 2018",27-Dec-2021,1236
CEMEX,6456613.91,USD,OP-104240,2025-05-22,N/A,N/A
CEMEX,1220179.79,USD,OP-104241,"December 16, 2015",2019-03-14,1184
soriana,726572.6,MXN,OP-104242,20-Feb-2022,N/A,N/A
américa móvil,1590433.74,USD,OP-104243,15/06/2020,N/A,N/A
grupo méxico,711597.88,USD,OP-104244,07/06/2025,N/A,N/A
grupo lala,2456761.53,USD,OP-104245,18-Jan-2024,N/A,N/A
cemex,2143918.36,MXN,OP-104246,17/08/2017,N/A,N/A
GRUPO LALA,592766.5,USD,OP-104247,2016-11-10,2019-04-27,898
liverpool,9020167.88,MXN,OP-104248,2018-07-19,N/A,N/A
soriana,6572060.17,EUR,OP-104249,2017-09-28,05/10/2022,1685
CEMEX,9254066.46,MXN,OP-104250,"March 14, 2021",N/A,N/A
grupo lala,9804697.57,EUR,OP-104251,17-Dec-2022,05-Mar-2025,809
BANORTE,8756640.99,MXN,OP-104252,05-Oct-2018,N/A,N/A
telmex,2540745.56,MXN,OP-104253,2024-04-30,N/A,N/A
PEMEX,3970781.95,MXN,OP-104254,2016-03-25,N/A,N/A
soriana,9088959.53,EUR,OP-104255,2020-12-24,N/A,N/A
grupo bimbo,4312934.01,USD,OP-104256,"March 05, 2017",N/A,N/A
grupo lala,4417622.66,MXN,OP-104257,30/01/2022,N/A,N/A
CEMEX,483346.24,MXN,OP-104258,07-Mar-2023,"August 24, 2024",536
FEMSA,5276636.99,EUR,OP-104259,16-Oct-2016,2020-05-10,1302
ALSEA,4824753.05,EUR,OP-104260,29/07/2022,N/A,N/A
GRUPO LALA,6973088.64,USD,OP-104261,19-Aug-2022,N/A,N/A
bbva méxico,5537141.32,USD,OP-104262,20-Apr-2021,N/A,N/A
GRUPO LALA,1290925.69,USD,OP-104263,24-Oct-2024,N/A,N/A
grupo carso,6595684.58,USD,OP-104264,17-Feb-2017,N/A,N/A
TELMEX,7063310.88,EUR,OP-104265,2024-07-29,N/A,N/A
bbva méxico,1284615.63,EUR,OP-104266,02/04/2021,N/A,N/A
américa móvil,3649751.91,MXN,OP-104267,"November 01, 2021",N/A,N/A
liverpool,5429622.53,USD,OP-104268,21-Jul-2018,"September 11, 2022",1513
WALMART DE MÉXICO,9142601.98,MXN,OP-104269,2019-07-15,N/A,N/A
walmart de méxico,5125634.85,EUR,OP-104270,16-Dec-2018,N/A,N/A
walmart de méxico,9416083.19,EUR,OP-104271,"April 25, 2024",N/A,N/A
liverpool,9602573.7,MXN,OP-104272,"May 07, 2016",20/08/2016,105
pemex,3901555.72,MXN,OP-104273,2020-06-16,N/A,N/A
grupo lala,474708.54,USD,OP-104274,24/05/2024,N/A,N/A
TELMEX,3124459.28,MXN,OP-104275,2015-11-20,N/A,N/A
BBVA MÉXICO,5251380.78,EUR,OP-104276,18-Feb-2025,N/A,N/A
GRUPO CARSO,5126746.27,USD,OP-104277,10-Feb-2021,15-Dec-2022,673
grupo bimbo,6787893.97,MXN,OP-104278,08/01/2016,2020-05-16,1384
TELMEX,3826350.31,EUR,OP-104279,2024-10-17,N/A,N/A
américa móvil,4423604.91,EUR,OP-104280,2022-12-15,N/A,N/A
telmex,4355392.58,USD,OP-104281,2019-11-07,"October 27, 2022",1085
soriana,3080992.13,USD,OP-104282,2024-01-29,N/A,N/A
GRUPO BIMBO,4839007.9,USD,OP-104283,2016-09-04,"January 17, 2020",1230
femsa,5508538.18,EUR,OP-104284,"April 22, 2022",20-Jul-2024,820
CEMEX,1565338.95,EUR,OP-104285,01/09/2020,N/A,N/A
walmart de méxico,1849493.2,USD,OP-104286,2024-04-02,N/A,N/A
CEMEX,7752098.82,MXN,OP-104287,2018-08-03,"June 22, 2023",1784
grupo carso,8030924.14,MXN,OP-104288,2018-12-22,11-Apr-2021,841
PEMEX,1181634.22,MXN,OP-104289,"May 08, 2017",01-Mar-2023,2123
TELMEX,7842998.43,USD,OP-104290,2015-12-06,2023-04-08,2680
soriana,5434904.85,USD,OP-104291,2024-11-23,N/A,N/A
GRUPO CARSO,2939809.27,MXN,OP-104292,03/07/2018,N/A,N/A
soriana,9010521.22,MXN,OP-104293,28/04/2017,"March 23, 2021",1425
PEMEX,2027443.18,USD,OP-104294,29/06/2025,N/A,N/A
GRUPO MÉXICO,2541057.9,MXN,OP-104295,05-Sep-2019,N/A,N/A
WALMART DE MÉXICO,7269377.9,USD,OP-104296,20-Jan-2019,"June 10, 2024",1968
liverpool,5951502.94,MXN,OP-104297,28/03/2023,N/A,N/A
GRUPO CARSO,811418.56,EUR,OP-104298,01-Sep-2016,05/08/2025,3171
WALMART DE MÉXICO,4178024.71,USD,OP-104299,08/12/2016,N/A,N/A
telmex,872131.89,MXN,OP-104300,"June 24, 2016",29-Sep-2022,2288
grupo méxico,2002544.7,USD,OP-104301,2023-03-17,N/A,N/A
pemex,6676721.99,MXN,OP-104302,"May 22, 2020","June 15, 2021",389
GRUPO LALA,960124.39,USD,OP-104303,25-Sep-2019,2025-08-19,2155
CEMEX,7732618.43,USD,OP-104304,2016-03-31,15-Jul-2023,2662
telmex,1586774.45,USD,OP-104305,2018-04-29,N/A,N/A
GRUPO BIMBO,4851806.5,USD,OP-104306,27/06/2017,2022-10-04,1925
GRUPO CARSO,3890855.22,USD,OP-104307,"October 04, 2020",N/A,N/A
BANORTE,8577469.67,USD,OP-104308,09/01/2017,2019-06-01,638
WALMART DE MÉXICO,3238084.75,USD,OP-104309,"November 06, 2020",07/07/2024,1339
bbva méxico,290376.01,EUR,OP-104310,"January 28, 2018",N/A,N/A
grupo carso,2634910.36,EUR,OP-104311,02-Jun-2018,"June 23, 2025",2578
banorte,4885115.68,MXN,OP-104312,2021-10-23,N/A,N/A
WALMART DE MÉXICO,7623712.44,EUR,OP-104313,25/12/2020,N/A,N/A
TELMEX,932780.45,USD,OP-104314,15-Oct-2024,N/A,N/A
grupo bimbo,9929685.47,USD,OP-104315,10-Jan-2019,29/02/2024,1876
GRUPO LALA,5804511.59,EUR,OP-104316,"November 04, 2015",17/01/2025,3362
PEMEX,2601327.21,MXN,OP-104317,09/06/2023,N/A,N/A
grupo carso,4299149.16,USD,OP-104318,26/10/2019,22/05/2024,1670
grupo lala,1931381.77,MXN,OP-104319,2017-05-04,12-Nov-2024,2749
SORIANA,7004034.34,USD,OP-104320,2024-06-16,N/A,N/A
walmart de méxico,3791861.96,USD,OP-104321,"May 03, 2024",N/A,N/A
GRUPO MÉXICO,9618608.83,EUR,OP-104322,2019-08-12,25-Sep-2020,410
GRUPO CARSO,2407657.25,EUR,OP-104323,25/08/2018,N/A,N/A
FEMSA,1293271.37,MXN,OP-104324,2023-11-24,N/A,N/A
AMÉRICA MÓVIL,2652605.02,MXN,OP-104325,26-May-2021,N/A,N/A
FEMSA,9332066.64,EUR,OP-104326,19/02/2024,N/A,N/A
GRUPO MÉXICO,5713162.66,EUR,OP-104327,21-May-2017,04/03/2019,682
pemex,1132543.67,EUR,OP-104328,28/12/2019,N/A,N/A
alsea,2722731.74,USD,OP-104329,01/03/2017,28/05/2017,145
banorte,7642926.43,MXN,OP-104330,05-Mar-2020,N/A,N/A
walmart de méxico,3067778.08,MXN,OP-104331,"February 21, 2025",N/A,N/A
soriana,1220601.43,EUR,OP-104332,07-May-2018,N/A,N/A
PEMEX,3686769.8,MXN,OP-104333,22/06/2017,"April 26, 2024",2500
telmex,9211694.24,MXN,OP-104334,03/07/2016,"October 21, 2021",2054
liverpool,922102.16,EUR,OP-104335,22-Mar-2023,11-Jul-2023,111
GRUPO MÉXICO,3173727.54,MXN,OP-104336,2020-08-22,25-Nov-2020,95
bbva méxico,7389772.18,MXN,OP-104337,20-May-2019,19/01/2024,1705
banorte,6904661.78,MXN,OP-104338,"October 30, 2015",N/A,N/A
banorte,3034778.11,USD,OP-104339,2018-09-10,2018-10-09,29
bbva méxico,853637.8,EUR,OP-104340,06/07/2020,N/A,N/A
BBVA MÉXICO,4805325.76,USD,OP-104341,2021-05-19,N/A,N/A
américa móvil,3736477.01,EUR,OP-104342,2019-08-03,N/A,N/A
grupo méxico,4253222.5,EUR,OP-104343,"August 12, 2017",N/A,N/A
telmex,3406347.53,EUR,OP-104344,2021-04-30,05/08/2021,8
LIVERPOOL,3006514.81,MXN,OP-104345,"February 15, 2022",N/A,N/A
FEMSA,3224727.57,USD,OP-104346,22/11/2015,28/08/2022,2471
grupo méxico,8195077.94,EUR,OP-104347,23-May-2017,N/A,N/A
LIVERPOOL,2705698.77,USD,OP-104348,19/05/2020,09-Dec-2020,204
grupo carso,5314443.05,EUR,OP-104349,02/08/2019,2021-11-27,1023
liverpool,8181752.23,USD,OP-104350,03-Sep-2022,N/A,N/A
SORIANA,6896909.0,MXN,OP-104351,2022-11-07,N/A,N/A
telmex,5834135.83,USD,OP-104352,"January 29, 2017",01/06/2022,1803
bbva méxico,8288221.76,EUR,OP-104353,"December 23, 2022",N/A,N/A
bbva méxico,4612116.66,MXN,OP-104354,2018-09-03,"June 27, 2024",2124
grupo bimbo,5590418.87,USD,OP-104355,2021-03-19,N/A,N/A
liverpool,6928148.0,USD,OP-104356,"July 14, 2020",2024-01-29,1294
grupo lala,9075415.63,MXN,OP-104357,11/03/2024,N/A,N/A
WALMART DE MÉXICO,2666823.08,MXN,OP-104358,02/09/2020,08-Aug-2025,2007
TELMEX,6891087.97,USD,OP-104359,2022-08-10,"December 28, 2024",871
grupo carso,4219591.84,MXN,OP-104360,"March 15, 2018",N/A,N/A
ALSEA,3915152.41,EUR,OP-104361,2021-12-01,2022-01-27,57
GRUPO BIMBO,8690018.1,MXN,OP-104362,2016-12-23,29/04/2023,2318
grupo bimbo,8054692.79,MXN,OP-104363,2022-09-19,"December 02, 2024",805
bbva méxico,2007577.18,MXN,OP-104364,2016-02-03,25-Apr-2022,2273
soriana,4623104.46,EUR,OP-104365,2023-04-14,N/A,N/A
grupo carso,8571184.37,EUR,OP-104366,14/04/2019,N/A,N/A
banorte,8771204.95,USD,OP-104367,2021-08-23,09/12/2024,1116
WALMART DE MÉXICO,5106829.04,USD,OP-104368,2023-04-14,19/06/2025,797
BBVA MÉXICO,1329482.45,EUR,OP-104369,2023-01-17,N/A,N/A
GRUPO BIMBO,3686683.03,MXN,OP-104370,2017-11-19,2022-01-13,1516
alsea,4926598.56,EUR,OP-104371,2023-07-19,N/A,N/A
GRUPO MÉXICO,8336052.67,MXN,OP-104372,13-Jun-2019,N/A,N/A
SORIANA,1241482.78,MXN,OP-104373,2016-06-05,01/12/2024,2777
telmex,5261309.56,EUR,OP-104374,24/11/2024,N/A,N/A
grupo carso,4752730.51,MXN,OP-104375,"May 24, 2024",N/A,N/A
liverpool,9258243.59,EUR,OP-104376,14/05/2025,N/A,N/A
AMÉRICA MÓVIL,6196143.07,USD,OP-104377,15/06/2016,2022-11-20,2349
WALMART DE MÉXICO,1140285.4,EUR,OP-104378,"November 17, 2022",N/A,N/A
LIVERPOOL,3456854.66,USD,OP-104379,"April 11, 2017",N/A,N/A
telmex,8446569.86,MXN,OP-104380,"May 07, 2021",10-Dec-2021,217
walmart de méxico,7159661.23,MXN,OP-104381,"July 11, 2018",N/A,N/A
BBVA MÉXICO,5739913.98,USD,OP-104382,26/03/2016,N/A,N/A
grupo bimbo,4363938.33,MXN,OP-104383,16/08/2017,31-May-2020,1019
banorte,5449887.46,USD,OP-104384,"October 20, 2018",N/A,N/A
TELMEX,3549513.83,EUR,OP-104385,06-Apr-2018,N/A,N/A
AMÉRICA MÓVIL,8523805.34,MXN,OP-104386,"September 15, 2017",29-Aug-2021,1444
AMÉRICA MÓVIL,9299498.79,USD,OP-104387,09-Nov-2019,N/A,N/A
GRUPO CARSO,7426941.56,USD,OP-104388,28-Sep-2023,N/A,N/A
PEMEX,1395949.2,MXN,OP-104389,14/02/2016,13-Dec-2017,668
WALMART DE MÉXICO,1585150.02,EUR,OP-104390,2021-11-13,N/A,N/A
BANORTE,1377228.42,USD,OP-104391,18/06/2022,N/A,N/A
FEMSA,7530262.48,USD,OP-104392,2021-12-28,N/A,N/A
walmart de méxico,5641342.11,MXN,OP-104393,"April 07, 2016","November 01, 2017",573
WALMART DE MÉXICO,6061338.72,EUR,OP-104394,"July 19, 2019","April 30, 2022",1016
WALMART DE MÉXICO,2632229.18,USD,OP-104395,08-Mar-2018,N/A,N/A
ALSEA,9246744.21,USD,OP-104396,"February 05, 2024",N/A,N/A
soriana,1468776.34,MXN,OP-104397,"May 04, 2022",2025-04-05,1067
walmart de méxico,5936126.34,USD,OP-104398,2021-02-10,N/A,N/A
BBVA MÉXICO,340398.83,USD,OP-104399,2022-02-13,2023-03-15,395
TELMEX,2791234.37,EUR,OP-104400,13/02/2017,2023-12-26,2507
GRUPO LALA,6492213.5,MXN,OP-104401,"July 17, 2018",N/A,N/A
ALSEA,9352112.45,EUR,OP-104402,2020-04-10,26/04/2021,381
CEMEX,4695531.43,EUR,OP-104403,24/01/2018,N/A,N/A
américa móvil,2782820.51,EUR,OP-104404,07-Mar-2024,"September 04, 2024",181
TELMEX,9474316.26,EUR,OP-104405,27-Feb-2025,N/A,N/A
soriana,7805334.06,EUR,OP-104406,2021-04-10,N/A,N/A
grupo bimbo,897727.04,USD,OP-104407,"January 26, 2020",20/11/2020,299
GRUPO BIMBO,9382418.28,EUR,OP-104408,31-Jul-2021,N/A,N/A
telmex,1248032.56,USD,OP-104409,30/12/2021,N/A,N/A
femsa,4528373.56,EUR,OP-104410,2024-11-04,2025-07-01,239
grupo carso,5248848.94,EUR,OP-104411,2016-05-15,10/03/2022,2332
soriana,5131558.78,EUR,OP-104412,2022-01-11,N/A,N/A
grupo méxico,6074548.43,EUR,OP-104413,2021-04-25,N/A,N/A
walmart de méxico,6256863.88,EUR,OP-104414,16/07/2019,N/A,N/A
WALMART DE MÉXICO,2292171.56,EUR,OP-104415,2017-08-02,"May 31, 2023",2128
grupo lala,7504731.59,EUR,OP-104416,09-Oct-2021,N/A,N/A
pemex,8930991.4,MXN,OP-104417,19-Jul-2017,N/A,N/A
GRUPO MÉXICO,3799644.51,EUR,OP-104418,"January 29, 2017",2024-01-20,2547
GRUPO CARSO,2881793.75,MXN,OP-104419,"June 28, 2020",N/A,N/A
banorte,701134.95,USD,OP-104420,23/08/2017,N/A,N/A
soriana,145279.77,MXN,OP-104421,17/10/2018,N/A,N/A
grupo lala,7295931.59,EUR,OP-104422,14/10/2017,"August 23, 2018",313
GRUPO BIMBO,3219850.96,EUR,OP-104423,04/08/2024,"July 05, 2025",453
cemex,5112303.27,USD,OP-104424,2024-07-22,N/A,N/A
LIVERPOOL,9812673.03,EUR,OP-104425,12-Jun-2025,2025-06-17,5
LIVERPOOL,7358505.73,MXN,OP-104426,"June 01, 2025",N/A,N/A
banorte,9862453.66,EUR,OP-104427,27/07/2022,N/A,N/A
GRUPO CARSO,2445143.37,USD,OP-104428,07/07/2024,N/A,N/A
américa móvil,7259769.12,USD,OP-104429,14/08/2022,N/A,N/A
cemex,3838877.34,EUR,OP-104430,2022-03-24,N/A,N/A
GRUPO LALA,9274349.43,MXN,OP-104431,2017-12-27,09-Aug-2022,1686
pemex,2147964.97,EUR,OP-104432,2021-07-30,24/04/2024,999
GRUPO BIMBO,6730566.72,USD,OP-104433,"February 03, 2018",N/A,N/A
LIVERPOOL,4161146.04,MXN,OP-104434,2018-08-10,N/A,N/A
telmex,2202378.95,MXN,OP-104435,04-Oct-2016,05-Jun-2021,1705
SORIANA,5057919.53,EUR,OP-104436,"August 09, 2020",N/A,N/A
grupo méxico,7445074.01,USD,OP-104437,02-Oct-2024,N/A,N/A
soriana,2861481.91,USD,OP-104438,11-Aug-2016,N/A,N/A
AMÉRICA MÓVIL,6337165.18,EUR,OP-104439,2022-06-09,N/A,N/A
américa móvil,2067575.26,MXN,OP-104440,15/05/2016,N/A,N/A
bbva méxico,2326924.46,USD,OP-104441,03/04/2024,N/A,N/A
FEMSA,8677539.32,MXN,OP-104442,12/10/2022,N/A,N/A
grupo carso,2660335.02,USD,OP-104443,"May 07, 2018",11-Jun-2024,2227
liverpool,9855886.88,EUR,OP-104444,16-May-2020,02-Mar-2025,1751
ALSEA,5337863.6,EUR,OP-104445,18-Jun-2018,2019-06-22,369
grupo bimbo,4517412.0,MXN,OP-104446,"August 20, 2018",01/08/2020,506
BBVA MÉXICO,8461695.35,USD,OP-104447,17-Sep-2023,N/A,N/A
WALMART DE MÉXICO,2985314.69,EUR,OP-104448,"June 21, 2025","July 02, 2025",11
TELMEX,1682129.38,USD,OP-104449,01/09/2022,2024-07-07,910
GRUPO LALA,6780903.82,USD,OP-104450,"June 16, 2023",N/A,N/A
FEMSA,9889013.61,EUR,OP-104451,27-Oct-2021,N/A,N/A
grupo carso,6525546.1,MXN,OP-104452,"March 01, 2016","October 11, 2016",224
GRUPO CARSO,2009369.52,EUR,OP-104453,2017-08-18,"December 24, 2019",858
GRUPO CARSO,1401019.79,USD,OP-104454,2019-10-06,N/A,N/A
GRUPO CARSO,3038375.81,USD,OP-104455,19-Jan-2018,"May 29, 2019",495
GRUPO LALA,6612978.01,EUR,OP-104456,2022-07-27,N/A,N/A
AMÉRICA MÓVIL,6066631.36,EUR,OP-104457,"November 21, 2020",N/A,N/A
GRUPO CARSO,3885413.16,MXN,OP-104458,"July 02, 2017",25-Jan-2021,1303
LIVERPOOL,3743561.68,USD,OP-104459,05-Mar-2016,N/A,N/A
femsa,2951790.4,EUR,OP-104460,13-Feb-2024,N/A,N/A
américa móvil,9038234.35,USD,OP-104461,"January 30, 2025",N/A,N/A
bbva méxico,6793649.52,EUR,OP-104462,16/02/2019,N/A,N/A
grupo méxico,4849828.85,USD,OP-104463,09/05/2016,24-Mar-2022,2026
CEMEX,8554797.6,USD,OP-104464,2023-11-15,N/A,N/A
AMÉRICA MÓVIL,8266883.77,USD,OP-104465,2020-04-23,N/A,N/A
grupo lala,2598736.78,MXN,OP-104466,"September 15, 2020",N/A,N/A
SORIANA,9168535.92,USD,OP-104467,2020-08-22,N/A,N/A
BANORTE,2354371.66,MXN,OP-104468,"March 05, 2024",N/A,N/A
SORIANA,8494221.08,MXN,OP-104469,12-Sep-2016,N/A,N/A
BANORTE,474045.21,EUR,OP-104470,17-Oct-2015,N/A,N/A
WALMART DE MÉXICO,5516997.45,MXN,OP-104471,20-Oct-2024,N/A,N/A
BBVA MÉXICO,9791039.43,EUR,OP-104472,2018-09-13,N/A,N/A
GRUPO MÉXICO,3226436.02,EUR,OP-104473,27/01/2016,03/03/2019,1131
walmart de méxico,5658957.51,MXN,OP-104474,09/01/2025,N/A,N/A
FEMSA,8595330.3,EUR,OP-104475,26/01/2025,N/A,N/A
alsea,3619603.8,EUR,OP-104476,2016-01-04,"March 09, 2018",795
grupo méxico,4792010.49,USD,OP-104477,06/02/2024,N/A,N/A
pemex,362912.03,USD,OP-104478,2016-02-09,2024-02-08,2921
telmex,4168653.56,MXN,OP-104479,05-Jan-2017,11/04/2017,303
GRUPO CARSO,4358344.63,EUR,OP-104480,24-Oct-2015,N/A,N/A
cemex,5807718.6,MXN,OP-104481,23/11/2021,26/08/2024,1007
liverpool,8447633.52,EUR,OP-104482,2019-04-19,N/A,N/A
CEMEX,5311294.9,USD,OP-104483,"June 15, 2019",2025-08-13,2251
américa móvil,1622758.6,MXN,OP-104484,28-Oct-2021,09/02/2024,1040
GRUPO BIMBO,1939194.18,MXN,OP-104485,2025-04-19,N/A,N/A
grupo bimbo,6930746.6,USD,OP-104486,"September 07, 2021",N/A,N/A
grupo méxico,4301258.49,MXN,OP-104487,2016-02-24,"June 05, 2016",102
américa móvil,1652790.74,USD,OP-104488,"October 31, 2024",N/A,N/A
GRUPO BIMBO,5114052.57,USD,OP-104489,2025-02-12,N/A,N/A
SORIANA,5251771.31,MXN,OP-104490,2019-04-17,2021-04-03,717
telmex,3737834.35,USD,OP-104491,07-Aug-2024,N/A,N/A
LIVERPOOL,6401548.6,EUR,OP-104492,19/12/2021,N/A,N/A
pemex,3893066.99,EUR,OP-104493,24-Oct-2022,12-May-2023,200
PEMEX,7282398.66,EUR,OP-104494,07/09/2022,N/A,N/A
bbva méxico,1347114.78,EUR,OP-104495,"October 03, 2020",N/A,N/A
grupo carso,435966.66,MXN,OP-104496,2024-06-14,N/A,N/A
américa móvil,4271142.72,EUR,OP-104497,06-Feb-2025,N/A,N/A
alsea,6410343.31,EUR,OP-104498,01-Mar-2016,21-May-2016,81
grupo carso,1732175.76,USD,OP-104499,2021-06-19,N/A,N/A
SORIANA,6596662.8,EUR,OP-104500,"March 03, 2024",N/A,N/A
grupo bimbo,9673310.45,EUR,OP-104501,2022-12-22,N/A,N/A
banorte,1768955.99,MXN,OP-104502,"October 02, 2022",N/A,N/A
GRUPO CARSO,3099631.73,EUR,OP-104503,11-Jan-2020,22/09/2023,1350
femsa,7484418.46,EUR,OP-104504,2021-12-07,N/A,N/A
PEMEX,3261872.58,USD,OP-104505,2017-09-14,N/A,N/A
femsa,3899269.32,USD,OP-104506,16-Dec-2018,"February 01, 2023",1508
cemex,4384190.28,USD,OP-104507,2021-02-27,N/A,N/A
GRUPO CARSO,3374123.4,MXN,OP-104508,11/08/2019,"November 12, 2023",1465
walmart de méxico,1803400.14,EUR,OP-104509,19/09/2017,N/A,N/A
BANORTE,8376964.41,USD,OP-104510,2022-07-05,N/A,N/A
grupo méxico,1481010.83,USD,OP-104511,2025-02-27,N/A,N/A
grupo lala,8063295.21,MXN,OP-104512,02-Apr-2019,N/A,N/A
FEMSA,4433489.72,MXN,OP-104513,08-May-2022,N/A,N/A
WALMART DE MÉXICO,4331422.65,MXN,OP-104514,31/03/2018,N/A,N/A
FEMSA,7242076.15,MXN,OP-104515,"July 26, 2021",10/08/2022,439
grupo bimbo,5691134.58,MXN,OP-104516,07/05/2022,N/A,N/A
LIVERPOOL,5957636.11,USD,OP-104517,"March 25, 2020",N/A,N/A
ALSEA,729156.15,USD,OP-104518,"November 07, 2016",2017-10-28,355
CEMEX,6412674.31,EUR,OP-104519,"August 05, 2016",2019-08-27,1117
bbva méxico,1366784.93,MXN,OP-104520,07-Oct-2018,2019-07-13,279
soriana,6551906.06,MXN,OP-104521,09/12/2023,N/A,N/A
femsa,8475668.91,USD,OP-104522,20/03/2018,N/A,N/A
alsea,2766227.72,USD,OP-104523,05-Apr-2018,05-Aug-2019,487
PEMEX,4197654.95,EUR,OP-104524,"May 31, 2016","July 30, 2017",425
LIVERPOOL,6164557.44,MXN,OP-104525,"July 30, 2025",N/A,N/A
GRUPO MÉXICO,4303261.77,MXN,OP-104526,30-Apr-2021,N/A,N/A
AMÉRICA MÓVIL,234161.34,USD,OP-104527,2016-08-21,07/09/2020,1418
BBVA MÉXICO,6636320.36,EUR,OP-104528,18/11/2018,N/A,N/A
FEMSA,2031189.94,EUR,OP-104529,"May 03, 2016",11/10/2024,3113
GRUPO CARSO,5471929.22,USD,OP-104530,07/10/2019,16-Sep-2019,68
soriana,2510090.81,USD,OP-104531,23-Jun-2022,N/A,N/A
BANORTE,8551771.35,USD,OP-104532,2021-03-01,20/03/2024,1115
grupo lala,9830337.03,MXN,OP-104533,04-May-2025,N/A,N/A
walmart de méxico,1116233.55,MXN,OP-104534,21/06/2023,N/A,N/A
BANORTE,7377686.71,MXN,OP-104535,2023-06-24,N/A,N/A
grupo carso,5521069.98,USD,OP-104536,"August 30, 2020",N/A,N/A
SORIANA,9137918.87,MXN,OP-104537,"June 29, 2023",N/A,N/A
CEMEX,9356709.64,MXN,OP-104538,"February 04, 2022",N/A,N/A
américa móvil,2677320.41,MXN,OP-104539,17/05/2018,N/A,N/A
GRUPO MÉXICO,2698701.45,EUR,OP-104540,17-Jun-2021,2022-08-07,416
BBVA MÉXICO,9736776.59,MXN,OP-104541,2022-11-11,N/A,N/A
SORIANA,9859492.16,EUR,OP-104542,"December 27, 2020",10/02/2022,644
GRUPO CARSO,1560905.06,USD,OP-104543,"February 28, 2016",2021-03-16,1843
BBVA MÉXICO,4572396.4,MXN,OP-104544,25/09/2023,23-Apr-2024,211
BBVA MÉXICO,4187182.57,EUR,OP-104545,"March 13, 2019",N/A,N/A
américa móvil,7736300.38,EUR,OP-104546,27-May-2018,"August 22, 2025",2644
FEMSA,9954113.36,EUR,OP-104547,"May 26, 2025",N/A,N/A
grupo carso,4468343.69,MXN,OP-104548,09-Feb-2020,N/A,N/A
alsea,8286620.48,EUR,OP-104549,"March 06, 2016","April 11, 2017",401
ALSEA,7746281.7,MXN,OP-104550,2023-05-18,N/A,N/A
banorte,1862578.57,USD,OP-104551,08-Mar-2018,"December 23, 2023",2116
BANORTE,4368085.45,USD,OP-104552,28-Feb-2017,N/A,N/A
walmart de méxico,5072946.28,EUR,OP-104553,21/07/2019,N/A,N/A
telmex,9413191.28,EUR,OP-104554,2017-06-20,14/02/2020,969
AMÉRICA MÓVIL,312141.08,USD,OP-104555,01/07/2025,N/A,N/A
bbva méxico,672129.68,MXN,OP-104556,"February 12, 2021",21/07/2021,159
BBVA MÉXICO,4898205.98,USD,OP-104557,20/01/2025,2025-04-02,72
WALMART DE MÉXICO,5982476.71,USD,OP-104558,"December 01, 2019","May 07, 2020",158
CEMEX,7811474.73,MXN,OP-104559,2021-02-15,N/A,N/A
bbva méxico,7658507.28,MXN,OP-104560,09/12/2018,"June 01, 2022",1358
grupo méxico,6847404.33,MXN,OP-104561,10-Jan-2022,N/A,N/A
cemex,1109455.02,EUR,OP-104562,08/12/2020,2021-01-23,164
banorte,3710045.21,MXN,OP-104563,2022-11-30,N/A,N/A
liverpool,2139938.37,USD,OP-104564,"April 17, 2025",N/A,N/A
PEMEX,1284299.48,MXN,OP-104565,2019-04-15,N/A,N/A
soriana,2192413.64,MXN,OP-104566,"July 07, 2021",N/A,N/A
grupo bimbo,1141895.07,EUR,OP-104567,2023-12-30,2024-09-07,252
CEMEX,6318126.16,USD,OP-104568,14/07/2020,N/A,N/A
grupo méxico,5762404.55,USD,OP-104569,2025-04-21,N/A,N/A
FEMSA,6242999.0,EUR,OP-104570,"April 22, 2016",2021-06-21,1886
BBVA MÉXICO,7201013.22,EUR,OP-104571,"September 19, 2021",N/A,N/A
soriana,4867475.27,EUR,OP-104572,"March 16, 2018",26-Sep-2021,1290
walmart de méxico,2340290.54,MXN,OP-104573,17-Mar-2024,N/A,N/A
walmart de méxico,4335081.72,MXN,OP-104574,05-Jan-2022,N/A,N/A
grupo lala,1693881.21,EUR,OP-104575,25/04/2019,N/A,N/A
BBVA MÉXICO,6450131.21,USD,OP-104576,2015-12-12,06/10/2022,2372
soriana,2378954.58,USD,OP-104577,"October 07, 2020",N/A,N/A
AMÉRICA MÓVIL,9087744.34,USD,OP-104578,"April 14, 2020",2021-10-30,564
grupo carso,421247.57,MXN,OP-104579,2020-11-22,"May 01, 2024",1256
bbva méxico,8952549.88,MXN,OP-104580,09/01/2023,N/A,N/A
grupo lala,2947515.75,MXN,OP-104581,2019-09-13,N/A,N/A
GRUPO LALA,8231557.81,USD,OP-104582,"January 03, 2024",N/A,N/A
telmex,6075565.34,MXN,OP-104583,2017-05-07,N/A,N/A
pemex,8969273.85,USD,OP-104584,2023-07-08,N/A,N/A
grupo méxico,7713420.28,USD,OP-104585,2023-03-11,N/A,N/A
GRUPO CARSO,7148424.59,MXN,OP-104586,"March 07, 2018",30/08/2020,907
bbva méxico,4509667.88,EUR,OP-104587,2017-11-29,N/A,N/A
bbva méxico,569090.67,USD,OP-104588,2015-11-15,02-Apr-2019,1234
telmex,2075377.35,USD,OP-104589,14/10/2022,N/A,N/A
banorte,3985071.89,EUR,OP-104590,2024-09-19,N/A,N/A
grupo lala,8151230.23,USD,OP-104591,2021-10-12,N/A,N/A
WALMART DE MÉXICO,2315354.55,USD,OP-104592,19-Dec-2022,N/A,N/A
FEMSA,3149009.93,USD,OP-104593,19/04/2025,N/A,N/A
cemex,7351836.61,EUR,OP-104594,31-May-2022,N/A,N/A
liverpool,5511325.44,MXN,OP-104595,06-Aug-2025,N/A,N/A
banorte,8245220.94,MXN,OP-104596,09/08/2019,N/A,N/A
banorte,1063140.73,MXN,OP-104597,"March 12, 2022",N/A,N/A
SORIANA,5878911.76,MXN,OP-104598,20/06/2018,N/A,N/A
femsa,8451534.32,EUR,OP-104599,20-Mar-2021,N/A,N/A
BBVA MÉXICO,2188961.33,EUR,OP-104600,30-Apr-2017,N/A,N/A
pemex,302140.68,MXN,OP-104601,"June 04, 2023",N/A,N/A
pemex,9205802.96,MXN,OP-104602,25/02/2020,N/A,N/A
LIVERPOOL,9149837.21,EUR,OP-104603,2021-09-08,N/A,N/A
américa móvil,9320874.52,EUR,OP-104604,2021-11-28,N/A,N/A
bbva méxico,7622639.5,EUR,OP-104605,"February 16, 2021",N/A,N/A
grupo méxico,5885096.35,EUR,OP-104606,02-Apr-2025,N/A,N/A
FEMSA,407870.26,EUR,OP-104607,"January 21, 2018",18-Nov-2020,1032
pemex,5420343.61,EUR,OP-104608,2016-07-19,"February 21, 2024",2773
TELMEX,6614747.92,USD,OP-104609,"January 10, 2022","June 23, 2022",164
cemex,8309393.34,EUR,OP-104610,"March 06, 2022",2022-06-02,88
alsea,6735110.66,EUR,OP-104611,2020-02-23,05-Aug-2024,1625
grupo méxico,1833995.21,USD,OP-104612,2021-08-17,N/A,N/A
telmex,5726406.62,EUR,OP-104613,2021-03-22,N/A,N/A
telmex,1865483.35,EUR,OP-104614,22-Nov-2022,25-Jan-2024,429
GRUPO MÉXICO,2848842.69,EUR,OP-104615,22/08/2020,N/A,N/A
AMÉRICA MÓVIL,5611970.76,EUR,OP-104616,"April 14, 2023",N/A,N/A
alsea,1715296.07,EUR,OP-104617,03/09/2023,N/A,N/A
bbva méxico,9410437.19,USD,OP-104618,02/03/2023,N/A,N/A
GRUPO MÉXICO,3040949.01,USD,OP-104619,09-Sep-2017,N/A,N/A
grupo bimbo,5794879.39,MXN,OP-104620,"December 11, 2023",N/A,N/A
liverpool,8304448.32,EUR,OP-104621,15/03/2019,N/A,N/A
liverpool,375412.88,USD,OP-104622,"April 30, 2016",N/A,N/A
GRUPO BIMBO,5344724.51,EUR,OP-104623,06/11/2019,15-Nov-2023,1618
BANORTE,6361214.55,EUR,OP-104624,09-Sep-2021,N/A,N/A
BANORTE,6828377.94,MXN,OP-104625,26/02/2016,28/12/2024,3228
BANORTE,5436248.79,EUR,OP-104626,"February 26, 2023",N/A,N/A
walmart de méxico,3748026.75,USD,OP-104627,"November 04, 2021",N/A,N/A
GRUPO CARSO,5864217.83,USD,OP-104628,"October 30, 2022",N/A,N/A
grupo lala,241884.45,MXN,OP-104629,"July 09, 2017",N/A,N/A
ALSEA,8937002.66,USD,OP-104630,10-Mar-2023,N/A,N/A
GRUPO LALA,8346210.34,EUR,OP-104631,2018-06-30,"October 27, 2024",2311
CEMEX,1134612.26,EUR,OP-104632,"October 25, 2020",02-Apr-2023,889
BANORTE,9131686.61,EUR,OP-104633,07/09/2022,N/A,N/A
cemex,7390507.53,USD,OP-104634,03-Feb-2018,N/A,N/A
telmex,5254194.41,MXN,OP-104635,23/01/2024,N/A,N/A
BBVA MÉXICO,1961826.59,USD,OP-104636,"January 25, 2022",N/A,N/A
GRUPO MÉXICO,4126684.03,EUR,OP-104637,02/10/2023,N/A,N/A
femsa,5678285.23,EUR,OP-104638,20-Oct-2020,N/A,N/A
WALMART DE MÉXICO,4764301.53,MXN,OP-104639,01/11/2016,N/A,N/A
bbva méxico,8423255.8,EUR,OP-104640,10/01/2018,N/A,N/A
ALSEA,5027859.3,EUR,OP-104641,20/12/2017,N/A,N/A
LIVERPOOL,2429625.99,USD,OP-104642,26-Aug-2016,2018-11-03,799
grupo bimbo,2966311.64,MXN,OP-104643,27-Apr-2024,N/A,N/A
liverpool,9597570.29,USD,OP-104644,21/07/2023,N/A,N/A
TELMEX,8590274.79,MXN,OP-104645,18/11/2016,"December 08, 2020",1481
femsa,8381725.09,MXN,OP-104646,15/04/2018,11/06/2023,2031
AMÉRICA MÓVIL,1622045.34,MXN,OP-104647,"March 14, 2016",23/07/2024,3053
walmart de méxico,2013093.37,EUR,OP-104648,2023-12-26,N/A,N/A
GRUPO MÉXICO,4653911.32,MXN,OP-104649,18-Dec-2017,N/A,N/A
PEMEX,4796851.43,MXN,OP-104650,2023-02-04,N/A,N/A
femsa,1428272.7,EUR,OP-104651,12-Feb-2023,N/A,N/A
banorte,591534.66,EUR,OP-104652,15/06/2023,N/A,N/A
GRUPO CARSO,1451454.99,MXN,OP-104653,2015-09-15,2025-07-09,3585
grupo méxico,7019200.71,MXN,OP-104654,2022-02-18,02/02/2025,1080
telmex,8319352.03,EUR,OP-104655,04/01/2024,N/A,N/A
liverpool,8492817.28,MXN,OP-104656,2021-10-09,29-Jun-2023,628
grupo bimbo,855200.66,USD,OP-104657,2023-07-31,N/A,N/A
walmart de méxico,7917218.21,USD,OP-104658,28-Oct-2020,N/A,N/A
grupo bimbo,5767265.27,MXN,OP-104659,"August 19, 2020",15/03/2023,938
ALSEA,1782695.38,USD,OP-104660,09/11/2021,N/A,N/A
WALMART DE MÉXICO,5142754.72,EUR,OP-104661,12-Sep-2023,N/A,N/A
CEMEX,8328738.18,MXN,OP-104662,2019-05-19,2024-05-30,1838
SORIANA,6351201.86,USD,OP-104663,23-Aug-2019,N/A,N/A
BBVA MÉXICO,9757517.38,USD,OP-104664,23-Feb-2020,N/A,N/A
telmex,2886429.6,MXN,OP-104665,"January 21, 2023",N/A,N/A
AMÉRICA MÓVIL,6414112.14,EUR,OP-104666,"November 01, 2017",N/A,N/A
BBVA MÉXICO,372808.59,USD,OP-104667,2018-03-07,N/A,N/A
FEMSA,917374.53,USD,OP-104668,21-Mar-2017,14/04/2022,1850
ALSEA,7246653.63,MXN,OP-104669,11/09/2024,N/A,N/A
banorte,4324908.37,USD,OP-104670,03/08/2018,N/A,N/A
grupo carso,4225757.81,MXN,OP-104671,22/01/2025,N/A,N/A
FEMSA,8887782.23,USD,OP-104672,26-Aug-2018,15/05/2024,2089
grupo carso,2254742.35,MXN,OP-104673,28/12/2020,N/A,N/A
walmart de méxico,6585202.0,MXN,OP-104674,2020-02-18,16-Sep-2023,1306
grupo carso,3057625.53,USD,OP-104675,2023-03-21,N/A,N/A
GRUPO BIMBO,7733896.73,USD,OP-104676,2025-04-04,N/A,N/A
pemex,3257516.32,MXN,OP-104677,24/02/2023,N/A,N/A
GRUPO MÉXICO,8682037.25,USD,OP-104678,24/09/2020,N/A,N/A
grupo lala,914981.77,EUR,OP-104679,"December 31, 2017",06/05/2020,887
cemex,5429676.73,USD,OP-104680,2022-10-31,N/A,N/A
ALSEA,6261928.38,USD,OP-104681,29-Jul-2017,N/A,N/A
femsa,4994525.96,USD,OP-104682,10-Oct-2019,N/A,N/A
bbva méxico,4811132.1,MXN,OP-104683,"November 27, 2018","January 30, 2019",64
femsa,9071886.88,USD,OP-104684,"June 22, 2021",N/A,N/A
GRUPO MÉXICO,3969402.0,MXN,OP-104685,2017-01-26,N/A,N/A
walmart de méxico,2446960.6,MXN,OP-104686,2025-02-01,N/A,N/A
grupo carso,1049083.5,EUR,OP-104687,20/02/2019,14-Oct-2022,1332
pemex,5975477.28,EUR,OP-104688,"October 11, 2022",N/A,N/A
AMÉRICA MÓVIL,2952201.93,MXN,OP-104689,"April 18, 2022",N/A,N/A
pemex,9966829.34,USD,OP-104690,16-Nov-2016,"November 28, 2016",12
GRUPO CARSO,2288812.2,MXN,OP-104691,13-Sep-2015,2023-02-21,2718
AMÉRICA MÓVIL,2175105.45,MXN,OP-104692,17/04/2022,N/A,N/A
LIVERPOOL,2468140.78,MXN,OP-104693,"March 17, 2024",N/A,N/A
cemex,9372631.31,MXN,OP-104694,16-Jul-2022,17/12/2022,154
AMÉRICA MÓVIL,9469093.45,MXN,OP-104695,"May 15, 2019",N/A,N/A
GRUPO MÉXICO,4435303.12,MXN,OP-104696,2016-01-29,N/A,N/A
GRUPO BIMBO,3828943.96,MXN,OP-104697,05-Mar-2024,N/A,N/A
telmex,1368215.61,EUR,OP-104698,06-May-2017,N/A,N/A
GRUPO MÉXICO,9620241.2,USD,OP-104699,11-Nov-2019,05-Jul-2020,237
walmart de méxico,4658464.21,USD,OP-104700,2016-07-09,"November 14, 2020",1589
américa móvil,1640651.21,USD,OP-104701,15-Mar-2016,"January 19, 2017",310
cemex,906152.17,EUR,OP-104702,24-Oct-2022,N/A,N/A
liverpool,4363636.58,EUR,OP-104703,2016-07-10,2016-09-08,60
walmart de méxico,6865751.3,USD,OP-104704,"November 23, 2015",N/A,N/A
bbva méxico,1607776.33,USD,OP-104705,17-Aug-2022,N/A,N/A
telmex,8783561.72,EUR,OP-104706,13-Jan-2024,N/A,N/A
américa móvil,1950858.27,USD,OP-104707,24-Sep-2018,2025-06-30,2471
telmex,8803977.77,EUR,OP-104708,04-Jul-2023,13-Jun-2025,710
liverpool,148459.93,MXN,OP-104709,2019-04-15,N/A,N/A
pemex,5854878.47,USD,OP-104710,17-May-2019,08/08/2024,1910
AMÉRICA MÓVIL,3030011.72,EUR,OP-104711,19-Aug-2025,N/A,N/A
WALMART DE MÉXICO,9012630.93,MXN,OP-104712,07-Jul-2021,N/A,N/A
WALMART DE MÉXICO,5074456.25,MXN,OP-104713,16-May-2021,N/A,N/A
FEMSA,2346163.69,USD,OP-104714,"December 21, 2017",N/A,N/A
grupo bimbo,4288041.93,MXN,OP-104715,05/10/2024,N/A,N/A
pemex,9335838.72,EUR,OP-104716,11/06/2024,N/A,N/A
grupo lala,2992717.79,EUR,OP-104717,2020-01-05,2022-08-03,941
telmex,1588259.64,USD,OP-104718,"January 12, 2020",N/A,N/A
BANORTE,8758200.94,USD,OP-104719,"October 06, 2017","October 06, 2017",0
GRUPO BIMBO,9575789.27,MXN,OP-104720,2023-08-06,N/A,N/A
GRUPO CARSO,1659562.1,USD,OP-104721,29-Nov-2024,N/A,N/A
GRUPO LALA,8622716.74,MXN,OP-104722,"December 14, 2020",23/07/2022,586
femsa,4803069.6,MXN,OP-104723,21/11/2023,N/A,N/A
LIVERPOOL,7633771.06,USD,OP-104724,24-Oct-2024,N/A,N/A
BBVA MÉXICO,8987517.8,EUR,OP-104725,"April 09, 2021","April 26, 2024",1113
cemex,7529763.77,USD,OP-104726,2022-06-20,09/06/2023,443
BANORTE,603772.44,MXN,OP-104727,09-Jul-2017,"November 09, 2021",1584
alsea,5640891.59,MXN,OP-104728,18/06/2022,N/A,N/A
SORIANA,144359.79,EUR,OP-104729,21/05/2017,"July 04, 2021",1505
BANORTE,5756515.05,USD,OP-104730,"December 11, 2022",N/A,N/A
WALMART DE MÉXICO,3308657.89,MXN,OP-104731,"June 11, 2024",N/A,N/A
FEMSA,6203882.1,EUR,OP-104732,"October 27, 2024",N/A,N/A
liverpool,4211671.04,MXN,OP-104733,2022-08-19,N/A,N/A
PEMEX,8082783.87,USD,OP-104734,29/12/2022,2024-07-08,557
GRUPO BIMBO,4514486.15,USD,OP-104735,"September 30, 2024","February 16, 2025",139
grupo carso,3776582.21,EUR,OP-104736,06-Sep-2016,"July 03, 2021",1761
grupo méxico,1036202.41,MXN,OP-104737,"June 20, 2022",2023-03-07,260
grupo bimbo,4863972.49,MXN,OP-104738,31-Dec-2021,N/A,N/A
grupo carso,8794275.09,MXN,OP-104739,"January 10, 2025",N/A,N/A
PEMEX,2399887.74,MXN,OP-104740,27/03/2023,N/A,N/A
TELMEX,1630513.56,EUR,OP-104741,2024-07-18,N/A,N/A
soriana,5156207.66,MXN,OP-104742,02/02/2021,2023-11-11,1012
CEMEX,3094409.93,MXN,OP-104743,03-Nov-2024,11/07/2025,369
GRUPO MÉXICO,232443.01,MXN,OP-104744,"July 11, 2019",N/A,N/A
cemex,5568824.68,USD,OP-104745,2024-12-01,N/A,N/A
TELMEX,7788090.7,USD,OP-104746,25/09/2022,N/A,N/A
PEMEX,6482861.57,USD,OP-104747,01/04/2022,N/A,N/A
femsa,5492367.48,MXN,OP-104748,13/04/2019,N/A,N/A
femsa,1797228.98,USD,OP-104749,2016-01-20,N/A,N/A
PEMEX,1820773.63,MXN,OP-104750,2018-10-06,N/A,N/A
FEMSA,7363859.05,EUR,OP-104751,"February 27, 2019",2023-10-31,1707
telmex,5549998.47,EUR,OP-104752,"February 06, 2023",2025-02-20,745
AMÉRICA MÓVIL,6217074.19,EUR,OP-104753,"March 30, 2025",N/A,N/A
banorte,4066979.64,EUR,OP-104754,24/10/2017,"September 19, 2023",2156
WALMART DE MÉXICO,6438227.79,EUR,OP-104755,"February 07, 2025",N/A,N/A
ALSEA,7185799.1,USD,OP-104756,"September 16, 2020",2023-12-07,1177
GRUPO BIMBO,2474306.27,EUR,OP-104757,15/11/2016,21/03/2018,491
LIVERPOOL,4206420.85,USD,OP-104758,2020-06-29,"September 11, 2024",1535
FEMSA,110367.28,EUR,OP-104759,10/02/2025,N/A,N/A
LIVERPOOL,5230308.41,USD,OP-104760,2017-08-16,N/A,N/A
AMÉRICA MÓVIL,2261955.61,USD,OP-104761,20-Aug-2020,2022-12-20,852
GRUPO LALA,1052840.32,EUR,OP-104762,"January 24, 2020",06/09/2021,502
alsea,4574719.42,EUR,OP-104763,"October 09, 2024",N/A,N/A
WALMART DE MÉXICO,2860539.98,MXN,OP-104764,20/05/2018,2018-11-17,181
LIVERPOOL,8993265.32,MXN,OP-104765,30/10/2017,N/A,N/A
cemex,6518442.86,MXN,OP-104766,"January 13, 2022",N/A,N/A
BBVA MÉXICO,4198000.97,EUR,OP-104767,25/09/2020,N/A,N/A
LIVERPOOL,1959382.47,MXN,OP-104768,28/12/2015,"March 05, 2018",798
liverpool,2468429.04,MXN,OP-104769,09/01/2021,N/A,N/A
GRUPO MÉXICO,1419250.66,EUR,OP-104770,10-Nov-2021,2025-03-09,1215
GRUPO BIMBO,7905861.6,EUR,OP-104771,27-May-2023,"June 11, 2023",15
PEMEX,1826079.59,EUR,OP-104772,2021-05-22,N/A,N/A
soriana,702587.79,EUR,OP-104773,19/09/2024,N/A,N/A
grupo carso,6345010.51,MXN,OP-104774,"January 31, 2024",N/A,N/A
GRUPO MÉXICO,7446867.91,MXN,OP-104775,08-Dec-2020,N/A,N/A
AMÉRICA MÓVIL,6966920.27,EUR,OP-104776,26/01/2019,N/A,N/A
AMÉRICA MÓVIL,5463992.66,USD,OP-104777,29/10/2016,24-Sep-2020,1426
banorte,9236826.16,EUR,OP-104778,12-Sep-2018,26/10/2020,775
FEMSA,4991303.83,USD,OP-104779,09/08/2020,2024-10-24,1507
PEMEX,7172745.9,USD,OP-104780,2022-02-02,N/A,N/A
grupo carso,2817611.49,USD,OP-104781,22-Feb-2024,N/A,N/A
alsea,6889091.08,USD,OP-104782,15/02/2023,N/A,N/A
liverpool,1505207.9,EUR,OP-104783,10/04/2018,N/A,N/A
SORIANA,4342664.45,MXN,OP-104784,03/05/2021,2024-03-29,1120
soriana,4640177.5,EUR,OP-104785,2017-03-15,09-Sep-2020,1274
CEMEX,5433378.78,USD,OP-104786,24/08/2017,N/A,N/A
grupo méxico,3850096.61,EUR,OP-104787,08/10/2018,2025-06-14,2500
LIVERPOOL,3951692.11,MXN,OP-104788,19-Jan-2019,22-Jul-2019,184
CEMEX,9558539.92,MXN,OP-104789,2019-04-20,"July 12, 2020",449
BANORTE,6668345.07,USD,OP-104790,"July 22, 2022",N/A,N/A
alsea,4556082.46,USD,OP-104791,2023-06-08,2023-08-07,60
GRUPO BIMBO,4593345.05,USD,OP-104792,08/02/2023,N/A,N/A
femsa,3990312.68,EUR,OP-104793,13/06/2017,"July 14, 2024",2588
grupo bimbo,1948660.82,USD,OP-104794,"December 19, 2018","August 31, 2024",2082
liverpool,250244.77,USD,OP-104795,"June 20, 2021",N/A,N/A
soriana,8754420.95,MXN,OP-104796,22-Jul-2017,"October 08, 2020",1174
GRUPO LALA,6662377.28,EUR,OP-104797,2017-08-06,2023-09-17,2233
CEMEX,1407432.93,USD,OP-104798,26-Jul-2021,N/A,N/A
américa móvil,7692063.97,USD,OP-104799,"June 16, 2016",16/08/2017,426
TELMEX,2613645.62,EUR,OP-104800,2024-12-28,N/A,N/A
GRUPO BIMBO,9003941.95,USD,OP-104801,"May 10, 2019",N/A,N/A
BANORTE,6790618.2,EUR,OP-104802,2018-08-30,N/A,N/A
GRUPO MÉXICO,7626855.26,USD,OP-104803,06/12/2023,"February 21, 2025",620
BANORTE,7730688.99,MXN,OP-104804,01/05/2022,19-Feb-2024,775
grupo carso,7173508.45,MXN,OP-104805,"December 06, 2018",N/A,N/A
bbva méxico,8090560.03,EUR,OP-104806,"August 24, 2023",N/A,N/A
banorte,1581287.57,EUR,OP-104807,04-Feb-2017,N/A,N/A
américa móvil,1094259.79,MXN,OP-104808,09/06/2019,N/A,N/A
grupo méxico,2455973.14,EUR,OP-104809,13/07/2021,N/A,N/A
FEMSA,8291543.56,EUR,OP-104810,29-Apr-2023,"August 24, 2023",117
walmart de méxico,5158402.8,USD,OP-104811,09/05/2020,N/A,N/A
liverpool,7847807.0,USD,OP-104812,2024-06-05,N/A,N/A
bbva méxico,8227806.67,USD,OP-104813,"August 22, 2021",N/A,N/A
BANORTE,1769640.66,EUR,OP-104814,14/05/2023,03-Sep-2023,112
AMÉRICA MÓVIL,8613361.63,EUR,OP-104815,2022-06-10,N/A,N/A
grupo lala,3396574.06,EUR,OP-104816,12/04/2016,13-Jun-2020,1287
ALSEA,3290656.69,USD,OP-104817,20-Feb-2019,"June 02, 2020",468
liverpool,319351.18,EUR,OP-104818,2025-08-03,N/A,N/A
FEMSA,3948535.32,MXN,OP-104819,2019-10-05,2020-05-30,238
grupo méxico,7897612.93,EUR,OP-104820,04-Jun-2024,N/A,N/A
GRUPO BIMBO,6143660.01,EUR,OP-104821,2018-07-31,N/A,N/A
SORIANA,2727461.56,USD,OP-104822,23-Aug-2018,N/A,N/A
américa móvil,5423914.58,MXN,OP-104823,17-Nov-2017,2020-05-23,918
grupo carso,9628007.9,EUR,OP-104824,17-Feb-2016,N/A,N/A
alsea,2057086.18,USD,OP-104825,08-Jan-2018,12/08/2022,1795
LIVERPOOL,5318938.14,EUR,OP-104826,08/01/2019,N/A,N/A
grupo carso,1121737.15,EUR,OP-104827,2019-01-10,N/A,N/A
GRUPO LALA,8821231.82,EUR,OP-104828,"August 01, 2023",N/A,N/A
FEMSA,7123091.49,EUR,OP-104829,"October 05, 2019",14-May-2023,1317
liverpool,3895267.36,EUR,OP-104830,30-Dec-2016,"April 13, 2022",1930
cemex,380350.26,EUR,OP-104831,"May 04, 2022",N/A,N/A
TELMEX,1550136.96,USD,OP-104832,"August 22, 2016","August 22, 2022",2191
GRUPO LALA,987461.49,USD,OP-104833,2017-04-17,"June 04, 2024",2605
walmart de méxico,230207.78,MXN,OP-104834,22-Apr-2018,N/A,N/A
grupo carso,7032911.56,EUR,OP-104835,"January 15, 2024",N/A,N/A
telmex,4306314.0,USD,OP-104836,29-May-2024,N/A,N/A
telmex,1060174.02,MXN,OP-104837,2024-01-06,N/A,N/A
BANORTE,4915340.38,USD,OP-104838,2019-05-02,19/11/2019,201
américa móvil,7636181.49,EUR,OP-104839,"April 28, 2024",N/A,N/A
GRUPO CARSO,274278.11,USD,OP-104840,21/06/2016,25/12/2016,187
cemex,4668975.46,MXN,OP-104841,"October 24, 2024",N/A,N/A
FEMSA,8059490.92,USD,OP-104842,02/04/2023,N/A,N/A
ALSEA,2044068.85,USD,OP-104843,10-Apr-2021,11-Dec-2024,1341
walmart de méxico,1171445.04,USD,OP-104844,2023-08-26,N/A,N/A
banorte,1798727.32,USD,OP-104845,2025-06-09,N/A,N/A
WALMART DE MÉXICO,8588545.28,MXN,OP-104846,"January 10, 2023",N/A,N/A
grupo méxico,9978566.22,EUR,OP-104847,20/05/2016,2018-04-18,698
BANORTE,6940639.74,USD,OP-104848,24-Sep-2023,N/A,N/A
ALSEA,3227329.01,USD,OP-104849,"July 13, 2025",N/A,N/A
WALMART DE MÉXICO,5313811.06,MXN,OP-104850,27-Jun-2017,N/A,N/A
bbva méxico,4585404.38,EUR,OP-104851,"January 13, 2025","March 30, 2025",76
GRUPO CARSO,2863840.45,MXN,OP-104852,"July 31, 2022",N/A,N/A
GRUPO MÉXICO,1321933.26,EUR,OP-104853,27/05/2019,06/07/2023,1472
GRUPO LALA,6125781.75,EUR,OP-104854,2016-10-13,2025-07-28,3210
telmex,8465226.7,USD,OP-104855,"September 14, 2019",26-Mar-2023,1289
GRUPO MÉXICO,5616919.5,EUR,OP-104856,"May 26, 2017",22/01/2020,971
walmart de méxico,5690955.74,EUR,OP-104857,2015-09-01,09-Jan-2025,3418
FEMSA,2878783.43,USD,OP-104858,2021-03-01,N/A,N/A
ALSEA,5013517.79,MXN,OP-104859,17-Apr-2023,N/A,N/A
cemex,2511980.38,EUR,OP-104860,30/08/2018,27-Sep-2018,28
alsea,863867.98,USD,OP-104861,"April 13, 2019","April 24, 2022",1107
alsea,6147351.68,USD,OP-104862,2020-02-15,N/A,N/A
cemex,5637043.58,MXN,OP-104863,13/04/2025,N/A,N/A
soriana,4141236.68,EUR,OP-104864,"April 16, 2023",N/A,N/A
walmart de méxico,2570070.02,EUR,OP-104865,22-Apr-2021,N/A,N/A
AMÉRICA MÓVIL,7085743.28,EUR,OP-104866,18/07/2021,N/A,N/A
SORIANA,483665.39,USD,OP-104867,2017-04-19,N/A,N/A
GRUPO LALA,6447799.01,MXN,OP-104868,2019-08-18,"April 20, 2022",976
TELMEX,8599790.5,USD,OP-104869,"May 22, 2017",03/03/2019,650
grupo bimbo,3210347.07,MXN,OP-104870,"October 26, 2023",N/A,N/A
américa móvil,9872935.09,EUR,OP-104871,2019-10-18,N/A,N/A
telmex,5595461.33,EUR,OP-104872,2018-12-27,N/A,N/A
AMÉRICA MÓVIL,2258800.65,USD,OP-104873,27-Apr-2021,N/A,N/A
pemex,658892.83,EUR,OP-104874,2018-06-28,N/A,N/A
FEMSA,4870697.96,USD,OP-104875,24-Sep-2015,23-Oct-2024,3317
bbva méxico,2845487.59,MXN,OP-104876,19/09/2021,17/06/2022,271
soriana,6715029.97,EUR,OP-104877,17-May-2025,N/A,N/A
femsa,1868357.45,USD,OP-104878,24/10/2016,N/A,N/A
grupo méxico,969508.76,USD,OP-104879,04/02/2017,2018-06-01,425
GRUPO BIMBO,9065782.95,MXN,OP-104880,29-Aug-2019,N/A,N/A
grupo carso,5658620.29,MXN,OP-104881,28-Jul-2025,N/A,N/A
pemex,2329280.52,USD,OP-104882,"January 01, 2025",N/A,N/A
liverpool,2829122.84,MXN,OP-104883,"July 08, 2025",N/A,N/A
BANORTE,4688473.39,USD,OP-104884,"July 04, 2020",N/A,N/A
TELMEX,8880598.66,MXN,OP-104885,"April 25, 2019",14-Mar-2022,1054
BANORTE,4984291.15,MXN,OP-104886,28/01/2018,17-Jun-2019,505
TELMEX,7889469.68,EUR,OP-104887,11/06/2016,N/A,N/A
grupo méxico,6274950.0,EUR,OP-104888,01/02/2019,N/A,N/A
walmart de méxico,6230447.95,EUR,OP-104889,2025-05-29,N/A,N/A
CEMEX,1762390.95,EUR,OP-104890,25-Aug-2023,N/A,N/A
TELMEX,4298328.65,MXN,OP-104891,2020-10-11,N/A,N/A
GRUPO BIMBO,9622589.79,USD,OP-104892,10-Feb-2019,28/04/2025,2269
TELMEX,1264194.6,USD,OP-104893,2019-07-08,N/A,N/A
femsa,2025824.17,USD,OP-104894,12/12/2017,18-Jun-2025,2745
soriana,9132946.25,USD,OP-104895,14-Jul-2016,N/A,N/A
LIVERPOOL,751427.15,MXN,OP-104896,24-Jan-2024,N/A,N/A
GRUPO LALA,3179003.17,MXN,OP-104897,01-Jul-2017,N/A,N/A
bbva méxico,4454171.29,EUR,OP-104898,01-Jan-2025,N/A,N/A
BBVA MÉXICO,1308223.98,USD,OP-104899,17-Apr-2024,N/A,N/A
FEMSA,6257067.97,EUR,OP-104900,20/05/2016,2023-07-28,2625
soriana,6906244.47,MXN,OP-104901,2019-05-11,N/A,N/A
SORIANA,3346854.79,EUR,OP-104902,"June 20, 2016",2021-10-24,1952
ALSEA,6470913.89,EUR,OP-104903,"July 01, 2025",N/A,N/A
américa móvil,5798972.03,MXN,OP-104904,2025-03-26,N/A,N/A
cemex,9651496.61,USD,OP-104905,2020-04-01,2024-03-18,1447
grupo méxico,6811553.27,USD,OP-104906,"September 16, 2016","August 29, 2023",2538
grupo lala,8769022.77,USD,OP-104907,09-Jun-2024,N/A,N/A
liverpool,1218973.72,USD,OP-104908,2016-02-10,18-Jan-2023,2534
GRUPO MÉXICO,356101.48,MXN,OP-104909,"May 08, 2024",N/A,N/A
FEMSA,4343136.84,USD,OP-104910,2025-02-15,N/A,N/A
alsea,9268033.11,MXN,OP-104911,"April 21, 2022",N/A,N/A
WALMART DE MÉXICO,2695486.54,MXN,OP-104912,"March 20, 2016",31-Oct-2018,955
grupo bimbo,8427778.98,USD,OP-104913,19/12/2022,N/A,N/A
liverpool,3450499.29,USD,OP-104914,2022-11-18,N/A,N/A
américa móvil,9407796.62,MXN,OP-104915,19-Nov-2019,2019-12-27,38
grupo bimbo,372069.23,MXN,OP-104916,"August 10, 2023",N/A,N/A
BBVA MÉXICO,4033778.41,USD,OP-104917,2020-06-29,N/A,N/A
walmart de méxico,4552427.56,EUR,OP-104918,"July 08, 2018",21/03/2021,987
femsa,7297856.87,MXN,OP-104919,10-Mar-2022,N/A,N/A
CEMEX,6361035.94,MXN,OP-104920,"November 06, 2023",N/A,N/A
AMÉRICA MÓVIL,6201223.46,USD,OP-104921,24-Apr-2020,N/A,N/A
LIVERPOOL,3066436.25,EUR,OP-104922,2016-08-11,"August 04, 2020",1454
PEMEX,7420209.31,EUR,OP-104923,2018-10-04,N/A,N/A
AMÉRICA MÓVIL,2939269.44,MXN,OP-104924,04-Jan-2018,11-May-2025,2684
GRUPO MÉXICO,117662.04,EUR,OP-104925,2016-12-20,03/11/2021,1542
CEMEX,5350757.61,EUR,OP-104926,05/09/2018,09-Aug-2018,92
BBVA MÉXICO,8226976.81,MXN,OP-104927,2019-02-23,31-Jan-2020,342
WALMART DE MÉXICO,3592224.61,USD,OP-104928,2018-04-01,N/A,N/A
soriana,9972599.97,MXN,OP-104929,27-Apr-2016,15/11/2022,2393
grupo carso,6578959.86,MXN,OP-104930,"June 19, 2020",28-Jun-2022,739
américa móvil,252077.15,EUR,OP-104931,10/11/2017,2023-03-20,1986
américa móvil,5774228.27,USD,OP-104932,2022-03-14,26-Feb-2023,349
grupo lala,3990654.28,EUR,OP-104933,"May 16, 2017",10-Sep-2021,1578
AMÉRICA MÓVIL,6763937.87,EUR,OP-104934,07/11/2023,N/A,N/A
pemex,9855915.19,EUR,OP-104935,25/01/2021,N/A,N/A
pemex,1425714.11,MXN,OP-104936,15/06/2022,N/A,N/A
TELMEX,1291972.24,EUR,OP-104937,"September 30, 2020",2025-01-26,1579
banorte,217229.89,EUR,OP-104938,2020-03-12,17/06/2022,827
grupo carso,2099834.63,USD,OP-104939,2021-07-31,N/A,N/A
grupo méxico,3262313.51,EUR,OP-104940,08/06/2016,2016-09-12,37
grupo lala,7754162.55,USD,OP-104941,23/02/2020,N/A,N/A
GRUPO BIMBO,479521.84,USD,OP-104942,05-Oct-2024,N/A,N/A
alsea,8762106.93,MXN,OP-104943,"September 30, 2017",16/06/2022,1720
TELMEX,1110583.73,MXN,OP-104944,18-May-2016,30-Sep-2021,1961
pemex,4709690.16,EUR,OP-104945,2022-09-19,2024-11-24,797
liverpool,9707427.02,MXN,OP-104946,2024-02-24,19-Jul-2024,146
grupo carso,3153086.82,USD,OP-104947,"June 26, 2019",N/A,N/A
LIVERPOOL,7118686.88,USD,OP-104948,24/10/2022,25/06/2024,610
alsea,2614965.8,USD,OP-104949,2025-05-31,N/A,N/A
WALMART DE MÉXICO,4657248.45,USD,OP-104950,2023-04-15,N/A,N/A
pemex,8221172.29,EUR,OP-104951,"August 13, 2019",N/A,N/A
GRUPO LALA,4749603.12,USD,OP-104952,"August 30, 2024",N/A,N/A
GRUPO LALA,6710018.74,MXN,OP-104953,2022-04-10,N/A,N/A
walmart de méxico,3418307.6,EUR,OP-104954,04/07/2025,N/A,N/A
LIVERPOOL,9378564.53,USD,OP-104955,"May 30, 2022",N/A,N/A
cemex,1047972.81,MXN,OP-104956,21-Feb-2021,N/A,N/A
grupo bimbo,3667166.4,EUR,OP-104957,2024-12-17,N/A,N/A
GRUPO LALA,5140421.5,USD,OP-104958,2023-12-02,N/A,N/A
CEMEX,9372254.62,EUR,OP-104959,23/10/2024,"August 23, 2025",304
grupo carso,271684.36,EUR,OP-104960,2021-08-19,14/02/2025,1275
bbva méxico,8200089.93,USD,OP-104961,14/10/2017,2020-04-05,904
grupo méxico,7831591.27,MXN,OP-104962,2017-06-29,27-Aug-2021,1520
pemex,4313744.26,MXN,OP-104963,24/04/2024,N/A,N/A
TELMEX,7525832.23,MXN,OP-104964,04-Feb-2024,N/A,N/A
liverpool,6445626.55,EUR,OP-104965,2021-11-09,02-Oct-2024,1058
liverpool,8912694.41,USD,OP-104966,25/06/2016,N/A,N/A
grupo méxico,3762972.64,USD,OP-104967,23-Dec-2022,N/A,N/A
telmex,7651484.71,EUR,OP-104968,2019-01-29,"March 10, 2025",2232
LIVERPOOL,4713473.51,MXN,OP-104969,"November 04, 2023",N/A,N/A
telmex,1490076.55,EUR,OP-104970,24-Feb-2016,N/A,N/A
grupo méxico,9907360.06,EUR,OP-104971,2015-10-17,N/A,N/A
WALMART DE MÉXICO,9428309.25,MXN,OP-104972,02/12/2018,2022-02-07,1456
GRUPO BIMBO,1182100.33,MXN,OP-104973,2020-03-14,N/A,N/A
grupo carso,4733031.7,USD,OP-104974,17-Jun-2018,15-Jul-2019,393
cemex,3680622.08,EUR,OP-104975,2018-11-21,N/A,N/A
BBVA MÉXICO,513820.48,MXN,OP-104976,04-May-2016,28-Dec-2017,603
WALMART DE MÉXICO,1045993.34,USD,OP-104977,"February 02, 2019","April 08, 2025",2257
walmart de méxico,5889961.9,USD,OP-104978,15/10/2017,N/A,N/A
grupo carso,1995228.29,USD,OP-104979,2016-08-26,18-Apr-2021,1696
femsa,8574653.13,USD,OP-104980,11/12/2023,N/A,N/A
FEMSA,4311039.97,MXN,OP-104981,15-Aug-2024,N/A,N/A
TELMEX,1400658.24,EUR,OP-104982,2022-01-13,N/A,N/A
grupo lala,1174004.45,USD,OP-104983,"January 19, 2017",19/04/2022,1916
grupo méxico,4328125.45,EUR,OP-104984,2019-01-04,N/A,N/A
FEMSA,624463.43,EUR,OP-104985,2018-08-20,20/08/2025,2557
LIVERPOOL,8309038.2,USD,OP-104986,21/04/2023,N/A,N/A
AMÉRICA MÓVIL,409033.04,MXN,OP-104987,2018-08-02,N/A,N/A
TELMEX,7914383.55,MXN,OP-104988,07/03/2020,N/A,N/A
américa móvil,950856.11,EUR,OP-104989,"April 05, 2020",N/A,N/A
AMÉRICA MÓVIL,8987086.69,MXN,OP-104990,27-May-2019,N/A,N/A
grupo méxico,3756934.4,USD,OP-104991,2022-02-21,28/05/2022,96
grupo bimbo,3452385.71,USD,OP-104992,23-May-2023,N/A,N/A
SORIANA,4256132.16,USD,OP-104993,2017-07-20,03/11/2024,2426
GRUPO BIMBO,3347277.31,MXN,OP-104994,2018-05-19,2019-10-04,503
telmex,9819834.9,MXN,OP-104995,2023-09-05,N/A,N/A
TELMEX,8335181.47,USD,OP-104996,13/12/2019,N/A,N/A
BANORTE,469141.22,USD,OP-104997,31/12/2016,04/09/2021,1560
américa móvil,9625498.19,USD,OP-104998,20-May-2022,N/A,N/A
AMÉRICA MÓVIL,7242815.03,USD,OP-104999,18-Dec-2020,06-Apr-2023,839
BBVA MÉXICO,2111833.26,EUR,OP-105000,23/07/2025,N/A,N/A
LIVERPOOL,3986035.12,EUR,OP-105001,"January 20, 2023",03/11/2024,416
WALMART DE MÉXICO,2420827.41,USD,OP-105002,2016-03-18,2021-03-10,1818
américa móvil,8147618.76,EUR,OP-105003,2024-07-15,"August 24, 2025",405
américa móvil,4958388.4,EUR,OP-105004,02/05/2024,N/A,N/A
AMÉRICA MÓVIL,3053019.38,MXN,OP-105005,"February 22, 2020",N/A,N/A
FEMSA,2091043.65,MXN,OP-105006,18/06/2020,24/03/2023,1009
walmart de méxico,9396733.59,EUR,OP-105007,"October 08, 2023",N/A,N/A
liverpool,4962321.46,MXN,OP-105008,09/11/2021,17/12/2021,97
femsa,3825867.34,MXN,OP-105009,"March 28, 2021",N/A,N/A
WALMART DE MÉXICO,7198347.33,EUR,OP-105010,2020-09-01,N/A,N/A
soriana,880658.97,MXN,OP-105011,"July 27, 2025",N/A,N/A
GRUPO CARSO,4828178.5,EUR,OP-105012,24/06/2025,N/A,N/A
BANORTE,8323010.37,EUR,OP-105013,30/12/2019,22-Nov-2021,693
banorte,551160.5,USD,OP-105014,24-Jan-2025,N/A,N/A
femsa,8041150.98,EUR,OP-105015,05/07/2024,N/A,N/A
grupo méxico,9810096.12,EUR,OP-105016,28/07/2017,24/11/2018,484
AMÉRICA MÓVIL,6094722.76,MXN,OP-105017,04/01/2021,09-Oct-2023,921
grupo lala,2595276.72,USD,OP-105018,2021-11-13,"March 25, 2023",497
walmart de méxico,8303525.19,EUR,OP-105019,03/12/2015,N/A,N/A
alsea,857622.3,MXN,OP-105020,2017-03-03,31-Mar-2023,2219
bbva méxico,4324613.15,EUR,OP-105021,"June 29, 2018",N/A,N/A
CEMEX,3975228.4,MXN,OP-105022,"June 15, 2022",N/A,N/A
PEMEX,8306167.54,MXN,OP-105023,28/08/2022,N/A,N/A
grupo lala,2194086.24,EUR,OP-105024,2023-09-15,2024-07-20,309
bbva méxico,4802382.59,EUR,OP-105025,22/10/2015,N/A,N/A
FEMSA,7183293.71,USD,OP-105026,2019-07-28,2022-06-05,1043
pemex,8940402.25,EUR,OP-105027,20-Jul-2023,N/A,N/A
SORIANA,3732871.35,EUR,OP-105028,2020-11-18,N/A,N/A
CEMEX,6088179.71,EUR,OP-105029,"March 15, 2018",N/A,N/A
walmart de méxico,6244120.6,USD,OP-105030,24/12/2021,N/A,N/A
cemex,6649104.94,EUR,OP-105031,22/09/2019,2025-07-10,2118
grupo bimbo,5909004.01,MXN,OP-105032,11/01/2016,2022-06-24,2061
pemex,1022792.28,USD,OP-105033,06-Mar-2024,N/A,N/A
GRUPO BIMBO,2797225.47,MXN,OP-105034,07/10/2022,N/A,N/A
américa móvil,5788452.42,EUR,OP-105035,2022-06-14,N/A,N/A
FEMSA,1748220.03,EUR,OP-105036,2024-01-15,N/A,N/A
alsea,3582070.55,EUR,OP-105037,28-Jan-2020,2022-09-26,972
SORIANA,6269503.59,USD,OP-105038,01/01/2018,N/A,N/A
BBVA MÉXICO,2982743.82,USD,OP-105039,2015-09-29,15/03/2018,898
AMÉRICA MÓVIL,4320514.19,MXN,OP-105040,31/01/2018,"August 13, 2023",2020
telmex,5079666.11,EUR,OP-105041,24/02/2022,N/A,N/A
PEMEX,3029467.17,USD,OP-105042,14-Mar-2023,2024-07-31,505
pemex,3199528.23,EUR,OP-105043,30/05/2021,08-Jun-2022,374
GRUPO BIMBO,6417040.23,MXN,OP-105044,11/04/2025,N/A,N/A
SORIANA,1111864.85,USD,OP-105045,18-Oct-2023,N/A,N/A
alsea,8525873.26,MXN,OP-105046,"July 26, 2016",11-Jul-2018,715
WALMART DE MÉXICO,6722487.05,MXN,OP-105047,"January 02, 2023",N/A,N/A
walmart de méxico,6049300.5,USD,OP-105048,14-Mar-2025,N/A,N/A
BBVA MÉXICO,5358650.39,MXN,OP-105049,06-Aug-2022,N/A,N/A
cemex,5481554.57,USD,OP-105050,14-Dec-2019,N/A,N/A
AMÉRICA MÓVIL,4262461.47,MXN,OP-105051,2017-12-30,N/A,N/A
BANORTE,4370831.95,EUR,OP-105052,2020-12-16,N/A,N/A
femsa,7851337.06,USD,OP-105053,2021-06-13,"July 25, 2023",772
GRUPO BIMBO,8975213.12,EUR,OP-105054,"February 23, 2023",N/A,N/A
alsea,5409451.65,MXN,OP-105055,"June 24, 2022",N/A,N/A
grupo carso,9004884.22,USD,OP-105056,2025-04-18,N/A,N/A
grupo lala,570620.97,EUR,OP-105057,06-Oct-2017,N/A,N/A
BBVA MÉXICO,6620362.01,MXN,OP-105058,"March 16, 2017",N/A,N/A
GRUPO LALA,8061284.95,EUR,OP-105059,2016-04-03,N/A,N/A
cemex,9576523.31,USD,OP-105060,23/03/2020,N/A,N/A
GRUPO LALA,7528819.36,USD,OP-105061,19/04/2025,N/A,N/A
pemex,2257318.11,MXN,OP-105062,"February 27, 2021",N/A,N/A
américa móvil,1505347.13,USD,OP-105063,"August 29, 2016",N/A,N/A
BBVA MÉXICO,1291602.62,MXN,OP-105064,28-Jan-2024,N/A,N/A
PEMEX,2175807.93,USD,OP-105065,2019-12-12,N/A,N/A
alsea,605289.55,USD,OP-105066,2023-08-07,N/A,N/A
PEMEX,2662923.84,EUR,OP-105067,2019-11-23,N/A,N/A
TELMEX,9732364.78,EUR,OP-105068,22-Feb-2024,N/A,N/A
bbva méxico,3429098.36,MXN,OP-105069,15/08/2018,14/03/2019,211
grupo méxico,2735633.91,EUR,OP-105070,"April 10, 2025",N/A,N/A
bbva méxico,9020840.8,USD,OP-105071,16/01/2022,2023-11-04,657
grupo méxico,2235448.24,MXN,OP-105072,19/02/2020,2023-12-04,1384
pemex,8625306.31,USD,OP-105073,10/04/2021,17-Oct-2021,13
walmart de méxico,1873313.59,MXN,OP-105074,2018-11-05,N/A,N/A
cemex,9003455.37,EUR,OP-105075,2024-07-03,N/A,N/A
liverpool,6459962.27,EUR,OP-105076,"July 10, 2021",N/A,N/A
grupo bimbo,5254218.03,USD,OP-105077,10-Mar-2023,N/A,N/A
pemex,3042826.49,EUR,OP-105078,"November 21, 2022",N/A,N/A
BANORTE,3611760.77,MXN,OP-105079,15/04/2019,N/A,N/A
grupo méxico,1802812.56,MXN,OP-105080,15-Aug-2020,"March 30, 2024",1323
alsea,5339031.64,USD,OP-105081,"November 08, 2018","September 15, 2021",1042
AMÉRICA MÓVIL,1296301.98,MXN,OP-105082,2024-07-27,N/A,N/A
walmart de méxico,3745493.36,EUR,OP-105083,16/09/2019,N/A,N/A
walmart de méxico,1105966.24,EUR,OP-105084,10/09/2018,N/A,N/A
TELMEX,7837556.06,EUR,OP-105085,22-Mar-2020,N/A,N/A
GRUPO CARSO,8984615.45,EUR,OP-105086,31-Jan-2022,N/A,N/A
GRUPO MÉXICO,776965.46,USD,OP-105087,2017-08-04,"November 08, 2023",2287
telmex,4098028.5,EUR,OP-105088,20/01/2022,2023-03-20,424
grupo carso,5197763.17,USD,OP-105089,08-Aug-2017,2023-09-04,2218
cemex,5909631.69,MXN,OP-105090,26/03/2020,N/A,N/A
grupo lala,616039.23,MXN,OP-105091,24-Jan-2016,N/A,N/A
CEMEX,5549894.31,USD,OP-105092,"September 07, 2019",N/A,N/A
GRUPO LALA,4945982.82,MXN,OP-105093,29-Oct-2020,"July 03, 2021",247
GRUPO CARSO,1029472.04,USD,OP-105094,"April 30, 2021",N/A,N/A
cemex,1953518.66,USD,OP-105095,2022-04-26,N/A,N/A
BANORTE,9962242.39,EUR,OP-105096,12/11/2016,28-Jan-2017,48
AMÉRICA MÓVIL,2005164.4,USD,OP-105097,02-Sep-2016,2024-07-08,2866
PEMEX,6700576.13,MXN,OP-105098,09-Oct-2023,N/A,N/A
grupo lala,3597663.24,EUR,OP-105099,2025-05-18,N/A,N/A
grupo méxico,5185952.2,MXN,OP-105100,2020-05-27,N/A,N/A
banorte,5231039.95,USD,OP-105101,"November 30, 2015",21-Jun-2018,934
AMÉRICA MÓVIL,2948482.83,MXN,OP-105102,17/07/2024,N/A,N/A
GRUPO MÉXICO,4630640.39,EUR,OP-105103,13/02/2018,06-Jul-2023,1969
CEMEX,126766.16,MXN,OP-105104,"August 07, 2016","January 03, 2021",1610
GRUPO LALA,4150871.18,MXN,OP-105105,2023-05-01,N/A,N/A
liverpool,7123439.45,EUR,OP-105106,03-Dec-2017,N/A,N/A
SORIANA,7046409.99,USD,OP-105107,"March 19, 2016",11/05/2020,1692
pemex,1883354.64,USD,OP-105108,"November 19, 2017",2021-05-13,1271
SORIANA,4851506.49,EUR,OP-105109,08/07/2022,N/A,N/A
BANORTE,3016429.69,MXN,OP-105110,2017-01-25,2017-10-04,252
GRUPO CARSO,5324743.21,USD,OP-105111,"October 07, 2015",N/A,N/A
PEMEX,1416349.08,EUR,OP-105112,"May 12, 2023",17/04/2024,341
PEMEX,5736070.59,MXN,OP-105113,27-Jan-2020,N/A,N/A
grupo lala,6338212.11,MXN,OP-105114,2021-10-16,N/A,N/A
WALMART DE MÉXICO,3753773.84,USD,OP-105115,2022-11-09,N/A,N/A
GRUPO BIMBO,2593688.03,MXN,OP-105116,02-Nov-2016,2018-02-26,481
alsea,2902898.5,USD,OP-105117,19/12/2016,N/A,N/A
GRUPO LALA,1495956.29,USD,OP-105118,2024-10-13,01/06/2025,85
WALMART DE MÉXICO,1120946.46,USD,OP-105119,2016-09-06,16/05/2022,2078
grupo bimbo,285122.37,MXN,OP-105120,2018-03-10,29/07/2019,506
FEMSA,8514204.48,USD,OP-105121,26/02/2023,N/A,N/A
pemex,2758253.86,USD,OP-105122,09-Jun-2022,N/A,N/A
PEMEX,2708086.65,MXN,OP-105123,02/10/2017,N/A,N/A
ALSEA,5095299.54,MXN,OP-105124,"May 14, 2025",N/A,N/A
GRUPO BIMBO,6274872.99,USD,OP-105125,2022-07-15,N/A,N/A
soriana,5342213.24,MXN,OP-105126,"August 05, 2019","July 06, 2020",336
walmart de méxico,9561925.74,EUR,OP-105127,"August 08, 2023",N/A,N/A
FEMSA,7934697.46,EUR,OP-105128,2024-11-02,N/A,N/A
LIVERPOOL,2168996.66,MXN,OP-105129,2024-12-25,N/A,N/A
GRUPO MÉXICO,2708576.94,EUR,OP-105130,2016-12-23,N/A,N/A
PEMEX,4345182.09,EUR,OP-105131,"September 30, 2020",2021-07-03,276
AMÉRICA MÓVIL,7420686.01,EUR,OP-105132,"June 29, 2017",10/09/2024,2659
cemex,5811357.6,EUR,OP-105133,2017-06-18,N/A,N/A
GRUPO BIMBO,1167227.25,USD,OP-105134,02/06/2024,N/A,N/A
walmart de méxico,3314675.88,MXN,OP-105135,"April 02, 2025",N/A,N/A
banorte,7548490.21,EUR,OP-105136,"July 06, 2018","March 31, 2022",1364
américa móvil,1855830.13,MXN,OP-105137,2021-08-22,2021-08-28,6
telmex,7121102.98,MXN,OP-105138,08-May-2017,N/A,N/A
TELMEX,695199.68,USD,OP-105139,2018-06-18,N/A,N/A
pemex,3135940.84,USD,OP-105140,"May 13, 2019","December 09, 2020",576
TELMEX,4331659.53,USD,OP-105141,24-Jan-2020,N/A,N/A
grupo carso,4237619.66,EUR,OP-105142,22-Sep-2015,N/A,N/A
BBVA MÉXICO,7493692.48,MXN,OP-105143,"October 04, 2018",2024-01-20,1934
soriana,6580434.79,MXN,OP-105144,"April 11, 2022",N/A,N/A
banorte,8510374.55,EUR,OP-105145,2016-03-02,N/A,N/A
LIVERPOOL,7411121.75,USD,OP-105146,"May 12, 2021",N/A,N/A
telmex,4249461.39,USD,OP-105147,"December 20, 2023",N/A,N/A
GRUPO BIMBO,5176184.37,MXN,OP-105148,21/08/2017,N/A,N/A
WALMART DE MÉXICO,4196585.67,MXN,OP-105149,2021-11-25,02-Mar-2022,97
pemex,211649.76,USD,OP-105150,2017-06-15,10-Nov-2017,148
banorte,1859701.96,MXN,OP-105151,"October 13, 2015",N/A,N/A
GRUPO LALA,7740078.0,USD,OP-105152,2018-09-20,2023-12-25,1922
grupo carso,2055496.27,USD,OP-105153,31-Dec-2024,N/A,N/A
FEMSA,3749038.35,EUR,OP-105154,19-May-2019,N/A,N/A
ALSEA,329884.7,EUR,OP-105155,23-Nov-2019,"January 10, 2024",1509
WALMART DE MÉXICO,3444464.41,MXN,OP-105156,2016-09-03,N/A,N/A
bbva méxico,3707802.61,USD,OP-105157,2019-09-11,14/12/2021,825
grupo carso,2583376.67,MXN,OP-105158,21/10/2017,05/03/2025,2751
WALMART DE MÉXICO,6161352.4,USD,OP-105159,"March 12, 2022",N/A,N/A
PEMEX,8191487.44,EUR,OP-105160,04-Mar-2021,N/A,N/A
banorte,4503407.62,USD,OP-105161,"May 31, 2024",N/A,N/A
telmex,8970420.16,USD,OP-105162,"May 25, 2025",N/A,N/A
alsea,259118.42,EUR,OP-105163,19/11/2024,N/A,N/A
GRUPO CARSO,2473130.3,MXN,OP-105164,2021-12-29,N/A,N/A
BANORTE,6174054.1,EUR,OP-105165,"June 09, 2025",N/A,N/A
ALSEA,6176432.89,USD,OP-105166,"November 09, 2020",N/A,N/A
bbva méxico,779246.33,USD,OP-105167,12-Mar-2024,N/A,N/A
grupo bimbo,472253.33,USD,OP-105168,06-Jan-2021,N/A,N/A
bbva méxico,7448238.69,USD,OP-105169,04/01/2016,2022-06-05,2256
GRUPO BIMBO,2754698.62,USD,OP-105170,13/06/2021,N/A,N/A
ALSEA,4135918.97,EUR,OP-105171,2022-08-04,N/A,N/A
cemex,832754.68,EUR,OP-105172,"March 28, 2020",03/03/2025,1801
GRUPO CARSO,6782830.31,USD,OP-105173,24/02/2019,21/06/2020,483
bbva méxico,2778628.41,EUR,OP-105174,2023-07-09,N/A,N/A
soriana,7193464.18,USD,OP-105175,21-Nov-2017,N/A,N/A
FEMSA,6275134.17,EUR,OP-105176,"May 18, 2020",N/A,N/A
GRUPO MÉXICO,5244146.51,MXN,OP-105177,13-Nov-2016,13/03/2022,1946
CEMEX,756150.8,MXN,OP-105178,18-Sep-2018,18/01/2019,122
ALSEA,4434649.18,MXN,OP-105179,25-Oct-2019,N/A,N/A
américa móvil,6069574.06,EUR,OP-105180,22-Aug-2021,N/A,N/A
GRUPO MÉXICO,7391922.69,MXN,OP-105181,25/03/2016,2021-12-07,2083
CEMEX,8553815.68,EUR,OP-105182,26/07/2025,N/A,N/A
SORIANA,7350887.52,EUR,OP-105183,"June 05, 2020",N/A,N/A
liverpool,7345263.96,EUR,OP-105184,"March 06, 2025",N/A,N/A
GRUPO MÉXICO,6568757.72,USD,OP-105185,2023-11-04,N/A,N/A
SORIANA,8318896.85,EUR,OP-105186,06-Mar-2022,N/A,N/A
CEMEX,9538593.88,USD,OP-105187,2018-10-29,N/A,N/A
femsa,371972.49,MXN,OP-105188,"May 15, 2022",N/A,N/A
alsea,892219.53,MXN,OP-105189,02-Nov-2019,2024-07-28,1730
PEMEX,4833185.34,USD,OP-105190,"July 16, 2023",N/A,N/A
ALSEA,1874867.8,USD,OP-105191,"December 29, 2016","November 14, 2020",1416
PEMEX,9673810.64,USD,OP-105192,21/06/2017,27/12/2019,919
SORIANA,9328999.21,USD,OP-105193,"April 16, 2024",N/A,N/A
walmart de méxico,6309854.9,MXN,OP-105194,2020-05-21,N/A,N/A
femsa,9397182.85,MXN,OP-105195,24/02/2017,"July 30, 2024",2713
GRUPO LALA,8242780.86,EUR,OP-105196,"February 19, 2016","October 06, 2020",1691
telmex,1181886.02,USD,OP-105197,26-Apr-2024,N/A,N/A
GRUPO LALA,9036535.87,USD,OP-105198,2023-10-11,N/A,N/A
BBVA MÉXICO,4863144.61,MXN,OP-105199,07-Oct-2016,02/08/2019,854
GRUPO LALA,3320590.97,MXN,OP-105200,28/03/2025,N/A,N/A
grupo méxico,5374612.77,EUR,OP-105201,"May 09, 2023",N/A,N/A
CEMEX,6881327.48,EUR,OP-105202,"July 25, 2025",N/A,N/A
grupo bimbo,132947.59,USD,OP-105203,13-Feb-2023,N/A,N/A
grupo bimbo,5913434.99,EUR,OP-105204,"October 22, 2015",23/10/2021,2193
PEMEX,5056142.13,MXN,OP-105205,2016-07-04,"September 12, 2019",1165
AMÉRICA MÓVIL,946439.17,USD,OP-105206,12/12/2024,N/A,N/A
grupo carso,6045659.31,EUR,OP-105207,"April 04, 2023",2024-08-10,494
liverpool,8131107.8,USD,OP-105208,2024-05-14,N/A,N/A
bbva méxico,2765179.81,EUR,OP-105209,26/11/2022,N/A,N/A
bbva méxico,3469326.38,MXN,OP-105210,"January 17, 2016",2022-09-08,2426
CEMEX,3638619.23,EUR,OP-105211,27-May-2024,N/A,N/A
WALMART DE MÉXICO,5730266.78,EUR,OP-105212,21-Oct-2021,N/A,N/A
alsea,4024438.57,MXN,OP-105213,2019-06-28,N/A,N/A
grupo méxico,9276507.04,MXN,OP-105214,24-Jan-2019,N/A,N/A
grupo méxico,4925277.57,EUR,OP-105215,15-Jun-2016,N/A,N/A
grupo lala,2871214.56,EUR,OP-105216,"September 07, 2021",N/A,N/A
CEMEX,582004.05,USD,OP-105217,27/06/2020,N/A,N/A
GRUPO CARSO,6393943.05,USD,OP-105218,"December 04, 2018",N/A,N/A
walmart de méxico,3314584.09,USD,OP-105219,2016-12-20,2021-11-13,1789
GRUPO CARSO,7281847.81,MXN,OP-105220,18/05/2025,N/A,N/A
banorte,8879413.2,EUR,OP-105221,20-Jul-2023,N/A,N/A
banorte,3206142.11,EUR,OP-105222,26-Sep-2022,N/A,N/A
grupo méxico,1742411.19,MXN,OP-105223,10-Sep-2024,N/A,N/A
LIVERPOOL,5324764.21,EUR,OP-105224,"May 14, 2018",2020-12-12,943
pemex,162257.85,EUR,OP-105225,11/08/2016,30-May-2018,568
CEMEX,9715573.69,EUR,OP-105226,2024-07-07,19-May-2025,316
pemex,3758560.11,USD,OP-105227,"August 28, 2016","February 23, 2017",179
femsa,9133199.94,MXN,OP-105228,2024-04-23,N/A,N/A
CEMEX,790138.22,EUR,OP-105229,26-Nov-2020,N/A,N/A
AMÉRICA MÓVIL,577563.3,EUR,OP-105230,03/08/2023,N/A,N/A
TELMEX,4494941.22,MXN,OP-105231,2021-03-16,24-Feb-2023,710
liverpool,4384148.61,MXN,OP-105232,13-Aug-2018,22/05/2025,2474
soriana,947478.69,EUR,OP-105233,25-Jul-2023,N/A,N/A
ALSEA,1443279.04,MXN,OP-105234,2025-05-12,N/A,N/A
pemex,555335.8,EUR,OP-105235,17/02/2022,N/A,N/A
bbva méxico,6583463.0,MXN,OP-105236,20/10/2018,2019-03-23,154
bbva méxico,9001353.37,USD,OP-105237,27/06/2020,N/A,N/A
BANORTE,9060464.2,USD,OP-105238,10/06/2018,2019-04-11,187
pemex,8659086.71,MXN,OP-105239,24-Nov-2023,26/03/2025,488
grupo carso,8655041.37,USD,OP-105240,12/11/2017,2022-08-01,1694
LIVERPOOL,4552953.98,USD,OP-105241,"April 07, 2018",02/05/2024,2130
grupo lala,2410858.64,EUR,OP-105242,"August 10, 2025",N/A,N/A
AMÉRICA MÓVIL,4534542.4,EUR,OP-105243,"February 20, 2021",N/A,N/A
walmart de méxico,4766839.05,EUR,OP-105244,09/12/2016,N/A,N/A
bbva méxico,9988235.85,USD,OP-105245,20/10/2019,23/05/2021,581
GRUPO BIMBO,5720050.92,MXN,OP-105246,12/05/2023,N/A,N/A
pemex,7298984.12,USD,OP-105247,06-Jan-2025,N/A,N/A
grupo carso,6203862.07,MXN,OP-105248,28/05/2018,N/A,N/A
TELMEX,5988127.66,EUR,OP-105249,2021-02-24,N/A,N/A
alsea,7502807.78,USD,OP-105250,"September 24, 2022",N/A,N/A
telmex,6492866.55,EUR,OP-105251,28/11/2018,N/A,N/A
CEMEX,1371376.18,USD,OP-105252,30-Sep-2020,N/A,N/A
femsa,8466573.33,EUR,OP-105253,09/06/2023,N/A,N/A
WALMART DE MÉXICO,6405392.41,EUR,OP-105254,17-Oct-2021,16-Feb-2024,852
femsa,9136889.08,USD,OP-105255,22-Mar-2020,2024-10-23,1676
GRUPO MÉXICO,7888202.48,EUR,OP-105256,"April 22, 2016",14-Aug-2024,3036
grupo carso,4741254.64,MXN,OP-105257,06/10/2022,23/09/2022,105
SORIANA,4472653.15,USD,OP-105258,20-Feb-2019,28/02/2021,739
grupo carso,1421508.66,MXN,OP-105259,11-Sep-2024,N/A,N/A
GRUPO CARSO,311950.13,EUR,OP-105260,06/01/2016,2023-11-25,2733
alsea,9489242.63,EUR,OP-105261,2015-12-13,"July 04, 2024",3126
GRUPO MÉXICO,5936273.22,USD,OP-105262,2024-12-03,N/A,N/A
GRUPO BIMBO,1639425.88,MXN,OP-105263,16-May-2019,N/A,N/A
AMÉRICA MÓVIL,3080165.22,USD,OP-105264,2021-04-25,2025-05-07,1473
AMÉRICA MÓVIL,3620500.08,MXN,OP-105265,2019-03-19,2023-03-23,1465
alsea,2697502.84,USD,OP-105266,2018-03-28,N/A,N/A
banorte,219824.09,USD,OP-105267,"July 11, 2020",N/A,N/A
femsa,7687850.07,MXN,OP-105268,04-Jun-2023,N/A,N/A
ALSEA,4753816.98,EUR,OP-105269,25/06/2021,29/10/2021,126
AMÉRICA MÓVIL,107050.54,USD,OP-105270,2023-09-20,N/A,N/A
grupo méxico,3747603.49,EUR,OP-105271,04/04/2025,N/A,N/A
banorte,9323692.32,EUR,OP-105272,11-Aug-2019,2022-01-22,895
américa móvil,2585380.84,USD,OP-105273,"June 03, 2023",16-Aug-2025,805
GRUPO BIMBO,9392073.55,USD,OP-105274,2020-05-27,2022-08-25,820
TELMEX,1680563.33,MXN,OP-105275,20-Feb-2024,N/A,N/A
TELMEX,5733667.69,EUR,OP-105276,17-Aug-2022,N/A,N/A
grupo lala,9181601.04,USD,OP-105277,"June 06, 2018",20-Dec-2018,197
femsa,4833449.82,USD,OP-105278,"September 23, 2019",N/A,N/A
cemex,4684644.29,USD,OP-105279,2022-06-17,N/A,N/A
telmex,6808333.12,USD,OP-105280,31/08/2015,"May 14, 2020",1718
FEMSA,2896798.5,MXN,OP-105281,"April 23, 2021",N/A,N/A
GRUPO CARSO,5205563.47,MXN,OP-105282,02-Jun-2020,"September 27, 2020",117
cemex,9629022.01,MXN,OP-105283,"March 16, 2018",N/A,N/A
cemex,8704953.66,USD,OP-105284,28/12/2021,N/A,N/A
SORIANA,1899986.39,USD,OP-105285,"January 10, 2017",01/02/2023,2183
liverpool,6951266.6,MXN,OP-105286,2024-07-02,N/A,N/A
LIVERPOOL,6654138.93,MXN,OP-105287,21-Dec-2015,2018-11-02,1047
TELMEX,7434691.78,EUR,OP-105288,24/08/2023,2025-01-30,525
grupo méxico,4466969.23,MXN,OP-105289,"May 18, 2025",N/A,N/A
liverpool,1643665.1,EUR,OP-105290,2020-11-17,N/A,N/A
banorte,2550400.63,USD,OP-105291,"February 13, 2016",N/A,N/A
soriana,4963420.44,EUR,OP-105292,2019-01-17,13/03/2019,55
GRUPO CARSO,6366286.05,MXN,OP-105293,2018-04-20,2021-03-20,1065
walmart de méxico,6783602.71,MXN,OP-105294,"May 11, 2016",2024-09-09,3043
GRUPO MÉXICO,2815427.26,MXN,OP-105295,"January 27, 2018",07/11/2020,896
PEMEX,2029694.93,EUR,OP-105296,"July 31, 2021",15-Oct-2021,76
grupo carso,2837064.26,EUR,OP-105297,16/12/2017,2017-12-22,6
telmex,6627923.07,USD,OP-105298,"July 18, 2022",N/A,N/A
GRUPO LALA,8772543.1,USD,OP-105299,14-Jan-2020,N/A,N/A
FEMSA,6573899.65,MXN,OP-105300,04/07/2021,N/A,N/A
grupo lala,4837790.03,USD,OP-105301,"March 09, 2023",N/A,N/A
américa móvil,2462362.95,USD,OP-105302,22/06/2025,N/A,N/A
grupo carso,5585805.71,MXN,OP-105303,14/04/2020,01/08/2023,999
grupo carso,1911534.46,MXN,OP-105304,2017-05-05,"May 11, 2025",2928
CEMEX,1769387.82,EUR,OP-105305,2017-05-13,N/A,N/A
GRUPO MÉXICO,9377732.22,MXN,OP-105306,25-Jan-2022,N/A,N/A
CEMEX,5366064.32,USD,OP-105307,22/05/2020,"June 28, 2021",402
BBVA MÉXICO,839821.5,USD,OP-105308,28/02/2019,N/A,N/A
GRUPO CARSO,7763086.24,MXN,OP-105309,26-Feb-2022,"April 17, 2022",50
grupo lala,5066643.95,EUR,OP-105310,2019-04-03,2020-11-15,592
grupo méxico,8060984.7,USD,OP-105311,14/06/2020,N/A,N/A
cemex,9731630.97,MXN,OP-105312,17-Oct-2018,04-Dec-2019,413
grupo bimbo,5779017.11,MXN,OP-105313,02/01/2017,30-May-2018,483
GRUPO LALA,7621995.23,MXN,OP-105314,11-Jul-2017,"March 25, 2024",2449
bbva méxico,7261334.5,MXN,OP-105315,01/09/2015,01/06/2025,3650
BBVA MÉXICO,9243612.72,EUR,OP-105316,02-Mar-2024,N/A,N/A
BBVA MÉXICO,4294194.87,MXN,OP-105317,15/01/2019,2022-06-09,1241
LIVERPOOL,3803993.46,USD,OP-105318,"March 07, 2019",N/A,N/A
GRUPO BIMBO,6323803.27,EUR,OP-105319,2018-05-11,N/A,N/A
grupo méxico,3675608.39,USD,OP-105320,"April 18, 2021",N/A,N/A
LIVERPOOL,2893271.51,EUR,OP-105321,24/04/2019,04-Jun-2024,1868
telmex,3572659.03,USD,OP-105322,2016-11-23,"February 26, 2017",95
bbva méxico,378859.01,EUR,OP-105323,14/01/2019,N/A,N/A
femsa,6881753.04,MXN,OP-105324,"June 14, 2018",30/03/2025,2481
pemex,1138561.14,MXN,OP-105325,"June 29, 2021",N/A,N/A
SORIANA,5892866.48,MXN,OP-105326,24/07/2024,N/A,N/A
grupo carso,9396664.95,EUR,OP-105327,03/11/2017,N/A,N/A
GRUPO CARSO,6377540.53,MXN,OP-105328,"August 04, 2016",N/A,N/A
GRUPO MÉXICO,7233379.94,EUR,OP-105329,13-Jul-2020,N/A,N/A
GRUPO LALA,7386119.73,EUR,OP-105330,16/03/2023,N/A,N/A
BBVA MÉXICO,7385436.22,MXN,OP-105331,03/12/2015,"February 23, 2022",2540
grupo méxico,6785357.93,USD,OP-105332,"November 09, 2021",N/A,N/A
ALSEA,2914621.53,USD,OP-105333,"September 15, 2021",N/A,N/A
GRUPO MÉXICO,7053378.67,EUR,OP-105334,05-Jan-2017,N/A,N/A
bbva méxico,9241434.18,USD,OP-105335,01/05/2018,2025-05-31,2703
pemex,7301139.76,MXN,OP-105336,2024-04-14,N/A,N/A
américa móvil,5590466.4,MXN,OP-105337,"March 25, 2020",N/A,N/A
soriana,2129293.56,MXN,OP-105338,2023-10-02,N/A,N/A
BANORTE,2919723.52,EUR,OP-105339,30-Aug-2017,2020-07-07,1042
grupo carso,620817.8,USD,OP-105340,2016-05-25,2022-02-18,2095
BBVA MÉXICO,6379472.38,EUR,OP-105341,2021-03-15,2024-09-24,1289
femsa,2797709.34,USD,OP-105342,2019-07-06,"March 26, 2023",1359
femsa,501242.22,USD,OP-105343,23/10/2018,N/A,N/A
walmart de méxico,5204547.4,MXN,OP-105344,"June 01, 2020",15/11/2024,1628
BBVA MÉXICO,4246733.45,USD,OP-105345,"December 24, 2019",08/06/2023,1321
grupo lala,2433202.14,USD,OP-105346,"June 21, 2025",N/A,N/A
grupo carso,3027029.06,USD,OP-105347,24-Apr-2022,N/A,N/A
grupo bimbo,4685750.75,USD,OP-105348,"February 07, 2024",N/A,N/A
américa móvil,3922392.6,USD,OP-105349,2018-12-05,N/A,N/A
grupo carso,3780247.72,MXN,OP-105350,"October 21, 2022","September 21, 2024",701
liverpool,6550395.73,EUR,OP-105351,16-Jan-2018,N/A,N/A
grupo lala,9036531.92,USD,OP-105352,06-Aug-2016,2018-01-19,531
AMÉRICA MÓVIL,1852407.28,EUR,OP-105353,"July 18, 2021",2021-08-27,40
grupo lala,8944701.67,MXN,OP-105354,"May 01, 2018",2021-01-10,985
grupo méxico,2435512.69,MXN,OP-105355,07-Sep-2019,N/A,N/A
CEMEX,9852895.64,EUR,OP-105356,2025-02-22,N/A,N/A
BBVA MÉXICO,2633299.44,USD,OP-105357,"May 11, 2018",N/A,N/A
cemex,808452.26,EUR,OP-105358,"October 20, 2023",N/A,N/A
grupo méxico,3567243.1,EUR,OP-105359,2020-12-13,N/A,N/A
cemex,1497132.8,EUR,OP-105360,2022-11-06,2024-06-08,580
AMÉRICA MÓVIL,3850875.82,USD,OP-105361,"February 01, 2018",2021-01-19,1083
SORIANA,2919853.12,USD,OP-105362,03-Jan-2018,26-Dec-2019,722
CEMEX,6696562.59,MXN,OP-105363,"September 21, 2022",N/A,N/A
BANORTE,4687117.13,USD,OP-105364,30-Sep-2019,18/11/2021,780
GRUPO LALA,5807689.58,MXN,OP-105365,2024-05-29,N/A,N/A
bbva méxico,8751323.25,MXN,OP-105366,13/06/2017,07-Dec-2024,2734
grupo carso,5558862.24,EUR,OP-105367,"August 29, 2016",30/08/2021,1827
SORIANA,4954434.74,EUR,OP-105368,24-Jan-2023,N/A,N/A
femsa,3337402.35,MXN,OP-105369,"June 12, 2019",N/A,N/A
pemex,4917087.51,MXN,OP-105370,"April 10, 2022",N/A,N/A
CEMEX,5770642.64,EUR,OP-105371,25/07/2020,03/12/2023,960
SORIANA,2454410.27,EUR,OP-105372,11/02/2022,N/A,N/A
walmart de méxico,6685443.64,EUR,OP-105373,08/03/2018,23-Oct-2022,1542
banorte,848938.51,MXN,OP-105374,"September 29, 2015",12/01/2019,1524
bbva méxico,727584.26,MXN,OP-105375,2019-03-03,N/A,N/A
liverpool,5631589.46,MXN,OP-105376,2017-01-11,19-Aug-2021,1681
bbva méxico,1571983.03,MXN,OP-105377,23-Feb-2018,"January 24, 2022",1431
PEMEX,1724822.25,USD,OP-105378,2018-01-14,10/04/2022,1724
femsa,1991264.76,EUR,OP-105379,"December 28, 2015",N/A,N/A
américa móvil,2676975.98,EUR,OP-105380,23-Apr-2021,N/A,N/A
GRUPO BIMBO,6173204.39,EUR,OP-105381,"February 14, 2023",N/A,N/A
SORIANA,8280196.41,MXN,OP-105382,20-Aug-2020,N/A,N/A
GRUPO BIMBO,3234421.35,USD,OP-105383,11-Nov-2015,20-Oct-2018,1074
AMÉRICA MÓVIL,1685177.01,MXN,OP-105384,2019-06-12,06/09/2023,1458
pemex,266222.11,MXN,OP-105385,17/10/2017,"June 06, 2020",963
PEMEX,4485559.32,MXN,OP-105386,18-May-2017,2021-03-25,1407
cemex,1378972.1,USD,OP-105387,05-May-2021,14-May-2023,739
banorte,2993154.16,USD,OP-105388,"December 02, 2021",N/A,N/A
grupo carso,7844058.55,EUR,OP-105389,08/03/2024,N/A,N/A
grupo carso,1772226.05,EUR,OP-105390,"June 22, 2017",2024-08-21,2617
banorte,5018068.41,USD,OP-105391,"July 04, 2023",N/A,N/A
cemex,7068116.53,USD,OP-105392,2025-06-05,N/A,N/A
LIVERPOOL,1887931.66,MXN,OP-105393,04-Aug-2017,02/12/2021,1288
pemex,7424870.53,USD,OP-105394,2022-12-08,N/A,N/A
américa móvil,999410.38,MXN,OP-105395,02/12/2020,N/A,N/A
bbva méxico,318775.97,USD,OP-105396,15/10/2020,"October 21, 2021",371
grupo méxico,6164236.57,EUR,OP-105397,"December 03, 2015",2016-02-17,76
GRUPO LALA,5101219.57,MXN,OP-105398,2018-05-07,N/A,N/A
GRUPO LALA,8915417.05,MXN,OP-105399,09-Dec-2022,N/A,N/A
GRUPO MÉXICO,6462653.09,EUR,OP-105400,2022-11-26,N/A,N/A
GRUPO MÉXICO,9904029.69,MXN,OP-105401,13-Dec-2020,16/03/2021,93
GRUPO MÉXICO,4925444.78,USD,OP-105402,"May 11, 2021","April 15, 2025",1435
banorte,4076928.85,MXN,OP-105403,03-Apr-2021,N/A,N/A
liverpool,1478177.51,EUR,OP-105404,2022-05-24,2025-05-07,1079
walmart de méxico,2211109.3,MXN,OP-105405,09-May-2018,08-Feb-2021,1006
BANORTE,8705171.45,USD,OP-105406,"July 28, 2019",N/A,N/A
liverpool,5484595.94,EUR,OP-105407,29/12/2019,N/A,N/A
femsa,3332393.67,USD,OP-105408,05-Mar-2023,N/A,N/A
CEMEX,4341712.57,MXN,OP-105409,12-Sep-2023,N/A,N/A
GRUPO BIMBO,6307541.78,MXN,OP-105410,"May 31, 2017",04/11/2023,2141
GRUPO LALA,9807055.49,EUR,OP-105411,19/01/2018,N/A,N/A
AMÉRICA MÓVIL,7126316.34,EUR,OP-105412,27/02/2017,N/A,N/A
grupo méxico,9542725.89,USD,OP-105413,30/05/2021,N/A,N/A
telmex,8728890.26,MXN,OP-105414,21/09/2015,N/A,N/A
grupo carso,693640.23,MXN,OP-105415,15/07/2017,03-Aug-2018,384
walmart de méxico,5524676.08,MXN,OP-105416,"December 22, 2021",N/A,N/A
grupo carso,5415719.63,EUR,OP-105417,28/03/2018,N/A,N/A
bbva méxico,3138859.29,USD,OP-105418,19-Aug-2024,N/A,N/A
GRUPO CARSO,4024355.36,USD,OP-105419,03/11/2015,31/03/2020,1847
cemex,202969.42,EUR,OP-105420,"October 26, 2016",11/09/2018,744
LIVERPOOL,372161.96,USD,OP-105421,"December 20, 2017","December 20, 2020",1096
TELMEX,2356351.6,MXN,OP-105422,2016-11-03,N/A,N/A
grupo lala,2673524.92,USD,OP-105423,30-Apr-2020,N/A,N/A
femsa,8996201.1,MXN,OP-105424,21/04/2025,N/A,N/A
SORIANA,1562702.64,MXN,OP-105425,"February 14, 2022",N/A,N/A
BANORTE,7280022.66,MXN,OP-105426,"August 24, 2024",N/A,N/A
GRUPO BIMBO,1958371.09,MXN,OP-105427,"August 19, 2017","January 29, 2018",163
américa móvil,733405.82,USD,OP-105428,10-Apr-2019,19-Feb-2025,2142
soriana,1690350.69,EUR,OP-105429,2024-07-30,N/A,N/A
FEMSA,966944.34,MXN,OP-105430,2023-11-04,N/A,N/A
BANORTE,5456836.51,USD,OP-105431,28-May-2024,N/A,N/A
TELMEX,2323731.89,USD,OP-105432,2018-03-10,27-Dec-2023,2118
GRUPO MÉXICO,9748848.71,MXN,OP-105433,24/03/2021,N/A,N/A
grupo lala,4702376.45,MXN,OP-105434,"July 19, 2023",N/A,N/A
grupo lala,4553749.57,USD,OP-105435,16-Sep-2015,24/12/2024,3387
GRUPO BIMBO,2546694.07,EUR,OP-105436,"November 29, 2024",N/A,N/A
BBVA MÉXICO,5603284.83,EUR,OP-105437,19/01/2021,28-Jul-2025,1651
AMÉRICA MÓVIL,3764053.48,MXN,OP-105438,14-Dec-2022,N/A,N/A
walmart de méxico,8871351.42,USD,OP-105439,"September 03, 2016",14/07/2021,1775
GRUPO BIMBO,8760066.74,MXN,OP-105440,"February 05, 2016","September 15, 2023",2779
AMÉRICA MÓVIL,8525764.41,MXN,OP-105441,08/05/2019,2021-07-31,726
GRUPO LALA,3545090.56,MXN,OP-105442,2022-09-13,N/A,N/A
BANORTE,4578750.59,USD,OP-105443,"June 14, 2017",2020-06-04,1086
alsea,3030247.78,MXN,OP-105444,2025-08-17,N/A,N/A
LIVERPOOL,1781111.52,USD,OP-105445,"February 23, 2020",N/A,N/A
telmex,6511203.69,MXN,OP-105446,2019-01-07,N/A,N/A
cemex,850175.34,USD,OP-105447,08/01/2016,26-Apr-2024,2825
LIVERPOOL,9439863.79,EUR,OP-105448,18-Jun-2018,N/A,N/A
CEMEX,6431163.83,MXN,OP-105449,2018-12-23,2025-03-31,2290
GRUPO BIMBO,3136148.12,USD,OP-105450,14/06/2020,N/A,N/A
soriana,6235553.44,USD,OP-105451,14/08/2018,N/A,N/A
AMÉRICA MÓVIL,7296640.47,MXN,OP-105452,26/02/2020,N/A,N/A
TELMEX,5016498.3,USD,OP-105453,2016-07-16,"October 04, 2021",1906
grupo méxico,9915009.3,MXN,OP-105454,04-Sep-2022,N/A,N/A
walmart de méxico,5077012.77,USD,OP-105455,16/03/2017,27-Jan-2023,2143
CEMEX,3776017.62,USD,OP-105456,"May 12, 2018",06-Nov-2018,178
grupo méxico,9678452.17,MXN,OP-105457,08-Feb-2019,N/A,N/A
SORIANA,700411.03,USD,OP-105458,2016-01-26,16-Mar-2020,1511
ALSEA,1890672.84,EUR,OP-105459,2021-07-06,06-Sep-2021,62
LIVERPOOL,5185789.49,USD,OP-105460,2021-10-05,N/A,N/A
walmart de méxico,4038295.46,USD,OP-105461,17-Mar-2025,N/A,N/A
alsea,7250224.25,USD,OP-105462,12-Dec-2015,21/02/2019,1167
BBVA MÉXICO,3209030.32,EUR,OP-105463,2018-03-29,"March 29, 2024",2192
pemex,9465981.5,MXN,OP-105464,24/01/2022,"May 29, 2025",1221
GRUPO CARSO,3450174.67,EUR,OP-105465,25/03/2023,N/A,N/A
AMÉRICA MÓVIL,5479439.06,EUR,OP-105466,"September 26, 2019",04/11/2022,928
banorte,2324376.17,EUR,OP-105467,2021-03-14,2025-08-05,1605
GRUPO BIMBO,3631368.9,EUR,OP-105468,10-Feb-2017,N/A,N/A
GRUPO CARSO,3605184.75,EUR,OP-105469,"November 29, 2023",N/A,N/A
femsa,435032.15,EUR,OP-105470,"December 30, 2017",N/A,N/A
pemex,8381415.18,MXN,OP-105471,2023-10-06,N/A,N/A
ALSEA,8733241.56,EUR,OP-105472,31-Aug-2018,N/A,N/A
walmart de méxico,9552986.68,MXN,OP-105473,"December 26, 2017",29/10/2019,672
AMÉRICA MÓVIL,8520512.59,USD,OP-105474,2017-11-24,"April 20, 2024",2339
GRUPO CARSO,7119692.22,MXN,OP-105475,"July 24, 2024",N/A,N/A
grupo lala,693566.7,MXN,OP-105476,07-Aug-2022,N/A,N/A
pemex,2553593.3,EUR,OP-105477,2022-08-16,N/A,N/A
TELMEX,281172.36,USD,OP-105478,2024-03-12,N/A,N/A
femsa,9752521.11,USD,OP-105479,2016-02-08,10-Jan-2017,337
WALMART DE MÉXICO,880707.36,USD,OP-105480,27-Apr-2025,N/A,N/A
BANORTE,4165087.49,USD,OP-105481,"March 19, 2021",N/A,N/A
BBVA MÉXICO,9508614.32,MXN,OP-105482,14-Sep-2015,04/05/2022,2395
CEMEX,8628332.35,USD,OP-105483,"October 16, 2021","April 27, 2022",193
bbva méxico,1858690.97,USD,OP-105484,2019-04-02,"October 26, 2019",207
GRUPO CARSO,1133748.66,MXN,OP-105485,"October 30, 2017",2023-06-03,2042
TELMEX,9316104.75,MXN,OP-105486,"August 18, 2021",N/A,N/A
alsea,6997413.91,USD,OP-105487,"July 17, 2023",10-Feb-2025,574
banorte,6937822.88,USD,OP-105488,27/05/2017,N/A,N/A
liverpool,4637483.39,MXN,OP-105489,2015-10-25,"October 26, 2024",3289
walmart de méxico,9145881.73,USD,OP-105490,"March 23, 2019",N/A,N/A
FEMSA,5292875.29,USD,OP-105491,29/03/2016,"August 17, 2021",1967
walmart de méxico,4129835.49,EUR,OP-105492,"June 08, 2025",N/A,N/A
pemex,4125114.33,EUR,OP-105493,01-Jun-2018,N/A,N/A
GRUPO CARSO,754798.14,MXN,OP-105494,10/12/2023,N/A,N/A
pemex,720118.29,EUR,OP-105495,28/12/2018,17-Mar-2025,2271
CEMEX,9836123.29,USD,OP-105496,08-Jun-2023,N/A,N/A
femsa,6756648.25,EUR,OP-105497,"July 06, 2021",20-Apr-2022,288
alsea,1742773.71,MXN,OP-105498,10/09/2023,N/A,N/A
TELMEX,8983772.65,EUR,OP-105499,04/08/2019,16/09/2020,527
GRUPO MÉXICO,2981164.79,USD,OP-105500,"November 29, 2022",N/A,N/A
femsa,3233510.54,EUR,OP-105501,"September 28, 2021",N/A,N/A
GRUPO BIMBO,2901071.44,USD,OP-105502,2023-04-09,N/A,N/A
GRUPO BIMBO,2586699.98,MXN,OP-105503,"February 18, 2020",N/A,N/A
telmex,3246129.82,USD,OP-105504,07-Apr-2017,2018-06-25,444
CEMEX,6029394.52,USD,OP-105505,04-Aug-2017,17/05/2020,1017
ALSEA,3279377.77,USD,OP-105506,"October 30, 2018",2021-07-18,992
GRUPO LALA,6366330.11,EUR,OP-105507,25/09/2015,02/03/2025,3419
liverpool,2041159.25,USD,OP-105508,24-Feb-2019,N/A,N/A
SORIANA,7206117.85,MXN,OP-105509,2018-06-22,18-Aug-2025,2614
GRUPO BIMBO,9827531.43,MXN,OP-105510,02/03/2020,21/06/2024,1600
soriana,7597488.0,MXN,OP-105511,2016-04-14,N/A,N/A
GRUPO CARSO,7540288.35,MXN,OP-105512,14/09/2023,N/A,N/A
grupo bimbo,2604879.48,USD,OP-105513,"January 15, 2025",N/A,N/A
AMÉRICA MÓVIL,1049795.81,MXN,OP-105514,"October 07, 2024",N/A,N/A
banorte,8650331.39,EUR,OP-105515,"March 11, 2024",N/A,N/A
BANORTE,4806147.56,EUR,OP-105516,2020-07-24,13/04/2021,263
PEMEX,7555419.92,USD,OP-105517,"October 11, 2015",20-Oct-2023,2931
AMÉRICA MÓVIL,3151118.26,MXN,OP-105518,2025-04-21,N/A,N/A
banorte,7419814.65,USD,OP-105519,"May 12, 2025",N/A,N/A
LIVERPOOL,8380756.75,EUR,OP-105520,18/08/2018,N/A,N/A
grupo lala,2006669.42,MXN,OP-105521,04-Nov-2019,N/A,N/A
FEMSA,3282779.46,USD,OP-105522,01/02/2025,N/A,N/A
grupo carso,3325070.26,EUR,OP-105523,13/05/2024,N/A,N/A
GRUPO BIMBO,7223434.06,USD,OP-105524,26-Dec-2018,"October 25, 2020",669
telmex,1257357.37,MXN,OP-105525,"February 19, 2016",N/A,N/A
américa móvil,9537847.98,USD,OP-105526,"May 17, 2020",2020-09-22,128
BANORTE,6437806.44,USD,OP-105527,21/01/2017,N/A,N/A
grupo bimbo,7973499.6,EUR,OP-105528,"March 13, 2016",30-May-2019,1173
WALMART DE MÉXICO,1236724.92,MXN,OP-105529,2019-03-02,03-Nov-2022,1342
grupo méxico,4566488.93,MXN,OP-105530,"November 13, 2018",N/A,N/A
BBVA MÉXICO,8099894.18,USD,OP-105531,05/03/2021,N/A,N/A
femsa,657120.63,MXN,OP-105532,10-Mar-2021,06/05/2022,452
GRUPO LALA,3495227.79,USD,OP-105533,29-Sep-2024,N/A,N/A
grupo lala,3314730.02,EUR,OP-105534,2017-12-04,2022-09-26,1757
grupo lala,555490.45,MXN,OP-105535,10/03/2022,2024-10-28,756
pemex,8044480.53,EUR,OP-105536,23-Jun-2016,N/A,N/A
SORIANA,9885622.5,EUR,OP-105537,2022-06-27,N/A,N/A
ALSEA,110305.6,EUR,OP-105538,13-Jun-2017,N/A,N/A
GRUPO CARSO,9445667.57,USD,OP-105539,21-Apr-2022,N/A,N/A
cemex,1179601.36,EUR,OP-105540,"June 19, 2024",N/A,N/A
grupo carso,452208.66,MXN,OP-105541,19-Nov-2016,18-Aug-2019,1002
BANORTE,9439626.21,EUR,OP-105542,"July 13, 2016",N/A,N/A
BBVA MÉXICO,492834.45,USD,OP-105543,27-Aug-2023,N/A,N/A
FEMSA,7981667.86,USD,OP-105544,24-Feb-2018,03-Feb-2020,709
banorte,7109691.56,USD,OP-105545,15-Oct-2017,N/A,N/A
GRUPO CARSO,758403.26,USD,OP-105546,09/06/2017,"February 03, 2025",2707
AMÉRICA MÓVIL,4172803.35,USD,OP-105547,2023-01-26,N/A,N/A
GRUPO LALA,8771372.79,EUR,OP-105548,"May 17, 2023",N/A,N/A
telmex,5120017.37,USD,OP-105549,2023-08-27,N/A,N/A
grupo bimbo,514417.62,EUR,OP-105550,30-Jun-2018,05/11/2021,1046
PEMEX,9944069.63,EUR,OP-105551,09-Feb-2025,N/A,N/A
liverpool,9628234.8,USD,OP-105552,"December 29, 2022",N/A,N/A
soriana,9415793.47,USD,OP-105553,20-May-2020,N/A,N/A
telmex,8586801.67,USD,OP-105554,2024-05-07,N/A,N/A
grupo carso,6794383.87,USD,OP-105555,29-Sep-2020,2021-06-20,264
FEMSA,8670936.1,MXN,OP-105556,19/05/2025,N/A,N/A
femsa,8187976.3,EUR,OP-105557,2022-12-18,N/A,N/A
pemex,9184296.35,EUR,OP-105558,14/02/2018,N/A,N/A
grupo méxico,1626706.62,EUR,OP-105559,18/04/2021,"August 21, 2022",490
BBVA MÉXICO,2477295.25,EUR,OP-105560,"November 10, 2016",28-Jul-2019,990
GRUPO MÉXICO,3434945.53,MXN,OP-105561,2017-03-03,16/12/2024,2845
GRUPO BIMBO,3120751.4,USD,OP-105562,09/10/2018,2023-09-27,1843
PEMEX,3138151.61,EUR,OP-105563,02-Aug-2025,N/A,N/A
alsea,7952261.25,MXN,OP-105564,01-Jan-2019,2019-04-01,90
SORIANA,2054524.75,MXN,OP-105565,2021-05-17,N/A,N/A
PEMEX,9246867.27,EUR,OP-105566,06/06/2024,11/06/2024,153
soriana,2482376.39,USD,OP-105567,23/06/2024,N/A,N/A
PEMEX,3139288.27,MXN,OP-105568,04/01/2018,2019-08-13,499
telmex,3032630.15,MXN,OP-105569,2025-05-04,N/A,N/A
TELMEX,1061866.02,MXN,OP-105570,03-Mar-2021,2023-08-15,895
TELMEX,4145062.06,USD,OP-105571,2022-09-19,05/02/2023,225
pemex,8917155.75,USD,OP-105572,20-Jul-2016,10/06/2022,2269
grupo carso,9830135.16,MXN,OP-105573,04-May-2024,N/A,N/A
bbva méxico,7144736.11,USD,OP-105574,14/03/2023,N/A,N/A
SORIANA,4573483.13,MXN,OP-105575,06/04/2025,N/A,N/A
pemex,6081548.75,EUR,OP-105576,"May 27, 2023",N/A,N/A
GRUPO LALA,1170936.63,EUR,OP-105577,2017-10-13,N/A,N/A
FEMSA,1861837.72,MXN,OP-105578,"October 28, 2017",N/A,N/A
GRUPO BIMBO,9539965.18,MXN,OP-105579,2017-10-02,N/A,N/A
alsea,9362628.38,EUR,OP-105580,01/01/2020,N/A,N/A
cemex,1398947.81,EUR,OP-105581,09-Nov-2017,N/A,N/A
soriana,343246.14,EUR,OP-105582,28/06/2018,26/07/2025,2585
GRUPO LALA,5238676.7,USD,OP-105583,2015-11-13,N/A,N/A
liverpool,1875136.84,EUR,OP-105584,2022-08-12,N/A,N/A
GRUPO MÉXICO,3021030.42,EUR,OP-105585,30-Nov-2022,N/A,N/A
AMÉRICA MÓVIL,2981842.06,MXN,OP-105586,02/10/2023,N/A,N/A
ALSEA,1808927.01,MXN,OP-105587,"March 28, 2020",N/A,N/A
femsa,5451866.29,USD,OP-105588,"June 04, 2025",N/A,N/A
SORIANA,5177522.3,USD,OP-105589,26/11/2021,2023-05-03,523
GRUPO BIMBO,2979615.75,MXN,OP-105590,19-Jul-2022,N/A,N/A
ALSEA,4742999.67,USD,OP-105591,21/04/2025,N/A,N/A
ALSEA,7395203.94,MXN,OP-105592,15-Nov-2022,N/A,N/A
GRUPO MÉXICO,2649325.28,MXN,OP-105593,18/02/2023,2024-05-27,464
walmart de méxico,9416628.48,USD,OP-105594,12-Nov-2017,"September 04, 2018",296
liverpool,5930706.89,USD,OP-105595,"April 13, 2017",2017-10-04,174
soriana,6736677.68,USD,OP-105596,"January 15, 2019",N/A,N/A
alsea,6960980.9,USD,OP-105597,"June 04, 2022",N/A,N/A
GRUPO CARSO,3973815.82,USD,OP-105598,"April 05, 2020",N/A,N/A
américa móvil,7852289.12,EUR,OP-105599,04/08/2017,N/A,N/A
WALMART DE MÉXICO,2998070.64,USD,OP-105600,2019-09-07,N/A,N/A
ALSEA,3244322.87,USD,OP-105601,25/08/2020,N/A,N/A
alsea,9951349.55,EUR,OP-105602,22/05/2016,21-Dec-2023,2769
grupo bimbo,7356691.83,MXN,OP-105603,30-Nov-2019,2022-03-22,843
GRUPO CARSO,1273354.46,MXN,OP-105604,"March 30, 2019",N/A,N/A
BBVA MÉXICO,2676470.0,MXN,OP-105605,2019-02-06,2025-06-19,2325
AMÉRICA MÓVIL,1794410.95,MXN,OP-105606,09-Sep-2016,15/09/2016,6
grupo méxico,1132039.77,MXN,OP-105607,27-Jul-2017,N/A,N/A
banorte,3118931.84,MXN,OP-105608,18-Sep-2024,N/A,N/A
américa móvil,3879211.7,USD,OP-105609,2018-09-06,15-Jan-2024,1957
PEMEX,6833377.59,USD,OP-105610,24/08/2018,N/A,N/A
américa móvil,2783815.93,MXN,OP-105611,"October 27, 2024",N/A,N/A
GRUPO MÉXICO,616742.27,MXN,OP-105612,2015-11-03,16/01/2018,805
walmart de méxico,7485333.76,EUR,OP-105613,14-Sep-2023,N/A,N/A
TELMEX,8666745.95,USD,OP-105614,2021-07-03,N/A,N/A
femsa,5500813.87,EUR,OP-105615,06/06/2018,25-Feb-2021,995
TELMEX,8447746.29,MXN,OP-105616,"March 31, 2025",N/A,N/A
BANORTE,3304839.62,EUR,OP-105617,"April 29, 2024",N/A,N/A
walmart de méxico,3523463.92,USD,OP-105618,"September 25, 2019",N/A,N/A
bbva méxico,5231546.29,MXN,OP-105619,2016-11-23,05/11/2021,1630
soriana,4401704.65,EUR,OP-105620,18-Jul-2020,N/A,N/A
AMÉRICA MÓVIL,5462114.79,USD,OP-105621,28-Jul-2022,N/A,N/A
PEMEX,6677754.48,MXN,OP-105622,"August 11, 2024",N/A,N/A
américa móvil,2571516.79,MXN,OP-105623,05-Jun-2022,N/A,N/A
BANORTE,8462334.79,MXN,OP-105624,2019-03-01,04/09/2022,1135
ALSEA,7500216.38,USD,OP-105625,2020-11-24,"March 27, 2024",1219
PEMEX,8847802.17,MXN,OP-105626,2023-07-09,N/A,N/A
WALMART DE MÉXICO,1062842.98,USD,OP-105627,"March 27, 2018",02-Nov-2022,1681
banorte,7701920.28,USD,OP-105628,2017-11-20,"July 07, 2019",594
SORIANA,7449408.12,USD,OP-105629,20-Nov-2024,N/A,N/A
BANORTE,204404.14,EUR,OP-105630,2020-11-08,08-Jan-2025,1522
walmart de méxico,7509068.13,MXN,OP-105631,10-Mar-2021,N/A,N/A
telmex,772149.06,EUR,OP-105632,2017-09-30,"June 24, 2019",632
américa móvil,9044226.13,MXN,OP-105633,12-Dec-2019,N/A,N/A
GRUPO MÉXICO,8904444.05,MXN,OP-105634,"May 09, 2018",26-Aug-2021,1205
soriana,7233190.12,EUR,OP-105635,02/04/2024,N/A,N/A
GRUPO LALA,3684711.69,USD,OP-105636,26-Jan-2020,13/05/2022,838
bbva méxico,5583326.53,EUR,OP-105637,25/07/2016,22/05/2024,2858
grupo carso,7568792.01,USD,OP-105638,"August 05, 2017",17-Dec-2022,1960
PEMEX,6837957.74,MXN,OP-105639,2018-08-14,2023-02-22,1653
FEMSA,4410588.1,MXN,OP-105640,07-Mar-2022,2023-04-14,403
WALMART DE MÉXICO,6824691.16,EUR,OP-105641,08-Jun-2017,N/A,N/A
liverpool,3578453.69,MXN,OP-105642,"March 29, 2017",18-Aug-2025,3064
FEMSA,6545086.42,USD,OP-105643,24/10/2022,25-Jun-2023,244
GRUPO CARSO,9837983.18,EUR,OP-105644,2024-08-23,"April 07, 2025",227
AMÉRICA MÓVIL,4563179.22,USD,OP-105645,25-Sep-2020,N/A,N/A
femsa,1194459.31,EUR,OP-105646,"June 01, 2020",04-Sep-2023,1190
walmart de méxico,9851767.23,MXN,OP-105647,"June 13, 2023",N/A,N/A
WALMART DE MÉXICO,4054968.11,MXN,OP-105648,16/10/2021,N/A,N/A
FEMSA,8910956.74,EUR,OP-105649,23/09/2016,"December 23, 2024",3013
GRUPO CARSO,4703709.41,USD,OP-105650,"March 24, 2019",N/A,N/A
AMÉRICA MÓVIL,3625106.3,MXN,OP-105651,2025-08-18,N/A,N/A
GRUPO BIMBO,3037521.91,USD,OP-105652,31/07/2024,N/A,N/A
liverpool,6168727.23,USD,OP-105653,"October 27, 2016",N/A,N/A
liverpool,9878928.0,MXN,OP-105654,"July 05, 2019",N/A,N/A
PEMEX,5427411.75,USD,OP-105655,27-Aug-2021,N/A,N/A
américa móvil,2594693.44,EUR,OP-105656,"April 24, 2022",2023-06-26,428
PEMEX,1675187.87,USD,OP-105657,24/08/2019,N/A,N/A
bbva méxico,8073011.97,MXN,OP-105658,2015-10-25,"October 23, 2017",729
pemex,5168314.35,USD,OP-105659,25-Jan-2016,29-Jan-2017,370
WALMART DE MÉXICO,942478.89,MXN,OP-105660,28/12/2017,N/A,N/A
alsea,1487089.72,USD,OP-105661,"April 09, 2025",N/A,N/A
soriana,6086372.87,EUR,OP-105662,26/04/2017,2022-07-19,1910
GRUPO MÉXICO,9821137.44,EUR,OP-105663,03-Aug-2017,N/A,N/A
walmart de méxico,7878297.94,USD,OP-105664,2019-08-01,"August 31, 2021",761
banorte,525646.16,USD,OP-105665,20/04/2016,12/12/2023,2792
WALMART DE MÉXICO,7074294.59,MXN,OP-105666,30-Nov-2024,N/A,N/A
soriana,3791487.38,EUR,OP-105667,2024-11-29,N/A,N/A
GRUPO LALA,8308769.81,USD,OP-105668,08-Sep-2021,N/A,N/A
alsea,5157400.76,USD,OP-105669,2016-12-03,14/10/2024,2872
soriana,1839360.96,EUR,OP-105670,03-Feb-2018,2021-03-12,1133
grupo bimbo,3710635.72,MXN,OP-105671,02-Oct-2017,N/A,N/A
liverpool,2422668.94,MXN,OP-105672,25/09/2018,N/A,N/A
walmart de méxico,6521253.72,USD,OP-105673,14-Sep-2022,N/A,N/A
soriana,5576415.36,USD,OP-105674,20-Sep-2015,N/A,N/A
TELMEX,6561557.57,MXN,OP-105675,"October 13, 2016",N/A,N/A
CEMEX,2098410.52,EUR,OP-105676,2017-09-09,30-Sep-2021,1482
femsa,4925813.03,EUR,OP-105677,"January 04, 2018",N/A,N/A
BANORTE,8880375.67,EUR,OP-105678,28/06/2025,N/A,N/A
GRUPO BIMBO,5956745.05,USD,OP-105679,"January 08, 2017",10/02/2021,1728
telmex,9220038.13,MXN,OP-105680,"March 12, 2022",N/A,N/A
alsea,1818732.06,USD,OP-105681,01/08/2023,N/A,N/A
BBVA MÉXICO,4371458.72,USD,OP-105682,27/10/2019,N/A,N/A
grupo carso,3299735.13,MXN,OP-105683,23-Feb-2022,N/A,N/A
ALSEA,3435664.4,MXN,OP-105684,"October 27, 2019",N/A,N/A
bbva méxico,6501797.26,MXN,OP-105685,2023-07-12,N/A,N/A
liverpool,6653976.53,USD,OP-105686,"March 16, 2023",N/A,N/A
cemex,5135577.48,MXN,OP-105687,03/07/2019,N/A,N/A
grupo lala,3825200.14,EUR,OP-105688,26/09/2021,N/A,N/A
WALMART DE MÉXICO,8950465.28,USD,OP-105689,09/10/2022,N/A,N/A
WALMART DE MÉXICO,4236934.73,EUR,OP-105690,20-Jun-2018,N/A,N/A
BBVA MÉXICO,9164360.24,EUR,OP-105691,04/04/2023,N/A,N/A
ALSEA,6209659.12,USD,OP-105692,16/01/2023,N/A,N/A
cemex,7893772.25,USD,OP-105693,03/07/2020,N/A,N/A
GRUPO MÉXICO,7794731.09,USD,OP-105694,06/12/2021,N/A,N/A
TELMEX,9604055.46,MXN,OP-105695,29-Jul-2017,N/A,N/A
grupo lala,1137664.75,EUR,OP-105696,"March 03, 2021",N/A,N/A
WALMART DE MÉXICO,5509548.55,EUR,OP-105697,12-Sep-2015,N/A,N/A
femsa,6363322.82,MXN,OP-105698,20/11/2021,2022-01-06,47
bbva méxico,7517786.56,MXN,OP-105699,11-Jan-2025,19/04/2025,98
grupo méxico,2566466.2,USD,OP-105700,2017-02-08,N/A,N/A
telmex,9366095.0,MXN,OP-105701,11-Mar-2024,N/A,N/A
soriana,4143008.92,MXN,OP-105702,2016-12-06,2017-05-29,174
liverpool,4387874.12,EUR,OP-105703,15-Sep-2016,03/08/2022,2000
FEMSA,2593622.74,EUR,OP-105704,14/12/2022,"September 12, 2024",638
banorte,1711382.59,EUR,OP-105705,2022-02-28,N/A,N/A
soriana,4335226.32,USD,OP-105706,25-Jun-2020,15/01/2021,204
GRUPO BIMBO,2689172.8,EUR,OP-105707,"November 19, 2019",2020-07-04,228
BBVA MÉXICO,8127956.48,EUR,OP-105708,30-Jun-2025,N/A,N/A
GRUPO BIMBO,7916628.26,USD,OP-105709,"March 29, 2025",N/A,N/A
femsa,1674411.99,USD,OP-105710,2020-09-23,2024-04-30,1315
WALMART DE MÉXICO,6227361.59,MXN,OP-105711,12-Oct-2021,N/A,N/A
liverpool,6317699.99,MXN,OP-105712,"January 16, 2017",20/12/2024,2895
LIVERPOOL,4977458.3,MXN,OP-105713,20/06/2022,N/A,N/A
FEMSA,1877852.39,EUR,OP-105714,2020-07-19,25-Oct-2020,98
ALSEA,8585836.8,USD,OP-105715,19-Sep-2021,"May 19, 2024",973
GRUPO LALA,402669.23,USD,OP-105716,14/04/2021,03/03/2025,1419
BANORTE,9183946.26,USD,OP-105717,2025-02-15,"August 14, 2025",180
grupo carso,5171852.29,USD,OP-105718,"December 18, 2015",04-Oct-2018,1021
PEMEX,1610921.7,MXN,OP-105719,2015-09-20,02/11/2020,1605
FEMSA,562395.13,MXN,OP-105720,2021-05-27,"November 12, 2024",1265
grupo lala,719301.18,USD,OP-105721,2022-09-15,21/05/2025,979
BBVA MÉXICO,7651085.39,MXN,OP-105722,2017-11-14,N/A,N/A
PEMEX,9775040.98,USD,OP-105723,07-Aug-2016,"February 19, 2020",1291
soriana,1342036.65,USD,OP-105724,2025-05-26,N/A,N/A
TELMEX,7484044.32,MXN,OP-105725,08/11/2019,27-Dec-2023,1599
GRUPO LALA,9845027.03,MXN,OP-105726,2018-07-02,N/A,N/A
telmex,261284.45,MXN,OP-105727,13-Nov-2024,N/A,N/A
FEMSA,8130483.58,EUR,OP-105728,"June 29, 2019",N/A,N/A
grupo méxico,3594332.79,USD,OP-105729,"January 29, 2018",N/A,N/A
SORIANA,8965179.16,USD,OP-105730,"June 25, 2022",N/A,N/A
PEMEX,6170528.65,MXN,OP-105731,2024-01-28,N/A,N/A
BBVA MÉXICO,6584278.38,USD,OP-105732,"July 13, 2017",29-Jun-2023,2177
AMÉRICA MÓVIL,4936837.33,MXN,OP-105733,04/10/2021,N/A,N/A
grupo lala,1283492.93,USD,OP-105734,"October 05, 2019",N/A,N/A
cemex,7202974.89,EUR,OP-105735,09-Mar-2024,N/A,N/A
BANORTE,8539146.45,USD,OP-105736,19/02/2019,N/A,N/A
SORIANA,384375.88,USD,OP-105737,"January 30, 2016","July 10, 2023",2718
grupo lala,787564.1,USD,OP-105738,"May 31, 2021",N/A,N/A
grupo lala,1549214.45,USD,OP-105739,2020-02-05,N/A,N/A
PEMEX,7570847.09,EUR,OP-105740,2019-06-14,N/A,N/A
telmex,3332659.14,USD,OP-105741,"December 12, 2017",N/A,N/A
SORIANA,5142531.58,MXN,OP-105742,"January 18, 2019",09-Nov-2022,1391
GRUPO CARSO,2664283.15,EUR,OP-105743,2019-06-10,N/A,N/A
walmart de méxico,1484455.43,MXN,OP-105744,19/10/2024,N/A,N/A
LIVERPOOL,8421435.31,USD,OP-105745,"June 21, 2016",N/A,N/A
alsea,8715768.09,USD,OP-105746,2020-12-22,N/A,N/A
TELMEX,7807744.47,EUR,OP-105747,"February 21, 2025",N/A,N/A
TELMEX,3739217.62,USD,OP-105748,18-Mar-2025,N/A,N/A
SORIANA,2674118.81,EUR,OP-105749,23/07/2025,N/A,N/A
FEMSA,920948.39,MXN,OP-105750,"February 23, 2023",N/A,N/A
grupo méxico,5607847.43,MXN,OP-105751,2023-01-07,N/A,N/A
banorte,2388576.52,USD,OP-105752,17-Mar-2024,N/A,N/A
TELMEX,6964820.22,USD,OP-105753,26/02/2025,N/A,N/A
grupo bimbo,9834630.86,EUR,OP-105754,11/08/2018,N/A,N/A
grupo méxico,7379642.94,EUR,OP-105755,03/03/2020,N/A,N/A
soriana,6856560.97,USD,OP-105756,2017-02-08,N/A,N/A
GRUPO MÉXICO,5432849.32,MXN,OP-105757,14/04/2025,N/A,N/A
GRUPO CARSO,3255461.07,EUR,OP-105758,2024-05-27,N/A,N/A
CEMEX,8398274.6,EUR,OP-105759,27-May-2016,N/A,N/A
pemex,3850349.35,USD,OP-105760,26/07/2018,05/06/2021,1015
WALMART DE MÉXICO,1715168.44,EUR,OP-105761,25-Jul-2017,N/A,N/A
GRUPO LALA,2758121.81,MXN,OP-105762,02/02/2023,N/A,N/A
walmart de méxico,3088392.6,USD,OP-105763,"August 14, 2023",N/A,N/A
CEMEX,6310103.49,USD,OP-105764,"November 12, 2021",N/A,N/A
LIVERPOOL,6910971.43,MXN,OP-105765,2022-12-30,N/A,N/A
GRUPO CARSO,1041980.61,EUR,OP-105766,"June 26, 2016",28/10/2024,3046
soriana,2459841.9,MXN,OP-105767,14/06/2025,N/A,N/A
GRUPO LALA,2511834.86,EUR,OP-105768,26-Oct-2021,2022-02-03,100
GRUPO CARSO,653159.08,EUR,OP-105769,14-Jan-2024,N/A,N/A
TELMEX,7204242.86,MXN,OP-105770,21-Mar-2022,N/A,N/A
soriana,6889303.76,MXN,OP-105771,"October 17, 2020",N/A,N/A
grupo carso,4386779.39,USD,OP-105772,2019-08-04,09-Apr-2020,249
BANORTE,8061757.42,MXN,OP-105773,13-Jul-2020,29-Jul-2022,746
GRUPO LALA,9879909.18,USD,OP-105774,05/02/2017,N/A,N/A
liverpool,1372898.07,EUR,OP-105775,"June 22, 2020",N/A,N/A
GRUPO CARSO,3733611.65,EUR,OP-105776,02-Aug-2020,N/A,N/A
liverpool,2113231.89,MXN,OP-105777,"January 11, 2021",N/A,N/A
GRUPO BIMBO,2555702.23,USD,OP-105778,03/09/2018,29-Mar-2020,751
GRUPO LALA,6046659.32,EUR,OP-105779,2018-11-27,N/A,N/A
telmex,2922189.32,USD,OP-105780,2019-10-12,N/A,N/A
grupo lala,8117706.49,MXN,OP-105781,"May 05, 2021",N/A,N/A
pemex,4422523.06,USD,OP-105782,2024-01-01,N/A,N/A
GRUPO MÉXICO,7638581.68,MXN,OP-105783,31-Mar-2024,N/A,N/A
grupo carso,6912689.34,USD,OP-105784,26/09/2016,N/A,N/A
BBVA MÉXICO,7591271.44,USD,OP-105785,18-Apr-2016,2016-12-02,228
grupo lala,5112451.54,EUR,OP-105786,09-Jun-2016,2021-02-05,1702
cemex,4462185.79,MXN,OP-105787,25-Sep-2023,"November 17, 2024",419
FEMSA,6244062.41,EUR,OP-105788,"June 13, 2022",N/A,N/A
alsea,1176132.84,MXN,OP-105789,2018-10-17,2025-07-12,2460
GRUPO BIMBO,2359863.59,USD,OP-105790,"July 09, 2021",N/A,N/A
walmart de méxico,927403.79,USD,OP-105791,06/03/2018,N/A,N/A
GRUPO MÉXICO,9257086.12,MXN,OP-105792,03-Feb-2019,11-Dec-2023,1772
grupo lala,3614736.32,EUR,OP-105793,30/12/2019,02/03/2020,35
américa móvil,4201042.55,EUR,OP-105794,08/04/2019,"June 07, 2021",673
BANORTE,5011434.19,EUR,OP-105795,"December 23, 2022",27-May-2025,886
pemex,4957507.98,EUR,OP-105796,2016-11-07,2020-05-09,1279
GRUPO BIMBO,8792949.82,EUR,OP-105797,04-Oct-2015,N/A,N/A
WALMART DE MÉXICO,4779407.42,USD,OP-105798,09-Aug-2021,15-Jul-2023,705
alsea,4915262.5,MXN,OP-105799,"September 26, 2024",N/A,N/A
banorte,6836845.66,EUR,OP-105800,2023-10-12,06/01/2025,598
GRUPO MÉXICO,4937447.63,MXN,OP-105801,2022-07-05,N/A,N/A
CEMEX,7975271.91,MXN,OP-105802,06-Jan-2020,N/A,N/A
GRUPO BIMBO,8061608.08,EUR,OP-105803,2015-11-29,N/A,N/A
grupo bimbo,5734627.27,USD,OP-105804,2021-10-18,2023-11-28,771
américa móvil,5958732.47,EUR,OP-105805,21/02/2022,N/A,N/A
cemex,8833856.03,MXN,OP-105806,2019-01-15,03-Jul-2024,1996
liverpool,9216676.83,MXN,OP-105807,08-Jan-2018,N/A,N/A
SORIANA,3399889.62,EUR,OP-105808,"November 06, 2024",N/A,N/A
grupo carso,6362211.18,EUR,OP-105809,"March 11, 2021",N/A,N/A
banorte,8521748.81,EUR,OP-105810,24-Oct-2017,N/A,N/A
TELMEX,1589411.95,MXN,OP-105811,"June 27, 2024",N/A,N/A
TELMEX,1057426.9,USD,OP-105812,07/09/2021,N/A,N/A
grupo carso,1482130.55,USD,OP-105813,2017-03-23,N/A,N/A
liverpool,6783582.67,MXN,OP-105814,2023-06-07,N/A,N/A
pemex,9461728.11,USD,OP-105815,05/02/2017,12-Sep-2024,2690
cemex,6639955.19,USD,OP-105816,09/12/2022,N/A,N/A
femsa,6943893.15,EUR,OP-105817,"February 25, 2023",N/A,N/A
alsea,8584353.97,EUR,OP-105818,2018-12-15,2023-12-15,1826
GRUPO CARSO,5497557.36,USD,OP-105819,2019-11-27,06/01/2023,1282
AMÉRICA MÓVIL,1067170.99,EUR,OP-105820,"September 08, 2024",07-May-2025,241
SORIANA,3997189.65,EUR,OP-105821,2022-01-13,2024-05-20,858
ALSEA,9119568.77,MXN,OP-105822,01/06/2020,18/12/2022,1077
soriana,2571963.36,MXN,OP-105823,2023-12-30,N/A,N/A
grupo bimbo,7869915.09,MXN,OP-105824,2022-01-17,22/12/2022,339
BBVA MÉXICO,2611990.07,EUR,OP-105825,07-Apr-2018,N/A,N/A
grupo lala,6313943.66,EUR,OP-105826,03/03/2025,N/A,N/A
grupo lala,851173.1,USD,OP-105827,"March 17, 2022",N/A,N/A
ALSEA,2560294.75,USD,OP-105828,24-Nov-2024,N/A,N/A
SORIANA,4601824.44,EUR,OP-105829,16-May-2021,N/A,N/A
WALMART DE MÉXICO,3679553.44,USD,OP-105830,11-Nov-2021,N/A,N/A
ALSEA,5884957.76,EUR,OP-105831,"March 23, 2016",15/02/2025,3251
GRUPO LALA,9518438.65,MXN,OP-105832,"December 14, 2016",2019-04-01,838
WALMART DE MÉXICO,9455739.63,USD,OP-105833,13-Jan-2022,N/A,N/A
grupo méxico,3982243.23,USD,OP-105834,18-Feb-2016,N/A,N/A
pemex,3567653.94,USD,OP-105835,"October 20, 2024",N/A,N/A
walmart de méxico,1307475.55,MXN,OP-105836,2024-01-07,N/A,N/A
walmart de méxico,4610895.07,EUR,OP-105837,"March 19, 2022",N/A,N/A
pemex,8516244.56,USD,OP-105838,21-Dec-2016,17/02/2024,2614
WALMART DE MÉXICO,8801866.15,MXN,OP-105839,"September 23, 2015","June 23, 2020",1735
alsea,8833887.97,MXN,OP-105840,"August 23, 2016","July 27, 2021",1799
femsa,2844589.14,EUR,OP-105841,2020-06-07,N/A,N/A
BANORTE,5589215.0,USD,OP-105842,07/06/2023,N/A,N/A
grupo lala,2834729.53,MXN,OP-105843,03-Feb-2024,N/A,N/A
GRUPO CARSO,7126307.84,MXN,OP-105844,"March 17, 2021",2024-10-05,1298
grupo méxico,218574.65,USD,OP-105845,26-Oct-2020,N/A,N/A
WALMART DE MÉXICO,6324073.54,EUR,OP-105846,23-May-2018,"November 13, 2022",1635
CEMEX,225972.86,MXN,OP-105847,"October 27, 2017","July 04, 2023",2076
pemex,9538351.22,MXN,OP-105848,"October 19, 2015",19/07/2017,639
BANORTE,5364689.07,EUR,OP-105849,2021-02-11,N/A,N/A
SORIANA,4547240.51,MXN,OP-105850,2020-02-28,06/02/2020,95
CEMEX,1280597.78,MXN,OP-105851,15/09/2015,"April 07, 2020",1666
GRUPO MÉXICO,5309565.04,EUR,OP-105852,"April 09, 2018",N/A,N/A
alsea,591515.92,MXN,OP-105853,22/02/2019,N/A,N/A
GRUPO MÉXICO,4551317.11,MXN,OP-105854,31-Mar-2018,06-Mar-2025,2532
BBVA MÉXICO,7927013.72,MXN,OP-105855,20-Mar-2018,04-Apr-2024,2207
GRUPO LALA,2789422.46,MXN,OP-105856,04/07/2025,N/A,N/A
bbva méxico,8122389.68,EUR,OP-105857,13/10/2024,N/A,N/A
grupo carso,9087066.78,MXN,OP-105858,2017-07-30,14/10/2024,2633
FEMSA,6459877.88,MXN,OP-105859,2017-06-18,N/A,N/A
GRUPO BIMBO,9981093.83,MXN,OP-105860,"March 15, 2016",N/A,N/A
SORIANA,4147762.56,MXN,OP-105861,2022-05-11,N/A,N/A
GRUPO CARSO,5171529.69,USD,OP-105862,21/01/2016,19-Jun-2021,1976
grupo lala,3098632.77,USD,OP-105863,2025-06-25,N/A,N/A
walmart de méxico,1274791.59,MXN,OP-105864,13-Feb-2024,N/A,N/A
grupo méxico,8699726.04,USD,OP-105865,30-Oct-2020,N/A,N/A
pemex,9007995.31,MXN,OP-105866,"October 12, 2019",N/A,N/A
SORIANA,6884743.5,EUR,OP-105867,2022-03-22,N/A,N/A
CEMEX,3858307.07,USD,OP-105868,28-Jul-2023,N/A,N/A
ALSEA,9240222.34,MXN,OP-105869,"August 20, 2024",N/A,N/A
BANORTE,8109015.3,EUR,OP-105870,2021-05-07,N/A,N/A
telmex,8389688.17,EUR,OP-105871,11/04/2025,N/A,N/A
bbva méxico,5318510.03,USD,OP-105872,"August 02, 2021",N/A,N/A
alsea,6023826.65,USD,OP-105873,22/01/2024,2024-07-13,173
grupo bimbo,1844633.94,MXN,OP-105874,2016-07-14,19-Oct-2019,1192
soriana,8666214.23,MXN,OP-105875,"January 08, 2016","October 12, 2022",2469
pemex,2695588.87,USD,OP-105876,2018-03-28,11/09/2022,1687
WALMART DE MÉXICO,6465744.93,EUR,OP-105877,27/11/2019,08/10/2020,257
grupo méxico,4198097.65,USD,OP-105878,2016-08-18,N/A,N/A
WALMART DE MÉXICO,141656.78,MXN,OP-105879,2020-03-30,N/A,N/A
GRUPO MÉXICO,138853.57,EUR,OP-105880,2024-10-04,N/A,N/A
soriana,6049462.27,EUR,OP-105881,"April 19, 2025",N/A,N/A
liverpool,9680733.37,EUR,OP-105882,11-Dec-2015,"October 27, 2024",3243
banorte,979156.32,USD,OP-105883,"December 24, 2016",06-Jun-2019,894
grupo méxico,5552279.73,EUR,OP-105884,"September 07, 2020",N/A,N/A
grupo lala,4789214.37,EUR,OP-105885,08/04/2016,21/10/2022,2269
alsea,4645027.34,USD,OP-105886,30/08/2016,26/07/2020,1426
BANORTE,4775954.4,USD,OP-105887,04-Nov-2015,2020-07-27,1727
LIVERPOOL,9136128.98,USD,OP-105888,"January 06, 2023",N/A,N/A
grupo méxico,183710.48,MXN,OP-105889,01-May-2017,N/A,N/A
GRUPO BIMBO,9901901.12,EUR,OP-105890,01-Jan-2024,N/A,N/A
walmart de méxico,6643871.5,USD,OP-105891,2025-06-18,N/A,N/A
GRUPO BIMBO,1500047.62,EUR,OP-105892,"March 13, 2016",13/12/2022,2466
grupo carso,2980846.66,MXN,OP-105893,2022-07-29,N/A,N/A
liverpool,101893.17,EUR,OP-105894,"February 21, 2016",20/08/2024,3103
américa móvil,3003921.67,MXN,OP-105895,2016-04-15,"May 10, 2021",1851
WALMART DE MÉXICO,1451729.77,EUR,OP-105896,26-Nov-2017,04/01/2024,2318
liverpool,4015201.37,MXN,OP-105897,01-May-2025,N/A,N/A
grupo méxico,2988514.96,USD,OP-105898,2023-02-22,N/A,N/A
GRUPO BIMBO,3450015.19,EUR,OP-105899,2020-06-01,01-Mar-2023,1003
LIVERPOOL,897766.03,MXN,OP-105900,"February 21, 2025",N/A,N/A
pemex,5239891.02,EUR,OP-105901,2023-07-02,N/A,N/A
GRUPO BIMBO,9967048.02,USD,OP-105902,"November 04, 2018",N/A,N/A
grupo méxico,6506252.96,MXN,OP-105903,2020-05-22,01-Dec-2024,1654
PEMEX,6101508.13,USD,OP-105904,2017-12-01,N/A,N/A
banorte,803387.52,EUR,OP-105905,2019-10-14,N/A,N/A
GRUPO MÉXICO,7422286.55,EUR,OP-105906,"January 24, 2016",2019-10-29,1374
FEMSA,5962428.71,USD,OP-105907,"October 24, 2018",N/A,N/A
grupo lala,7427520.62,MXN,OP-105908,11-Jul-2022,N/A,N/A
PEMEX,9171684.97,USD,OP-105909,2018-09-29,N/A,N/A
grupo bimbo,4058836.58,MXN,OP-105910,04/09/2021,14/09/2022,523
LIVERPOOL,4672790.39,EUR,OP-105911,2021-10-23,N/A,N/A
femsa,951251.38,USD,OP-105912,"June 30, 2024",N/A,N/A
TELMEX,4447089.11,USD,OP-105913,20/11/2016,"February 16, 2025",3010
LIVERPOOL,5022694.52,MXN,OP-105914,14-Feb-2024,N/A,N/A
FEMSA,7992252.17,USD,OP-105915,27-Nov-2019,2020-02-29,94
bbva méxico,9496354.33,EUR,OP-105916,05/05/2018,2022-05-10,1466
GRUPO MÉXICO,6798720.24,USD,OP-105917,11/10/2015,07-Jun-2017,575
liverpool,319129.77,USD,OP-105918,14-Jun-2023,N/A,N/A
FEMSA,1476342.84,MXN,OP-105919,"September 22, 2015","December 09, 2016",444
pemex,9631805.02,USD,OP-105920,"July 30, 2018",06-Aug-2018,7
SORIANA,9588134.49,USD,OP-105921,21/10/2023,N/A,N/A
walmart de méxico,4131347.99,MXN,OP-105922,05/05/2017,2021-05-03,1459
BANORTE,5269401.33,USD,OP-105923,"July 25, 2021",N/A,N/A
bbva méxico,8157265.83,EUR,OP-105924,"December 14, 2021",N/A,N/A
grupo méxico,8814178.02,MXN,OP-105925,18-Apr-2020,N/A,N/A
banorte,1736270.67,USD,OP-105926,"August 15, 2020",07-Nov-2024,1545
GRUPO LALA,1549046.79,EUR,OP-105927,2018-05-13,04/01/2025,2515
WALMART DE MÉXICO,9675592.4,USD,OP-105928,08-Apr-2021,N/A,N/A
bbva méxico,175055.98,USD,OP-105929,"November 07, 2024",21-Aug-2025,287
TELMEX,7182576.55,EUR,OP-105930,2020-02-02,N/A,N/A
walmart de méxico,9845741.72,USD,OP-105931,2021-08-09,N/A,N/A
GRUPO MÉXICO,6156652.48,EUR,OP-105932,"July 20, 2016",N/A,N/A
banorte,6038551.67,EUR,OP-105933,30-Nov-2019,02-Sep-2022,1007
walmart de méxico,2357228.88,MXN,OP-105934,15/09/2016,02-Jan-2019,839
FEMSA,7787905.17,EUR,OP-105935,10-Jul-2024,N/A,N/A
GRUPO MÉXICO,9213057.01,EUR,OP-105936,08/07/2018,01/12/2020,523
grupo méxico,9091825.12,MXN,OP-105937,"September 18, 2016","July 31, 2021",1777
GRUPO CARSO,320298.48,USD,OP-105938,08-Oct-2015,"May 19, 2019",1319
soriana,4017748.76,EUR,OP-105939,02/11/2015,04/08/2019,1517
grupo carso,5130671.44,MXN,OP-105940,"September 17, 2020",04-Jul-2023,1020
ALSEA,5718138.42,EUR,OP-105941,2018-04-06,24-May-2024,2240
BANORTE,1839975.83,EUR,OP-105942,13-Aug-2024,N/A,N/A
GRUPO MÉXICO,2898688.92,EUR,OP-105943,"January 13, 2022",N/A,N/A
bbva méxico,1820500.0,EUR,OP-105944,"April 10, 2022",N/A,N/A
grupo lala,2608210.98,EUR,OP-105945,2019-07-22,2024-12-12,1970
PEMEX,8749904.11,MXN,OP-105946,10-Apr-2021,N/A,N/A
GRUPO CARSO,4116742.65,MXN,OP-105947,20/08/2020,26-Feb-2025,1651
grupo méxico,780553.81,MXN,OP-105948,2017-01-29,N/A,N/A
TELMEX,8335261.38,USD,OP-105949,10-Feb-2017,N/A,N/A
GRUPO MÉXICO,9190728.89,EUR,OP-105950,22/10/2022,21/06/2024,608
FEMSA,4749879.89,EUR,OP-105951,"February 07, 2025",N/A,N/A
CEMEX,165835.88,EUR,OP-105952,2021-10-23,N/A,N/A
ALSEA,4699133.76,MXN,OP-105953,2023-06-23,2024-02-07,229
GRUPO MÉXICO,5712485.49,USD,OP-105954,"May 06, 2021",N/A,N/A
américa móvil,8409312.06,EUR,OP-105955,2024-09-07,N/A,N/A
LIVERPOOL,5342414.76,EUR,OP-105956,"August 10, 2017","March 22, 2018",224
grupo lala,7090937.15,USD,OP-105957,14-Mar-2025,N/A,N/A
GRUPO LALA,9148345.42,USD,OP-105958,14-Jan-2021,25-Jul-2024,1288
BANORTE,8320637.88,MXN,OP-105959,20/05/2022,N/A,N/A
GRUPO CARSO,4676920.11,USD,OP-105960,11/02/2017,"October 13, 2018",345
AMÉRICA MÓVIL,2041971.3,EUR,OP-105961,02-Aug-2017,09-Jun-2025,2868
américa móvil,8693174.18,USD,OP-105962,27-Oct-2020,13/06/2024,1325
BANORTE,2883626.15,EUR,OP-105963,"March 05, 2024",N/A,N/A
soriana,8004435.2,USD,OP-105964,"August 31, 2021",21-Jan-2024,873
bbva méxico,2548142.62,USD,OP-105965,21-Dec-2024,N/A,N/A
américa móvil,7118478.7,EUR,OP-105966,2016-08-06,03-Nov-2021,1915
AMÉRICA MÓVIL,4216860.08,USD,OP-105967,"September 05, 2022","February 11, 2025",890
grupo carso,170175.74,USD,OP-105968,16-Apr-2022,N/A,N/A
grupo méxico,7720210.83,EUR,OP-105969,"November 19, 2022",N/A,N/A
alsea,1793596.64,EUR,OP-105970,29/01/2025,N/A,N/A
BANORTE,7990526.72,EUR,OP-105971,03-Jan-2020,N/A,N/A
américa móvil,3133247.47,EUR,OP-105972,"April 12, 2018",N/A,N/A
TELMEX,410537.26,USD,OP-105973,2021-10-18,N/A,N/A
FEMSA,1840179.3,EUR,OP-105974,04/08/2022,10/02/2023,542
TELMEX,991139.5,USD,OP-105975,05/12/2018,"August 01, 2021",1177
FEMSA,8100668.06,USD,OP-105976,16/04/2024,N/A,N/A
grupo lala,8310944.06,USD,OP-105977,2020-06-21,N/A,N/A
banorte,8049055.64,MXN,OP-105978,04/07/2022,N/A,N/A
ALSEA,7671661.47,EUR,OP-105979,14-Dec-2023,N/A,N/A
ALSEA,5073576.37,USD,OP-105980,"December 25, 2020","June 23, 2025",1641
GRUPO LALA,4814085.53,MXN,OP-105981,2025-06-27,N/A,N/A
SORIANA,7329629.28,EUR,OP-105982,18/09/2018,N/A,N/A
liverpool,3062944.73,USD,OP-105983,"November 10, 2016",2020-10-27,1447
grupo bimbo,1595294.17,MXN,OP-105984,20-Oct-2017,"August 31, 2024",2507
PEMEX,5137949.47,USD,OP-105985,25-Jan-2020,N/A,N/A
femsa,8194869.15,USD,OP-105986,"August 27, 2020",27/05/2025,1734
grupo bimbo,3454004.55,EUR,OP-105987,22-Dec-2018,N/A,N/A
GRUPO CARSO,448058.21,USD,OP-105988,"March 28, 2023",N/A,N/A
SORIANA,3662111.11,MXN,OP-105989,26-Feb-2024,N/A,N/A
ALSEA,5130583.75,MXN,OP-105990,"October 03, 2023",03/11/2024,160
telmex,3162972.16,EUR,OP-105991,17-Jan-2019,2023-02-22,1497
LIVERPOOL,7513518.94,MXN,OP-105992,2024-05-02,N/A,N/A
grupo méxico,1248763.57,EUR,OP-105993,"May 06, 2021",N/A,N/A
BANORTE,1470263.75,EUR,OP-105994,25/04/2017,N/A,N/A
TELMEX,8069733.69,MXN,OP-105995,"December 19, 2024",N/A,N/A
FEMSA,7659661.83,MXN,OP-105996,2019-02-18,"September 15, 2024",2036
GRUPO BIMBO,1477052.22,MXN,OP-105997,02/08/2025,2025-03-19,39
LIVERPOOL,468142.43,USD,OP-105998,23/04/2025,N/A,N/A
CEMEX,4585472.21,MXN,OP-105999,15/05/2018,N/A,N/A
liverpool,7949538.74,MXN,OP-106000,"April 10, 2017",04-Sep-2021,1608
soriana,3930027.17,USD,OP-106001,"July 28, 2022",N/A,N/A
américa móvil,6058647.88,USD,OP-106002,2025-03-28,N/A,N/A
LIVERPOOL,6723393.7,USD,OP-106003,13-Mar-2019,N/A,N/A
telmex,6782462.49,USD,OP-106004,2017-11-02,N/A,N/A
liverpool,2793517.39,EUR,OP-106005,2018-12-16,N/A,N/A
ALSEA,9147186.64,EUR,OP-106006,"May 22, 2025",N/A,N/A
WALMART DE MÉXICO,1214169.2,EUR,OP-106007,2015-09-06,"October 30, 2017",785
ALSEA,1762888.44,EUR,OP-106008,30/12/2016,"September 22, 2022",2092
TELMEX,6600989.77,MXN,OP-106009,16-Nov-2017,N/A,N/A
bbva méxico,9944059.74,USD,OP-106010,20-Nov-2018,"March 26, 2022",1222
BANORTE,8132933.77,MXN,OP-106011,"May 04, 2018",22/01/2022,1359
GRUPO CARSO,8017067.96,MXN,OP-106012,23/08/2019,N/A,N/A
GRUPO CARSO,4522731.95,USD,OP-106013,"October 22, 2018",26/09/2021,1070
femsa,315733.36,USD,OP-106014,18-Feb-2023,N/A,N/A
bbva méxico,3029966.39,EUR,OP-106015,"October 10, 2017",N/A,N/A
LIVERPOOL,5090829.76,USD,OP-106016,08/01/2025,N/A,N/A
soriana,9200245.55,MXN,OP-106017,26-Sep-2023,N/A,N/A
grupo bimbo,8594284.29,MXN,OP-106018,2024-06-26,N/A,N/A
pemex,2129443.87,MXN,OP-106019,21/08/2024,N/A,N/A
PEMEX,8780209.02,USD,OP-106020,"December 31, 2023",N/A,N/A
GRUPO BIMBO,6884633.09,EUR,OP-106021,15/04/2019,N/A,N/A
BBVA MÉXICO,7820641.07,EUR,OP-106022,01/03/2023,N/A,N/A
FEMSA,1676675.92,MXN,OP-106023,13-Apr-2020,N/A,N/A
cemex,7650356.34,USD,OP-106024,"December 20, 2015",30/09/2017,650
walmart de méxico,6806875.79,USD,OP-106025,"August 29, 2022","April 05, 2025",950
grupo méxico,2820092.47,USD,OP-106026,11/04/2016,"February 14, 2019",832
walmart de méxico,347509.84,EUR,OP-106027,2023-03-09,N/A,N/A
GRUPO CARSO,3714207.09,MXN,OP-106028,2020-01-23,"July 26, 2025",2011
ALSEA,4361610.25,MXN,OP-106029,03-Oct-2021,17/06/2022,257
TELMEX,6650628.87,EUR,OP-106030,30-Mar-2016,2017-10-29,578
BBVA MÉXICO,1831964.74,EUR,OP-106031,2025-04-27,N/A,N/A
SORIANA,1236538.52,EUR,OP-106032,11/07/2025,N/A,N/A
GRUPO LALA,9809501.45,MXN,OP-106033,"April 25, 2021",N/A,N/A
telmex,6303852.08,USD,OP-106034,"January 03, 2025",N/A,N/A
AMÉRICA MÓVIL,1400856.18,MXN,OP-106035,2018-04-27,"August 30, 2023",1951
GRUPO BIMBO,8739688.27,EUR,OP-106036,04-Feb-2019,N/A,N/A
BBVA MÉXICO,6120226.42,EUR,OP-106037,"June 27, 2019",N/A,N/A
cemex,918580.49,MXN,OP-106038,11/01/2018,"January 15, 2023",1536
pemex,1816336.9,MXN,OP-106039,19/02/2022,N/A,N/A
BANORTE,9071991.68,MXN,OP-106040,17/09/2020,N/A,N/A
banorte,6944518.06,USD,OP-106041,2020-08-15,06-Aug-2021,356
soriana,8611229.42,MXN,OP-106042,03/08/2024,N/A,N/A
pemex,6238995.54,USD,OP-106043,"May 28, 2025",N/A,N/A
SORIANA,6328763.75,EUR,OP-106044,2016-02-19,2024-12-30,3237
américa móvil,2210699.65,MXN,OP-106045,"January 21, 2016",02-Jun-2021,1959
GRUPO CARSO,8034601.11,USD,OP-106046,28/06/2023,2023-09-18,82
GRUPO MÉXICO,1117970.67,USD,OP-106047,"March 24, 2017",04-Dec-2021,1716
CEMEX,6787987.51,USD,OP-106048,12/09/2023,03-Oct-2024,299
grupo lala,9731032.62,EUR,OP-106049,2022-09-27,N/A,N/A
grupo méxico,557800.02,USD,OP-106050,2023-07-07,N/A,N/A
BANORTE,1810241.95,USD,OP-106051,21-Jan-2020,"February 16, 2025",1853
grupo lala,676831.69,MXN,OP-106052,01/04/2018,N/A,N/A
BBVA MÉXICO,209616.6,USD,OP-106053,"September 01, 2021",N/A,N/A
cemex,6869547.12,MXN,OP-106054,28/11/2017,N/A,N/A
grupo méxico,3052487.91,EUR,OP-106055,2025-02-21,N/A,N/A
grupo lala,3455157.03,USD,OP-106056,2022-09-25,N/A,N/A
grupo lala,8788850.9,MXN,OP-106057,09/09/2021,N/A,N/A
AMÉRICA MÓVIL,2232153.98,USD,OP-106058,"March 11, 2022",N/A,N/A
SORIANA,3707346.97,EUR,OP-106059,"September 17, 2016",07/01/2023,2478
banorte,3926753.62,MXN,OP-106060,2018-04-30,"June 28, 2019",424
pemex,9964194.35,EUR,OP-106061,25/10/2023,N/A,N/A
cemex,3467364.54,EUR,OP-106062,2025-04-10,N/A,N/A
cemex,9969598.56,EUR,OP-106063,02-Aug-2021,18/02/2023,565
GRUPO CARSO,9780088.04,EUR,OP-106064,15/01/2019,N/A,N/A
liverpool,2481565.16,USD,OP-106065,20/02/2020,N/A,N/A
cemex,6473528.57,EUR,OP-106066,2021-03-30,"July 10, 2022",467
BANORTE,4062630.12,USD,OP-106067,"September 22, 2016",N/A,N/A
BBVA MÉXICO,4256801.81,EUR,OP-106068,29-Oct-2021,N/A,N/A
SORIANA,8494372.44,USD,OP-106069,14/12/2022,2023-09-05,265
TELMEX,5741849.87,USD,OP-106070,16-Nov-2021,N/A,N/A
ALSEA,5474667.99,EUR,OP-106071,2025-02-26,N/A,N/A
walmart de méxico,9620935.47,USD,OP-106072,2018-12-20,N/A,N/A
BBVA MÉXICO,8001734.5,MXN,OP-106073,"February 25, 2019",N/A,N/A
GRUPO MÉXICO,4948343.41,USD,OP-106074,2021-05-05,09-Oct-2023,887
SORIANA,6699583.43,MXN,OP-106075,"February 11, 2023",N/A,N/A
banorte,1567972.34,MXN,OP-106076,2018-08-26,N/A,N/A
AMÉRICA MÓVIL,9476770.89,USD,OP-106077,05/03/2019,"July 12, 2024",1897
grupo méxico,7990690.61,MXN,OP-106078,"April 15, 2020",N/A,N/A
AMÉRICA MÓVIL,3783264.58,MXN,OP-106079,30/06/2025,N/A,N/A
américa móvil,567926.6,EUR,OP-106080,27-Jul-2019,2023-05-04,1377
BANORTE,8844245.85,MXN,OP-106081,"February 29, 2020",N/A,N/A
ALSEA,2876401.89,EUR,OP-106082,19/09/2018,N/A,N/A
SORIANA,8670146.26,USD,OP-106083,2016-01-05,20/03/2019,1170
SORIANA,5293497.88,USD,OP-106084,28-Jul-2016,"June 20, 2023",2518
alsea,5150203.67,EUR,OP-106085,2019-04-02,N/A,N/A
grupo lala,9855725.49,EUR,OP-106086,2019-01-08,"January 27, 2024",1845
LIVERPOOL,8732204.53,EUR,OP-106087,2016-12-22,N/A,N/A
AMÉRICA MÓVIL,8899104.44,EUR,OP-106088,"September 13, 2019",2025-03-01,1996
BBVA MÉXICO,622100.93,MXN,OP-106089,15/11/2015,02/11/2019,1184
CEMEX,4263909.36,MXN,OP-106090,05/05/2025,N/A,N/A
PEMEX,3341513.14,USD,OP-106091,"March 05, 2020",06-Feb-2024,1433
grupo carso,9497391.79,MXN,OP-106092,2021-08-04,N/A,N/A
américa móvil,4718257.12,MXN,OP-106093,2024-11-03,N/A,N/A
SORIANA,164050.8,EUR,OP-106094,"March 22, 2021","September 20, 2023",912
alsea,1170645.47,MXN,OP-106095,"January 23, 2019",N/A,N/A
pemex,1018748.04,EUR,OP-106096,"April 16, 2022",N/A,N/A
cemex,9086855.6,MXN,OP-106097,"October 21, 2024",N/A,N/A
soriana,718730.65,EUR,OP-106098,18-Mar-2019,"October 24, 2019",220
américa móvil,1199333.64,MXN,OP-106099,2016-02-15,"September 21, 2018",949
BBVA MÉXICO,1149598.35,MXN,OP-106100,06-Jul-2022,N/A,N/A
BANORTE,1025468.49,EUR,OP-106101,20-Feb-2025,N/A,N/A
LIVERPOOL,8456981.59,EUR,OP-106102,02/09/2023,N/A,N/A
walmart de méxico,7832544.39,USD,OP-106103,2016-11-30,"July 28, 2019",970
soriana,9672716.25,USD,OP-106104,2017-05-03,17/10/2020,1263
banorte,6888900.07,USD,OP-106105,2019-06-01,N/A,N/A
alsea,3093525.08,USD,OP-106106,2025-08-13,N/A,N/A
GRUPO LALA,9122000.0,USD,OP-106107,"December 03, 2021",15/07/2022,224
GRUPO BIMBO,860824.55,MXN,OP-106108,2017-03-09,N/A,N/A
telmex,9726102.6,USD,OP-106109,"May 13, 2024",N/A,N/A
LIVERPOOL,7420365.41,EUR,OP-106110,2016-12-09,06/07/2021,1641
CEMEX,9605204.44,USD,OP-106111,10-Apr-2023,N/A,N/A
banorte,7361654.9,MXN,OP-106112,"August 13, 2019","May 10, 2023",1366
walmart de méxico,2317038.07,MXN,OP-106113,2018-03-01,2018-10-22,235
FEMSA,9980612.84,USD,OP-106114,"June 18, 2023",N/A,N/A
BANORTE,9541525.26,USD,OP-106115,28/06/2019,21-Jul-2019,23
GRUPO BIMBO,6135279.67,EUR,OP-106116,"March 22, 2021",N/A,N/A
grupo carso,4110972.31,MXN,OP-106117,13/03/2018,N/A,N/A
BANORTE,788886.22,MXN,OP-106118,2021-10-17,N/A,N/A
BANORTE,8704824.1,USD,OP-106119,02-Jun-2025,N/A,N/A
telmex,3220745.96,USD,OP-106120,27-Dec-2019,"August 24, 2025",2067
ALSEA,7551209.25,USD,OP-106121,2022-05-27,N/A,N/A
telmex,2334548.71,EUR,OP-106122,02/02/2018,"January 22, 2024",2180
AMÉRICA MÓVIL,1789593.33,MXN,OP-106123,27-Jun-2023,N/A,N/A
BBVA MÉXICO,6612532.58,EUR,OP-106124,"June 07, 2017",N/A,N/A
banorte,5101354.92,EUR,OP-106125,"June 08, 2024",06/08/2024,0
PEMEX,1639479.21,USD,OP-106126,2020-06-11,N/A,N/A
grupo lala,4662301.69,USD,OP-106127,29/07/2024,N/A,N/A
grupo carso,3362541.0,EUR,OP-106128,27-Feb-2022,N/A,N/A
GRUPO BIMBO,5516605.04,USD,OP-106129,28/06/2017,N/A,N/A
GRUPO LALA,3406334.36,EUR,OP-106130,28/02/2024,N/A,N/A
WALMART DE MÉXICO,4292157.46,MXN,OP-106131,2020-08-31,N/A,N/A
grupo bimbo,4479984.77,EUR,OP-106132,"August 04, 2024",N/A,N/A
soriana,3430480.88,USD,OP-106133,02-Mar-2021,N/A,N/A
WALMART DE MÉXICO,5376383.04,MXN,OP-106134,09/03/2018,N/A,N/A
ALSEA,3774677.04,EUR,OP-106135,"September 11, 2019",N/A,N/A
PEMEX,8856576.72,MXN,OP-106136,2022-06-12,N/A,N/A
BBVA MÉXICO,4264504.31,EUR,OP-106137,02-Apr-2022,N/A,N/A
TELMEX,7517508.2,MXN,OP-106138,"July 13, 2022",N/A,N/A
GRUPO CARSO,2508956.23,USD,OP-106139,19-Jul-2021,N/A,N/A
bbva méxico,6994613.78,EUR,OP-106140,07-Sep-2019,"January 05, 2024",1581
alsea,5010044.26,USD,OP-106141,01-Mar-2020,N/A,N/A
GRUPO CARSO,3147841.1,USD,OP-106142,08/12/2018,2025-03-23,2415
CEMEX,4478076.44,USD,OP-106143,22-Jun-2018,"May 20, 2020",698
américa móvil,6896382.51,EUR,OP-106144,17/04/2020,N/A,N/A
LIVERPOOL,7431047.01,USD,OP-106145,23/10/2023,N/A,N/A
LIVERPOOL,461414.39,MXN,OP-106146,2019-01-04,N/A,N/A
FEMSA,9619716.59,EUR,OP-106147,"February 05, 2018","February 27, 2023",1848
GRUPO MÉXICO,4633838.21,EUR,OP-106148,20/03/2024,N/A,N/A
ALSEA,6048816.08,MXN,OP-106149,29-Sep-2022,N/A,N/A
telmex,8680134.42,EUR,OP-106150,2017-09-23,"April 11, 2025",2757
grupo carso,8283914.22,USD,OP-106151,"August 02, 2019",13-Jul-2021,711
grupo méxico,7844809.53,EUR,OP-106152,10-Oct-2021,N/A,N/A
cemex,1875579.71,MXN,OP-106153,2023-05-10,N/A,N/A
américa móvil,8812824.14,USD,OP-106154,19-Aug-2021,N/A,N/A
GRUPO BIMBO,160542.08,USD,OP-106155,24/03/2019,N/A,N/A
walmart de méxico,6938776.58,USD,OP-106156,21-May-2024,"July 26, 2024",66
alsea,1645831.7,USD,OP-106157,"November 02, 2023",N/A,N/A
grupo carso,4947213.9,EUR,OP-106158,20-Nov-2023,N/A,N/A
grupo lala,3691380.11,MXN,OP-106159,"October 20, 2017",N/A,N/A
banorte,9974662.81,USD,OP-106160,23-Feb-2025,N/A,N/A
AMÉRICA MÓVIL,8295979.75,MXN,OP-106161,2024-10-02,N/A,N/A
SORIANA,9635904.61,MXN,OP-106162,16-Mar-2016,11/06/2021,2061
grupo carso,886460.91,EUR,OP-106163,27/04/2023,N/A,N/A
GRUPO LALA,8480416.88,EUR,OP-106164,2018-06-09,28/08/2019,445
CEMEX,1919535.23,MXN,OP-106165,06-Mar-2021,2021-05-08,63
GRUPO BIMBO,3401550.81,EUR,OP-106166,2018-06-24,13/03/2023,1723
cemex,7918849.05,USD,OP-106167,27/12/2018,N/A,N/A
américa móvil,7796566.25,EUR,OP-106168,2025-04-05,N/A,N/A
AMÉRICA MÓVIL,6118925.34,USD,OP-106169,11/12/2018,N/A,N/A
liverpool,4494523.48,EUR,OP-106170,2018-09-02,N/A,N/A
soriana,1089307.69,MXN,OP-106171,2020-06-06,N/A,N/A
grupo lala,8205141.19,EUR,OP-106172,11/07/2021,N/A,N/A
pemex,669953.52,MXN,OP-106173,"June 07, 2020",N/A,N/A
CEMEX,4829756.42,MXN,OP-106174,"April 22, 2018",N/A,N/A
alsea,2357386.59,USD,OP-106175,07/08/2022,N/A,N/A
BANORTE,1921779.44,USD,OP-106176,01/06/2019,N/A,N/A
telmex,7992508.01,EUR,OP-106177,2017-10-20,"January 12, 2024",2275
alsea,1740399.77,EUR,OP-106178,08/01/2016,"July 17, 2024",2907
banorte,5452804.71,MXN,OP-106179,"March 06, 2017","May 09, 2024",2621
pemex,8985790.41,USD,OP-106180,"September 27, 2024",N/A,N/A
femsa,6325725.91,EUR,OP-106181,04-Feb-2016,N/A,N/A
BANORTE,1946487.38,USD,OP-106182,2017-07-05,16-Jul-2024,2568
TELMEX,5722814.01,USD,OP-106183,05/04/2017,2024-07-23,2637
bbva méxico,3858607.94,EUR,OP-106184,"June 29, 2022",N/A,N/A
FEMSA,7808326.61,EUR,OP-106185,08-Nov-2018,N/A,N/A
grupo bimbo,2747217.92,EUR,OP-106186,"August 12, 2023",N/A,N/A
grupo méxico,4072149.61,MXN,OP-106187,21/03/2019,N/A,N/A
cemex,884520.6,MXN,OP-106188,25-Mar-2025,N/A,N/A
AMÉRICA MÓVIL,8622561.92,USD,OP-106189,2020-05-29,"August 07, 2024",1531
américa móvil,9002872.68,MXN,OP-106190,"January 17, 2021",N/A,N/A
AMÉRICA MÓVIL,4704279.71,USD,OP-106191,18/10/2017,N/A,N/A
liverpool,5751934.61,USD,OP-106192,"July 11, 2017",N/A,N/A
GRUPO BIMBO,9221514.87,MXN,OP-106193,"January 04, 2017","February 07, 2022",1860
AMÉRICA MÓVIL,3799162.47,MXN,OP-106194,30/10/2021,N/A,N/A
cemex,1380706.92,MXN,OP-106195,2017-09-17,"June 09, 2021",1361
cemex,5107562.01,MXN,OP-106196,"November 30, 2019",N/A,N/A
FEMSA,2452152.6,EUR,OP-106197,2016-06-10,"June 26, 2017",381
walmart de méxico,7521141.8,EUR,OP-106198,16/05/2024,N/A,N/A
banorte,4738715.16,USD,OP-106199,2023-10-20,28/05/2024,221
SORIANA,2991439.38,USD,OP-106200,2018-05-03,12-Feb-2024,2111
cemex,1225754.4,EUR,OP-106201,17/01/2024,N/A,N/A
WALMART DE MÉXICO,6296903.31,EUR,OP-106202,2021-10-12,N/A,N/A
grupo lala,1841697.48,MXN,OP-106203,2020-04-20,N/A,N/A
AMÉRICA MÓVIL,5156698.3,MXN,OP-106204,10/03/2019,N/A,N/A
cemex,1152652.96,EUR,OP-106205,17/10/2024,N/A,N/A
GRUPO CARSO,3198692.66,EUR,OP-106206,08-Feb-2025,N/A,N/A
banorte,7202072.76,USD,OP-106207,09-Nov-2016,13-Feb-2017,96
BANORTE,9848156.97,USD,OP-106208,16/06/2024,N/A,N/A
BBVA MÉXICO,2351837.09,EUR,OP-106209,12/06/2023,N/A,N/A
GRUPO CARSO,1268538.75,USD,OP-106210,"July 19, 2024",N/A,N/A
américa móvil,9085154.18,USD,OP-106211,2025-06-08,N/A,N/A
grupo bimbo,9001026.45,EUR,OP-106212,07/08/2021,"August 06, 2021",29
TELMEX,9801102.95,EUR,OP-106213,2020-02-07,09/09/2020,215
LIVERPOOL,8964575.56,USD,OP-106214,"December 07, 2021",N/A,N/A
walmart de méxico,9771709.15,EUR,OP-106215,11-May-2016,20-Feb-2023,2476
WALMART DE MÉXICO,610656.81,USD,OP-106216,2016-11-01,17-Jun-2017,228
américa móvil,7344383.8,MXN,OP-106217,14-Aug-2023,N/A,N/A
CEMEX,2627752.59,EUR,OP-106218,04-Nov-2020,N/A,N/A
PEMEX,190114.75,MXN,OP-106219,2019-09-13,N/A,N/A
GRUPO CARSO,3726820.65,USD,OP-106220,31-Jan-2021,"October 06, 2024",1344
ALSEA,5066778.61,USD,OP-106221,2025-08-01,N/A,N/A
CEMEX,471397.37,MXN,OP-106222,04/07/2017,2025-08-23,3060
liverpool,1914642.89,EUR,OP-106223,"October 27, 2018","March 25, 2019",149
grupo bimbo,4522910.77,MXN,OP-106224,"January 14, 2019",N/A,N/A
GRUPO BIMBO,1413599.66,MXN,OP-106225,19/06/2021,2022-01-11,206
TELMEX,7312009.44,USD,OP-106226,2018-04-30,12-Jun-2021,1139
BANORTE,3592262.18,USD,OP-106227,17/01/2025,N/A,N/A
américa móvil,6644244.8,EUR,OP-106228,2025-03-29,N/A,N/A
pemex,9759108.16,MXN,OP-106229,15/04/2021,N/A,N/A
walmart de méxico,8264140.95,EUR,OP-106230,2025-03-12,N/A,N/A
WALMART DE MÉXICO,3674878.9,MXN,OP-106231,28-Apr-2018,N/A,N/A
GRUPO LALA,7104304.79,EUR,OP-106232,15/06/2023,N/A,N/A
CEMEX,9142531.23,MXN,OP-106233,01/07/2018,2025-08-10,2772
LIVERPOOL,719836.66,USD,OP-106234,23-Sep-2017,2021-10-24,1492
GRUPO BIMBO,5410568.06,USD,OP-106235,"September 07, 2017",N/A,N/A
GRUPO CARSO,5632174.68,USD,OP-106236,03/04/2023,N/A,N/A
GRUPO MÉXICO,6591648.51,MXN,OP-106237,28/07/2020,N/A,N/A
femsa,9990103.39,USD,OP-106238,"December 04, 2021",N/A,N/A
banorte,7441308.34,EUR,OP-106239,16/08/2016,16-Jul-2023,2525
SORIANA,3189321.69,MXN,OP-106240,21/10/2022,N/A,N/A
grupo lala,6234765.92,USD,OP-106241,"September 20, 2023",N/A,N/A
SORIANA,8478421.08,EUR,OP-106242,16-Jul-2020,N/A,N/A
telmex,6092322.11,USD,OP-106243,2025-04-07,N/A,N/A
grupo méxico,9522473.18,MXN,OP-106244,2022-07-22,N/A,N/A
grupo carso,205346.06,EUR,OP-106245,"February 14, 2019","October 03, 2023",1692
GRUPO LALA,8917412.1,MXN,OP-106246,"June 15, 2018",N/A,N/A
CEMEX,2764355.6,EUR,OP-106247,"March 30, 2019",2022-09-08,1258
GRUPO MÉXICO,8738240.89,EUR,OP-106248,08-May-2017,2020-09-25,1236
LIVERPOOL,1722099.35,USD,OP-106249,"December 03, 2021",2022-03-22,109
GRUPO BIMBO,2036271.97,MXN,OP-106250,24/09/2017,N/A,N/A
grupo méxico,4576235.67,USD,OP-106251,"December 22, 2022",N/A,N/A
alsea,6489163.16,USD,OP-106252,05-Jul-2024,N/A,N/A
WALMART DE MÉXICO,4231175.04,USD,OP-106253,"January 29, 2020","November 29, 2021",670
CEMEX,6961996.14,MXN,OP-106254,06-Aug-2025,N/A,N/A
alsea,6032748.9,USD,OP-106255,"October 31, 2017",01-Feb-2019,458
telmex,2098310.43,USD,OP-106256,2024-05-06,N/A,N/A
BBVA MÉXICO,7380225.3,EUR,OP-106257,28/01/2025,N/A,N/A
AMÉRICA MÓVIL,9820875.16,MXN,OP-106258,25/07/2025,N/A,N/A
AMÉRICA MÓVIL,4771094.15,MXN,OP-106259,"January 21, 2023",N/A,N/A
BANORTE,1138493.13,USD,OP-106260,30/08/2022,N/A,N/A
TELMEX,6459178.93,EUR,OP-106261,2019-01-08,09/10/2020,611
AMÉRICA MÓVIL,8776133.87,USD,OP-106262,"November 30, 2022",N/A,N/A
banorte,3521830.69,MXN,OP-106263,22-Dec-2015,N/A,N/A
cemex,3938007.64,USD,OP-106264,27/01/2021,N/A,N/A
grupo méxico,3756882.96,MXN,OP-106265,"December 02, 2021",N/A,N/A
liverpool,6336046.36,EUR,OP-106266,2018-04-17,28-Aug-2023,1959
SORIANA,5703462.09,USD,OP-106267,2025-07-17,N/A,N/A
SORIANA,6615121.54,EUR,OP-106268,"September 06, 2016",15/03/2017,190
pemex,7720780.49,USD,OP-106269,23-Dec-2020,2023-09-30,1011
FEMSA,4752667.8,EUR,OP-106270,"August 07, 2016",N/A,N/A
pemex,8966607.34,EUR,OP-106271,"July 08, 2018",01-Mar-2023,1697
ALSEA,6943306.33,USD,OP-106272,"June 14, 2021",16/10/2022,489
GRUPO CARSO,3119740.95,MXN,OP-106273,11-Oct-2019,N/A,N/A
ALSEA,3610408.65,MXN,OP-106274,20/10/2018,N/A,N/A
bbva méxico,8989600.17,EUR,OP-106275,"May 25, 2019",2022-01-11,962
walmart de méxico,7164237.38,MXN,OP-106276,"September 20, 2015",N/A,N/A
pemex,6892440.12,USD,OP-106277,27-Feb-2020,N/A,N/A
FEMSA,5020357.95,EUR,OP-106278,2023-08-20,N/A,N/A
cemex,2918225.8,MXN,OP-106279,31-Mar-2020,N/A,N/A
bbva méxico,783774.2,USD,OP-106280,02-Feb-2016,2024-12-20,3244
pemex,4229136.91,EUR,OP-106281,03/12/2022,29/08/2024,901
TELMEX,5020109.72,MXN,OP-106282,20/11/2019,N/A,N/A
GRUPO LALA,3066394.06,EUR,OP-106283,"February 01, 2024",N/A,N/A
cemex,9870992.96,USD,OP-106284,"November 07, 2019",28-Oct-2021,721
liverpool,2449612.94,MXN,OP-106285,2023-04-13,N/A,N/A
américa móvil,5706614.17,EUR,OP-106286,16-Mar-2025,N/A,N/A
PEMEX,7257315.22,MXN,OP-106287,10/01/2021,N/A,N/A
grupo carso,4059414.2,MXN,OP-106288,2025-03-16,N/A,N/A
walmart de méxico,9977947.84,EUR,OP-106289,"May 17, 2023",N/A,N/A
GRUPO CARSO,8163238.99,MXN,OP-106290,10/09/2023,N/A,N/A
walmart de méxico,3684615.85,EUR,OP-106291,01-Nov-2016,"October 08, 2018",706
bbva méxico,6510454.46,MXN,OP-106292,05-Nov-2023,N/A,N/A
walmart de méxico,8739095.8,USD,OP-106293,06/05/2023,N/A,N/A
pemex,6963382.25,USD,OP-106294,2020-03-06,"February 16, 2022",712
telmex,4830395.33,MXN,OP-106295,2025-02-01,N/A,N/A
BANORTE,9021389.69,USD,OP-106296,"October 05, 2022",N/A,N/A
femsa,967629.81,USD,OP-106297,25-Apr-2018,N/A,N/A
walmart de méxico,6758513.64,USD,OP-106298,2017-06-07,29/12/2023,2396
grupo lala,9445659.46,USD,OP-106299,2015-10-19,11/04/2022,2573
LIVERPOOL,3908025.53,MXN,OP-106300,01/02/2016,N/A,N/A
américa móvil,4047755.13,USD,OP-106301,"December 24, 2017",N/A,N/A
FEMSA,6512995.27,MXN,OP-106302,"October 08, 2021",N/A,N/A
banorte,1807438.69,EUR,OP-106303,2021-06-03,08-Sep-2021,97
américa móvil,6369734.19,MXN,OP-106304,"September 27, 2023",N/A,N/A
WALMART DE MÉXICO,4640402.06,MXN,OP-106305,"April 17, 2022",N/A,N/A
GRUPO LALA,4145418.56,USD,OP-106306,2019-08-18,N/A,N/A
TELMEX,3998491.39,MXN,OP-106307,2022-11-15,N/A,N/A
telmex,2575381.38,EUR,OP-106308,2018-11-10,N/A,N/A
grupo lala,6065940.14,EUR,OP-106309,11-Jun-2025,N/A,N/A
PEMEX,8905115.61,EUR,OP-106310,17-Nov-2015,"July 04, 2016",230
GRUPO LALA,9267547.22,EUR,OP-106311,"January 04, 2025",N/A,N/A
liverpool,7516092.86,USD,OP-106312,"December 13, 2015",N/A,N/A
GRUPO CARSO,2681960.75,MXN,OP-106313,"April 19, 2022",N/A,N/A
alsea,4369298.76,USD,OP-106314,18/11/2021,N/A,N/A
grupo bimbo,1489414.38,MXN,OP-106315,"March 01, 2016",N/A,N/A
cemex,4505448.33,EUR,OP-106316,03/10/2021,2022-01-29,325
BBVA MÉXICO,2195053.37,USD,OP-106317,25-Feb-2023,N/A,N/A
FEMSA,8453853.87,EUR,OP-106318,2023-11-28,01-May-2024,155
WALMART DE MÉXICO,765716.78,USD,OP-106319,"January 30, 2021",06/05/2022,491
GRUPO BIMBO,3563085.43,USD,OP-106320,2015-10-04,09-Apr-2019,1283
walmart de méxico,9312233.19,EUR,OP-106321,"June 10, 2022",N/A,N/A
CEMEX,6934807.8,USD,OP-106322,29-Apr-2022,N/A,N/A
WALMART DE MÉXICO,8251606.22,EUR,OP-106323,13/08/2019,N/A,N/A
TELMEX,1546186.32,MXN,OP-106324,08-Sep-2015,16/11/2016,435
BBVA MÉXICO,7584371.94,MXN,OP-106325,2016-11-12,30/05/2021,1660
AMÉRICA MÓVIL,1521230.69,MXN,OP-106326,25/04/2024,N/A,N/A
LIVERPOOL,2508211.82,MXN,OP-106327,"April 17, 2023",31/12/2024,624
GRUPO BIMBO,252074.94,USD,OP-106328,15-Aug-2025,N/A,N/A
walmart de méxico,5506741.04,USD,OP-106329,18/04/2021,12-Aug-2025,1577
ALSEA,4971520.51,MXN,OP-106330,2023-01-04,N/A,N/A
soriana,4065405.74,EUR,OP-106331,22/04/2019,N/A,N/A
GRUPO BIMBO,9350191.9,EUR,OP-106332,"January 14, 2023",N/A,N/A
pemex,8549634.21,EUR,OP-106333,2019-04-29,2021-06-04,767
banorte,5834693.01,USD,OP-106334,2021-07-31,N/A,N/A
liverpool,1620743.28,USD,OP-106335,31/08/2020,N/A,N/A
GRUPO LALA,6958010.91,USD,OP-106336,"June 16, 2024",N/A,N/A
BBVA MÉXICO,9216451.04,MXN,OP-106337,26/03/2019,2022-11-03,1318
BBVA MÉXICO,2563681.92,MXN,OP-106338,"December 11, 2023",N/A,N/A
GRUPO LALA,9341003.4,USD,OP-106339,19-Mar-2025,N/A,N/A
cemex,526392.0,EUR,OP-106340,"January 07, 2025",N/A,N/A
WALMART DE MÉXICO,6593185.84,EUR,OP-106341,11-Sep-2021,06-May-2023,602
walmart de méxico,2409506.09,USD,OP-106342,2025-01-04,N/A,N/A
banorte,1079388.03,USD,OP-106343,11-Mar-2016,N/A,N/A
CEMEX,1678299.04,EUR,OP-106344,"August 16, 2023",N/A,N/A
FEMSA,9900532.88,USD,OP-106345,"December 16, 2017",N/A,N/A
bbva méxico,1003335.32,USD,OP-106346,2023-12-23,N/A,N/A
grupo lala,5744166.41,MXN,OP-106347,"April 01, 2024",N/A,N/A
GRUPO CARSO,3422257.39,MXN,OP-106348,08-May-2022,19-Mar-2024,681
banorte,8165067.27,EUR,OP-106349,21/11/2021,N/A,N/A
femsa,8719360.19,EUR,OP-106350,2021-04-02,31/01/2022,304
AMÉRICA MÓVIL,4699478.88,EUR,OP-106351,2019-09-04,N/A,N/A
grupo méxico,9106839.95,EUR,OP-106352,"July 22, 2021",30-Apr-2022,282
alsea,291145.76,EUR,OP-106353,"June 16, 2024",N/A,N/A
telmex,9538037.98,USD,OP-106354,2020-08-31,N/A,N/A
alsea,5098827.13,USD,OP-106355,19/09/2017,21/01/2021,1220
soriana,8491091.11,MXN,OP-106356,15/04/2023,N/A,N/A
GRUPO BIMBO,8055576.51,EUR,OP-106357,09/02/2017,23/04/2019,598
grupo méxico,9159889.28,USD,OP-106358,2018-05-05,2019-03-16,315
liverpool,9960396.43,MXN,OP-106359,13-Jul-2023,N/A,N/A
grupo lala,9383185.45,EUR,OP-106360,"December 01, 2017",13-Sep-2019,651
LIVERPOOL,9783922.39,MXN,OP-106361,"August 17, 2021",27-Nov-2024,1198
GRUPO CARSO,851093.33,USD,OP-106362,"June 06, 2021",N/A,N/A
GRUPO BIMBO,6773010.02,USD,OP-106363,2020-08-14,N/A,N/A
américa móvil,9798243.21,MXN,OP-106364,16/12/2016,2022-06-19,2011
SORIANA,5879818.61,USD,OP-106365,"January 10, 2017",2025-07-12,3105
GRUPO CARSO,440222.26,MXN,OP-106366,"June 13, 2024",N/A,N/A
BBVA MÉXICO,1220722.3,USD,OP-106367,"November 21, 2023",N/A,N/A
grupo bimbo,1186015.73,USD,OP-106368,2016-06-03,2017-03-26,296
cemex,3102369.01,USD,OP-106369,"May 16, 2016",N/A,N/A
alsea,1715751.08,EUR,OP-106370,"June 05, 2020",N/A,N/A
grupo bimbo,5583994.86,MXN,OP-106371,17/12/2015,N/A,N/A
telmex,2100711.11,EUR,OP-106372,2018-12-29,N/A,N/A
liverpool,4798227.19,USD,OP-106373,"June 11, 2019",N/A,N/A
banorte,5345067.79,MXN,OP-106374,29-Apr-2021,N/A,N/A
grupo méxico,5185597.98,EUR,OP-106375,05-Aug-2018,N/A,N/A
TELMEX,2497781.76,EUR,OP-106376,03/09/2024,N/A,N/A
grupo lala,3181052.4,EUR,OP-106377,12/02/2016,N/A,N/A
BBVA MÉXICO,2373634.78,USD,OP-106378,2022-12-20,09/07/2025,992
GRUPO LALA,1382167.79,USD,OP-106379,09/09/2021,2024-04-15,949
BBVA MÉXICO,6610274.66,USD,OP-106380,02/11/2017,15-Dec-2018,672
WALMART DE MÉXICO,5516724.95,USD,OP-106381,"April 02, 2016",N/A,N/A
BBVA MÉXICO,9527073.72,EUR,OP-106382,2022-08-22,26/10/2024,796
grupo bimbo,6628196.29,EUR,OP-106383,"February 28, 2023",N/A,N/A
pemex,9053351.31,MXN,OP-106384,"April 22, 2025",N/A,N/A
WALMART DE MÉXICO,1623163.72,EUR,OP-106385,01/12/2024,N/A,N/A
cemex,6282647.01,EUR,OP-106386,"September 26, 2017",N/A,N/A
AMÉRICA MÓVIL,1755152.86,MXN,OP-106387,05/12/2018,N/A,N/A
grupo méxico,8013700.41,USD,OP-106388,13/06/2019,03-Jul-2024,1847
TELMEX,604876.84,MXN,OP-106389,11-Aug-2019,2020-12-06,483
BBVA MÉXICO,1786089.57,MXN,OP-106390,2021-12-10,20-Dec-2021,10
liverpool,7793373.67,MXN,OP-106391,2016-06-10,05/10/2021,1795
bbva méxico,315956.17,USD,OP-106392,18/04/2023,N/A,N/A
femsa,4034829.34,MXN,OP-106393,2016-04-07,N/A,N/A
PEMEX,3786277.73,USD,OP-106394,15-Mar-2018,N/A,N/A
BBVA MÉXICO,6103822.65,USD,OP-106395,2015-09-26,30/04/2023,2773
ALSEA,2455805.59,MXN,OP-106396,2022-03-13,N/A,N/A
GRUPO MÉXICO,2343299.54,USD,OP-106397,03/10/2019,"May 02, 2022",1149
BANORTE,8602595.24,USD,OP-106398,22-Jan-2024,N/A,N/A
grupo carso,7070828.96,USD,OP-106399,2020-11-20,02-May-2024,1259
BBVA MÉXICO,3661852.75,EUR,OP-106400,"May 27, 2023",2023-10-25,151
SORIANA,2795294.45,MXN,OP-106401,2021-11-08,N/A,N/A
grupo carso,925467.08,EUR,OP-106402,04/01/2017,N/A,N/A
walmart de méxico,6062959.34,MXN,OP-106403,2021-05-17,N/A,N/A
PEMEX,2239564.14,MXN,OP-106404,27/10/2021,N/A,N/A
BBVA MÉXICO,7031942.76,MXN,OP-106405,"March 13, 2020",N/A,N/A
soriana,3111490.88,EUR,OP-106406,2023-02-09,N/A,N/A
américa móvil,8211090.07,EUR,OP-106407,24-Dec-2024,N/A,N/A
grupo méxico,6525916.51,MXN,OP-106408,03-Sep-2020,N/A,N/A
telmex,5791919.79,USD,OP-106409,13/11/2019,"August 29, 2024",1751
walmart de méxico,6873380.91,USD,OP-106410,29-Nov-2020,05-Aug-2024,1345
banorte,309359.74,MXN,OP-106411,"May 11, 2017",14-Aug-2017,95
WALMART DE MÉXICO,4628441.9,MXN,OP-106412,31/08/2015,N/A,N/A
alsea,9622451.03,EUR,OP-106413,2015-12-22,N/A,N/A
TELMEX,7309526.3,USD,OP-106414,2022-12-06,N/A,N/A
SORIANA,5953383.59,MXN,OP-106415,"February 04, 2023",N/A,N/A
grupo méxico,8971319.12,USD,OP-106416,10/02/2022,N/A,N/A
TELMEX,6899642.86,USD,OP-106417,07-Mar-2025,N/A,N/A
CEMEX,5465949.34,USD,OP-106418,2017-08-14,2024-09-01,2575
bbva méxico,8556430.87,EUR,OP-106419,08/01/2023,N/A,N/A
telmex,8626298.58,USD,OP-106420,15/03/2023,15/12/2024,641
telmex,4772544.05,USD,OP-106421,2016-04-04,N/A,N/A
GRUPO BIMBO,9818309.98,EUR,OP-106422,01/05/2021,03/01/2022,420
grupo bimbo,3924363.81,USD,OP-106423,2018-11-16,N/A,N/A
liverpool,3536394.22,USD,OP-106424,2018-02-16,"October 05, 2019",596
walmart de méxico,3729291.69,USD,OP-106425,01-Jan-2018,N/A,N/A
GRUPO LALA,9067270.75,USD,OP-106426,2021-03-25,N/A,N/A
banorte,7154571.32,EUR,OP-106427,"November 05, 2022",N/A,N/A
SORIANA,2572032.75,USD,OP-106428,2022-01-08,N/A,N/A
bbva méxico,6540094.51,MXN,OP-106429,04/12/2023,13-Sep-2023,154
grupo lala,3412469.8,EUR,OP-106430,"June 09, 2021",N/A,N/A
telmex,6751909.61,MXN,OP-106431,26-Feb-2023,"June 11, 2025",836
grupo carso,1670468.31,EUR,OP-106432,07/05/2024,28/11/2024,146
GRUPO MÉXICO,6293088.55,USD,OP-106433,12-May-2025,N/A,N/A
grupo méxico,7709370.91,MXN,OP-106434,"November 07, 2020",N/A,N/A
liverpool,9288180.67,EUR,OP-106435,"November 15, 2018",04-Dec-2021,1115
BBVA MÉXICO,3741421.7,USD,OP-106436,"October 17, 2017",2018-01-01,76
GRUPO CARSO,2309353.07,EUR,OP-106437,15/10/2016,N/A,N/A
ALSEA,2090397.65,USD,OP-106438,2020-02-20,09-Jun-2024,1571
BBVA MÉXICO,6677979.67,EUR,OP-106439,07-Feb-2019,N/A,N/A
GRUPO BIMBO,9588455.58,USD,OP-106440,2023-10-29,N/A,N/A
femsa,6578861.1,MXN,OP-106441,2021-04-15,"June 25, 2023",801
ALSEA,6312693.44,EUR,OP-106442,25-Mar-2024,N/A,N/A
BANORTE,2344149.59,MXN,OP-106443,2015-09-27,08-Oct-2020,1838
soriana,1971664.68,EUR,OP-106444,30/06/2019,"November 25, 2020",514
GRUPO LALA,4919822.0,EUR,OP-106445,18/12/2020,"May 14, 2023",877
TELMEX,2943206.72,EUR,OP-106446,2020-01-03,"September 16, 2021",622
pemex,5617792.92,USD,OP-106447,02-Sep-2015,N/A,N/A
FEMSA,867496.41,MXN,OP-106448,2020-02-13,N/A,N/A
TELMEX,3655176.75,EUR,OP-106449,"December 26, 2021",N/A,N/A
GRUPO CARSO,4600209.85,EUR,OP-106450,25/09/2020,N/A,N/A
walmart de méxico,5645454.24,USD,OP-106451,07-Jul-2019,N/A,N/A
BANORTE,7541931.48,MXN,OP-106452,18-Jan-2016,19/04/2022,2283
GRUPO MÉXICO,8724268.51,USD,OP-106453,19/04/2018,N/A,N/A
GRUPO MÉXICO,9417666.8,MXN,OP-106454,05-Jul-2024,N/A,N/A
pemex,1917989.28,USD,OP-106455,"September 24, 2022",N/A,N/A
banorte,8995124.57,USD,OP-106456,30/12/2021,N/A,N/A
SORIANA,7867021.77,USD,OP-106457,28-Jun-2017,"September 29, 2023",2284
grupo carso,2558004.42,MXN,OP-106458,2017-08-22,"July 16, 2022",1789
grupo carso,2698247.96,USD,OP-106459,18/11/2020,N/A,N/A
cemex,5582746.13,MXN,OP-106460,07-Apr-2020,25-Dec-2023,1357
GRUPO CARSO,3269158.76,EUR,OP-106461,26/02/2022,N/A,N/A
LIVERPOOL,3015458.65,MXN,OP-106462,15/03/2018,"June 01, 2023",1904
grupo bimbo,6338036.4,EUR,OP-106463,12-Dec-2020,29/02/2024,1174
grupo lala,9656398.47,EUR,OP-106464,16-May-2023,N/A,N/A
walmart de méxico,1781816.88,MXN,OP-106465,"December 25, 2016",N/A,N/A
AMÉRICA MÓVIL,1615133.7,EUR,OP-106466,03-Dec-2022,N/A,N/A
pemex,5423778.01,USD,OP-106467,"May 27, 2018",N/A,N/A
WALMART DE MÉXICO,3240465.16,USD,OP-106468,2023-02-17,N/A,N/A
grupo lala,6433390.67,EUR,OP-106469,"June 22, 2018",N/A,N/A
alsea,9490617.67,USD,OP-106470,19-Apr-2017,11/06/2022,2027
grupo lala,7209368.62,USD,OP-106471,26/11/2019,N/A,N/A
GRUPO BIMBO,6521237.89,USD,OP-106472,2017-06-19,14-Jan-2024,2400
pemex,1563927.81,EUR,OP-106473,27/08/2020,N/A,N/A
pemex,6137625.76,EUR,OP-106474,17-Oct-2020,N/A,N/A
grupo bimbo,4316622.67,MXN,OP-106475,"March 23, 2016",N/A,N/A
pemex,3072739.73,MXN,OP-106476,29/03/2017,2023-08-18,2333
alsea,2852277.55,MXN,OP-106477,"May 05, 2024",N/A,N/A
GRUPO CARSO,565076.58,MXN,OP-106478,17-Jul-2019,N/A,N/A
TELMEX,2392609.33,MXN,OP-106479,"March 02, 2022",N/A,N/A
grupo carso,6922605.77,EUR,OP-106480,"November 13, 2024",N/A,N/A
soriana,7237422.07,USD,OP-106481,22-Jul-2020,N/A,N/A
walmart de méxico,9021160.27,USD,OP-106482,05/06/2024,N/A,N/A
cemex,3213654.02,EUR,OP-106483,08-Jun-2018,28/02/2020,630
walmart de méxico,6898012.7,EUR,OP-106484,27-Mar-2019,N/A,N/A
pemex,6849028.54,EUR,OP-106485,10/12/2024,N/A,N/A
walmart de méxico,8268215.5,MXN,OP-106486,01/11/2016,10-Apr-2016,90
LIVERPOOL,2684721.49,EUR,OP-106487,"May 10, 2017",N/A,N/A
PEMEX,6218978.91,EUR,OP-106488,07/02/2017,2025-04-04,2833
femsa,6538615.49,EUR,OP-106489,01/01/2016,2023-10-27,2856
CEMEX,1877292.23,EUR,OP-106490,"March 02, 2023",N/A,N/A
TELMEX,1633572.63,MXN,OP-106491,24-Sep-2021,N/A,N/A
LIVERPOOL,4493593.71,EUR,OP-106492,2016-04-22,N/A,N/A
LIVERPOOL,5475528.84,USD,OP-106493,"May 17, 2021","September 10, 2023",846
cemex,5372743.76,EUR,OP-106494,2023-09-16,N/A,N/A
ALSEA,9372381.2,USD,OP-106495,14/02/2018,N/A,N/A
TELMEX,3226296.94,EUR,OP-106496,05-Jul-2024,N/A,N/A
ALSEA,1110003.07,EUR,OP-106497,07-Jun-2021,N/A,N/A
cemex,5038236.67,USD,OP-106498,19-Jun-2019,N/A,N/A
grupo bimbo,196764.32,EUR,OP-106499,24/08/2016,N/A,N/A
femsa,2332313.43,USD,OP-106500,2018-10-24,N/A,N/A
grupo carso,2558439.94,MXN,OP-106501,2018-05-11,2020-04-07,697
grupo bimbo,4599167.6,MXN,OP-106502,"January 16, 2020",2024-04-17,1553
grupo bimbo,581633.65,EUR,OP-106503,24/05/2025,N/A,N/A
GRUPO LALA,5424145.78,USD,OP-106504,2023-10-06,N/A,N/A
telmex,7954796.43,USD,OP-106505,2022-09-21,N/A,N/A
telmex,1025324.37,EUR,OP-106506,2020-10-31,N/A,N/A
TELMEX,6510254.0,USD,OP-106507,2016-03-09,"October 18, 2024",3145
pemex,9100327.35,MXN,OP-106508,01-Feb-2023,N/A,N/A
FEMSA,4877707.65,EUR,OP-106509,"October 12, 2024",N/A,N/A
telmex,7400057.4,MXN,OP-106510,12-Jan-2019,2020-08-26,592
grupo carso,3259376.61,USD,OP-106511,"March 23, 2022",2024-07-05,835
pemex,4334364.28,EUR,OP-106512,04/09/2018,19-Jun-2024,2263
BBVA MÉXICO,6382246.17,MXN,OP-106513,08-Feb-2019,16-Aug-2019,189
TELMEX,554142.42,MXN,OP-106514,12-Nov-2022,N/A,N/A
PEMEX,3967854.08,EUR,OP-106515,"July 14, 2016","March 29, 2017",258
bbva méxico,1876187.43,USD,OP-106516,2025-02-14,N/A,N/A
TELMEX,2102202.98,MXN,OP-106517,02/08/2017,N/A,N/A
BBVA MÉXICO,6898693.72,MXN,OP-106518,2019-05-07,N/A,N/A
walmart de méxico,435007.28,MXN,OP-106519,26-May-2023,N/A,N/A
femsa,7961332.18,EUR,OP-106520,22-Jan-2025,N/A,N/A
TELMEX,8156874.41,USD,OP-106521,"March 01, 2019",N/A,N/A
femsa,1064723.59,MXN,OP-106522,2023-02-12,N/A,N/A
grupo bimbo,9379618.95,MXN,OP-106523,08/01/2020,N/A,N/A
GRUPO LALA,4035116.23,USD,OP-106524,04-Dec-2022,N/A,N/A
BBVA MÉXICO,1586639.53,USD,OP-106525,"November 03, 2024",N/A,N/A
PEMEX,2425349.43,USD,OP-106526,"December 20, 2020",2024-01-06,1112
SORIANA,9974897.38,USD,OP-106527,20/07/2020,N/A,N/A
alsea,8814053.45,MXN,OP-106528,24/03/2017,30-Jul-2017,128
LIVERPOOL,3528076.32,EUR,OP-106529,02/11/2023,2024-04-16,430
alsea,4339500.37,MXN,OP-106530,10/11/2021,N/A,N/A
telmex,1358787.95,EUR,OP-106531,2018-04-08,N/A,N/A
GRUPO LALA,6660922.36,USD,OP-106532,2016-03-06,"August 30, 2019",1272
telmex,8607531.29,USD,OP-106533,28-Sep-2022,N/A,N/A
GRUPO MÉXICO,8209356.32,MXN,OP-106534,"August 24, 2025",N/A,N/A
ALSEA,3194438.62,EUR,OP-106535,13-Apr-2025,N/A,N/A
liverpool,9657397.42,MXN,OP-106536,18/03/2019,N/A,N/A
FEMSA,9489176.06,USD,OP-106537,03-Feb-2018,31/08/2018,209
WALMART DE MÉXICO,4879404.28,EUR,OP-106538,22-Mar-2018,N/A,N/A
femsa,8365988.7,EUR,OP-106539,05/07/2021,08/07/2022,457
GRUPO LALA,9961548.58,EUR,OP-106540,27/04/2017,05-Oct-2019,891
alsea,3208458.99,EUR,OP-106541,17/05/2017,"July 10, 2018",419
grupo méxico,1303857.54,MXN,OP-106542,20/06/2019,"January 17, 2021",577
TELMEX,9951213.04,EUR,OP-106543,21-Jun-2023,"May 19, 2025",698
bbva méxico,6069165.53,MXN,OP-106544,16-Sep-2021,N/A,N/A
GRUPO BIMBO,9753710.17,USD,OP-106545,"August 11, 2022",N/A,N/A
WALMART DE MÉXICO,4404202.82,MXN,OP-106546,11-Mar-2017,2024-12-18,2839
pemex,5386413.17,USD,OP-106547,03/01/2020,N/A,N/A
CEMEX,4374828.18,USD,OP-106548,2022-06-16,N/A,N/A
FEMSA,9164695.77,EUR,OP-106549,"December 25, 2015","September 21, 2020",1732
CEMEX,8362352.96,EUR,OP-106550,"April 16, 2020",N/A,N/A
BBVA MÉXICO,9061139.09,MXN,OP-106551,16/04/2019,"February 17, 2025",2134
bbva méxico,6753231.83,EUR,OP-106552,"December 24, 2024",N/A,N/A
grupo lala,3330878.14,MXN,OP-106553,05/01/2019,N/A,N/A
américa móvil,5009532.64,EUR,OP-106554,12/04/2016,N/A,N/A
AMÉRICA MÓVIL,7312511.31,EUR,OP-106555,2017-09-13,2021-08-16,1433
grupo bimbo,6928715.62,MXN,OP-106556,20/01/2018,N/A,N/A
telmex,332378.4,EUR,OP-106557,27/05/2023,N/A,N/A
bbva méxico,1677192.0,MXN,OP-106558,"February 26, 2016","April 11, 2024",2967
GRUPO LALA,883018.27,EUR,OP-106559,12-Nov-2016,N/A,N/A
banorte,942035.89,MXN,OP-106560,2018-07-31,N/A,N/A
GRUPO MÉXICO,2163905.37,MXN,OP-106561,16-Jan-2018,N/A,N/A
GRUPO CARSO,8225024.94,EUR,OP-106562,2023-01-20,N/A,N/A
américa móvil,6164814.61,MXN,OP-106563,03/02/2016,17-Jun-2018,837
grupo carso,8642779.63,MXN,OP-106564,06-Dec-2020,N/A,N/A
BBVA MÉXICO,4326171.73,USD,OP-106565,2022-12-12,N/A,N/A
WALMART DE MÉXICO,7263213.04,EUR,OP-106566,21-Jan-2025,N/A,N/A
grupo méxico,1536555.93,USD,OP-106567,11-May-2020,2022-03-23,681
bbva méxico,6886237.23,EUR,OP-106568,"August 12, 2020",N/A,N/A
bbva méxico,2230547.06,EUR,OP-106569,24/10/2016,30-Dec-2017,432
alsea,3227708.66,EUR,OP-106570,"October 17, 2018",N/A,N/A
WALMART DE MÉXICO,7577622.22,USD,OP-106571,02-Mar-2018,N/A,N/A
LIVERPOOL,6817020.48,EUR,OP-106572,10-Jul-2022,N/A,N/A
FEMSA,1882906.32,USD,OP-106573,17/04/2016,"October 29, 2018",925
GRUPO BIMBO,267488.58,USD,OP-106574,"January 02, 2020",N/A,N/A
BBVA MÉXICO,5093031.57,EUR,OP-106575,"October 17, 2015",07-Oct-2020,1817
walmart de méxico,6724617.78,MXN,OP-106576,02-Sep-2017,"June 29, 2018",300
ALSEA,7493485.35,EUR,OP-106577,10/05/2024,N/A,N/A
WALMART DE MÉXICO,513666.97,MXN,OP-106578,2016-06-27,N/A,N/A
américa móvil,4641478.2,USD,OP-106579,17-Jan-2017,20-Apr-2021,1554
banorte,4424554.78,MXN,OP-106580,12/05/2019,N/A,N/A
bbva méxico,8562274.93,MXN,OP-106581,2017-06-11,N/A,N/A
AMÉRICA MÓVIL,9066706.29,EUR,OP-106582,14-Dec-2018,N/A,N/A
SORIANA,2431036.71,EUR,OP-106583,"October 19, 2023",N/A,N/A
grupo méxico,9347168.9,USD,OP-106584,11/02/2018,25-Dec-2018,53
grupo lala,908226.42,MXN,OP-106585,02-Apr-2023,N/A,N/A
TELMEX,5958630.9,MXN,OP-106586,18-Feb-2025,N/A,N/A
CEMEX,303751.58,MXN,OP-106587,2017-03-16,"February 02, 2023",2149
GRUPO BIMBO,1009553.67,USD,OP-106588,21-Sep-2019,30/07/2024,1774
TELMEX,8418105.26,EUR,OP-106589,"May 28, 2024",N/A,N/A
cemex,4631880.67,EUR,OP-106590,24-Jul-2020,N/A,N/A
américa móvil,9300723.79,EUR,OP-106591,29/01/2020,N/A,N/A
cemex,1357004.45,USD,OP-106592,16-Feb-2019,"March 25, 2023",1498
ALSEA,8430009.42,USD,OP-106593,2015-10-21,"July 13, 2019",1361
grupo carso,6742859.75,MXN,OP-106594,17/05/2021,N/A,N/A
cemex,9524490.76,USD,OP-106595,"October 21, 2020",N/A,N/A
soriana,3410676.33,MXN,OP-106596,10-Oct-2019,"May 11, 2022",944
BBVA MÉXICO,9424295.07,MXN,OP-106597,2016-11-17,"October 15, 2019",1062
TELMEX,7247187.89,MXN,OP-106598,27-Aug-2022,N/A,N/A
CEMEX,4981691.73,MXN,OP-106599,2022-04-05,"September 27, 2023",540
femsa,4170695.38,MXN,OP-106600,23-Sep-2024,N/A,N/A
GRUPO CARSO,7254233.75,MXN,OP-106601,12-Jul-2021,N/A,N/A
walmart de méxico,922460.93,MXN,OP-106602,16-Nov-2020,2021-03-04,108
GRUPO LALA,8422372.24,USD,OP-106603,02/11/2015,16/05/2024,3382
pemex,9284013.48,EUR,OP-106604,24/12/2022,N/A,N/A
soriana,3388030.6,EUR,OP-106605,"September 22, 2023",N/A,N/A
bbva méxico,4751176.83,EUR,OP-106606,18-Apr-2025,N/A,N/A
BBVA MÉXICO,993904.44,MXN,OP-106607,26-Nov-2016,"March 25, 2018",484
CEMEX,6852916.63,MXN,OP-106608,"December 01, 2018",N/A,N/A
AMÉRICA MÓVIL,8921367.83,USD,OP-106609,09-Feb-2019,09-Feb-2022,1096
SORIANA,9408735.34,MXN,OP-106610,2015-09-20,N/A,N/A
banorte,622660.36,MXN,OP-106611,26/09/2018,24/01/2023,1581
GRUPO BIMBO,8394988.89,USD,OP-106612,08/01/2020,04/06/2023,978
LIVERPOOL,7891211.24,USD,OP-106613,28-Feb-2025,N/A,N/A
cemex,2518448.7,MXN,OP-106614,18/12/2016,"February 09, 2022",1879
telmex,4828425.18,USD,OP-106615,"May 13, 2019",N/A,N/A
telmex,9615982.75,EUR,OP-106616,21-Nov-2018,2024-06-24,2042
CEMEX,8046822.36,EUR,OP-106617,2019-08-04,2020-03-24,233
CEMEX,1095528.47,MXN,OP-106618,"April 14, 2017","July 30, 2020",1203
SORIANA,7296393.59,MXN,OP-106619,"October 12, 2022",N/A,N/A
FEMSA,4406521.56,MXN,OP-106620,"December 15, 2020",N/A,N/A
WALMART DE MÉXICO,5703449.95,EUR,OP-106621,22-Jul-2021,25-Nov-2021,126
banorte,1454042.02,USD,OP-106622,2024-04-12,N/A,N/A
pemex,928492.11,MXN,OP-106623,"May 06, 2023",16-May-2023,10
ALSEA,3916653.28,EUR,OP-106624,2024-09-09,N/A,N/A
américa móvil,739688.19,MXN,OP-106625,07/01/2017,2020-03-13,986
CEMEX,6246949.68,USD,OP-106626,19/09/2017,N/A,N/A
liverpool,8904812.96,USD,OP-106627,"August 07, 2023",N/A,N/A
telmex,8795184.3,USD,OP-106628,18/10/2018,N/A,N/A
cemex,3997838.61,EUR,OP-106629,2023-07-22,N/A,N/A
soriana,8138726.61,MXN,OP-106630,14/11/2024,N/A,N/A
walmart de méxico,5362236.69,EUR,OP-106631,"July 09, 2016",2023-08-26,2604
telmex,8660523.09,USD,OP-106632,13-Jul-2016,07/12/2018,729
femsa,6413545.79,USD,OP-106633,"September 19, 2019",N/A,N/A
femsa,1466963.71,MXN,OP-106634,2022-09-28,N/A,N/A
SORIANA,840518.79,USD,OP-106635,09/02/2017,24-Sep-2017,22
GRUPO CARSO,4589930.0,MXN,OP-106636,02-Sep-2015,N/A,N/A
GRUPO CARSO,3052706.73,MXN,OP-106637,13-Oct-2023,24/05/2024,224
FEMSA,5773421.8,EUR,OP-106638,22/07/2021,21-Jul-2023,729
CEMEX,9513715.12,MXN,OP-106639,2021-03-24,N/A,N/A
BBVA MÉXICO,5204054.36,EUR,OP-106640,09-May-2025,N/A,N/A
GRUPO MÉXICO,4017546.69,MXN,OP-106641,"January 17, 2019",N/A,N/A
grupo carso,2629713.27,MXN,OP-106642,11/04/2022,N/A,N/A
grupo bimbo,5849503.53,EUR,OP-106643,"November 15, 2017",N/A,N/A
femsa,2303671.84,MXN,OP-106644,11-Jan-2023,N/A,N/A
américa móvil,6673676.14,EUR,OP-106645,2021-03-31,05-Mar-2024,1070
alsea,5244659.5,EUR,OP-106646,11-Feb-2023,2025-05-08,817
grupo méxico,5915520.1,EUR,OP-106647,"August 18, 2023",N/A,N/A
BBVA MÉXICO,8515259.05,MXN,OP-106648,30/04/2019,17-Sep-2019,140
BBVA MÉXICO,4484174.19,MXN,OP-106649,"September 02, 2023",N/A,N/A
walmart de méxico,7206937.7,MXN,OP-106650,01/04/2020,N/A,N/A
grupo bimbo,8841106.3,USD,OP-106651,2021-03-21,11-Jun-2024,1178
soriana,1877045.37,MXN,OP-106652,"August 29, 2021",N/A,N/A
bbva méxico,9235838.17,USD,OP-106653,2024-11-30,N/A,N/A
femsa,899846.05,USD,OP-106654,13-Aug-2021,N/A,N/A
alsea,7746861.14,EUR,OP-106655,2017-11-07,"November 08, 2018",366
walmart de méxico,4559924.34,USD,OP-106656,2023-11-13,N/A,N/A
grupo lala,449462.66,USD,OP-106657,25/05/2022,N/A,N/A
bbva méxico,8329880.63,MXN,OP-106658,11/08/2025,N/A,N/A
walmart de méxico,7493502.78,MXN,OP-106659,2018-06-07,N/A,N/A
BBVA MÉXICO,3695886.52,MXN,OP-106660,04/10/2016,22/09/2024,3087
liverpool,2065721.08,USD,OP-106661,24/06/2024,N/A,N/A
bbva méxico,1298959.16,USD,OP-106662,"August 01, 2025",N/A,N/A
CEMEX,7822728.51,MXN,OP-106663,19-Sep-2024,N/A,N/A
grupo bimbo,2949998.57,EUR,OP-106664,"January 15, 2022",N/A,N/A
GRUPO LALA,8353081.13,MXN,OP-106665,"February 24, 2016",13-May-2018,809
grupo méxico,1505372.77,MXN,OP-106666,25-Dec-2023,N/A,N/A
BANORTE,5784737.78,USD,OP-106667,"October 29, 2023",N/A,N/A
GRUPO MÉXICO,7068609.23,MXN,OP-106668,21-Jul-2018,N/A,N/A
ALSEA,4415281.57,EUR,OP-106669,2021-05-03,N/A,N/A
BANORTE,2981577.64,EUR,OP-106670,29-Jul-2018,28/07/2020,730
femsa,9805587.39,EUR,OP-106671,22-Jan-2021,N/A,N/A
liverpool,3035752.56,EUR,OP-106672,09-Jul-2016,"November 02, 2017",481
GRUPO MÉXICO,4068886.1,MXN,OP-106673,22/10/2020,N/A,N/A
TELMEX,3307347.8,MXN,OP-106674,26-Dec-2016,28-Feb-2023,2255
femsa,3263759.95,MXN,OP-106675,2018-02-14,N/A,N/A
GRUPO CARSO,6067172.73,EUR,OP-106676,"May 19, 2018",28-May-2022,1470
GRUPO CARSO,6943827.41,USD,OP-106677,"July 29, 2020",N/A,N/A
pemex,7956077.4,EUR,OP-106678,2023-11-01,N/A,N/A
PEMEX,3642777.5,MXN,OP-106679,27-Nov-2024,N/A,N/A
FEMSA,6413278.74,EUR,OP-106680,14-Nov-2023,N/A,N/A
grupo carso,4992192.74,MXN,OP-106681,2017-11-19,N/A,N/A
FEMSA,1112373.78,USD,OP-106682,07/12/2015,10/02/2019,1543
LIVERPOOL,6597214.06,EUR,OP-106683,2022-08-24,N/A,N/A
walmart de méxico,2527894.89,MXN,OP-106684,"December 19, 2022",N/A,N/A
PEMEX,8017129.47,USD,OP-106685,2016-02-13,01-Dec-2020,1753
femsa,607227.96,USD,OP-106686,29/01/2023,N/A,N/A
BANORTE,1397588.09,EUR,OP-106687,2025-07-19,N/A,N/A
grupo méxico,1786412.39,MXN,OP-106688,"February 24, 2025",2025-04-08,43
grupo lala,5982069.58,MXN,OP-106689,"June 24, 2016","June 23, 2024",2921
telmex,4032902.08,USD,OP-106690,28-Nov-2019,09/04/2022,1011
LIVERPOOL,7216687.61,EUR,OP-106691,02-Mar-2016,"October 29, 2024",3163
grupo lala,152406.04,USD,OP-106692,2016-02-09,N/A,N/A
BBVA MÉXICO,4760163.47,USD,OP-106693,14-May-2018,"May 14, 2020",731
grupo carso,2696730.58,MXN,OP-106694,04-Oct-2021,N/A,N/A
grupo bimbo,7643476.01,EUR,OP-106695,24-Jul-2018,"January 20, 2025",2372
TELMEX,8120583.38,USD,OP-106696,2016-04-22,N/A,N/A
soriana,3329696.26,USD,OP-106697,11/10/2024,N/A,N/A
TELMEX,6385677.11,USD,OP-106698,"October 17, 2017",N/A,N/A
CEMEX,2928618.64,EUR,OP-106699,"May 27, 2025",N/A,N/A
GRUPO CARSO,899253.41,MXN,OP-106700,"August 29, 2019",N/A,N/A
ALSEA,6305586.61,MXN,OP-106701,10/04/2025,N/A,N/A
grupo carso,6699726.2,USD,OP-106702,03/04/2022,N/A,N/A
GRUPO CARSO,5847455.78,MXN,OP-106703,10-Jan-2023,N/A,N/A
cemex,6530850.18,MXN,OP-106704,26/02/2024,N/A,N/A
cemex,1241331.23,EUR,OP-106705,25/09/2017,"November 11, 2021",1508
SORIANA,231443.61,MXN,OP-106706,12-Nov-2023,N/A,N/A
grupo lala,9646673.68,USD,OP-106707,16/07/2020,N/A,N/A
soriana,8156424.01,EUR,OP-106708,2023-12-20,09/12/2024,267
grupo carso,7973343.71,USD,OP-106709,"July 18, 2022",N/A,N/A
grupo bimbo,4148126.17,MXN,OP-106710,"May 13, 2025",N/A,N/A
alsea,5611301.1,EUR,OP-106711,18/03/2020,24/07/2020,128
BBVA MÉXICO,6184072.96,MXN,OP-106712,2025-07-04,N/A,N/A
BANORTE,4622267.75,MXN,OP-106713,03/12/2020,N/A,N/A
LIVERPOOL,2768782.41,MXN,OP-106714,2016-02-29,N/A,N/A
WALMART DE MÉXICO,3262170.98,EUR,OP-106715,21-Oct-2017,2019-11-23,763
bbva méxico,3759950.52,EUR,OP-106716,2016-06-28,29/12/2022,2375
FEMSA,4541109.78,USD,OP-106717,01-Feb-2023,30/10/2023,271
grupo bimbo,2337762.51,MXN,OP-106718,26/10/2019,N/A,N/A
liverpool,4598366.67,EUR,OP-106719,28-Nov-2019,N/A,N/A
walmart de méxico,2913188.88,USD,OP-106720,"January 07, 2016",11/08/2020,1767
alsea,445127.15,EUR,OP-106721,2020-02-21,N/A,N/A
banorte,2426209.79,EUR,OP-106722,2023-04-03,27-May-2023,54
pemex,1953986.46,USD,OP-106723,08/09/2016,"July 05, 2017",330
grupo bimbo,4654339.46,USD,OP-106724,"May 22, 2022",N/A,N/A
ALSEA,8692985.16,MXN,OP-106725,01/02/2024,N/A,N/A
soriana,441717.84,EUR,OP-106726,"February 02, 2018",N/A,N/A
femsa,6365229.67,USD,OP-106727,27-Dec-2020,04-Feb-2022,404
bbva méxico,9468765.1,USD,OP-106728,"May 21, 2025",N/A,N/A
américa móvil,6256951.67,EUR,OP-106729,"May 16, 2022",28-Nov-2023,561
GRUPO MÉXICO,6338543.07,USD,OP-106730,16/12/2019,N/A,N/A
CEMEX,2411263.4,EUR,OP-106731,2021-03-24,18-May-2025,1516
PEMEX,8413035.23,MXN,OP-106732,2024-04-13,N/A,N/A
PEMEX,8006940.26,USD,OP-106733,2024-12-18,N/A,N/A
GRUPO LALA,2955326.4,MXN,OP-106734,2017-05-21,16/10/2022,1974
américa móvil,6963253.63,MXN,OP-106735,25-Jun-2019,N/A,N/A
GRUPO CARSO,6068876.16,USD,OP-106736,01/08/2022,05/05/2024,848
FEMSA,5737606.19,USD,OP-106737,18/10/2021,2023-01-23,462
grupo bimbo,2995260.99,USD,OP-106738,2019-10-04,24-May-2020,233
GRUPO LALA,3205643.17,USD,OP-106739,11/08/2020,N/A,N/A
GRUPO CARSO,5172601.75,MXN,OP-106740,13-Mar-2017,16-Feb-2025,2897
AMÉRICA MÓVIL,6405116.47,MXN,OP-106741,04/09/2017,N/A,N/A
BBVA MÉXICO,7660060.32,MXN,OP-106742,2020-05-18,N/A,N/A
américa móvil,7284842.79,USD,OP-106743,2024-03-26,N/A,N/A
GRUPO LALA,9429200.64,USD,OP-106744,24/03/2023,N/A,N/A
telmex,2215006.25,USD,OP-106745,20/08/2024,N/A,N/A
grupo carso,2427105.16,USD,OP-106746,07-Nov-2023,N/A,N/A
AMÉRICA MÓVIL,4847170.52,MXN,OP-106747,2022-02-13,N/A,N/A
banorte,3147216.13,MXN,OP-106748,26/11/2021,N/A,N/A
FEMSA,931669.68,EUR,OP-106749,2022-06-11,N/A,N/A
bbva méxico,7705999.72,EUR,OP-106750,"March 18, 2023",N/A,N/A
telmex,2121743.88,EUR,OP-106751,2020-01-10,N/A,N/A
PEMEX,1562072.39,MXN,OP-106752,28/04/2019,13-Aug-2019,107
banorte,1316295.46,EUR,OP-106753,"September 12, 2024",N/A,N/A
AMÉRICA MÓVIL,7302666.8,MXN,OP-106754,"September 15, 2021",N/A,N/A
BBVA MÉXICO,8081838.47,MXN,OP-106755,2024-05-15,N/A,N/A
soriana,1004196.44,MXN,OP-106756,13/09/2019,N/A,N/A
LIVERPOOL,5010834.76,USD,OP-106757,30/01/2022,2023-10-03,611
banorte,8976108.53,USD,OP-106758,"November 13, 2019",22-May-2021,556
liverpool,4572256.79,MXN,OP-106759,"October 17, 2021",N/A,N/A
soriana,2609958.51,EUR,OP-106760,26/10/2017,N/A,N/A
walmart de méxico,7873831.04,MXN,OP-106761,"October 15, 2022",N/A,N/A
telmex,8624468.62,MXN,OP-106762,2017-11-24,N/A,N/A
telmex,8444301.83,EUR,OP-106763,13-Nov-2015,2017-12-22,770
soriana,7154652.01,USD,OP-106764,2017-07-29,N/A,N/A
banorte,9196104.03,MXN,OP-106765,"February 03, 2024",N/A,N/A
américa móvil,4493333.05,MXN,OP-106766,08/07/2016,2025-01-04,3072
LIVERPOOL,7646429.48,EUR,OP-106767,2016-05-07,"May 15, 2016",8
FEMSA,8005791.6,EUR,OP-106768,2019-08-30,31/07/2024,1797
banorte,8628281.48,EUR,OP-106769,19/04/2022,N/A,N/A
PEMEX,6568723.18,MXN,OP-106770,2022-04-01,26-Oct-2024,939
grupo méxico,8757444.71,EUR,OP-106771,09-Aug-2016,23/07/2022,2174
TELMEX,8849970.24,USD,OP-106772,"October 18, 2020",N/A,N/A
GRUPO LALA,7903983.4,EUR,OP-106773,15-May-2018,N/A,N/A
alsea,5764524.98,EUR,OP-106774,06/06/2025,N/A,N/A
LIVERPOOL,6254315.07,USD,OP-106775,18-Sep-2016,2017-06-22,277
grupo bimbo,4452396.11,EUR,OP-106776,30/06/2017,2018-06-30,365
BBVA MÉXICO,1618971.96,EUR,OP-106777,07/02/2019,2019-08-04,33
grupo bimbo,2889223.79,EUR,OP-106778,04/09/2018,16-Aug-2022,1590
LIVERPOOL,3996527.17,MXN,OP-106779,08/01/2021,N/A,N/A
GRUPO LALA,7978297.11,EUR,OP-106780,28/01/2017,N/A,N/A
GRUPO BIMBO,2358020.3,USD,OP-106781,"February 25, 2025",N/A,N/A
GRUPO LALA,6400260.2,USD,OP-106782,04-Jul-2025,N/A,N/A
FEMSA,6137481.18,USD,OP-106783,08-Apr-2021,15/03/2022,341
BBVA MÉXICO,4340224.06,USD,OP-106784,20-Dec-2024,N/A,N/A
FEMSA,1386901.47,EUR,OP-106785,03/05/2021,N/A,N/A
GRUPO MÉXICO,8299659.22,USD,OP-106786,2024-04-26,N/A,N/A
BANORTE,4411282.31,EUR,OP-106787,"October 06, 2016",26-Apr-2018,567
GRUPO BIMBO,2481193.69,MXN,OP-106788,07-Dec-2015,2019-02-18,1169
banorte,1477454.17,MXN,OP-106789,13/12/2022,N/A,N/A
TELMEX,6352239.67,MXN,OP-106790,"May 16, 2020",2022-09-14,851
GRUPO MÉXICO,8612842.9,USD,OP-106791,2016-09-27,N/A,N/A
femsa,8675004.51,EUR,OP-106792,2018-02-04,2021-01-17,1078
grupo carso,8561371.3,MXN,OP-106793,09-Nov-2020,N/A,N/A
SORIANA,7967492.01,USD,OP-106794,03/02/2025,N/A,N/A
AMÉRICA MÓVIL,9466430.56,MXN,OP-106795,19/01/2018,2018-05-05,106
TELMEX,8405086.14,MXN,OP-106796,14/01/2016,"January 14, 2017",366
femsa,3377971.3,USD,OP-106797,"April 26, 2020",2023-07-18,1178
américa móvil,4721520.92,EUR,OP-106798,29-Feb-2020,26/06/2024,1579
BBVA MÉXICO,8229525.84,USD,OP-106799,2018-10-18,N/A,N/A
femsa,5802377.33,USD,OP-106800,2017-04-24,N/A,N/A
LIVERPOOL,4629647.9,EUR,OP-106801,2024-10-01,N/A,N/A
SORIANA,3565343.51,EUR,OP-106802,"May 07, 2022",N/A,N/A
CEMEX,5717219.63,USD,OP-106803,2020-07-04,2023-07-16,1107
walmart de méxico,8241586.51,EUR,OP-106804,05-Dec-2020,N/A,N/A
walmart de méxico,3070195.72,EUR,OP-106805,"July 12, 2021",2024-10-19,1195
grupo carso,3383538.51,MXN,OP-106806,"October 23, 2020",N/A,N/A
BBVA MÉXICO,6963825.66,MXN,OP-106807,17-Jul-2018,N/A,N/A
soriana,9437399.25,USD,OP-106808,19-Mar-2024,N/A,N/A
alsea,8614867.81,MXN,OP-106809,"May 30, 2016",11/04/2016,158
GRUPO MÉXICO,3055455.97,MXN,OP-106810,29/04/2017,03-Dec-2017,218
telmex,510001.14,USD,OP-106811,14/07/2018,N/A,N/A
walmart de méxico,2544136.84,USD,OP-106812,12/09/2018,N/A,N/A
cemex,4347046.45,USD,OP-106813,11/03/2016,N/A,N/A
PEMEX,8060746.98,MXN,OP-106814,07-Sep-2023,01/07/2024,122
SORIANA,8374944.03,EUR,OP-106815,"April 30, 2022",N/A,N/A
liverpool,1316834.67,MXN,OP-106816,05/11/2018,2022-05-05,1455
cemex,3670937.04,MXN,OP-106817,05/02/2017,"July 15, 2020",1170
grupo méxico,6595999.64,MXN,OP-106818,2023-05-29,"June 28, 2024",396
telmex,2659596.39,MXN,OP-106819,2022-01-16,2024-03-09,783
AMÉRICA MÓVIL,1157661.23,EUR,OP-106820,31-Oct-2016,18/03/2019,868
soriana,2767187.76,USD,OP-106821,07/04/2021,N/A,N/A
grupo méxico,4918737.89,EUR,OP-106822,31-Mar-2021,N/A,N/A
grupo lala,4783708.42,EUR,OP-106823,"September 17, 2016",2023-01-27,2323
GRUPO LALA,9101848.95,MXN,OP-106824,"September 02, 2024",N/A,N/A
BBVA MÉXICO,9597582.78,USD,OP-106825,"February 02, 2017",N/A,N/A
PEMEX,2511141.13,MXN,OP-106826,25/12/2022,N/A,N/A
telmex,8399099.9,MXN,OP-106827,15/02/2016,24-Jul-2020,1621
cemex,9571485.93,MXN,OP-106828,16-Jun-2019,N/A,N/A
liverpool,8999285.89,MXN,OP-106829,11/03/2022,N/A,N/A
grupo lala,6901577.08,USD,OP-106830,"March 08, 2018",N/A,N/A
grupo bimbo,5270013.86,USD,OP-106831,2019-06-16,2020-02-03,232
FEMSA,5099125.04,MXN,OP-106832,2022-06-05,N/A,N/A
soriana,8132310.29,MXN,OP-106833,2019-09-22,N/A,N/A
bbva méxico,8662957.66,EUR,OP-106834,25/11/2024,N/A,N/A
bbva méxico,9913506.02,EUR,OP-106835,29-Jul-2023,N/A,N/A
SORIANA,9136230.33,EUR,OP-106836,10-Jun-2024,26/02/2025,261
BBVA MÉXICO,9385476.08,USD,OP-106837,25/09/2020,N/A,N/A
GRUPO CARSO,3756442.81,MXN,OP-106838,2019-06-21,N/A,N/A
banorte,7986834.32,MXN,OP-106839,04-Jan-2021,N/A,N/A
BBVA MÉXICO,9679526.99,USD,OP-106840,22-Aug-2019,20-Sep-2020,395
femsa,5797580.11,MXN,OP-106841,14/01/2025,N/A,N/A
PEMEX,6197012.42,EUR,OP-106842,"December 14, 2017","January 21, 2021",1134
GRUPO LALA,2612882.38,USD,OP-106843,2022-06-07,N/A,N/A
liverpool,595597.47,USD,OP-106844,23/06/2025,N/A,N/A
PEMEX,6388898.35,EUR,OP-106845,08-Sep-2019,N/A,N/A
grupo bimbo,681875.71,EUR,OP-106846,2023-09-02,N/A,N/A
bbva méxico,4515383.17,MXN,OP-106847,"May 02, 2022",N/A,N/A
LIVERPOOL,1089107.91,USD,OP-106848,"October 07, 2015",19/10/2023,2934
pemex,4528452.28,EUR,OP-106849,02/06/2018,26-Jun-2020,871
BANORTE,6806715.08,EUR,OP-106850,"March 29, 2021",N/A,N/A
WALMART DE MÉXICO,3345340.15,MXN,OP-106851,03-Sep-2024,N/A,N/A
femsa,2830221.55,USD,OP-106852,2017-06-27,2022-09-28,1919
PEMEX,4302969.88,USD,OP-106853,15/07/2021,N/A,N/A
ALSEA,4921087.3,USD,OP-106854,11/04/2020,25-Oct-2022,720
BANORTE,4010567.66,USD,OP-106855,"December 29, 2020",N/A,N/A
BBVA MÉXICO,5392002.04,MXN,OP-106856,"December 07, 2017",13-Jun-2023,2014
grupo bimbo,1052392.23,USD,OP-106857,31/08/2023,14/08/2024,349
grupo méxico,5675223.59,MXN,OP-106858,11/05/2019,N/A,N/A
walmart de méxico,7457402.31,USD,OP-106859,2020-04-23,12-Aug-2021,476
AMÉRICA MÓVIL,8024083.04,USD,OP-106860,31/05/2025,N/A,N/A
GRUPO CARSO,6768090.3,USD,OP-106861,"July 04, 2020",18-Sep-2020,76
grupo lala,7269465.7,MXN,OP-106862,2017-02-21,N/A,N/A
ALSEA,9661317.38,USD,OP-106863,"May 12, 2017","November 10, 2023",2373
GRUPO LALA,7894794.69,EUR,OP-106864,"March 29, 2021",N/A,N/A
GRUPO LALA,4441888.14,EUR,OP-106865,05/12/2018,2021-08-01,1177
BBVA MÉXICO,3875823.92,EUR,OP-106866,29-Oct-2015,09-Apr-2024,3085
WALMART DE MÉXICO,442440.52,MXN,OP-106867,28-Apr-2019,N/A,N/A
GRUPO MÉXICO,3606221.17,USD,OP-106868,10/10/2024,N/A,N/A
grupo bimbo,4663379.2,USD,OP-106869,2020-10-04,N/A,N/A
ALSEA,1069846.55,EUR,OP-106870,09-Dec-2020,"July 17, 2024",1316
femsa,3330795.56,EUR,OP-106871,"March 09, 2020",N/A,N/A
pemex,897027.55,USD,OP-106872,03-Jun-2025,N/A,N/A
LIVERPOOL,2884120.89,MXN,OP-106873,2018-03-30,2023-08-23,1972
soriana,3324485.96,MXN,OP-106874,"July 06, 2022",N/A,N/A
FEMSA,7682516.1,MXN,OP-106875,25/09/2020,N/A,N/A
GRUPO MÉXICO,7071751.91,MXN,OP-106876,2016-04-20,"May 12, 2019",1117
bbva méxico,7142621.34,MXN,OP-106877,"February 17, 2022",19/09/2023,579
pemex,5909993.08,EUR,OP-106878,06/03/2023,N/A,N/A
bbva méxico,5497277.45,MXN,OP-106879,2021-07-03,03-Jun-2022,335
GRUPO LALA,5484600.54,USD,OP-106880,2022-05-25,N/A,N/A
PEMEX,8989406.8,MXN,OP-106881,"April 08, 2018","August 04, 2019",483
GRUPO LALA,8380155.35,MXN,OP-106882,27/12/2015,N/A,N/A
alsea,7624299.29,MXN,OP-106883,29/08/2018,06/03/2020,644
AMÉRICA MÓVIL,3320266.06,EUR,OP-106884,15/03/2021,N/A,N/A
TELMEX,7902651.24,EUR,OP-106885,14/06/2017,25/03/2018,284
GRUPO LALA,6291650.92,EUR,OP-106886,"November 23, 2017",N/A,N/A
AMÉRICA MÓVIL,1401159.48,USD,OP-106887,17/02/2022,N/A,N/A
BBVA MÉXICO,7809442.7,MXN,OP-106888,10-Apr-2019,18/05/2025,2230
bbva méxico,660783.98,MXN,OP-106889,"October 02, 2022",N/A,N/A
pemex,8301109.07,EUR,OP-106890,01-Feb-2022,N/A,N/A
walmart de méxico,6300915.6,MXN,OP-106891,02/03/2023,N/A,N/A
grupo bimbo,803855.5,MXN,OP-106892,"December 16, 2023",N/A,N/A
pemex,2158654.33,USD,OP-106893,20-Oct-2016,N/A,N/A
grupo méxico,969268.88,MXN,OP-106894,2015-11-16,2024-01-28,2995
TELMEX,9067223.5,USD,OP-106895,"May 10, 2023","July 01, 2024",418
BANORTE,1585924.48,MXN,OP-106896,"July 26, 2021",22/01/2024,910
cemex,6754286.25,MXN,OP-106897,04/04/2021,N/A,N/A
alsea,9072104.77,EUR,OP-106898,24-Oct-2015,"July 06, 2022",2447
GRUPO LALA,7949226.44,USD,OP-106899,2016-01-13,"April 05, 2024",3005
telmex,6120852.02,USD,OP-106900,2015-09-13,N/A,N/A
grupo lala,131498.63,EUR,OP-106901,09/09/2016,12/01/2022,2274
TELMEX,3260037.57,USD,OP-106902,19-Jan-2019,N/A,N/A
BANORTE,7304461.48,MXN,OP-106903,05-Dec-2022,N/A,N/A
GRUPO MÉXICO,1746854.48,EUR,OP-106904,"August 02, 2019","March 08, 2021",584
PEMEX,2894285.78,EUR,OP-106905,2022-01-30,N/A,N/A
CEMEX,3248639.84,USD,OP-106906,"January 13, 2018",N/A,N/A
TELMEX,6071476.97,MXN,OP-106907,12-Jun-2017,N/A,N/A
liverpool,8298579.4,USD,OP-106908,02-Oct-2015,N/A,N/A
telmex,6269122.76,MXN,OP-106909,"January 06, 2022",N/A,N/A
WALMART DE MÉXICO,2411473.21,EUR,OP-106910,2018-01-23,N/A,N/A
banorte,7923596.68,USD,OP-106911,2023-03-04,2023-04-30,57
soriana,2616264.67,EUR,OP-106912,2021-12-21,N/A,N/A
TELMEX,8206442.82,MXN,OP-106913,06/03/2016,"April 21, 2020",1418
FEMSA,1690173.24,MXN,OP-106914,29/06/2020,N/A,N/A
CEMEX,5326363.13,EUR,OP-106915,2022-11-30,N/A,N/A
CEMEX,8882684.09,EUR,OP-106916,20/06/2017,N/A,N/A
femsa,3119199.97,USD,OP-106917,2018-01-26,22-Sep-2024,2431
américa móvil,2519413.61,EUR,OP-106918,"May 28, 2019",N/A,N/A
cemex,2561560.42,MXN,OP-106919,2019-05-15,01-Oct-2020,505
TELMEX,7919732.92,USD,OP-106920,2025-02-01,"March 10, 2025",37
GRUPO CARSO,3068249.35,USD,OP-106921,06-Jan-2022,2024-04-20,835
GRUPO MÉXICO,5021547.86,MXN,OP-106922,08/10/2018,"May 09, 2020",638
alsea,2657992.89,MXN,OP-106923,"August 30, 2024",N/A,N/A
telmex,8479097.32,MXN,OP-106924,"April 21, 2019",2025-03-07,2147
SORIANA,8167331.69,USD,OP-106925,"November 16, 2018","November 07, 2019",356
grupo lala,8255086.69,EUR,OP-106926,29/09/2018,2019-01-20,113
bbva méxico,7985294.16,USD,OP-106927,23-Dec-2015,N/A,N/A
banorte,743661.15,EUR,OP-106928,"August 02, 2025",N/A,N/A
cemex,8573179.56,EUR,OP-106929,"August 30, 2016",N/A,N/A
pemex,5204191.01,USD,OP-106930,"August 09, 2024",N/A,N/A
alsea,6837448.6,EUR,OP-106931,12/05/2024,N/A,N/A
FEMSA,5182795.79,EUR,OP-106932,2024-11-14,N/A,N/A
TELMEX,2380779.97,MXN,OP-106933,14-Nov-2024,N/A,N/A
pemex,2130449.74,USD,OP-106934,12-Jul-2016,N/A,N/A
TELMEX,6819219.63,USD,OP-106935,06-Mar-2023,N/A,N/A
GRUPO MÉXICO,2328452.02,MXN,OP-106936,27/01/2018,2019-01-06,344
telmex,6331405.71,USD,OP-106937,"August 15, 2025",N/A,N/A
GRUPO LALA,4183037.59,USD,OP-106938,"November 15, 2022",N/A,N/A
walmart de méxico,7276645.75,MXN,OP-106939,30/04/2017,"November 10, 2017",194
LIVERPOOL,9257666.81,MXN,OP-106940,25/02/2020,N/A,N/A
femsa,9690848.08,EUR,OP-106941,30/11/2023,N/A,N/A
CEMEX,8160657.67,USD,OP-106942,2016-10-20,2018-10-09,719
FEMSA,5384604.45,USD,OP-106943,2022-07-14,"February 11, 2024",577
bbva méxico,5531929.57,MXN,OP-106944,"June 18, 2025",N/A,N/A
BBVA MÉXICO,3607882.19,MXN,OP-106945,"August 15, 2016","April 16, 2024",2801
WALMART DE MÉXICO,9945140.13,USD,OP-106946,"August 21, 2020",N/A,N/A
AMÉRICA MÓVIL,5300897.68,MXN,OP-106947,"June 29, 2022",N/A,N/A
cemex,3082130.72,MXN,OP-106948,2025-04-19,N/A,N/A
telmex,4998978.37,USD,OP-106949,2020-12-27,N/A,N/A
SORIANA,6127310.83,MXN,OP-106950,29-Sep-2019,2023-11-02,1495
ALSEA,483612.05,MXN,OP-106951,11/03/2016,N/A,N/A
AMÉRICA MÓVIL,5174187.04,EUR,OP-106952,27-Oct-2022,N/A,N/A
grupo carso,6470145.09,MXN,OP-106953,2018-09-26,14/11/2019,414
LIVERPOOL,4721739.23,USD,OP-106954,01/04/2019,N/A,N/A
FEMSA,7957428.68,EUR,OP-106955,22-Jul-2017,"October 01, 2022",1897
FEMSA,3586653.62,USD,OP-106956,"October 08, 2024","February 05, 2025",120
PEMEX,9021818.13,EUR,OP-106957,"January 15, 2024",N/A,N/A
GRUPO CARSO,8143832.29,EUR,OP-106958,23-May-2021,N/A,N/A
GRUPO LALA,528393.43,EUR,OP-106959,"December 15, 2017",14-Sep-2023,2099
ALSEA,5780124.13,MXN,OP-106960,12-Feb-2017,N/A,N/A
PEMEX,4496227.72,USD,OP-106961,"May 25, 2019",N/A,N/A
walmart de méxico,6813167.26,USD,OP-106962,14-Nov-2015,N/A,N/A
pemex,5102862.16,EUR,OP-106963,"June 04, 2017",2020-02-17,988
BBVA MÉXICO,2002933.76,USD,OP-106964,2020-02-11,N/A,N/A
GRUPO MÉXICO,2160447.11,EUR,OP-106965,2023-07-16,N/A,N/A
grupo lala,2582633.53,EUR,OP-106966,"March 19, 2024",N/A,N/A
walmart de méxico,5080880.61,USD,OP-106967,07/05/2020,N/A,N/A
liverpool,661914.89,USD,OP-106968,28/04/2017,N/A,N/A
ALSEA,7145264.28,USD,OP-106969,10/06/2016,10-Oct-2017,369
banorte,2463582.54,MXN,OP-106970,05/05/2019,22-Sep-2022,1236
AMÉRICA MÓVIL,858903.29,USD,OP-106971,2018-01-03,27-Jan-2025,2581
femsa,5386342.34,USD,OP-106972,2020-02-19,N/A,N/A
bbva méxico,2150235.27,USD,OP-106973,"February 11, 2022",11-Jun-2025,1216
grupo bimbo,4756674.59,USD,OP-106974,2019-07-30,14-Aug-2024,1842
WALMART DE MÉXICO,3555088.36,EUR,OP-106975,27/07/2023,N/A,N/A
ALSEA,6385987.54,MXN,OP-106976,13-Feb-2019,N/A,N/A
cemex,1838689.95,EUR,OP-106977,2019-05-23,N/A,N/A
walmart de méxico,6369689.84,MXN,OP-106978,29/07/2023,N/A,N/A
WALMART DE MÉXICO,9846310.31,USD,OP-106979,05-Feb-2020,18/05/2025,1929
liverpool,4525228.52,MXN,OP-106980,27-May-2025,N/A,N/A
américa móvil,5890675.52,USD,OP-106981,29-Feb-2020,2023-10-21,1330
grupo bimbo,7451457.44,USD,OP-106982,29-Oct-2021,N/A,N/A
walmart de méxico,1415097.52,EUR,OP-106983,2025-07-23,N/A,N/A
walmart de méxico,1838150.73,USD,OP-106984,2019-02-22,N/A,N/A
ALSEA,8528427.74,EUR,OP-106985,2021-09-25,N/A,N/A
GRUPO CARSO,1004488.01,EUR,OP-106986,2016-02-26,22-Oct-2016,239
liverpool,196901.72,MXN,OP-106987,"August 29, 2024",N/A,N/A
WALMART DE MÉXICO,2955251.4,USD,OP-106988,23-Oct-2024,N/A,N/A
soriana,1100459.81,USD,OP-106989,"May 09, 2018",N/A,N/A
grupo lala,9627836.06,USD,OP-106990,23/03/2023,N/A,N/A
femsa,9475916.51,MXN,OP-106991,03/08/2016,2020-05-14,1528
WALMART DE MÉXICO,6415731.41,USD,OP-106992,2022-08-06,N/A,N/A
grupo méxico,1843592.09,USD,OP-106993,"January 06, 2020",N/A,N/A
liverpool,4800139.55,USD,OP-106994,"June 09, 2016","April 14, 2019",1039
WALMART DE MÉXICO,856521.05,EUR,OP-106995,"June 20, 2018",2021-05-05,1050
AMÉRICA MÓVIL,3701361.55,EUR,OP-106996,"August 13, 2019",14/12/2022,1219
grupo bimbo,9881940.73,MXN,OP-106997,2021-08-09,N/A,N/A
GRUPO MÉXICO,4325819.71,USD,OP-106998,28/06/2017,N/A,N/A
bbva méxico,109007.85,USD,OP-106999,05/07/2019,N/A,N/A
cemex,1437831.65,EUR,OP-107000,"March 28, 2024",01/02/2025,280
GRUPO LALA,2407203.97,MXN,OP-107001,2021-05-27,N/A,N/A
CEMEX,3456883.58,EUR,OP-107002,"August 31, 2021",N/A,N/A
GRUPO CARSO,9481140.78,USD,OP-107003,2024-05-17,"December 08, 2024",205
GRUPO LALA,2911290.67,MXN,OP-107004,"April 13, 2023",N/A,N/A
bbva méxico,4613986.22,EUR,OP-107005,18/11/2018,N/A,N/A
femsa,6406073.44,EUR,OP-107006,2022-03-14,23-Dec-2024,1015
grupo bimbo,2560189.43,USD,OP-107007,25-May-2019,N/A,N/A
CEMEX,4977073.48,EUR,OP-107008,13-Jun-2021,N/A,N/A
GRUPO BIMBO,4243709.66,USD,OP-107009,2021-12-17,"May 21, 2023",520
grupo lala,5234891.61,USD,OP-107010,2021-01-21,N/A,N/A
PEMEX,4147574.57,EUR,OP-107011,05-Jan-2025,N/A,N/A
ALSEA,2821005.62,USD,OP-107012,"December 14, 2020",N/A,N/A
grupo carso,4172406.77,MXN,OP-107013,29/07/2023,N/A,N/A
américa móvil,7714309.66,EUR,OP-107014,2019-09-30,07/05/2024,1740
GRUPO CARSO,7809965.23,MXN,OP-107015,2016-02-06,N/A,N/A
grupo méxico,5022100.92,MXN,OP-107016,05/07/2020,02-Jun-2023,1121
soriana,3417046.59,MXN,OP-107017,22/02/2021,26-Jan-2022,338
telmex,7563270.8,USD,OP-107018,06-May-2017,N/A,N/A
PEMEX,2184093.47,USD,OP-107019,"April 11, 2022",22/12/2022,255
TELMEX,1889154.78,MXN,OP-107020,15-Sep-2019,12-Nov-2024,1885
CEMEX,6234218.41,MXN,OP-107021,2016-02-13,"April 07, 2022",2245
WALMART DE MÉXICO,8290393.27,MXN,OP-107022,2017-09-24,"October 12, 2022",1844
walmart de méxico,8433750.7,MXN,OP-107023,"March 31, 2020",N/A,N/A
SORIANA,7737402.35,USD,OP-107024,2018-09-07,N/A,N/A
soriana,571611.04,EUR,OP-107025,25/06/2020,N/A,N/A
WALMART DE MÉXICO,3572348.64,EUR,OP-107026,11-Nov-2019,N/A,N/A
FEMSA,4307621.74,MXN,OP-107027,11/06/2016,N/A,N/A
GRUPO BIMBO,6824656.42,MXN,OP-107028,07/05/2016,2023-07-12,2563
cemex,6637651.29,MXN,OP-107029,04-Mar-2021,"January 11, 2023",678
grupo lala,8114757.78,EUR,OP-107030,2021-01-30,N/A,N/A
walmart de méxico,3613674.91,USD,OP-107031,20-Apr-2019,03/04/2025,2145
soriana,3061894.46,USD,OP-107032,12/08/2017,"January 30, 2019",418
CEMEX,6037756.14,EUR,OP-107033,2016-09-23,N/A,N/A
TELMEX,1639767.32,USD,OP-107034,21-Jan-2021,N/A,N/A
walmart de méxico,9189721.76,USD,OP-107035,2016-01-13,22-Dec-2020,1805
femsa,1273555.56,MXN,OP-107036,"September 24, 2016",06-May-2017,224
cemex,248926.07,USD,OP-107037,29-Mar-2022,"July 02, 2025",1191
GRUPO MÉXICO,5796448.04,USD,OP-107038,18/05/2019,2022-04-02,1050
alsea,7192635.28,EUR,OP-107039,23-Jun-2016,29/11/2019,1254
GRUPO LALA,489310.29,MXN,OP-107040,07/06/2024,N/A,N/A
BANORTE,4196917.0,MXN,OP-107041,29-Feb-2024,"March 25, 2025",390
GRUPO LALA,8253742.79,EUR,OP-107042,08/09/2016,04/10/2023,2435
grupo méxico,1260729.66,USD,OP-107043,2017-08-15,"June 14, 2025",2860
telmex,4697212.91,EUR,OP-107044,"October 16, 2022",N/A,N/A
cemex,8891201.33,MXN,OP-107045,2024-03-07,N/A,N/A
GRUPO MÉXICO,2761774.47,MXN,OP-107046,28/04/2020,N/A,N/A
grupo méxico,5329621.83,EUR,OP-107047,31/01/2023,N/A,N/A
TELMEX,3592180.11,USD,OP-107048,2022-04-27,N/A,N/A
ALSEA,1168571.92,EUR,OP-107049,22-Nov-2018,02/05/2023,1536
liverpool,6897285.37,USD,OP-107050,2017-09-23,2025-05-21,2797
PEMEX,2601139.53,EUR,OP-107051,"January 31, 2025",N/A,N/A
bbva méxico,4920176.18,MXN,OP-107052,2021-06-02,23-Nov-2024,1270
GRUPO LALA,4801377.2,MXN,OP-107053,18-Apr-2023,N/A,N/A
grupo lala,6237749.48,MXN,OP-107054,"March 03, 2019",N/A,N/A
telmex,4257651.22,EUR,OP-107055,18-Mar-2017,N/A,N/A
femsa,4767462.04,MXN,OP-107056,2024-09-14,N/A,N/A
LIVERPOOL,2571246.97,EUR,OP-107057,2024-04-16,N/A,N/A
SORIANA,9179761.04,MXN,OP-107058,2021-11-21,11/06/2024,1081
soriana,3381765.16,USD,OP-107059,2020-02-02,30/08/2023,1305
grupo lala,8857901.18,USD,OP-107060,2016-07-18,"July 10, 2023",2548
TELMEX,5264005.13,EUR,OP-107061,26/08/2017,N/A,N/A
soriana,7522154.99,EUR,OP-107062,"May 13, 2024",N/A,N/A
américa móvil,1946243.84,USD,OP-107063,2018-06-09,2022-10-31,1605
TELMEX,8488415.78,MXN,OP-107064,"October 25, 2021",08/07/2023,651
grupo carso,218283.74,EUR,OP-107065,"October 17, 2023",05-Jan-2025,446
BANORTE,3797477.92,EUR,OP-107066,09-May-2023,N/A,N/A
femsa,5789034.25,MXN,OP-107067,28/08/2022,03-Aug-2024,706
CEMEX,6492667.44,EUR,OP-107068,"April 17, 2016","February 11, 2019",1030
TELMEX,4917361.02,MXN,OP-107069,09/07/2019,N/A,N/A
CEMEX,9751987.5,EUR,OP-107070,20-May-2021,N/A,N/A
américa móvil,2464271.03,MXN,OP-107071,26-Apr-2017,31-Dec-2019,979
grupo méxico,3465784.44,MXN,OP-107072,26-Apr-2017,21/04/2022,1821
LIVERPOOL,8395456.98,USD,OP-107073,06/01/2020,N/A,N/A
américa móvil,3141188.0,USD,OP-107074,13/08/2018,N/A,N/A
soriana,9370646.18,MXN,OP-107075,06-Aug-2020,N/A,N/A
CEMEX,5862047.19,USD,OP-107076,22-Jan-2025,N/A,N/A
WALMART DE MÉXICO,2987746.55,EUR,OP-107077,13/09/2017,2021-03-17,1281
ALSEA,115340.09,USD,OP-107078,30/11/2022,N/A,N/A
bbva méxico,9856456.11,MXN,OP-107079,2021-04-22,N/A,N/A
CEMEX,4651350.03,USD,OP-107080,18/04/2017,18/12/2024,2801
FEMSA,7740398.72,USD,OP-107081,2016-09-15,N/A,N/A
telmex,2675219.74,USD,OP-107082,2019-04-26,N/A,N/A
TELMEX,5531446.96,USD,OP-107083,26-Jun-2025,N/A,N/A
SORIANA,5496023.08,USD,OP-107084,"September 08, 2018",N/A,N/A
PEMEX,3972258.54,EUR,OP-107085,2015-11-25,N/A,N/A
alsea,7937022.59,MXN,OP-107086,2024-09-18,N/A,N/A
cemex,9108464.22,EUR,OP-107087,2017-12-27,16-Aug-2024,2424
liverpool,5577788.1,MXN,OP-107088,19/10/2022,N/A,N/A
BBVA MÉXICO,1879349.72,MXN,OP-107089,29-Apr-2018,25-Feb-2020,667
TELMEX,4794347.01,EUR,OP-107090,11/10/2020,N/A,N/A
banorte,1712477.46,EUR,OP-107091,17-Nov-2018,06-Apr-2024,1967
grupo bimbo,5075154.64,EUR,OP-107092,2022-08-12,N/A,N/A
GRUPO LALA,3088191.13,USD,OP-107093,11-Mar-2022,N/A,N/A
banorte,5694453.42,USD,OP-107094,2019-07-19,11/06/2024,1937
telmex,614458.44,USD,OP-107095,15/02/2025,N/A,N/A
PEMEX,1836417.08,MXN,OP-107096,2023-06-21,"June 06, 2024",351
BANORTE,9103605.2,EUR,OP-107097,2022-12-27,N/A,N/A
alsea,5091064.16,USD,OP-107098,2021-07-31,N/A,N/A
grupo bimbo,9472205.98,USD,OP-107099,"October 26, 2015",02-Jun-2017,585
grupo méxico,4718355.28,USD,OP-107100,22/05/2021,2024-07-09,1144
liverpool,5523555.49,USD,OP-107101,17/09/2024,N/A,N/A
CEMEX,7373968.59,MXN,OP-107102,2017-11-10,"August 04, 2021",1363
banorte,6390178.65,USD,OP-107103,12-Nov-2022,N/A,N/A
pemex,1240244.64,EUR,OP-107104,2017-01-16,12-Jan-2024,2552
grupo lala,6797346.54,MXN,OP-107105,2018-08-03,25/06/2023,1787
SORIANA,4344580.32,EUR,OP-107106,05-Jun-2022,N/A,N/A
femsa,2984704.21,MXN,OP-107107,"December 30, 2015",2020-07-26,1670
GRUPO LALA,4391160.42,MXN,OP-107108,11/10/2021,2023-04-16,522
grupo carso,6359838.65,MXN,OP-107109,21/12/2018,05-Sep-2024,2085
bbva méxico,4962531.88,EUR,OP-107110,11-Mar-2023,N/A,N/A
grupo méxico,2369532.98,EUR,OP-107111,2016-01-03,28/03/2024,3007
PEMEX,5387913.44,MXN,OP-107112,2016-02-29,2024-12-18,3215
liverpool,3122205.07,USD,OP-107113,"May 15, 2020",2022-04-04,689
américa móvil,4963339.97,MXN,OP-107114,15/03/2021,N/A,N/A
grupo lala,9330712.61,EUR,OP-107115,20-Nov-2024,N/A,N/A
CEMEX,2832819.8,MXN,OP-107116,10/12/2022,N/A,N/A
PEMEX,3716328.53,USD,OP-107117,07-Aug-2021,N/A,N/A
SORIANA,9559269.7,EUR,OP-107118,2016-07-18,28-May-2021,1775
pemex,307939.08,USD,OP-107119,"September 28, 2018",2019-03-25,178
soriana,5715372.67,USD,OP-107120,"December 04, 2019",N/A,N/A
ALSEA,4510564.05,USD,OP-107121,2016-02-13,22-Sep-2023,2778
pemex,2275059.08,USD,OP-107122,14-Sep-2018,N/A,N/A
cemex,6346380.81,USD,OP-107123,17/10/2020,N/A,N/A
GRUPO MÉXICO,4079522.53,USD,OP-107124,2019-11-03,N/A,N/A
AMÉRICA MÓVIL,9306233.01,USD,OP-107125,"April 14, 2017",2020-03-09,1060
liverpool,9453970.67,EUR,OP-107126,"June 22, 2018","October 15, 2018",115
GRUPO CARSO,7115610.16,MXN,OP-107127,"December 13, 2016",N/A,N/A
walmart de méxico,5345113.86,EUR,OP-107128,06-Jul-2022,N/A,N/A
GRUPO LALA,7372849.41,USD,OP-107129,29-Oct-2017,N/A,N/A
alsea,3026353.18,EUR,OP-107130,2021-12-25,N/A,N/A
TELMEX,3590717.83,MXN,OP-107131,01-Jun-2022,"September 25, 2024",847
SORIANA,7883145.28,USD,OP-107132,"April 06, 2024",N/A,N/A
GRUPO LALA,3979788.64,MXN,OP-107133,22-Feb-2021,"August 08, 2023",897
pemex,7934879.01,EUR,OP-107134,2019-06-21,2021-02-14,604
GRUPO MÉXICO,571558.77,MXN,OP-107135,29/05/2025,N/A,N/A
soriana,1731903.52,USD,OP-107136,27/03/2025,N/A,N/A
TELMEX,4981555.65,USD,OP-107137,2019-09-02,"September 06, 2022",1100
américa móvil,7549982.36,USD,OP-107138,13/11/2018,2019-02-02,81
telmex,9394808.95,EUR,OP-107139,20-Apr-2024,N/A,N/A
AMÉRICA MÓVIL,6507640.76,EUR,OP-107140,2017-05-30,"August 01, 2020",1159
grupo méxico,5665776.74,MXN,OP-107141,"March 14, 2023",N/A,N/A
LIVERPOOL,1337797.0,EUR,OP-107142,04-Dec-2020,N/A,N/A
TELMEX,7566479.32,EUR,OP-107143,2019-04-01,N/A,N/A
LIVERPOOL,5998667.13,EUR,OP-107144,19-Feb-2018,2023-03-30,1865
SORIANA,5493703.15,MXN,OP-107145,"January 01, 2021",N/A,N/A
grupo bimbo,8039319.74,MXN,OP-107146,25-Dec-2018,01-Aug-2025,2411
BANORTE,7018344.44,EUR,OP-107147,2025-05-20,N/A,N/A
grupo lala,675376.68,MXN,OP-107148,01/03/2025,N/A,N/A
grupo méxico,4210077.3,EUR,OP-107149,2015-10-27,05-Jun-2017,587
banorte,7074128.09,EUR,OP-107150,21/02/2021,N/A,N/A
soriana,2040394.12,USD,OP-107151,"October 16, 2022",N/A,N/A
FEMSA,229518.95,EUR,OP-107152,18/05/2019,2024-07-17,1887
BBVA MÉXICO,2918535.37,USD,OP-107153,01/01/2020,"March 09, 2025",1894
GRUPO BIMBO,7905752.49,MXN,OP-107154,2024-10-22,N/A,N/A
CEMEX,9110543.06,USD,OP-107155,2016-04-09,13-Feb-2025,3232
grupo carso,9085263.79,MXN,OP-107156,"August 28, 2024",N/A,N/A
grupo carso,9372878.05,MXN,OP-107157,"June 29, 2021",N/A,N/A
walmart de méxico,9174357.29,MXN,OP-107158,14/05/2017,N/A,N/A
AMÉRICA MÓVIL,2384370.3,EUR,OP-107159,11-Feb-2016,N/A,N/A
grupo lala,8588213.13,USD,OP-107160,14-Jun-2024,N/A,N/A
CEMEX,4440680.49,USD,OP-107161,21-Sep-2016,N/A,N/A
AMÉRICA MÓVIL,3680904.48,EUR,OP-107162,22-Apr-2025,N/A,N/A
AMÉRICA MÓVIL,9594057.26,MXN,OP-107163,16-Jun-2022,N/A,N/A
cemex,1500186.06,EUR,OP-107164,14-Aug-2017,"September 09, 2017",26
alsea,6544326.17,MXN,OP-107165,15-Feb-2022,13/05/2023,452
GRUPO MÉXICO,9798304.68,EUR,OP-107166,"July 22, 2025",N/A,N/A
telmex,6742670.67,USD,OP-107167,19-Sep-2020,"August 10, 2021",325
grupo méxico,8549209.86,USD,OP-107168,"August 25, 2020",N/A,N/A
GRUPO CARSO,2557752.92,MXN,OP-107169,"May 19, 2018",26-Oct-2019,525
SORIANA,579893.9,EUR,OP-107170,14-Feb-2025,N/A,N/A
liverpool,8100514.54,USD,OP-107171,16-Jun-2018,N/A,N/A
LIVERPOOL,1079639.07,USD,OP-107172,"February 06, 2019",N/A,N/A
pemex,2183856.95,EUR,OP-107173,"January 16, 2018",18-Nov-2019,671
liverpool,375452.54,USD,OP-107174,17-Sep-2023,N/A,N/A
américa móvil,7342640.78,EUR,OP-107175,08-Jul-2018,N/A,N/A
grupo lala,6945913.93,USD,OP-107176,"February 01, 2022","October 11, 2022",252
BANORTE,9989363.44,MXN,OP-107177,2024-05-25,N/A,N/A
américa móvil,9244389.14,USD,OP-107178,2018-11-03,N/A,N/A
GRUPO MÉXICO,2895531.86,MXN,OP-107179,23-Jul-2018,14/04/2024,2092
walmart de méxico,6452549.3,MXN,OP-107180,"February 09, 2018","October 22, 2022",1716
grupo carso,9565103.4,EUR,OP-107181,"October 13, 2017",N/A,N/A
grupo bimbo,3807765.96,EUR,OP-107182,"February 25, 2022",N/A,N/A
SORIANA,6203343.27,EUR,OP-107183,04/12/2017,16/11/2024,2775
BANORTE,3543461.22,MXN,OP-107184,"November 01, 2023",N/A,N/A
GRUPO CARSO,5427200.82,EUR,OP-107185,"December 23, 2019","February 21, 2023",1156
telmex,7224329.27,EUR,OP-107186,08-Mar-2024,N/A,N/A
LIVERPOOL,4428833.76,USD,OP-107187,04-Dec-2021,N/A,N/A
WALMART DE MÉXICO,3182951.8,USD,OP-107188,10-May-2020,21/06/2023,1137
grupo carso,3422423.5,USD,OP-107189,22/08/2024,N/A,N/A
GRUPO MÉXICO,4722070.82,USD,OP-107190,"August 14, 2021",N/A,N/A
alsea,1481144.59,MXN,OP-107191,26/06/2019,"January 03, 2020",191
banorte,9268172.98,EUR,OP-107192,22-Sep-2024,2025-04-01,191
ALSEA,330806.0,EUR,OP-107193,2021-05-29,N/A,N/A
liverpool,2368677.86,MXN,OP-107194,08/02/2017,"November 10, 2021",1561
cemex,2763420.06,EUR,OP-107195,"March 04, 2025",N/A,N/A
SORIANA,9026820.2,EUR,OP-107196,2017-12-09,17-Dec-2020,1104
SORIANA,6801402.27,MXN,OP-107197,"March 26, 2016",2020-05-18,1514
PEMEX,6251445.26,MXN,OP-107198,20/07/2018,05-Apr-2025,2451
PEMEX,5835846.91,EUR,OP-107199,"November 27, 2018",N/A,N/A
cemex,8876212.86,USD,OP-107200,28-Jun-2021,N/A,N/A
liverpool,4740180.6,MXN,OP-107201,2021-12-11,2024-06-01,903
grupo carso,3870362.89,EUR,OP-107202,18-Nov-2019,N/A,N/A
GRUPO CARSO,5939240.86,USD,OP-107203,31-Oct-2018,N/A,N/A
ALSEA,5584344.7,EUR,OP-107204,2018-05-25,2025-05-16,2548
TELMEX,4518190.76,USD,OP-107205,2023-05-08,30/06/2025,784
femsa,4222401.27,MXN,OP-107206,2024-03-18,N/A,N/A
GRUPO MÉXICO,4410014.35,USD,OP-107207,10-Aug-2023,N/A,N/A
PEMEX,9146345.85,MXN,OP-107208,13/07/2020,N/A,N/A
bbva méxico,7681512.83,EUR,OP-107209,26/01/2020,N/A,N/A
BANORTE,7397903.05,USD,OP-107210,25/05/2019,07/06/2025,2234
walmart de méxico,8079180.97,EUR,OP-107211,23/01/2017,N/A,N/A
CEMEX,8254063.63,USD,OP-107212,"December 31, 2016",N/A,N/A
SORIANA,5232450.88,USD,OP-107213,2016-12-19,28/10/2020,1409
AMÉRICA MÓVIL,6428775.26,MXN,OP-107214,2016-09-06,"January 08, 2018",489
liverpool,5873243.15,EUR,OP-107215,"June 24, 2016",04-Oct-2017,467
BBVA MÉXICO,1521427.85,USD,OP-107216,26-Jul-2016,21/02/2018,575
WALMART DE MÉXICO,7367771.11,MXN,OP-107217,11-Jan-2017,2023-12-12,2526
grupo carso,5838254.72,EUR,OP-107218,"October 30, 2016",N/A,N/A
FEMSA,9160992.98,EUR,OP-107219,25-Mar-2020,16/09/2023,1270
GRUPO CARSO,4245684.4,USD,OP-107220,09/04/2018,N/A,N/A
GRUPO CARSO,9656926.6,EUR,OP-107221,18-Jan-2022,N/A,N/A
SORIANA,9354430.47,EUR,OP-107222,2020-06-18,N/A,N/A
alsea,7109407.87,USD,OP-107223,"April 10, 2021",2024-12-15,1345
PEMEX,4567068.98,EUR,OP-107224,2025-05-25,N/A,N/A
LIVERPOOL,8926963.14,EUR,OP-107225,10/04/2024,N/A,N/A
pemex,7810885.05,EUR,OP-107226,2023-01-04,N/A,N/A
cemex,6267644.47,EUR,OP-107227,08-Jul-2022,N/A,N/A
LIVERPOOL,9094541.11,EUR,OP-107228,2024-02-20,"January 01, 2025",316
walmart de méxico,9392915.89,EUR,OP-107229,15/06/2022,05/05/2025,1055
GRUPO MÉXICO,6782100.75,MXN,OP-107230,"June 17, 2025",N/A,N/A
ALSEA,8044657.87,EUR,OP-107231,11-Apr-2022,20-Jul-2022,100
GRUPO BIMBO,4988387.43,USD,OP-107232,"March 16, 2019",08-Apr-2023,1484
ALSEA,6635979.95,USD,OP-107233,13-Jan-2025,N/A,N/A
walmart de méxico,2558914.56,USD,OP-107234,2018-11-20,2021-03-24,855
soriana,3206345.44,MXN,OP-107235,24/04/2025,N/A,N/A
SORIANA,5481858.97,USD,OP-107236,04/11/2020,N/A,N/A
américa móvil,1433962.3,USD,OP-107237,"November 12, 2018","August 10, 2025",2463
grupo lala,4601835.3,USD,OP-107238,10-Jan-2021,08/03/2025,1666
soriana,1871408.41,USD,OP-107239,07/03/2019,2025-02-26,2065
cemex,7516248.2,EUR,OP-107240,16-Jun-2016,N/A,N/A
grupo lala,2179243.45,EUR,OP-107241,"May 14, 2021",N/A,N/A
cemex,4329701.5,EUR,OP-107242,2024-04-18,N/A,N/A
pemex,4919844.81,USD,OP-107243,02/08/2022,19-May-2022,100
banorte,9773031.53,EUR,OP-107244,2024-02-22,N/A,N/A
telmex,2020443.1,USD,OP-107245,"January 29, 2020",12/01/2021,672
FEMSA,6991656.64,USD,OP-107246,"November 27, 2022",N/A,N/A
alsea,6575832.35,USD,OP-107247,07-Feb-2020,N/A,N/A
AMÉRICA MÓVIL,6006106.91,USD,OP-107248,12/09/2017,"October 06, 2020",1032
telmex,3023252.18,MXN,OP-107249,28-May-2016,"December 15, 2023",2757
walmart de méxico,5451551.41,EUR,OP-107250,2021-04-10,N/A,N/A
telmex,9840270.77,USD,OP-107251,25/03/2024,N/A,N/A
SORIANA,5199000.39,USD,OP-107252,2018-07-24,22/10/2021,1186
liverpool,6587071.37,MXN,OP-107253,09/02/2016,N/A,N/A
CEMEX,7015166.98,EUR,OP-107254,"November 13, 2023",N/A,N/A
GRUPO MÉXICO,1257123.91,EUR,OP-107255,"May 28, 2024",N/A,N/A
walmart de méxico,4510313.19,EUR,OP-107256,20-Apr-2018,N/A,N/A
FEMSA,9774796.04,EUR,OP-107257,2023-07-27,N/A,N/A
grupo lala,3227670.66,MXN,OP-107258,"October 14, 2019",N/A,N/A
PEMEX,8470528.4,USD,OP-107259,"June 07, 2025",N/A,N/A
BANORTE,8470245.92,EUR,OP-107260,"September 02, 2018",N/A,N/A
bbva méxico,5517988.97,USD,OP-107261,"January 20, 2025",N/A,N/A
grupo lala,9345533.15,USD,OP-107262,06-Aug-2024,N/A,N/A
soriana,739999.6,MXN,OP-107263,"November 06, 2019",2019-11-10,4
FEMSA,3942218.22,MXN,OP-107264,24/11/2021,06-May-2025,1259
FEMSA,8051800.45,EUR,OP-107265,04-Sep-2023,N/A,N/A
ALSEA,6152909.18,MXN,OP-107266,08/11/2016,2020-07-24,1443
AMÉRICA MÓVIL,2847554.05,MXN,OP-107267,2025-07-29,N/A,N/A
AMÉRICA MÓVIL,7024467.52,EUR,OP-107268,2020-02-11,N/A,N/A
BBVA MÉXICO,6820169.83,USD,OP-107269,31/05/2025,N/A,N/A
banorte,8836598.02,MXN,OP-107270,08/06/2022,N/A,N/A
telmex,7123719.18,EUR,OP-107271,2015-11-20,20/06/2024,3135
alsea,2671717.15,USD,OP-107272,2025-08-20,N/A,N/A
BBVA MÉXICO,8074646.14,MXN,OP-107273,2018-02-24,2018-07-18,144
pemex,6849493.47,USD,OP-107274,30-Aug-2022,N/A,N/A
telmex,5932833.51,MXN,OP-107275,2021-08-18,N/A,N/A
GRUPO LALA,6733753.4,EUR,OP-107276,2018-05-28,01/04/2023,1682
CEMEX,1334186.78,USD,OP-107277,13-Jun-2021,N/A,N/A
LIVERPOOL,4269057.78,USD,OP-107278,29/04/2025,N/A,N/A
GRUPO CARSO,3169175.5,EUR,OP-107279,2018-07-07,09-Aug-2018,33
grupo lala,9483002.77,MXN,OP-107280,12/11/2015,03-Nov-2021,2154
banorte,1661080.08,USD,OP-107281,23/02/2023,N/A,N/A
femsa,6871250.93,EUR,OP-107282,25-Oct-2022,N/A,N/A
GRUPO BIMBO,5638361.38,EUR,OP-107283,"June 09, 2023",N/A,N/A
grupo carso,5248655.6,EUR,OP-107284,18/10/2019,2022-07-10,996
cemex,800668.26,USD,OP-107285,"July 15, 2019",2022-05-31,1051
CEMEX,3490129.16,MXN,OP-107286,23-Aug-2021,N/A,N/A
grupo bimbo,4627566.36,MXN,OP-107287,"July 14, 2019",N/A,N/A
grupo carso,6956978.14,EUR,OP-107288,"December 17, 2023",N/A,N/A
BBVA MÉXICO,4689464.32,EUR,OP-107289,2023-05-24,N/A,N/A
GRUPO CARSO,6204872.22,USD,OP-107290,08-Jun-2016,"April 02, 2018",663
PEMEX,1722316.6,EUR,OP-107291,"July 10, 2021",N/A,N/A
liverpool,1149978.77,USD,OP-107292,2024-12-01,N/A,N/A
soriana,8881349.53,MXN,OP-107293,"October 28, 2024","March 15, 2025",138
AMÉRICA MÓVIL,4608145.65,MXN,OP-107294,2016-07-10,"October 14, 2020",1557
CEMEX,3691032.61,EUR,OP-107295,2016-02-20,25/11/2019,1374
bbva méxico,6157885.52,MXN,OP-107296,"October 11, 2017",10/02/2024,2548
alsea,745801.19,EUR,OP-107297,14-Apr-2017,N/A,N/A
banorte,4280270.85,USD,OP-107298,18-Sep-2020,N/A,N/A
banorte,6455131.73,USD,OP-107299,25-Feb-2025,N/A,N/A
BANORTE,327410.01,MXN,OP-107300,"January 15, 2024",N/A,N/A
grupo lala,971510.99,USD,OP-107301,24-Jul-2019,N/A,N/A
GRUPO CARSO,3603905.06,EUR,OP-107302,06-May-2022,20-Jan-2024,624
américa móvil,1852472.82,EUR,OP-107303,2019-09-30,N/A,N/A
américa móvil,267607.38,MXN,OP-107304,25/07/2024,N/A,N/A
grupo carso,1483220.14,MXN,OP-107305,16-Aug-2016,2016-08-25,9
bbva méxico,8784728.71,EUR,OP-107306,11/08/2025,N/A,N/A
banorte,5987614.48,USD,OP-107307,2024-03-20,N/A,N/A
grupo bimbo,1974736.01,EUR,OP-107308,2015-12-06,25/08/2025,3550
ALSEA,6721823.04,MXN,OP-107309,04-Mar-2018,04-Apr-2019,396
américa móvil,300324.12,EUR,OP-107310,17/12/2017,17/01/2023,1857
CEMEX,9940356.09,EUR,OP-107311,29-Apr-2023,N/A,N/A
TELMEX,9097753.58,USD,OP-107312,20-Oct-2016,16-Jan-2020,1183
AMÉRICA MÓVIL,9067912.49,MXN,OP-107313,2018-03-03,N/A,N/A
FEMSA,8333317.51,USD,OP-107314,14-Feb-2023,N/A,N/A
liverpool,8280040.74,USD,OP-107315,29-Jun-2025,N/A,N/A
BBVA MÉXICO,6074939.62,USD,OP-107316,"August 03, 2024",N/A,N/A
BANORTE,3761143.15,USD,OP-107317,27/09/2017,N/A,N/A
AMÉRICA MÓVIL,3465112.88,MXN,OP-107318,28/11/2023,N/A,N/A
bbva méxico,3168502.74,USD,OP-107319,2023-11-23,N/A,N/A
ALSEA,6720763.43,EUR,OP-107320,15/09/2020,N/A,N/A
liverpool,3107812.45,MXN,OP-107321,13/03/2023,2024-12-04,632
AMÉRICA MÓVIL,9049946.48,EUR,OP-107322,"August 06, 2016",2024-03-03,2766
SORIANA,6509682.47,USD,OP-107323,2025-02-01,N/A,N/A
cemex,9779791.52,EUR,OP-107324,19/07/2023,N/A,N/A
CEMEX,3187141.72,MXN,OP-107325,2018-04-05,N/A,N/A
grupo bimbo,5107826.11,USD,OP-107326,25-Mar-2024,N/A,N/A
walmart de méxico,1909116.05,MXN,OP-107327,"March 05, 2018",N/A,N/A
GRUPO BIMBO,5283028.63,MXN,OP-107328,2015-12-21,N/A,N/A
AMÉRICA MÓVIL,8204264.98,MXN,OP-107329,2017-05-23,"March 26, 2024",2499
grupo lala,4659552.3,MXN,OP-107330,"December 14, 2023",N/A,N/A
GRUPO CARSO,9007382.75,USD,OP-107331,02-Apr-2022,N/A,N/A
WALMART DE MÉXICO,3479676.53,USD,OP-107332,2021-11-16,N/A,N/A
GRUPO CARSO,5735279.05,MXN,OP-107333,12/08/2017,N/A,N/A
BBVA MÉXICO,6109093.85,USD,OP-107334,22-Sep-2018,N/A,N/A
américa móvil,9818548.51,MXN,OP-107335,2025-06-15,N/A,N/A
bbva méxico,9602947.81,USD,OP-107336,2024-08-16,N/A,N/A
femsa,3155047.2,EUR,OP-107337,2025-04-28,N/A,N/A
TELMEX,9727471.09,MXN,OP-107338,"August 27, 2021",07-Dec-2024,1198
AMÉRICA MÓVIL,8267014.74,USD,OP-107339,2016-02-24,N/A,N/A
pemex,4212188.34,USD,OP-107340,"May 29, 2018",N/A,N/A
telmex,3717001.33,USD,OP-107341,29-Jun-2019,N/A,N/A
femsa,9680473.51,EUR,OP-107342,2024-09-27,N/A,N/A
grupo lala,570975.22,USD,OP-107343,2019-02-19,31-Mar-2024,1867
femsa,734835.48,EUR,OP-107344,31/01/2017,N/A,N/A
grupo carso,4617072.38,EUR,OP-107345,13-Nov-2016,N/A,N/A
liverpool,2854344.2,MXN,OP-107346,2022-04-02,"February 25, 2023",329
GRUPO LALA,8290904.62,USD,OP-107347,24/06/2020,N/A,N/A
TELMEX,1132693.22,EUR,OP-107348,06-Oct-2022,N/A,N/A
PEMEX,8766020.22,USD,OP-107349,11/07/2025,N/A,N/A
américa móvil,4379418.31,USD,OP-107350,08/08/2021,25/04/2022,260
soriana,9920933.01,USD,OP-107351,"August 10, 2018",N/A,N/A
FEMSA,6290438.73,MXN,OP-107352,"March 24, 2023",N/A,N/A
WALMART DE MÉXICO,1933727.86,MXN,OP-107353,2023-06-12,N/A,N/A
PEMEX,7559352.04,EUR,OP-107354,"January 26, 2022",18-Jan-2023,357
banorte,4687339.36,EUR,OP-107355,04/05/2019,06-Mar-2020,336
WALMART DE MÉXICO,256054.82,EUR,OP-107356,2020-07-14,N/A,N/A
BBVA MÉXICO,1869059.26,USD,OP-107357,02-Jun-2021,05-Aug-2025,1525
liverpool,9497761.59,EUR,OP-107358,27/04/2018,"December 11, 2024",2420
CEMEX,1635476.83,MXN,OP-107359,2025-06-17,N/A,N/A
walmart de méxico,9873786.22,USD,OP-107360,"June 20, 2023",N/A,N/A
GRUPO LALA,6091850.07,EUR,OP-107361,"July 02, 2021",N/A,N/A
CEMEX,6150687.12,MXN,OP-107362,"September 28, 2022",31-May-2023,245
TELMEX,6859910.38,USD,OP-107363,"June 08, 2023",N/A,N/A
bbva méxico,9765910.49,USD,OP-107364,13/04/2018,2021-05-07,1120
walmart de méxico,7606341.38,EUR,OP-107365,2017-03-25,2018-02-08,320
GRUPO CARSO,4712803.78,EUR,OP-107366,"December 11, 2020",N/A,N/A
grupo carso,2443894.29,USD,OP-107367,"March 10, 2023",N/A,N/A
soriana,1046358.42,USD,OP-107368,24/05/2020,30/11/2022,920
FEMSA,9641116.32,USD,OP-107369,"August 23, 2016",22-Aug-2018,729
cemex,6190848.14,EUR,OP-107370,24/10/2017,17/05/2019,570
WALMART DE MÉXICO,9365738.04,USD,OP-107371,03/10/2024,N/A,N/A
FEMSA,9861918.59,EUR,OP-107372,"March 30, 2020",N/A,N/A
américa móvil,7404482.14,MXN,OP-107373,06/12/2019,14/06/2025,2194
grupo bimbo,4942874.82,MXN,OP-107374,04-Apr-2025,N/A,N/A
BANORTE,8548345.7,EUR,OP-107375,16/02/2025,N/A,N/A
GRUPO BIMBO,2974445.53,EUR,OP-107376,2025-07-10,N/A,N/A
grupo méxico,2429921.78,USD,OP-107377,2016-02-14,N/A,N/A
américa móvil,5532392.98,MXN,OP-107378,28/03/2023,2024-04-29,398
walmart de méxico,1554172.75,USD,OP-107379,2022-06-03,N/A,N/A
GRUPO MÉXICO,7158479.79,USD,OP-107380,"October 30, 2022",N/A,N/A
ALSEA,261351.29,MXN,OP-107381,16/06/2017,N/A,N/A
cemex,4349997.41,EUR,OP-107382,2022-01-30,N/A,N/A
SORIANA,632054.45,EUR,OP-107383,21-Jan-2024,N/A,N/A
CEMEX,8287603.01,USD,OP-107384,02/11/2016,2016-05-01,80
GRUPO BIMBO,9846659.59,EUR,OP-107385,14-Sep-2018,"April 15, 2025",2405
bbva méxico,2106449.54,USD,OP-107386,"May 18, 2017",2024-05-11,2550
bbva méxico,5320429.53,MXN,OP-107387,2018-09-08,"March 20, 2019",193
femsa,3150887.57,EUR,OP-107388,"August 20, 2018",2024-07-24,2165
walmart de méxico,4812137.81,USD,OP-107389,17/03/2023,N/A,N/A
FEMSA,8945011.5,USD,OP-107390,"December 29, 2016",N/A,N/A
FEMSA,2417034.55,EUR,OP-107391,"February 28, 2021",N/A,N/A
walmart de méxico,4534343.78,EUR,OP-107392,2019-02-24,N/A,N/A
liverpool,2992484.26,USD,OP-107393,2023-02-09,2025-07-25,897
PEMEX,9795135.87,EUR,OP-107394,25-Jan-2020,N/A,N/A
CEMEX,1187117.17,EUR,OP-107395,"July 18, 2023",N/A,N/A
BANORTE,835727.63,EUR,OP-107396,13-Oct-2018,29-Sep-2019,351
BBVA MÉXICO,2257227.73,MXN,OP-107397,2023-07-08,N/A,N/A
TELMEX,2531008.02,MXN,OP-107398,04-Jun-2023,N/A,N/A
américa móvil,9402094.99,EUR,OP-107399,2022-12-02,N/A,N/A
GRUPO CARSO,4392876.41,USD,OP-107400,08/12/2023,N/A,N/A
LIVERPOOL,4260383.74,USD,OP-107401,10-Jun-2018,N/A,N/A
femsa,8573247.12,USD,OP-107402,04-Feb-2020,09/07/2024,1677
cemex,7640597.87,MXN,OP-107403,"April 21, 2023",N/A,N/A
WALMART DE MÉXICO,3550242.14,USD,OP-107404,2023-05-25,N/A,N/A
PEMEX,7510257.48,MXN,OP-107405,23/10/2021,N/A,N/A
TELMEX,4628024.06,MXN,OP-107406,20-Oct-2023,N/A,N/A
AMÉRICA MÓVIL,6968883.78,MXN,OP-107407,"September 17, 2016",N/A,N/A
liverpool,9048099.59,USD,OP-107408,"April 11, 2024",N/A,N/A
ALSEA,1983109.37,USD,OP-107409,26/06/2020,N/A,N/A
soriana,5493786.92,MXN,OP-107410,2021-09-14,N/A,N/A
pemex,156967.52,MXN,OP-107411,"November 10, 2021",16-Dec-2023,766
WALMART DE MÉXICO,9594983.14,EUR,OP-107412,28-May-2018,N/A,N/A
cemex,6529578.31,EUR,OP-107413,04/01/2018,N/A,N/A
cemex,3471778.45,EUR,OP-107414,11-Dec-2018,22/12/2024,2203
walmart de méxico,3590552.01,USD,OP-107415,"August 19, 2023",N/A,N/A
grupo lala,4831500.1,USD,OP-107416,2016-05-11,17-Jan-2024,2807
femsa,3205760.78,EUR,OP-107417,2018-10-20,2022-03-27,1254
FEMSA,5281893.32,EUR,OP-107418,"March 01, 2024",26-Jun-2024,117
bbva méxico,5963956.42,MXN,OP-107419,18/03/2020,08-Mar-2024,1451
LIVERPOOL,9604859.6,MXN,OP-107420,2022-08-19,N/A,N/A
alsea,366792.6,USD,OP-107421,08/06/2021,27-Dec-2021,143
GRUPO BIMBO,6634956.11,MXN,OP-107422,2025-03-04,N/A,N/A
bbva méxico,8840526.95,MXN,OP-107423,25-Dec-2018,27/07/2020,580
GRUPO MÉXICO,8809694.61,USD,OP-107424,"January 31, 2016",04-Aug-2021,2012
grupo méxico,169753.81,MXN,OP-107425,"March 23, 2016",15/02/2025,3251
BBVA MÉXICO,5595350.09,EUR,OP-107426,"March 01, 2016",2016-08-06,158
alsea,9104633.61,MXN,OP-107427,14-Nov-2015,"January 04, 2018",782
PEMEX,5310340.75,MXN,OP-107428,06-Dec-2019,N/A,N/A
walmart de méxico,6488087.71,MXN,OP-107429,29/05/2020,"March 26, 2021",301
américa móvil,7854645.7,USD,OP-107430,2025-04-12,N/A,N/A
BBVA MÉXICO,3186830.4,MXN,OP-107431,2017-04-02,2020-05-03,1127
FEMSA,6367839.74,EUR,OP-107432,28-Apr-2017,19-Jun-2024,2609
AMÉRICA MÓVIL,3612277.53,EUR,OP-107433,05/12/2019,N/A,N/A
GRUPO MÉXICO,2287970.99,EUR,OP-107434,30-Mar-2019,N/A,N/A
PEMEX,3274029.07,EUR,OP-107435,"September 23, 2018",N/A,N/A
grupo carso,3389040.56,USD,OP-107436,"August 27, 2018",2023-01-15,1602
GRUPO MÉXICO,465220.94,EUR,OP-107437,10/02/2025,N/A,N/A
GRUPO BIMBO,9725782.66,EUR,OP-107438,07/08/2018,22/09/2020,807
GRUPO LALA,4749863.13,USD,OP-107439,"March 04, 2021",N/A,N/A
grupo méxico,2387744.53,EUR,OP-107440,01-Oct-2023,N/A,N/A
CEMEX,8453599.04,USD,OP-107441,04/11/2015,18/11/2021,2413
américa móvil,6075513.45,MXN,OP-107442,20-Mar-2019,08-Jul-2023,1571
CEMEX,2989413.77,MXN,OP-107443,"August 31, 2024",N/A,N/A
ALSEA,5763018.63,USD,OP-107444,13-Aug-2024,N/A,N/A
BBVA MÉXICO,5089547.58,USD,OP-107445,2016-09-19,2017-02-21,155
GRUPO MÉXICO,8609688.14,EUR,OP-107446,31/05/2020,31/08/2023,1187
GRUPO CARSO,4888353.17,MXN,OP-107447,30-Jan-2020,N/A,N/A
ALSEA,518705.18,USD,OP-107448,"October 08, 2017","October 10, 2024",2559
bbva méxico,9582492.04,EUR,OP-107449,2022-05-13,01-Jul-2022,49
GRUPO CARSO,6163415.83,USD,OP-107450,19/01/2016,"August 05, 2017",564
liverpool,4941248.59,EUR,OP-107451,07-Aug-2018,24-Dec-2024,2331
GRUPO MÉXICO,8348176.41,EUR,OP-107452,26-Jun-2021,21-Dec-2021,178
AMÉRICA MÓVIL,4978489.16,EUR,OP-107453,27/12/2018,"September 13, 2023",1721
WALMART DE MÉXICO,4236997.51,MXN,OP-107454,2016-07-02,19/02/2024,2788
GRUPO LALA,4670766.21,USD,OP-107455,2016-06-03,2020-01-10,1316
FEMSA,5173366.32,USD,OP-107456,"May 19, 2023",N/A,N/A
banorte,6809354.99,USD,OP-107457,2023-10-12,N/A,N/A
alsea,4533317.31,MXN,OP-107458,"March 11, 2016",16-Jul-2018,857
telmex,3392327.13,EUR,OP-107459,22/10/2015,2019-04-14,1270
GRUPO LALA,7816811.98,USD,OP-107460,17-Mar-2017,N/A,N/A
TELMEX,8501238.3,USD,OP-107461,21/05/2019,12-Dec-2019,205
telmex,5207733.54,USD,OP-107462,"January 27, 2024",N/A,N/A
grupo méxico,4367356.0,EUR,OP-107463,28-Oct-2023,N/A,N/A
walmart de méxico,4090385.32,USD,OP-107464,"June 22, 2021",17/08/2022,421
ALSEA,471063.11,USD,OP-107465,2024-06-06,N/A,N/A
AMÉRICA MÓVIL,8117803.59,USD,OP-107466,"September 26, 2018","January 05, 2024",1927
AMÉRICA MÓVIL,3894980.99,EUR,OP-107467,16/04/2023,N/A,N/A
BBVA MÉXICO,3957208.62,EUR,OP-107468,29/08/2023,N/A,N/A
CEMEX,1672138.55,EUR,OP-107469,"December 29, 2015","June 16, 2016",170
GRUPO LALA,1331325.42,MXN,OP-107470,2017-11-14,23/04/2019,525
bbva méxico,2964416.58,EUR,OP-107471,23-Nov-2021,N/A,N/A
GRUPO MÉXICO,2708565.01,MXN,OP-107472,"July 02, 2025",N/A,N/A
cemex,9297107.32,EUR,OP-107473,28-Jan-2023,26-Nov-2024,668
PEMEX,2224657.15,EUR,OP-107474,16-Apr-2023,N/A,N/A
banorte,8186117.02,USD,OP-107475,2018-09-16,N/A,N/A
BBVA MÉXICO,6491161.58,USD,OP-107476,08-Dec-2016,26/02/2017,80
SORIANA,4957217.88,USD,OP-107477,2022-07-10,N/A,N/A
GRUPO LALA,6705532.64,EUR,OP-107478,29-Aug-2015,2023-03-23,2763
telmex,2631590.34,EUR,OP-107479,29-May-2018,N/A,N/A
cemex,9990831.43,MXN,OP-107480,22-Oct-2019,N/A,N/A
ALSEA,5962302.05,MXN,OP-107481,2018-08-17,09-Dec-2020,845
BBVA MÉXICO,8073481.26,MXN,OP-107482,17/04/2021,2022-05-13,391
AMÉRICA MÓVIL,7002089.92,EUR,OP-107483,2018-01-27,17/02/2018,21
pemex,6323551.32,EUR,OP-107484,2025-08-15,N/A,N/A
grupo méxico,678146.31,USD,OP-107485,10/07/2021,N/A,N/A
bbva méxico,1169093.28,EUR,OP-107486,03/09/2019,N/A,N/A
pemex,312539.47,EUR,OP-107487,2020-07-25,31/01/2023,920
FEMSA,9271527.18,MXN,OP-107488,08/02/2025,N/A,N/A
cemex,3399393.5,MXN,OP-107489,24-Dec-2018,2020-12-31,738
SORIANA,1741902.71,USD,OP-107490,13-Aug-2019,23/03/2023,1318
grupo carso,1508656.3,EUR,OP-107491,"October 29, 2015",23/12/2020,1882
walmart de méxico,3340575.2,EUR,OP-107492,"December 15, 2020",N/A,N/A
CEMEX,2715323.62,MXN,OP-107493,10/11/2021,12/03/2023,783
pemex,6957243.78,EUR,OP-107494,"October 04, 2015",06/09/2020,1710
BANORTE,6033137.32,MXN,OP-107495,23-Jun-2018,29-Apr-2023,1771
FEMSA,2879541.71,EUR,OP-107496,"January 26, 2023",N/A,N/A
PEMEX,6910438.95,USD,OP-107497,25-Jan-2023,N/A,N/A
GRUPO BIMBO,6148193.29,EUR,OP-107498,2024-04-18,N/A,N/A
grupo lala,3301094.27,USD,OP-107499,2018-01-28,19/04/2023,1907
banorte,1608445.21,EUR,OP-107500,30/12/2018,N/A,N/A
AMÉRICA MÓVIL,7622267.0,EUR,OP-107501,21-Dec-2015,N/A,N/A
grupo méxico,2877713.76,EUR,OP-107502,2019-10-09,N/A,N/A
TELMEX,4335770.21,USD,OP-107503,"January 29, 2022",02/05/2025,1103
FEMSA,5087689.84,MXN,OP-107504,30/06/2019,19-Apr-2025,2120
BBVA MÉXICO,4866928.71,EUR,OP-107505,05-Feb-2022,N/A,N/A
banorte,7815489.66,MXN,OP-107506,22/03/2016,N/A,N/A
femsa,7932041.65,MXN,OP-107507,14/04/2020,N/A,N/A
banorte,1601337.6,EUR,OP-107508,"July 20, 2025",N/A,N/A
GRUPO BIMBO,6958008.23,USD,OP-107509,"July 21, 2023",N/A,N/A
TELMEX,5992589.39,MXN,OP-107510,"April 13, 2022",14-Jun-2022,62
grupo méxico,6800632.69,EUR,OP-107511,"December 11, 2015",10/07/2020,1762
banorte,8453114.11,USD,OP-107512,24/07/2017,N/A,N/A
BBVA MÉXICO,1748459.92,USD,OP-107513,2021-07-31,11-Dec-2024,1229
WALMART DE MÉXICO,9801820.69,USD,OP-107514,15-Jan-2016,03/04/2024,2971
WALMART DE MÉXICO,6448135.07,USD,OP-107515,17/12/2016,N/A,N/A
WALMART DE MÉXICO,2377691.2,EUR,OP-107516,07/07/2016,N/A,N/A
FEMSA,2047772.23,MXN,OP-107517,10-Dec-2015,"February 09, 2020",1522
grupo carso,6231636.81,MXN,OP-107518,2023-01-24,"October 18, 2023",267
grupo carso,3915104.4,MXN,OP-107519,01/08/2019,N/A,N/A
BANORTE,6232781.29,EUR,OP-107520,2024-04-29,N/A,N/A
BANORTE,4294071.31,USD,OP-107521,2019-09-18,09/12/2024,1821
ALSEA,7257360.51,EUR,OP-107522,20-Nov-2024,N/A,N/A
PEMEX,7715803.29,USD,OP-107523,"November 28, 2020",N/A,N/A
alsea,904869.68,MXN,OP-107524,22-Jul-2019,N/A,N/A
soriana,4175755.03,USD,OP-107525,08/10/2019,N/A,N/A
grupo carso,6571123.0,USD,OP-107526,26-Aug-2019,"August 04, 2024",1805
BBVA MÉXICO,5438192.83,EUR,OP-107527,26-Feb-2021,N/A,N/A
alsea,8595491.68,MXN,OP-107528,2024-02-20,N/A,N/A
LIVERPOOL,1500907.21,EUR,OP-107529,2019-01-11,24-Feb-2024,1870
GRUPO BIMBO,773129.36,MXN,OP-107530,22/09/2018,11/07/2020,777
liverpool,523112.14,MXN,OP-107531,"June 18, 2021",N/A,N/A
BANORTE,4035601.9,USD,OP-107532,11/01/2024,N/A,N/A
WALMART DE MÉXICO,5447787.46,MXN,OP-107533,11-Sep-2021,N/A,N/A
grupo lala,1951706.58,MXN,OP-107534,2021-09-01,22/10/2021,51
américa móvil,7892119.12,USD,OP-107535,12-Dec-2018,26-Feb-2019,76
TELMEX,4380102.05,EUR,OP-107536,"February 05, 2019",N/A,N/A
LIVERPOOL,3396290.81,EUR,OP-107537,18-Mar-2019,"February 26, 2023",1441
FEMSA,1017182.67,EUR,OP-107538,2021-05-06,09-Nov-2024,1283
grupo carso,3410829.28,USD,OP-107539,18/07/2016,N/A,N/A
liverpool,9774874.55,USD,OP-107540,2021-06-30,N/A,N/A
BBVA MÉXICO,3702005.5,EUR,OP-107541,2017-07-20,2019-07-31,741
CEMEX,727900.35,MXN,OP-107542,27/05/2021,N/A,N/A
pemex,6297760.98,EUR,OP-107543,"December 30, 2017",N/A,N/A
grupo carso,5752320.17,USD,OP-107544,2023-11-17,N/A,N/A
WALMART DE MÉXICO,3943421.19,MXN,OP-107545,25/09/2024,N/A,N/A
cemex,5237832.12,MXN,OP-107546,05-May-2023,N/A,N/A
soriana,3692230.03,EUR,OP-107547,2025-05-31,N/A,N/A
GRUPO MÉXICO,1598240.71,MXN,OP-107548,"October 27, 2019",11/11/2021,746
américa móvil,7507730.01,EUR,OP-107549,24/01/2018,28/10/2021,1373
BANORTE,6634002.32,USD,OP-107550,03/04/2016,"July 14, 2018",862
walmart de méxico,7772358.2,MXN,OP-107551,27/07/2018,05-Nov-2024,2293
banorte,2215900.17,MXN,OP-107552,24/04/2019,N/A,N/A
WALMART DE MÉXICO,679597.25,USD,OP-107553,"September 05, 2019",N/A,N/A
TELMEX,6380536.26,MXN,OP-107554,11/09/2018,N/A,N/A
ALSEA,1317163.83,MXN,OP-107555,"October 12, 2022",2025-01-12,823
telmex,9133095.61,EUR,OP-107556,14/11/2024,N/A,N/A
alsea,4194149.25,EUR,OP-107557,17/05/2018,N/A,N/A
banorte,9919584.44,USD,OP-107558,"April 23, 2021",N/A,N/A
TELMEX,8252404.85,MXN,OP-107559,"December 11, 2016",01-Nov-2017,325
femsa,8920614.53,EUR,OP-107560,"July 10, 2024",N/A,N/A
ALSEA,6304171.28,USD,OP-107561,17/12/2017,20-Aug-2022,1707
WALMART DE MÉXICO,961829.07,MXN,OP-107562,2021-05-26,N/A,N/A
SORIANA,2428400.36,MXN,OP-107563,12/08/2022,"December 05, 2023",362
cemex,8903530.87,MXN,OP-107564,15/07/2025,N/A,N/A
BBVA MÉXICO,6601486.65,USD,OP-107565,27/02/2018,N/A,N/A
FEMSA,804627.18,MXN,OP-107566,2018-05-10,27/05/2024,2209
LIVERPOOL,7328336.51,EUR,OP-107567,2022-12-13,N/A,N/A
soriana,593936.97,EUR,OP-107568,27-Nov-2021,2025-03-14,1203
pemex,4709177.45,EUR,OP-107569,"September 04, 2024",N/A,N/A
LIVERPOOL,8214398.56,USD,OP-107570,2018-05-22,"March 19, 2019",301
LIVERPOOL,6817811.45,EUR,OP-107571,"February 12, 2016",N/A,N/A
liverpool,9327114.55,EUR,OP-107572,11/04/2021,N/A,N/A
soriana,484567.97,MXN,OP-107573,2015-08-27,"May 22, 2021",2095
ALSEA,7799979.92,EUR,OP-107574,"July 21, 2025",N/A,N/A
telmex,6269541.18,MXN,OP-107575,2024-08-16,N/A,N/A
grupo bimbo,7201687.44,EUR,OP-107576,01/06/2024,N/A,N/A
ALSEA,3099847.14,MXN,OP-107577,04-Dec-2022,N/A,N/A
AMÉRICA MÓVIL,4874266.81,MXN,OP-107578,2025-07-27,N/A,N/A
femsa,7673759.15,MXN,OP-107579,2018-07-25,N/A,N/A
WALMART DE MÉXICO,2532564.38,EUR,OP-107580,10/09/2024,N/A,N/A
pemex,4400578.89,EUR,OP-107581,2015-12-23,2024-07-12,3124
liverpool,9001534.5,USD,OP-107582,2021-05-17,2023-02-17,641
walmart de méxico,3710726.76,USD,OP-107583,03-Jul-2019,02-Jan-2020,183
liverpool,7497267.97,USD,OP-107584,07/02/2022,N/A,N/A
grupo lala,6229250.26,MXN,OP-107585,03/12/2016,05/12/2018,791
grupo bimbo,860069.63,MXN,OP-107586,06-Jan-2017,29-Mar-2019,812
GRUPO LALA,6365566.91,EUR,OP-107587,2018-01-02,10/01/2023,2098
soriana,6063813.45,EUR,OP-107588,15-Oct-2019,19-Jan-2023,1192
grupo carso,875557.99,USD,OP-107589,20-Jan-2016,02-Jul-2025,3451
banorte,9277894.01,EUR,OP-107590,2024-10-07,N/A,N/A
BBVA MÉXICO,6362186.65,USD,OP-107591,28-Aug-2024,N/A,N/A
GRUPO LALA,1193994.49,MXN,OP-107592,27-May-2017,N/A,N/A
soriana,5798083.13,USD,OP-107593,25/02/2017,2017-03-03,6
femsa,4087684.05,USD,OP-107594,08-Jun-2022,"March 11, 2023",276
BBVA MÉXICO,625335.3,MXN,OP-107595,2022-04-18,N/A,N/A
américa móvil,9168353.84,MXN,OP-107596,14-Oct-2019,26/09/2024,1809
GRUPO CARSO,496016.2,MXN,OP-107597,23-Dec-2020,"January 15, 2024",1118
BANORTE,6125770.72,EUR,OP-107598,09/05/2025,N/A,N/A
GRUPO CARSO,5049815.71,EUR,OP-107599,2025-04-18,N/A,N/A
SORIANA,5545985.13,MXN,OP-107600,"July 24, 2025",N/A,N/A
américa móvil,2481935.3,MXN,OP-107601,11/09/2018,N/A,N/A
GRUPO CARSO,7758151.67,USD,OP-107602,03-Nov-2017,14-Aug-2021,1380
banorte,5989789.4,EUR,OP-107603,"November 20, 2020",N/A,N/A
banorte,5934027.52,MXN,OP-107604,2023-07-14,N/A,N/A
femsa,1188972.42,USD,OP-107605,2021-03-08,2024-10-30,1332
bbva méxico,7110081.19,EUR,OP-107606,10/11/2018,"July 09, 2023",1732
grupo carso,1772604.11,USD,OP-107607,"August 11, 2024",N/A,N/A
BANORTE,7178350.23,USD,OP-107608,22-Nov-2021,N/A,N/A
CEMEX,3185900.3,USD,OP-107609,12-Jul-2024,N/A,N/A
TELMEX,2796399.0,MXN,OP-107610,2017-11-04,N/A,N/A
femsa,541370.22,EUR,OP-107611,"July 18, 2024",N/A,N/A
GRUPO CARSO,2311775.7,USD,OP-107612,2016-10-11,N/A,N/A
AMÉRICA MÓVIL,9350069.47,MXN,OP-107613,25/01/2016,2020-04-05,1532
CEMEX,3768218.71,MXN,OP-107614,30/03/2022,N/A,N/A
LIVERPOOL,9035214.62,USD,OP-107615,21-Jun-2019,N/A,N/A
soriana,9695380.32,MXN,OP-107616,16-Feb-2019,N/A,N/A
femsa,6396769.65,EUR,OP-107617,"August 05, 2018",N/A,N/A
GRUPO BIMBO,1985821.94,USD,OP-107618,13/09/2015,2022-09-10,2554
BANORTE,6165747.67,MXN,OP-107619,30-Aug-2023,N/A,N/A
grupo bimbo,755369.49,EUR,OP-107620,23/08/2019,"December 17, 2023",1577
SORIANA,8607901.96,USD,OP-107621,2017-07-27,N/A,N/A
GRUPO MÉXICO,9502169.91,USD,OP-107622,19-Dec-2017,2025-07-30,2780
BBVA MÉXICO,3302731.92,EUR,OP-107623,29-Dec-2022,N/A,N/A
grupo carso,8011304.86,EUR,OP-107624,"February 20, 2017",11/11/2018,629
WALMART DE MÉXICO,6162612.96,MXN,OP-107625,2018-10-20,N/A,N/A
FEMSA,8275527.4,MXN,OP-107626,18-Jan-2016,2025-03-08,3337
alsea,2165277.24,USD,OP-107627,"October 07, 2021","October 26, 2024",1115
pemex,6124137.76,USD,OP-107628,2021-09-06,N/A,N/A
GRUPO LALA,7568689.21,MXN,OP-107629,"September 15, 2023",N/A,N/A
cemex,4577047.35,MXN,OP-107630,02/09/2022,N/A,N/A
grupo bimbo,9278196.98,MXN,OP-107631,"September 02, 2016",02/07/2018,523
SORIANA,7262772.69,MXN,OP-107632,2025-06-01,N/A,N/A
PEMEX,2621493.94,MXN,OP-107633,"August 04, 2023",N/A,N/A
grupo lala,5984018.22,MXN,OP-107634,13-Aug-2019,12-Oct-2023,1521
alsea,2365438.01,USD,OP-107635,21/07/2022,N/A,N/A
WALMART DE MÉXICO,4804401.82,MXN,OP-107636,17-Feb-2017,"July 11, 2022",1970
banorte,9131517.32,MXN,OP-107637,16-Nov-2024,N/A,N/A
AMÉRICA MÓVIL,2680004.32,EUR,OP-107638,"June 15, 2016",2021-01-16,1676
grupo méxico,3324514.88,EUR,OP-107639,22/08/2024,N/A,N/A
SORIANA,6358589.79,EUR,OP-107640,2020-03-05,2024-05-21,1538
pemex,4641266.48,MXN,OP-107641,29/06/2024,N/A,N/A
cemex,5167234.43,MXN,OP-107642,01/05/2016,N/A,N/A
banorte,7002107.14,EUR,OP-107643,2023-11-28,N/A,N/A
alsea,5479112.81,EUR,OP-107644,04-Aug-2021,"May 05, 2022",274
CEMEX,9181336.2,USD,OP-107645,"February 27, 2020",05/10/2022,803
BBVA MÉXICO,5739010.61,EUR,OP-107646,12/03/2023,N/A,N/A
alsea,785142.21,EUR,OP-107647,06/05/2019,N/A,N/A
grupo lala,7091921.44,MXN,OP-107648,27-Apr-2022,N/A,N/A
grupo lala,2767384.15,USD,OP-107649,2016-01-18,15-Nov-2022,2493
GRUPO CARSO,3034751.77,EUR,OP-107650,20-Aug-2018,N/A,N/A
BBVA MÉXICO,3976096.74,USD,OP-107651,30/01/2022,"August 01, 2025",1279
GRUPO CARSO,7425381.16,MXN,OP-107652,18-Sep-2022,N/A,N/A
grupo bimbo,3217492.83,EUR,OP-107653,17-Dec-2019,N/A,N/A
ALSEA,9539061.92,EUR,OP-107654,"September 18, 2019",01/03/2024,1568
GRUPO CARSO,3132521.15,EUR,OP-107655,2023-03-05,N/A,N/A
pemex,312005.82,USD,OP-107656,"October 13, 2023",N/A,N/A
grupo méxico,5002704.73,USD,OP-107657,"November 17, 2020",N/A,N/A
grupo carso,6414883.57,MXN,OP-107658,2023-11-07,N/A,N/A
walmart de méxico,5146185.97,MXN,OP-107659,"November 21, 2024",N/A,N/A
cemex,4502978.05,MXN,OP-107660,19-Oct-2015,"September 09, 2022",2517
alsea,2062276.39,MXN,OP-107661,"April 15, 2019",N/A,N/A
pemex,3557187.48,MXN,OP-107662,06/01/2023,N/A,N/A
américa móvil,862460.96,EUR,OP-107663,12/06/2025,N/A,N/A
walmart de méxico,5852767.39,MXN,OP-107664,"May 10, 2016",08/04/2022,2277
américa móvil,4246593.91,EUR,OP-107665,"July 02, 2021",N/A,N/A
grupo carso,3189168.17,USD,OP-107666,2023-05-13,N/A,N/A
GRUPO MÉXICO,8062572.02,USD,OP-107667,19/11/2017,"November 22, 2017",3
GRUPO BIMBO,8862343.74,MXN,OP-107668,2017-08-19,2017-11-17,90
GRUPO LALA,199163.49,MXN,OP-107669,29/09/2017,N/A,N/A
grupo bimbo,9844410.18,EUR,OP-107670,2019-07-03,2022-01-01,913
FEMSA,5093472.34,MXN,OP-107671,"May 18, 2023",28-Sep-2023,133
GRUPO BIMBO,751485.65,USD,OP-107672,24-Apr-2019,04/06/2022,1078
FEMSA,3534441.09,MXN,OP-107673,2017-01-14,04/07/2025,3005
WALMART DE MÉXICO,9181884.81,EUR,OP-107674,2023-08-25,N/A,N/A
GRUPO LALA,7139578.07,EUR,OP-107675,07-May-2018,N/A,N/A
GRUPO BIMBO,8400817.75,EUR,OP-107676,2018-04-04,24-Jan-2021,1026
ALSEA,5169667.29,EUR,OP-107677,30-Jan-2016,N/A,N/A
soriana,1298783.92,MXN,OP-107678,2016-10-21,10/12/2022,2182
grupo lala,1620082.06,MXN,OP-107679,2023-05-22,N/A,N/A
femsa,2926208.42,MXN,OP-107680,08/08/2020,N/A,N/A
grupo carso,7780263.3,USD,OP-107681,"March 18, 2017",N/A,N/A
GRUPO MÉXICO,1301602.09,EUR,OP-107682,2017-04-14,2022-08-10,1944
ALSEA,3083267.13,MXN,OP-107683,22/12/2017,2022-09-22,1735
WALMART DE MÉXICO,4797511.49,MXN,OP-107684,"March 13, 2023",N/A,N/A
alsea,8863076.67,MXN,OP-107685,01/08/2017,N/A,N/A
cemex,3070774.77,USD,OP-107686,07-Apr-2023,16/02/2024,315
grupo carso,5288060.58,EUR,OP-107687,08-Jan-2016,2020-05-10,1584
SORIANA,4503117.06,EUR,OP-107688,01/08/2021,N/A,N/A
GRUPO MÉXICO,6407172.27,USD,OP-107689,"April 30, 2020",17-Sep-2022,870
grupo bimbo,9570667.66,EUR,OP-107690,"June 11, 2025",N/A,N/A
banorte,7527543.67,USD,OP-107691,2016-03-15,N/A,N/A
ALSEA,1498528.21,EUR,OP-107692,10-May-2019,N/A,N/A
ALSEA,9489084.21,MXN,OP-107693,26/01/2016,10/10/2021,2084
GRUPO LALA,3232616.72,EUR,OP-107694,2022-09-12,07-Aug-2024,695
GRUPO BIMBO,8410223.06,MXN,OP-107695,16/02/2024,N/A,N/A
GRUPO CARSO,2990561.95,MXN,OP-107696,27-Aug-2023,N/A,N/A
femsa,7120595.85,EUR,OP-107697,"October 25, 2023",N/A,N/A
FEMSA,3132077.62,MXN,OP-107698,06/03/2016,24/09/2021,1939
alsea,5392374.84,EUR,OP-107699,09/09/2022,N/A,N/A
SORIANA,7963056.97,EUR,OP-107700,2022-03-25,N/A,N/A
liverpool,1156614.43,EUR,OP-107701,01/07/2016,29/09/2022,2457
grupo méxico,8904002.75,EUR,OP-107702,22-Dec-2022,"August 21, 2025",973
GRUPO LALA,6288287.94,USD,OP-107703,01-Sep-2024,N/A,N/A
grupo bimbo,1792436.28,MXN,OP-107704,28/09/2017,19-Jul-2022,1755
grupo carso,8572702.71,EUR,OP-107705,2017-09-24,2020-11-22,1155
SORIANA,7532688.46,MXN,OP-107706,25-Jun-2023,N/A,N/A
SORIANA,3682435.87,MXN,OP-107707,28/06/2022,12/02/2022,157
GRUPO BIMBO,6296942.06,EUR,OP-107708,"June 07, 2023",N/A,N/A
BANORTE,3113064.47,USD,OP-107709,"April 04, 2019",N/A,N/A
BBVA MÉXICO,8748842.95,USD,OP-107710,2022-01-18,2024-12-15,1062
ALSEA,9177891.08,EUR,OP-107711,2016-06-24,"August 10, 2025",3334
femsa,8638197.25,EUR,OP-107712,30-Nov-2015,2017-08-31,640
BANORTE,2507741.09,EUR,OP-107713,"April 20, 2024",N/A,N/A
pemex,4658684.47,MXN,OP-107714,29-Aug-2022,N/A,N/A
BANORTE,3553149.9,MXN,OP-107715,2022-09-04,N/A,N/A
SORIANA,3538513.21,USD,OP-107716,"February 16, 2024",N/A,N/A
bbva méxico,4549241.99,MXN,OP-107717,07/02/2018,N/A,N/A
BBVA MÉXICO,8982162.13,MXN,OP-107718,"March 16, 2023",N/A,N/A
GRUPO MÉXICO,8976963.35,EUR,OP-107719,2023-09-27,N/A,N/A
CEMEX,951326.01,MXN,OP-107720,28-Apr-2017,N/A,N/A
CEMEX,5560545.58,MXN,OP-107721,2016-12-19,16-Nov-2020,1428
LIVERPOOL,8148574.8,USD,OP-107722,2024-04-23,21-Jul-2024,89
GRUPO BIMBO,4150573.36,MXN,OP-107723,2023-12-31,14/03/2025,439
CEMEX,3980661.95,USD,OP-107724,"January 31, 2022",N/A,N/A
ALSEA,7618669.6,MXN,OP-107725,20-Feb-2016,07-Jun-2018,838
GRUPO MÉXICO,3785667.31,EUR,OP-107726,2018-06-13,01-Sep-2021,1176
grupo lala,7593282.03,EUR,OP-107727,2025-01-05,N/A,N/A
femsa,1182051.31,USD,OP-107728,"October 10, 2015",2023-03-20,2718
GRUPO BIMBO,7712870.61,USD,OP-107729,06/06/2022,N/A,N/A
ALSEA,6350975.13,EUR,OP-107730,13-Nov-2020,N/A,N/A
alsea,9148619.82,EUR,OP-107731,2021-04-10,"August 29, 2023",871
grupo bimbo,1676422.76,USD,OP-107732,"April 01, 2019",2022-05-29,1154
FEMSA,4899433.19,MXN,OP-107733,2022-12-31,N/A,N/A
GRUPO LALA,5972665.93,EUR,OP-107734,2023-07-30,N/A,N/A
ALSEA,9355020.5,EUR,OP-107735,29-Mar-2017,N/A,N/A
TELMEX,3054046.34,USD,OP-107736,"January 22, 2021",N/A,N/A
walmart de méxico,6503126.4,EUR,OP-107737,18-Aug-2017,"July 19, 2018",335
américa móvil,641684.34,USD,OP-107738,12-Jun-2022,N/A,N/A
liverpool,6188879.26,MXN,OP-107739,05/05/2019,11/05/2020,550
GRUPO CARSO,6203050.36,EUR,OP-107740,2021-05-28,10-Jan-2022,227
TELMEX,3732448.61,EUR,OP-107741,"August 29, 2017","March 01, 2023",2010
WALMART DE MÉXICO,9910574.26,USD,OP-107742,"June 27, 2023",N/A,N/A
alsea,628364.34,USD,OP-107743,2017-06-22,2019-07-26,764
grupo carso,3579723.07,EUR,OP-107744,2022-08-22,N/A,N/A
grupo carso,3090706.37,USD,OP-107745,2023-04-19,14/05/2025,756
BANORTE,2558581.23,EUR,OP-107746,"July 08, 2020",N/A,N/A
WALMART DE MÉXICO,3630750.96,USD,OP-107747,2023-08-06,N/A,N/A
bbva méxico,3590781.87,MXN,OP-107748,27-Mar-2025,N/A,N/A
AMÉRICA MÓVIL,3057947.6,MXN,OP-107749,02-Dec-2017,2019-01-29,423
liverpool,9554566.41,MXN,OP-107750,17-Jan-2018,11/07/2024,2486
FEMSA,7955831.93,MXN,OP-107751,05/03/2020,N/A,N/A
grupo bimbo,456604.27,USD,OP-107752,14-Feb-2019,29-Apr-2020,440
liverpool,4448694.67,MXN,OP-107753,2023-06-26,N/A,N/A
bbva méxico,892351.21,EUR,OP-107754,08/06/2018,11/12/2018,98
AMÉRICA MÓVIL,6055228.17,EUR,OP-107755,2024-12-13,N/A,N/A
femsa,9653983.13,EUR,OP-107756,"December 22, 2020",2024-12-15,1454
femsa,6515854.28,EUR,OP-107757,"February 13, 2018",N/A,N/A
FEMSA,2700155.42,EUR,OP-107758,"October 09, 2018",06/05/2022,1335
femsa,2370856.49,USD,OP-107759,12-Jun-2016,09/12/2022,2283
CEMEX,6504163.73,USD,OP-107760,22/04/2018,16/02/2025,2492
cemex,3308672.09,MXN,OP-107761,14/09/2017,01-Jul-2023,2116
WALMART DE MÉXICO,4068228.93,USD,OP-107762,2021-07-27,N/A,N/A
BANORTE,5828965.83,EUR,OP-107763,05-Nov-2017,N/A,N/A
TELMEX,5940159.88,EUR,OP-107764,22/08/2023,16/06/2025,664
grupo bimbo,6094954.1,EUR,OP-107765,23-Jan-2018,2021-11-27,1404
GRUPO CARSO,2546128.04,EUR,OP-107766,05-Oct-2018,N/A,N/A
FEMSA,3782794.94,MXN,OP-107767,"June 18, 2019",N/A,N/A
cemex,8181239.5,USD,OP-107768,28-Apr-2025,N/A,N/A
PEMEX,7824411.43,USD,OP-107769,24/01/2019,N/A,N/A
SORIANA,5056756.69,USD,OP-107770,26/09/2015,N/A,N/A
pemex,9494722.08,EUR,OP-107771,"November 14, 2023",N/A,N/A
grupo lala,3131616.7,USD,OP-107772,26/12/2016,07/08/2025,3116
grupo carso,4437255.98,EUR,OP-107773,2017-12-08,N/A,N/A
grupo carso,3736886.23,USD,OP-107774,03-Nov-2022,N/A,N/A
GRUPO BIMBO,852122.66,MXN,OP-107775,14/08/2017,2017-09-07,24
PEMEX,2070199.76,MXN,OP-107776,"April 27, 2022",05/07/2023,375
LIVERPOOL,2334373.28,EUR,OP-107777,04/02/2022,N/A,N/A
GRUPO BIMBO,1209897.65,MXN,OP-107778,26/03/2018,N/A,N/A
TELMEX,4479923.01,USD,OP-107779,03-Dec-2020,"July 28, 2023",967
walmart de méxico,1598559.45,MXN,OP-107780,2021-01-01,N/A,N/A
BANORTE,952369.03,MXN,OP-107781,02/08/2018,N/A,N/A
GRUPO MÉXICO,7035289.16,EUR,OP-107782,24-Oct-2015,"September 21, 2024",3255
FEMSA,7362624.95,EUR,OP-107783,11-Apr-2022,10-May-2024,760
bbva méxico,8751911.61,EUR,OP-107784,"January 30, 2024",N/A,N/A
PEMEX,7295711.5,MXN,OP-107785,2020-03-29,28-May-2024,1521
bbva méxico,9655246.26,MXN,OP-107786,2022-08-26,N/A,N/A
telmex,3285405.55,USD,OP-107787,2023-05-15,N/A,N/A
CEMEX,5185134.52,MXN,OP-107788,"August 29, 2023",N/A,N/A
AMÉRICA MÓVIL,679989.39,USD,OP-107789,10-Apr-2024,N/A,N/A
cemex,4874278.67,USD,OP-107790,"December 15, 2016",N/A,N/A
TELMEX,4744533.08,EUR,OP-107791,03/09/2018,"July 26, 2020",870
GRUPO BIMBO,4839482.28,MXN,OP-107792,2018-03-09,23-Jun-2024,2298
GRUPO BIMBO,9582779.97,EUR,OP-107793,2019-12-30,14-Aug-2022,958
grupo carso,790513.36,MXN,OP-107794,01/08/2019,01-Dec-2024,2154
liverpool,6754902.46,USD,OP-107795,"May 27, 2020",N/A,N/A
SORIANA,8942336.52,USD,OP-107796,24-Aug-2017,2018-08-18,359
américa móvil,5231757.28,MXN,OP-107797,2021-11-25,N/A,N/A
grupo bimbo,8921343.83,USD,OP-107798,02-Jun-2021,N/A,N/A
CEMEX,2809228.43,USD,OP-107799,"July 03, 2020",N/A,N/A
GRUPO BIMBO,3205930.43,MXN,OP-107800,25-Dec-2024,N/A,N/A
grupo carso,1182053.54,EUR,OP-107801,"June 27, 2024",N/A,N/A
SORIANA,2625631.88,EUR,OP-107802,21/12/2021,09/12/2024,996
SORIANA,9151928.73,EUR,OP-107803,2017-09-21,N/A,N/A
telmex,3711248.76,EUR,OP-107804,"July 06, 2017",10-Jun-2021,1435
américa móvil,566313.59,MXN,OP-107805,18-Dec-2023,N/A,N/A
GRUPO MÉXICO,8088753.23,MXN,OP-107806,22/10/2024,N/A,N/A
alsea,7082861.22,MXN,OP-107807,2016-05-05,N/A,N/A
femsa,9128079.06,MXN,OP-107808,27-Aug-2021,N/A,N/A
grupo bimbo,6707065.56,USD,OP-107809,26-Mar-2024,N/A,N/A
grupo carso,3550599.82,MXN,OP-107810,20-Mar-2018,"March 26, 2019",371
liverpool,6074753.89,MXN,OP-107811,2017-04-08,N/A,N/A
telmex,6111965.48,MXN,OP-107812,"June 05, 2016",N/A,N/A
bbva méxico,4978378.28,USD,OP-107813,"November 15, 2018",N/A,N/A
américa móvil,2376670.12,EUR,OP-107814,2017-12-26,"May 16, 2021",1237
FEMSA,7216846.2,MXN,OP-107815,27/11/2019,N/A,N/A
FEMSA,3798110.19,MXN,OP-107816,03/12/2017,2019-06-09,819
PEMEX,9041374.48,EUR,OP-107817,2019-03-02,2022-08-31,1278
GRUPO CARSO,793805.07,EUR,OP-107818,"February 03, 2022","March 21, 2024",777
BANORTE,147120.37,EUR,OP-107819,27-Jul-2021,N/A,N/A
telmex,2202752.29,USD,OP-107820,2024-07-28,N/A,N/A
GRUPO BIMBO,4469657.47,USD,OP-107821,28-Jul-2019,"January 25, 2021",547
telmex,5771172.48,MXN,OP-107822,2016-02-03,"October 05, 2016",245
telmex,6091735.15,MXN,OP-107823,2024-09-20,N/A,N/A
BANORTE,5142730.02,EUR,OP-107824,09-Sep-2019,N/A,N/A
BANORTE,4278334.21,MXN,OP-107825,09-May-2022,N/A,N/A
TELMEX,286281.31,USD,OP-107826,08-Feb-2019,10/12/2022,1342
LIVERPOOL,8133930.61,EUR,OP-107827,2020-06-12,N/A,N/A
BBVA MÉXICO,7999047.98,USD,OP-107828,15-Sep-2020,N/A,N/A
BANORTE,6793985.68,MXN,OP-107829,22-Sep-2019,N/A,N/A
américa móvil,7310724.56,MXN,OP-107830,"January 21, 2018","December 21, 2023",2160
GRUPO MÉXICO,9706883.61,EUR,OP-107831,2015-11-02,09/01/2025,3591
pemex,4393979.07,MXN,OP-107832,"May 05, 2019",N/A,N/A
BANORTE,4521422.26,MXN,OP-107833,2017-03-28,2023-03-26,2189
AMÉRICA MÓVIL,6912661.09,EUR,OP-107834,26/02/2018,N/A,N/A
femsa,6160960.52,MXN,OP-107835,31/10/2022,N/A,N/A
grupo carso,3656647.6,EUR,OP-107836,"November 15, 2021",N/A,N/A
GRUPO MÉXICO,8329623.82,EUR,OP-107837,"May 19, 2020",03/11/2021,296
TELMEX,1054851.8,USD,OP-107838,2016-03-09,"October 28, 2019",1328
ALSEA,4559954.01,USD,OP-107839,28-May-2021,13-May-2022,350
GRUPO MÉXICO,575395.94,MXN,OP-107840,2023-02-17,N/A,N/A
WALMART DE MÉXICO,3378557.16,MXN,OP-107841,05-Dec-2022,N/A,N/A
WALMART DE MÉXICO,6091064.77,EUR,OP-107842,2020-12-26,N/A,N/A
BANORTE,9388423.33,USD,OP-107843,2021-01-08,N/A,N/A
cemex,3682850.81,EUR,OP-107844,2022-07-03,N/A,N/A
CEMEX,7803640.81,MXN,OP-107845,13/12/2022,N/A,N/A
GRUPO MÉXICO,2106722.21,MXN,OP-107846,13/06/2021,N/A,N/A
telmex,7589638.95,MXN,OP-107847,"March 21, 2022","December 09, 2023",628
banorte,2433992.14,EUR,OP-107848,03/03/2020,N/A,N/A
femsa,4531627.21,EUR,OP-107849,2025-06-03,N/A,N/A
BBVA MÉXICO,9814525.04,USD,OP-107850,2016-05-03,N/A,N/A
américa móvil,3725180.07,MXN,OP-107851,21/08/2016,02/04/2020,1262
telmex,5917089.71,USD,OP-107852,25-Sep-2016,03-Oct-2023,2564
GRUPO LALA,467567.81,USD,OP-107853,06-Mar-2023,N/A,N/A
SORIANA,7164093.66,USD,OP-107854,05/03/2018,N/A,N/A
WALMART DE MÉXICO,9442277.41,MXN,OP-107855,18-May-2017,N/A,N/A
ALSEA,189161.12,MXN,OP-107856,24-Aug-2017,17/10/2022,1880
liverpool,4090710.35,EUR,OP-107857,02-Nov-2016,28-Jan-2019,817
femsa,6358871.52,EUR,OP-107858,"November 17, 2016",28-Mar-2020,1227
cemex,8065316.97,EUR,OP-107859,19/07/2024,N/A,N/A
PEMEX,4024908.51,MXN,OP-107860,2024-05-29,N/A,N/A
GRUPO LALA,5461440.31,EUR,OP-107861,14-Jul-2022,N/A,N/A
banorte,3965620.82,MXN,OP-107862,"September 23, 2021",2022-06-03,253
CEMEX,2617168.22,EUR,OP-107863,29/03/2025,N/A,N/A
grupo lala,9481445.74,USD,OP-107864,02-Nov-2019,N/A,N/A
cemex,5504522.25,USD,OP-107865,19/09/2017,N/A,N/A
AMÉRICA MÓVIL,2020432.62,EUR,OP-107866,"November 09, 2024",N/A,N/A
grupo lala,477033.57,EUR,OP-107867,2022-10-19,16/12/2022,58
PEMEX,6471441.83,USD,OP-107868,04/05/2025,N/A,N/A
SORIANA,691883.55,EUR,OP-107869,25-Nov-2024,N/A,N/A
soriana,5930804.22,MXN,OP-107870,2019-08-18,N/A,N/A
CEMEX,5716343.17,MXN,OP-107871,"July 31, 2018",19-Jun-2023,1784
GRUPO LALA,5605507.11,USD,OP-107872,10-Sep-2017,27-Mar-2025,2755
alsea,5165861.18,EUR,OP-107873,12-Sep-2017,05-Mar-2018,174
CEMEX,1866246.67,USD,OP-107874,2022-05-07,N/A,N/A
banorte,7709383.41,MXN,OP-107875,"January 25, 2022",N/A,N/A
liverpool,8287882.02,USD,OP-107876,2016-12-19,31-Aug-2023,2446
américa móvil,2888624.49,MXN,OP-107877,"June 04, 2019",27-Dec-2020,572
WALMART DE MÉXICO,968169.02,EUR,OP-107878,17/02/2024,17-Apr-2025,425
alsea,3011851.69,MXN,OP-107879,2023-09-12,N/A,N/A
soriana,1129565.91,EUR,OP-107880,24/07/2019,2021-04-21,637
cemex,8279289.01,USD,OP-107881,14-Feb-2017,N/A,N/A
femsa,5240718.15,MXN,OP-107882,04/06/2024,N/A,N/A
CEMEX,9780617.11,MXN,OP-107883,2020-09-06,25-Oct-2024,1510
SORIANA,2057748.04,MXN,OP-107884,21-Nov-2023,N/A,N/A
liverpool,6099786.19,USD,OP-107885,2019-10-11,N/A,N/A
GRUPO BIMBO,3271669.42,USD,OP-107886,"February 01, 2025",N/A,N/A
SORIANA,7671285.36,MXN,OP-107887,11/10/2018,"April 07, 2019",148
banorte,4837877.94,USD,OP-107888,11-Apr-2018,"April 24, 2019",378
grupo méxico,273923.08,MXN,OP-107889,2021-06-17,N/A,N/A
TELMEX,4952300.61,MXN,OP-107890,17-Nov-2022,2025-01-31,806
pemex,8664565.07,USD,OP-107891,03-Dec-2021,N/A,N/A
banorte,1023906.53,USD,OP-107892,20/09/2020,05-May-2021,227
BBVA MÉXICO,416376.36,MXN,OP-107893,10/09/2016,N/A,N/A
banorte,3831276.85,USD,OP-107894,11-Jun-2024,04-May-2025,327
bbva méxico,1616710.88,EUR,OP-107895,23/07/2018,10-Feb-2022,1298
cemex,2209589.03,MXN,OP-107896,2024-05-28,N/A,N/A
LIVERPOOL,3427486.83,EUR,OP-107897,"September 20, 2021",N/A,N/A
grupo carso,1072848.56,USD,OP-107898,2025-03-20,N/A,N/A
grupo bimbo,8580799.25,EUR,OP-107899,"January 23, 2018",N/A,N/A
alsea,708019.86,USD,OP-107900,03-Jul-2023,N/A,N/A
grupo bimbo,7864777.12,MXN,OP-107901,02-Jul-2023,N/A,N/A
bbva méxico,3615707.79,EUR,OP-107902,26/05/2024,N/A,N/A
WALMART DE MÉXICO,7126518.74,MXN,OP-107903,04/09/2018,14-Aug-2025,2684
alsea,5704958.05,USD,OP-107904,2023-01-05,N/A,N/A
américa móvil,7100803.59,EUR,OP-107905,17-Feb-2023,N/A,N/A
bbva méxico,9858429.39,MXN,OP-107906,2019-04-11,22-Nov-2021,956
SORIANA,1891949.15,MXN,OP-107907,27-Sep-2017,N/A,N/A
PEMEX,3341667.16,MXN,OP-107908,04-Jul-2024,N/A,N/A
ALSEA,6888266.84,MXN,OP-107909,20/08/2024,N/A,N/A
AMÉRICA MÓVIL,5495168.4,EUR,OP-107910,2022-07-07,N/A,N/A
telmex,7184465.46,USD,OP-107911,26-Oct-2017,N/A,N/A
FEMSA,1769459.37,USD,OP-107912,2025-07-29,N/A,N/A
pemex,6415611.95,EUR,OP-107913,"January 05, 2016","May 23, 2017",504
banorte,1531005.82,EUR,OP-107914,22/06/2020,2021-04-19,301
pemex,7446007.94,MXN,OP-107915,"June 08, 2017",N/A,N/A
PEMEX,2051798.77,MXN,OP-107916,2024-05-01,N/A,N/A
WALMART DE MÉXICO,1239844.11,USD,OP-107917,2019-06-10,N/A,N/A
GRUPO BIMBO,301540.87,MXN,OP-107918,"October 18, 2020",N/A,N/A
PEMEX,1224734.73,MXN,OP-107919,"July 01, 2022",N/A,N/A
grupo lala,9320363.16,MXN,OP-107920,2015-10-23,N/A,N/A
LIVERPOOL,6496563.19,MXN,OP-107921,2017-06-10,N/A,N/A
grupo bimbo,8342686.05,EUR,OP-107922,2024-12-22,N/A,N/A
femsa,5796947.53,USD,OP-107923,26-Sep-2021,16-Oct-2021,20
pemex,5189131.23,MXN,OP-107924,09/08/2020,"January 10, 2022",489
soriana,8190778.69,EUR,OP-107925,2016-08-05,N/A,N/A
BBVA MÉXICO,6927157.33,USD,OP-107926,18/11/2019,N/A,N/A
grupo carso,2070292.03,USD,OP-107927,"December 08, 2018",N/A,N/A
soriana,5450551.38,MXN,OP-107928,2021-12-21,2023-12-10,719
CEMEX,4164740.35,USD,OP-107929,08-Dec-2020,N/A,N/A
LIVERPOOL,966950.56,MXN,OP-107930,23-Jun-2021,N/A,N/A
pemex,1685774.69,MXN,OP-107931,04-Apr-2025,N/A,N/A
bbva méxico,936838.86,MXN,OP-107932,2020-07-18,N/A,N/A
TELMEX,1203820.01,EUR,OP-107933,"December 03, 2021",N/A,N/A
pemex,587362.91,USD,OP-107934,30-Apr-2019,2020-10-10,529
GRUPO CARSO,2585205.34,EUR,OP-107935,"May 17, 2022",N/A,N/A
PEMEX,4269248.71,USD,OP-107936,2016-03-09,26/06/2021,1935
GRUPO LALA,7225226.86,USD,OP-107937,03/06/2019,2024-09-21,2026
walmart de méxico,3371235.68,MXN,OP-107938,14/05/2019,2024-09-26,1962
BANORTE,508011.0,EUR,OP-107939,"May 23, 2021",N/A,N/A
AMÉRICA MÓVIL,5831277.68,USD,OP-107940,"August 28, 2022",N/A,N/A
grupo lala,6184719.09,EUR,OP-107941,29/07/2017,N/A,N/A
liverpool,3579496.93,EUR,OP-107942,29-Oct-2019,"October 23, 2024",1821
GRUPO LALA,7409136.84,USD,OP-107943,"May 04, 2023",N/A,N/A
CEMEX,5496602.32,MXN,OP-107944,2025-08-25,N/A,N/A
BANORTE,7681397.43,USD,OP-107945,"April 29, 2023",N/A,N/A
GRUPO LALA,9633776.07,USD,OP-107946,30-Dec-2017,N/A,N/A
pemex,206654.92,EUR,OP-107947,2025-03-18,N/A,N/A
CEMEX,8580448.44,EUR,OP-107948,08/07/2023,03-Nov-2023,88
grupo bimbo,1226288.88,MXN,OP-107949,"February 07, 2018",N/A,N/A
telmex,6432928.07,EUR,OP-107950,2022-11-01,N/A,N/A
grupo méxico,5562602.21,USD,OP-107951,16-Apr-2022,"February 19, 2024",674
GRUPO BIMBO,2287887.38,EUR,OP-107952,"October 13, 2020",N/A,N/A
soriana,5115535.46,MXN,OP-107953,17/08/2018,"April 27, 2021",984
SORIANA,9726367.46,MXN,OP-107954,2016-07-05,2022-06-03,2159
walmart de méxico,4160166.42,MXN,OP-107955,2017-07-22,N/A,N/A
liverpool,997234.5,EUR,OP-107956,01-Aug-2017,19/10/2024,2636
GRUPO BIMBO,5138985.79,EUR,OP-107957,2021-10-16,N/A,N/A
banorte,3332779.65,EUR,OP-107958,2017-10-06,N/A,N/A
ALSEA,2232671.88,USD,OP-107959,"February 04, 2025",N/A,N/A
banorte,5415657.29,EUR,OP-107960,2017-08-23,"April 18, 2019",603
BANORTE,721381.98,MXN,OP-107961,"July 02, 2019",N/A,N/A
cemex,4345189.99,EUR,OP-107962,09-Jun-2017,N/A,N/A
WALMART DE MÉXICO,5786205.26,USD,OP-107963,"November 29, 2024",N/A,N/A
GRUPO BIMBO,4490557.43,MXN,OP-107964,19-Oct-2021,N/A,N/A
AMÉRICA MÓVIL,7876653.6,EUR,OP-107965,02-Dec-2023,N/A,N/A
FEMSA,7542732.51,MXN,OP-107966,14/02/2022,N/A,N/A
cemex,6065565.68,EUR,OP-107967,2020-04-13,31/05/2024,1509
soriana,2448698.3,MXN,OP-107968,11/09/2023,N/A,N/A
PEMEX,3519443.47,MXN,OP-107969,13/03/2022,08/10/2022,150
LIVERPOOL,7195176.24,EUR,OP-107970,2021-05-01,N/A,N/A
GRUPO MÉXICO,2067107.27,MXN,OP-107971,"June 13, 2018",2021-11-17,1253
GRUPO CARSO,1045413.72,EUR,OP-107972,03/03/2021,N/A,N/A
GRUPO LALA,3353527.27,EUR,OP-107973,24-Jul-2021,N/A,N/A
américa móvil,1181909.99,EUR,OP-107974,07/07/2024,N/A,N/A
LIVERPOOL,2801123.63,USD,OP-107975,21-Aug-2020,N/A,N/A
grupo bimbo,6559795.11,EUR,OP-107976,2015-09-17,06-Oct-2023,2941
GRUPO BIMBO,9234150.9,USD,OP-107977,13/03/2020,"December 15, 2022",1007
grupo bimbo,7538253.37,USD,OP-107978,18/01/2024,N/A,N/A
banorte,666574.08,USD,OP-107979,"February 15, 2022","March 02, 2023",380
grupo méxico,5639761.04,USD,OP-107980,2016-08-20,19/04/2024,2799
LIVERPOOL,8577359.49,MXN,OP-107981,07-Apr-2022,29/06/2024,814
LIVERPOOL,8562588.07,MXN,OP-107982,16/09/2023,N/A,N/A
CEMEX,4813710.33,USD,OP-107983,03/09/2021,N/A,N/A
PEMEX,3849105.84,MXN,OP-107984,"November 16, 2022",N/A,N/A
soriana,5873352.31,EUR,OP-107985,23/10/2018,04-Nov-2018,12
grupo méxico,1575034.67,EUR,OP-107986,17/08/2023,N/A,N/A
femsa,9970718.2,USD,OP-107987,08-Nov-2024,N/A,N/A
FEMSA,7010824.31,MXN,OP-107988,2022-03-31,N/A,N/A
soriana,8922823.33,USD,OP-107989,2020-01-27,10-Oct-2021,622
américa móvil,4334368.54,USD,OP-107990,"July 13, 2019",N/A,N/A
femsa,8871279.37,MXN,OP-107991,"October 29, 2022",N/A,N/A
alsea,4415730.87,USD,OP-107992,10/03/2018,2020-04-07,552
BBVA MÉXICO,4642694.79,USD,OP-107993,26-Sep-2019,22/05/2020,239
CEMEX,1987766.25,MXN,OP-107994,28-Jan-2024,13-Feb-2025,382
américa móvil,9204723.16,MXN,OP-107995,2024-07-28,24/07/2025,361
BBVA MÉXICO,1197323.08,USD,OP-107996,05/08/2016,26/07/2020,1540
LIVERPOOL,2801024.4,USD,OP-107997,08-Feb-2016,2018-10-09,974
grupo carso,6889274.35,EUR,OP-107998,"April 07, 2022",N/A,N/A
ALSEA,7290032.29,MXN,OP-107999,08-Nov-2017,2022-08-03,1729
FEMSA,3026155.71,MXN,OP-108000,"March 30, 2025",N/A,N/A
SORIANA,6669969.31,EUR,OP-108001,2018-02-11,N/A,N/A
grupo carso,9892804.5,MXN,OP-108002,2021-02-27,N/A,N/A
GRUPO CARSO,5636568.36,EUR,OP-108003,2021-03-13,N/A,N/A
PEMEX,3356848.99,USD,OP-108004,29/10/2024,2025-01-15,78
pemex,4170185.64,MXN,OP-108005,15/07/2020,N/A,N/A
grupo carso,4117052.25,MXN,OP-108006,2015-11-27,05/06/2020,1622
alsea,6917547.12,EUR,OP-108007,23/11/2016,N/A,N/A
AMÉRICA MÓVIL,8854702.95,MXN,OP-108008,27/07/2021,2023-10-15,810
alsea,9884532.85,MXN,OP-108009,09-Sep-2015,"December 26, 2021",2300
BANORTE,5041540.32,MXN,OP-108010,17-May-2025,N/A,N/A
telmex,7309020.98,MXN,OP-108011,"April 01, 2024",N/A,N/A
GRUPO CARSO,9296054.77,EUR,OP-108012,"February 06, 2024",N/A,N/A
bbva méxico,172841.22,USD,OP-108013,28-Apr-2017,N/A,N/A
SORIANA,8413192.9,MXN,OP-108014,17/10/2021,N/A,N/A
pemex,2455893.22,MXN,OP-108015,"July 20, 2023",N/A,N/A
AMÉRICA MÓVIL,2503021.47,MXN,OP-108016,10-Aug-2024,N/A,N/A
femsa,6304102.01,MXN,OP-108017,"June 19, 2023",N/A,N/A
grupo bimbo,3634263.51,MXN,OP-108018,"December 10, 2020",N/A,N/A
WALMART DE MÉXICO,6140028.19,USD,OP-108019,01/05/2017,18/12/2019,1077
ALSEA,7060308.7,EUR,OP-108020,15/03/2021,2024-10-04,1299
AMÉRICA MÓVIL,3108054.45,MXN,OP-108021,"October 10, 2022",16/03/2024,523
alsea,4991503.6,MXN,OP-108022,"August 11, 2016",N/A,N/A
femsa,8483583.89,MXN,OP-108023,08-Sep-2016,N/A,N/A
américa móvil,6510992.18,USD,OP-108024,24/02/2021,N/A,N/A
AMÉRICA MÓVIL,3657303.63,USD,OP-108025,"July 17, 2019",2020-03-02,229
telmex,9056205.36,EUR,OP-108026,2018-05-17,N/A,N/A
CEMEX,100578.03,EUR,OP-108027,"March 05, 2020",N/A,N/A
telmex,8756308.89,EUR,OP-108028,14/07/2021,N/A,N/A
GRUPO CARSO,6544414.69,EUR,OP-108029,19-Oct-2015,2018-12-05,1143
PEMEX,2701589.85,EUR,OP-108030,2022-08-06,N/A,N/A
GRUPO LALA,4046077.95,EUR,OP-108031,2018-05-21,N/A,N/A
GRUPO CARSO,4021047.13,MXN,OP-108032,05-Aug-2025,N/A,N/A
FEMSA,8502664.8,USD,OP-108033,08/04/2021,N/A,N/A
grupo lala,4870277.76,USD,OP-108034,24/01/2016,17-Dec-2022,2519
pemex,8236055.39,USD,OP-108035,2016-12-15,26-Feb-2024,2629
américa móvil,1296965.35,MXN,OP-108036,06-Feb-2017,N/A,N/A
GRUPO LALA,6057346.4,MXN,OP-108037,06/11/2020,N/A,N/A
femsa,8982886.77,MXN,OP-108038,21/12/2015,24-Mar-2022,2285
telmex,4192570.44,MXN,OP-108039,17-Nov-2015,2019-05-02,1262
ALSEA,9313286.26,USD,OP-108040,2020-06-19,04/06/2023,1021
LIVERPOOL,4570231.35,USD,OP-108041,08/03/2022,N/A,N/A
TELMEX,7452490.76,EUR,OP-108042,23-Jun-2019,N/A,N/A
grupo méxico,7894157.51,MXN,OP-108043,16-Jan-2017,N/A,N/A
liverpool,8275871.11,USD,OP-108044,"August 06, 2024",N/A,N/A
walmart de méxico,511379.12,USD,OP-108045,"October 16, 2024",N/A,N/A
GRUPO CARSO,9822231.4,USD,OP-108046,2024-07-03,N/A,N/A
soriana,428611.11,MXN,OP-108047,"February 22, 2025",N/A,N/A
alsea,1115287.94,USD,OP-108048,09/09/2017,2024-12-21,2660
CEMEX,9001402.23,USD,OP-108049,2018-04-28,2023-11-16,2028
GRUPO LALA,361352.77,MXN,OP-108050,09-Dec-2020,2021-11-24,350
BANORTE,7218803.61,MXN,OP-108051,04/04/2016,16-Feb-2022,2144
pemex,6758917.89,EUR,OP-108052,2024-11-09,N/A,N/A
banorte,3930287.3,USD,OP-108053,"November 20, 2016",09-Feb-2023,2272
grupo méxico,1285799.01,MXN,OP-108054,"December 04, 2020",N/A,N/A
grupo lala,980648.63,MXN,OP-108055,28-Apr-2018,07/11/2019,439
liverpool,3277105.96,MXN,OP-108056,"November 14, 2020",N/A,N/A
SORIANA,1643973.6,EUR,OP-108057,"December 31, 2019",N/A,N/A
femsa,5126762.33,MXN,OP-108058,10-May-2025,N/A,N/A
AMÉRICA MÓVIL,5665374.56,USD,OP-108059,"January 28, 2025",N/A,N/A
walmart de méxico,1850737.45,EUR,OP-108060,28-Sep-2019,N/A,N/A
BBVA MÉXICO,8418679.51,EUR,OP-108061,19-Oct-2018,N/A,N/A
grupo méxico,8321184.05,EUR,OP-108062,16/11/2022,N/A,N/A
GRUPO LALA,4391342.99,EUR,OP-108063,08/11/2018,N/A,N/A
liverpool,2254987.42,MXN,OP-108064,06/12/2023,N/A,N/A
FEMSA,8941874.39,USD,OP-108065,11-Sep-2015,"March 04, 2016",175
FEMSA,595161.13,MXN,OP-108066,"December 06, 2021",N/A,N/A
TELMEX,8926914.23,MXN,OP-108067,2020-05-24,"March 25, 2024",1401
grupo carso,8104252.83,EUR,OP-108068,2024-05-19,N/A,N/A
BANORTE,6593024.53,MXN,OP-108069,25/02/2022,N/A,N/A
pemex,6399837.32,EUR,OP-108070,27-Mar-2017,N/A,N/A
liverpool,8021947.45,MXN,OP-108071,2021-03-03,04-Sep-2024,1281
grupo bimbo,6824139.17,MXN,OP-108072,"March 10, 2023",N/A,N/A
banorte,5318808.36,EUR,OP-108073,"August 31, 2015",N/A,N/A
BANORTE,5015459.72,USD,OP-108074,"July 24, 2024",N/A,N/A
TELMEX,339334.01,USD,OP-108075,2019-08-27,05-Dec-2021,831
GRUPO MÉXICO,1763400.72,EUR,OP-108076,13-Aug-2024,N/A,N/A
grupo bimbo,632766.02,USD,OP-108077,29/02/2016,N/A,N/A
TELMEX,4145608.83,USD,OP-108078,03-Jan-2025,N/A,N/A
pemex,1094436.8,EUR,OP-108079,"June 10, 2020",N/A,N/A
banorte,586140.88,USD,OP-108080,16-Aug-2020,N/A,N/A
grupo carso,9646267.85,EUR,OP-108081,17-May-2024,N/A,N/A
WALMART DE MÉXICO,7947451.82,EUR,OP-108082,2021-12-17,01-Jul-2022,196
BBVA MÉXICO,3025968.51,EUR,OP-108083,04-Mar-2022,N/A,N/A
grupo méxico,9326887.25,MXN,OP-108084,2021-07-02,29/10/2021,119
CEMEX,2391367.04,EUR,OP-108085,2019-02-10,N/A,N/A
LIVERPOOL,6516645.67,MXN,OP-108086,02-Aug-2016,"February 13, 2025",3117
GRUPO LALA,2556912.98,EUR,OP-108087,"February 21, 2021",2024-03-20,1123
femsa,7831156.21,EUR,OP-108088,2017-07-30,2020-04-14,989
grupo lala,8091701.69,EUR,OP-108089,13-Aug-2023,N/A,N/A
TELMEX,606581.51,USD,OP-108090,2018-02-19,04-Feb-2022,1446
grupo lala,2132674.13,USD,OP-108091,2023-06-06,N/A,N/A
soriana,5705515.57,EUR,OP-108092,30-Nov-2023,N/A,N/A
femsa,3053673.16,EUR,OP-108093,"February 22, 2020",N/A,N/A
CEMEX,5280449.61,USD,OP-108094,2018-09-27,N/A,N/A
GRUPO LALA,8018640.52,MXN,OP-108095,30/05/2018,N/A,N/A
TELMEX,8775749.47,EUR,OP-108096,"December 05, 2021",N/A,N/A
pemex,6401350.83,MXN,OP-108097,29-Mar-2018,N/A,N/A
FEMSA,3024667.14,EUR,OP-108098,28-Apr-2017,N/A,N/A
FEMSA,2037515.47,EUR,OP-108099,24-Sep-2023,N/A,N/A
walmart de méxico,9661600.97,MXN,OP-108100,2023-05-26,N/A,N/A
ALSEA,769854.41,USD,OP-108101,2018-06-27,18-Oct-2022,1574
pemex,3351062.44,EUR,OP-108102,"December 24, 2018","July 21, 2024",2036
SORIANA,2405084.96,MXN,OP-108103,06-Feb-2020,21/02/2023,1111
alsea,9901149.39,USD,OP-108104,"September 12, 2022",N/A,N/A
grupo lala,3428878.66,EUR,OP-108105,15-Feb-2019,N/A,N/A
GRUPO MÉXICO,3120063.2,EUR,OP-108106,05-Dec-2020,N/A,N/A
américa móvil,1020778.92,MXN,OP-108107,2020-10-21,N/A,N/A
WALMART DE MÉXICO,1464758.41,USD,OP-108108,26-Aug-2023,N/A,N/A
grupo méxico,5656808.79,USD,OP-108109,27-May-2019,14/05/2023,1448
GRUPO BIMBO,2325070.68,MXN,OP-108110,29/05/2025,N/A,N/A
grupo carso,3969212.94,EUR,OP-108111,08-Feb-2017,N/A,N/A
telmex,3862034.89,USD,OP-108112,20/02/2025,12/02/2025,285
walmart de méxico,1032655.06,EUR,OP-108113,"September 19, 2015","August 15, 2021",2157
américa móvil,892959.77,USD,OP-108114,"September 19, 2020",N/A,N/A
bbva méxico,7489618.05,MXN,OP-108115,15/12/2022,N/A,N/A
WALMART DE MÉXICO,9490952.69,MXN,OP-108116,28-Jun-2016,2018-05-15,686
bbva méxico,2522037.24,MXN,OP-108117,"January 09, 2022",N/A,N/A
grupo bimbo,1439768.33,EUR,OP-108118,"July 06, 2018",N/A,N/A
grupo carso,7878688.8,MXN,OP-108119,05/05/2021,N/A,N/A
grupo lala,9368423.8,MXN,OP-108120,2020-06-17,06/05/2023,1083
GRUPO LALA,1412023.77,MXN,OP-108121,2024-02-21,N/A,N/A
alsea,7758459.4,EUR,OP-108122,"December 29, 2016","July 07, 2019",920
ALSEA,1423544.98,MXN,OP-108123,2018-08-28,20-Dec-2023,1940
GRUPO MÉXICO,8650117.56,USD,OP-108124,"August 26, 2019",N/A,N/A
soriana,6267609.06,EUR,OP-108125,2015-09-25,08/01/2023,2867
GRUPO MÉXICO,790714.82,USD,OP-108126,04/05/2016,23-Sep-2016,171
grupo carso,9995618.34,USD,OP-108127,"July 10, 2022",N/A,N/A
TELMEX,9890714.87,MXN,OP-108128,2024-04-27,N/A,N/A
grupo carso,904326.33,USD,OP-108129,"January 05, 2018",25/07/2024,2393
WALMART DE MÉXICO,733033.53,EUR,OP-108130,16-Sep-2021,N/A,N/A
femsa,8868989.47,MXN,OP-108131,"August 24, 2020",03-Jun-2022,648
grupo lala,9285059.98,USD,OP-108132,2022-02-03,N/A,N/A
BANORTE,8677398.94,EUR,OP-108133,31-Jul-2018,N/A,N/A
grupo lala,641796.9,MXN,OP-108134,"March 31, 2020",2023-12-21,1360
grupo lala,6416665.84,USD,OP-108135,2025-03-24,N/A,N/A
soriana,7463756.47,USD,OP-108136,"June 19, 2017","August 12, 2025",2976
AMÉRICA MÓVIL,8704345.45,MXN,OP-108137,15-Jan-2019,21/04/2019,96
TELMEX,442392.9,USD,OP-108138,07-Jul-2021,N/A,N/A
cemex,4465969.53,EUR,OP-108139,2016-07-02,N/A,N/A
BBVA MÉXICO,3923821.46,EUR,OP-108140,"October 08, 2021",N/A,N/A
BANORTE,983069.1,MXN,OP-108141,17-May-2020,N/A,N/A
soriana,7782489.27,EUR,OP-108142,"February 10, 2021",N/A,N/A
banorte,6328447.98,EUR,OP-108143,13-Oct-2018,N/A,N/A
SORIANA,2913584.42,USD,OP-108144,12/10/2019,N/A,N/A
GRUPO LALA,1468495.76,EUR,OP-108145,2021-03-26,N/A,N/A
walmart de méxico,9853773.98,USD,OP-108146,"November 06, 2015",10/05/2020,1795
bbva méxico,1545312.29,MXN,OP-108147,11-Jul-2024,N/A,N/A
GRUPO MÉXICO,2993111.41,EUR,OP-108148,23/03/2024,N/A,N/A
grupo carso,1411258.57,MXN,OP-108149,"February 26, 2017","October 21, 2021",1698
GRUPO BIMBO,2531731.35,MXN,OP-108150,22/08/2017,18-Jan-2018,149
cemex,9366887.59,EUR,OP-108151,10-Apr-2023,2025-04-09,730
liverpool,416207.53,USD,OP-108152,2020-12-02,"July 12, 2024",1318
SORIANA,606009.11,EUR,OP-108153,"April 10, 2024",N/A,N/A
grupo bimbo,7526014.27,EUR,OP-108154,2018-07-02,2022-07-11,1470
TELMEX,5967677.26,MXN,OP-108155,05-Jun-2016,19-Jan-2020,1323
GRUPO LALA,6977679.06,USD,OP-108156,"March 16, 2021",2023-01-29,684
soriana,6919016.46,MXN,OP-108157,"March 30, 2021",2023-04-17,748
PEMEX,2625042.93,EUR,OP-108158,06/08/2023,N/A,N/A
TELMEX,7315945.01,EUR,OP-108159,"June 22, 2018","August 31, 2019",435
FEMSA,430045.48,USD,OP-108160,"January 05, 2023",N/A,N/A
TELMEX,3052571.86,USD,OP-108161,07-Aug-2020,N/A,N/A
FEMSA,1863313.82,MXN,OP-108162,2016-02-29,23/03/2020,1484
grupo méxico,9765528.24,USD,OP-108163,18/07/2020,N/A,N/A
BBVA MÉXICO,7809446.69,MXN,OP-108164,29-Jun-2020,N/A,N/A
liverpool,5107698.58,USD,OP-108165,2020-12-15,N/A,N/A
banorte,4691113.18,USD,OP-108166,15-Dec-2022,N/A,N/A
GRUPO LALA,5771235.59,USD,OP-108167,31-Oct-2015,N/A,N/A
femsa,7108177.71,MXN,OP-108168,09/11/2024,N/A,N/A
SORIANA,4563064.95,MXN,OP-108169,26/05/2020,N/A,N/A
grupo bimbo,4563862.37,MXN,OP-108170,2022-06-11,2022-09-20,101
GRUPO BIMBO,7237449.49,USD,OP-108171,2022-11-14,N/A,N/A
CEMEX,7596962.13,USD,OP-108172,2021-02-03,14/04/2024,1166
GRUPO CARSO,3272883.27,USD,OP-108173,2019-08-27,"November 03, 2022",1164
liverpool,3983371.89,EUR,OP-108174,"June 24, 2023",N/A,N/A
WALMART DE MÉXICO,8165880.86,EUR,OP-108175,26-Oct-2021,N/A,N/A
BANORTE,5164553.49,USD,OP-108176,01/01/2023,N/A,N/A
BBVA MÉXICO,3085117.61,EUR,OP-108177,26-Jan-2016,N/A,N/A
AMÉRICA MÓVIL,2340130.42,EUR,OP-108178,2020-12-13,N/A,N/A
LIVERPOOL,8632785.23,USD,OP-108179,23-Feb-2017,N/A,N/A
WALMART DE MÉXICO,7777876.86,USD,OP-108180,2016-11-04,"March 12, 2017",128
américa móvil,8776030.6,MXN,OP-108181,"January 06, 2016",12-Feb-2019,1133
GRUPO MÉXICO,4846688.66,EUR,OP-108182,"October 05, 2015",N/A,N/A
soriana,4736760.95,MXN,OP-108183,2017-01-12,2020-10-22,1379
alsea,6888578.72,MXN,OP-108184,"July 15, 2021",N/A,N/A
femsa,141263.4,MXN,OP-108185,19/09/2022,N/A,N/A
alsea,8841465.22,EUR,OP-108186,"April 28, 2018",2021-04-18,1086
GRUPO LALA,4292470.36,EUR,OP-108187,2022-08-14,N/A,N/A
soriana,8697457.03,MXN,OP-108188,"July 18, 2020",N/A,N/A
ALSEA,6286215.79,USD,OP-108189,"July 22, 2021",N/A,N/A
ALSEA,3621877.92,MXN,OP-108190,10-Oct-2018,N/A,N/A
FEMSA,8344100.91,MXN,OP-108191,20-Jul-2016,N/A,N/A
telmex,7176049.49,USD,OP-108192,13-Nov-2018,08-Feb-2025,2279
cemex,8309725.56,MXN,OP-108193,24-Sep-2018,29/10/2023,1861
walmart de méxico,9552028.69,USD,OP-108194,10/08/2022,N/A,N/A
bbva méxico,8274273.24,USD,OP-108195,"September 26, 2023",N/A,N/A
SORIANA,6269910.98,USD,OP-108196,28-Feb-2023,04-Aug-2023,157
cemex,6273430.65,MXN,OP-108197,07/03/2017,25-Jan-2021,1302
BBVA MÉXICO,1023905.77,EUR,OP-108198,29-May-2024,N/A,N/A
alsea,3915250.86,USD,OP-108199,"February 28, 2020",N/A,N/A
telmex,7131751.96,USD,OP-108200,2017-03-29,"February 13, 2021",1417
grupo méxico,297834.05,MXN,OP-108201,14-Oct-2022,N/A,N/A
GRUPO LALA,631048.45,EUR,OP-108202,"February 13, 2017",09/07/2020,1302
GRUPO MÉXICO,9802514.23,USD,OP-108203,2016-06-30,N/A,N/A
pemex,3642862.33,USD,OP-108204,15/03/2022,N/A,N/A
ALSEA,5276908.85,EUR,OP-108205,2021-11-14,"July 07, 2023",600
grupo bimbo,8389389.7,USD,OP-108206,"November 27, 2024",N/A,N/A
grupo lala,8732186.3,USD,OP-108207,18/01/2021,2022-05-03,470
AMÉRICA MÓVIL,8427005.59,EUR,OP-108208,"March 06, 2023",N/A,N/A
GRUPO MÉXICO,5269025.73,MXN,OP-108209,11-Oct-2021,"January 01, 2023",447
grupo bimbo,7878026.67,USD,OP-108210,"July 28, 2021",N/A,N/A
GRUPO MÉXICO,920061.83,USD,OP-108211,01-Dec-2024,N/A,N/A
GRUPO LALA,5347865.17,EUR,OP-108212,"January 04, 2018",N/A,N/A
cemex,8572641.11,EUR,OP-108213,20-Mar-2023,2024-07-03,471
FEMSA,5711463.96,USD,OP-108214,2019-03-18,2019-12-16,273
AMÉRICA MÓVIL,4626705.55,EUR,OP-108215,2021-07-15,N/A,N/A
GRUPO MÉXICO,5214857.51,USD,OP-108216,25-May-2025,10/08/2025,136
BBVA MÉXICO,6514678.44,USD,OP-108217,2016-05-28,2022-10-29,2345
telmex,9866519.46,MXN,OP-108218,26/07/2025,N/A,N/A
pemex,3275697.57,USD,OP-108219,2019-09-05,06-Apr-2024,1675
PEMEX,8448760.35,USD,OP-108220,"August 03, 2023",N/A,N/A
LIVERPOOL,5277376.5,USD,OP-108221,08/02/2025,N/A,N/A
pemex,2725207.16,EUR,OP-108222,"January 18, 2020","July 17, 2024",1642
CEMEX,2569658.98,USD,OP-108223,24-Aug-2022,N/A,N/A
grupo méxico,5512164.57,MXN,OP-108224,2020-03-09,N/A,N/A
grupo carso,474115.63,USD,OP-108225,13/07/2019,2025-01-29,2027
femsa,1937166.42,MXN,OP-108226,"September 04, 2020",19/02/2024,1263
CEMEX,806812.5,MXN,OP-108227,13-Jul-2020,31-May-2025,1783
SORIANA,5167718.23,EUR,OP-108228,2024-11-23,N/A,N/A
SORIANA,8250878.46,USD,OP-108229,2018-03-22,N/A,N/A
BBVA MÉXICO,9131382.23,USD,OP-108230,24/06/2017,29/12/2020,1284
GRUPO CARSO,4758585.79,USD,OP-108231,15-Mar-2018,N/A,N/A
ALSEA,8454424.96,MXN,OP-108232,03/12/2022,"April 03, 2025",1118
LIVERPOOL,6528755.08,USD,OP-108233,"January 31, 2018",20/06/2025,2697
BANORTE,6374659.29,MXN,OP-108234,14-Nov-2017,N/A,N/A
AMÉRICA MÓVIL,3565227.48,EUR,OP-108235,08/02/2023,N/A,N/A
liverpool,7748346.1,EUR,OP-108236,"January 28, 2019","July 22, 2023",1636
GRUPO CARSO,6525784.84,USD,OP-108237,22/12/2022,"December 31, 2022",9
FEMSA,117290.41,EUR,OP-108238,2022-05-11,N/A,N/A
ALSEA,5270435.5,EUR,OP-108239,2019-12-23,2023-08-23,1339
FEMSA,9327195.93,EUR,OP-108240,2020-04-19,N/A,N/A
ALSEA,4308912.24,EUR,OP-108241,2016-06-16,"October 31, 2024",3059
GRUPO LALA,5833581.41,USD,OP-108242,"June 02, 2017","August 31, 2023",2281
GRUPO LALA,5639680.19,USD,OP-108243,2017-05-21,"June 08, 2024",2575
américa móvil,2361771.75,USD,OP-108244,27-Feb-2024,N/A,N/A
pemex,6221126.97,USD,OP-108245,31-Mar-2020,N/A,N/A
WALMART DE MÉXICO,4603802.5,USD,OP-108246,"November 28, 2018",27-Aug-2019,272
américa móvil,1328481.33,EUR,OP-108247,26/02/2021,N/A,N/A
GRUPO CARSO,4709447.2,MXN,OP-108248,2017-01-18,30/07/2023,2384
grupo méxico,6475267.31,USD,OP-108249,11/10/2022,N/A,N/A
PEMEX,2145888.44,USD,OP-108250,29/07/2023,N/A,N/A
bbva méxico,6107913.45,USD,OP-108251,"May 29, 2017",N/A,N/A
GRUPO LALA,9011844.8,EUR,OP-108252,2022-09-12,16-Jun-2023,277
WALMART DE MÉXICO,2235918.78,MXN,OP-108253,06/04/2022,N/A,N/A
BBVA MÉXICO,8110382.99,EUR,OP-108254,25-Jun-2018,N/A,N/A
soriana,1536909.66,MXN,OP-108255,2016-04-04,N/A,N/A
ALSEA,8942751.12,USD,OP-108256,"January 04, 2019",21/08/2022,1325
soriana,849580.39,MXN,OP-108257,"December 08, 2021",N/A,N/A
ALSEA,8894967.74,USD,OP-108258,2020-04-07,N/A,N/A
pemex,2184600.64,USD,OP-108259,"January 06, 2021",N/A,N/A
FEMSA,7899591.0,USD,OP-108260,"June 22, 2020",N/A,N/A
américa móvil,301768.61,MXN,OP-108261,2024-03-25,N/A,N/A
liverpool,5302726.57,EUR,OP-108262,17/10/2023,N/A,N/A
telmex,4552764.01,USD,OP-108263,"January 07, 2016",N/A,N/A
alsea,8433883.13,USD,OP-108264,2024-12-03,N/A,N/A
pemex,5863655.77,MXN,OP-108265,"June 06, 2017",26/08/2020,1177
PEMEX,4994956.88,USD,OP-108266,28-Sep-2018,2023-06-06,1712
GRUPO BIMBO,4230755.25,EUR,OP-108267,01/09/2021,"September 29, 2022",628
GRUPO BIMBO,163682.47,MXN,OP-108268,2016-02-27,N/A,N/A
walmart de méxico,2898188.38,EUR,OP-108269,"December 12, 2019",N/A,N/A
LIVERPOOL,7369196.55,MXN,OP-108270,01/01/2023,2023-12-17,350
BBVA MÉXICO,2903598.79,USD,OP-108271,2017-09-15,N/A,N/A
GRUPO MÉXICO,8128233.2,EUR,OP-108272,"December 01, 2016","January 09, 2025",2961
grupo bimbo,5930887.36,USD,OP-108273,11/11/2023,N/A,N/A
BANORTE,5848810.51,EUR,OP-108274,22/01/2018,2019-08-25,580
GRUPO MÉXICO,1421765.97,USD,OP-108275,2024-05-23,N/A,N/A
GRUPO BIMBO,8447378.93,MXN,OP-108276,2021-07-02,N/A,N/A
pemex,412472.78,USD,OP-108277,10/06/2024,N/A,N/A
LIVERPOOL,2294385.62,MXN,OP-108278,01-Jan-2018,"November 09, 2018",312
grupo bimbo,3205247.81,EUR,OP-108279,"October 19, 2021",2025-03-04,1232
cemex,5869388.59,EUR,OP-108280,2017-06-19,04-Feb-2022,1691
ALSEA,2711455.7,USD,OP-108281,2022-09-22,N/A,N/A
GRUPO BIMBO,2639391.35,EUR,OP-108282,2023-02-23,27/07/2025,885
WALMART DE MÉXICO,2007237.46,USD,OP-108283,"October 10, 2015",22/09/2016,348
grupo méxico,6652676.67,EUR,OP-108284,"September 01, 2020",N/A,N/A
grupo lala,4562047.69,MXN,OP-108285,"November 17, 2021","March 27, 2025",1226
ALSEA,7406000.07,MXN,OP-108286,14-Feb-2018,N/A,N/A
SORIANA,4806355.05,MXN,OP-108287,13-Jun-2025,N/A,N/A
liverpool,7033329.76,EUR,OP-108288,2023-12-15,N/A,N/A
GRUPO LALA,3996505.26,EUR,OP-108289,22/11/2022,N/A,N/A
grupo carso,8280585.73,EUR,OP-108290,07-Jan-2024,"May 11, 2025",490
grupo bimbo,2146314.78,USD,OP-108291,31/08/2015,"May 05, 2020",1709
LIVERPOOL,5645917.24,MXN,OP-108292,2020-01-02,"September 28, 2022",1000
liverpool,9709539.99,MXN,OP-108293,28-Apr-2017,N/A,N/A
AMÉRICA MÓVIL,9629175.37,EUR,OP-108294,23-Dec-2020,"December 09, 2021",351
grupo lala,6506889.58,USD,OP-108295,04-Dec-2017,2024-01-23,2241
GRUPO LALA,8479471.65,MXN,OP-108296,2023-09-10,15/08/2025,705
soriana,5600761.64,MXN,OP-108297,04/01/2019,N/A,N/A
SORIANA,9043620.47,MXN,OP-108298,13/01/2022,2024-01-29,746
liverpool,6292818.85,USD,OP-108299,"May 29, 2017","December 13, 2018",563
grupo carso,9418038.99,USD,OP-108300,2017-04-19,N/A,N/A
BANORTE,8151751.98,MXN,OP-108301,"December 26, 2020",N/A,N/A
telmex,8626651.07,EUR,OP-108302,"May 03, 2018",26/06/2020,785
BBVA MÉXICO,3885127.67,USD,OP-108303,17/11/2017,"March 24, 2023",1953
CEMEX,4881089.03,USD,OP-108304,17/11/2021,N/A,N/A
WALMART DE MÉXICO,2929002.33,EUR,OP-108305,"March 09, 2016","September 13, 2019",1283
telmex,5791984.45,EUR,OP-108306,18/12/2019,12-May-2025,1972
SORIANA,1285239.11,EUR,OP-108307,"October 10, 2016",2021-11-25,1872
PEMEX,9449161.87,EUR,OP-108308,21-Apr-2020,N/A,N/A
CEMEX,3104255.92,EUR,OP-108309,07/02/2020,14-Jun-2024,1443
américa móvil,6982055.56,MXN,OP-108310,12/04/2018,N/A,N/A
BBVA MÉXICO,795690.37,USD,OP-108311,2016-10-02,N/A,N/A
grupo méxico,9861624.52,USD,OP-108312,"January 14, 2020",N/A,N/A
bbva méxico,9460112.43,USD,OP-108313,28-Dec-2024,N/A,N/A
FEMSA,6270899.73,EUR,OP-108314,"July 20, 2020",04-Sep-2020,46
walmart de méxico,2987390.24,MXN,OP-108315,01-Aug-2024,N/A,N/A
BBVA MÉXICO,304661.63,EUR,OP-108316,15-Aug-2023,N/A,N/A
GRUPO LALA,1264537.2,MXN,OP-108317,15-Jan-2017,11/09/2024,2855
SORIANA,4960516.1,EUR,OP-108318,"November 21, 2020",15-Nov-2024,1455
LIVERPOOL,8573280.29,MXN,OP-108319,"July 27, 2018",2023-06-12,1781
GRUPO CARSO,8415586.66,EUR,OP-108320,2023-05-09,N/A,N/A
pemex,4548730.5,MXN,OP-108321,20/05/2017,"November 08, 2021",1633
GRUPO MÉXICO,9663411.13,USD,OP-108322,"November 06, 2017",N/A,N/A
alsea,5053895.35,EUR,OP-108323,21/02/2020,N/A,N/A
alsea,6899264.36,MXN,OP-108324,27/04/2023,N/A,N/A
américa móvil,4152948.72,USD,OP-108325,17/11/2018,"January 11, 2020",420
LIVERPOOL,6484706.54,USD,OP-108326,"May 06, 2019",N/A,N/A
cemex,4885076.86,USD,OP-108327,30/10/2017,2021-01-22,1180
pemex,2686829.4,EUR,OP-108328,"January 09, 2017",07/10/2017,182
cemex,2484413.65,USD,OP-108329,"September 16, 2015",2017-02-02,505
femsa,9311105.09,EUR,OP-108330,2022-05-29,N/A,N/A
FEMSA,3044706.28,EUR,OP-108331,25/05/2025,N/A,N/A
cemex,8154953.6,USD,OP-108332,08/05/2021,N/A,N/A
telmex,6121439.79,USD,OP-108333,06/06/2021,N/A,N/A
femsa,9776406.53,USD,OP-108334,01/09/2023,N/A,N/A
grupo bimbo,8337271.4,MXN,OP-108335,"December 01, 2016",N/A,N/A
GRUPO BIMBO,5331488.69,USD,OP-108336,2025-05-09,N/A,N/A
BANORTE,866652.1,EUR,OP-108337,28/05/2018,04/10/2024,2144
grupo méxico,3511675.8,MXN,OP-108338,15-Dec-2020,N/A,N/A
BBVA MÉXICO,8306361.1,MXN,OP-108339,29/07/2025,N/A,N/A
grupo méxico,2300983.35,USD,OP-108340,14/04/2022,"May 20, 2023",401
CEMEX,8789528.29,USD,OP-108341,23/08/2023,N/A,N/A
WALMART DE MÉXICO,5346888.91,USD,OP-108342,10-May-2020,22/06/2022,773
femsa,906488.13,EUR,OP-108343,"August 21, 2020","June 21, 2021",304
PEMEX,6721064.76,USD,OP-108344,11/04/2018,"August 07, 2019",276
TELMEX,6938284.9,USD,OP-108345,2021-11-07,N/A,N/A
GRUPO CARSO,8703492.44,MXN,OP-108346,28-Sep-2020,15/02/2024,1235
pemex,1629749.07,USD,OP-108347,"October 03, 2019",2021-12-17,806
pemex,8881685.25,EUR,OP-108348,"December 18, 2015",N/A,N/A
LIVERPOOL,8407108.0,MXN,OP-108349,24-Sep-2016,2023-05-13,2422
CEMEX,3710054.98,MXN,OP-108350,17-Mar-2020,2022-09-20,917
AMÉRICA MÓVIL,9284374.69,EUR,OP-108351,18-Feb-2024,N/A,N/A
grupo lala,7020577.87,MXN,OP-108352,11/09/2020,31-Jul-2022,629
femsa,1459459.14,MXN,OP-108353,24-Jun-2022,N/A,N/A
cemex,9972674.75,MXN,OP-108354,2020-12-17,N/A,N/A
soriana,900081.1,USD,OP-108355,24/10/2017,N/A,N/A
TELMEX,7460922.88,USD,OP-108356,2016-03-21,2025-02-21,3259
grupo lala,505170.22,USD,OP-108357,2024-12-24,N/A,N/A
bbva méxico,6045132.35,USD,OP-108358,"April 01, 2022",N/A,N/A
grupo bimbo,5279967.46,USD,OP-108359,"March 29, 2020",N/A,N/A
walmart de méxico,610536.39,EUR,OP-108360,07/03/2017,29/06/2021,1457
pemex,141966.96,MXN,OP-108361,"May 13, 2020",2020-10-26,166
TELMEX,2927200.75,MXN,OP-108362,2021-03-07,12/02/2023,1000
pemex,892814.77,MXN,OP-108363,"September 01, 2017",26/01/2025,2704
alsea,9877800.31,USD,OP-108364,27/08/2020,27/08/2023,1095
grupo méxico,971679.76,USD,OP-108365,"July 23, 2018",07-Aug-2024,2207
alsea,6705841.21,EUR,OP-108366,23-Jan-2018,N/A,N/A
cemex,6041886.45,EUR,OP-108367,10-Nov-2019,"November 15, 2019",5
grupo carso,8685945.46,MXN,OP-108368,"April 19, 2020",N/A,N/A
liverpool,3181076.21,MXN,OP-108369,2021-02-10,N/A,N/A
PEMEX,6027391.84,MXN,OP-108370,"February 15, 2018",N/A,N/A
américa móvil,7879790.49,MXN,OP-108371,"January 10, 2019",24-Nov-2024,2145
femsa,3142979.08,EUR,OP-108372,29-May-2021,N/A,N/A
grupo lala,3838609.51,EUR,OP-108373,2025-04-22,N/A,N/A
ALSEA,7925019.12,EUR,OP-108374,"November 21, 2015",12/08/2023,2939
LIVERPOOL,122551.58,USD,OP-108375,26/09/2015,N/A,N/A
AMÉRICA MÓVIL,810608.77,EUR,OP-108376,2024-03-23,24-Jun-2025,458
grupo bimbo,3971526.49,EUR,OP-108377,2022-11-29,N/A,N/A
banorte,995522.35,MXN,OP-108378,2019-08-02,2025-02-21,2030
GRUPO CARSO,5634723.09,EUR,OP-108379,03/05/2022,N/A,N/A
liverpool,8721997.69,EUR,OP-108380,2021-01-06,N/A,N/A
CEMEX,476340.75,USD,OP-108381,2022-12-20,N/A,N/A
grupo carso,4585502.03,USD,OP-108382,28/09/2017,17/09/2023,2180
FEMSA,3112631.74,MXN,OP-108383,"April 17, 2023",N/A,N/A
soriana,2066569.09,MXN,OP-108384,30/12/2017,N/A,N/A
SORIANA,6475171.07,USD,OP-108385,"April 20, 2022",N/A,N/A
GRUPO BIMBO,4048918.4,USD,OP-108386,06-Nov-2017,N/A,N/A
GRUPO LALA,6179192.48,MXN,OP-108387,"September 23, 2022",N/A,N/A
GRUPO CARSO,5894024.14,MXN,OP-108388,07-Jan-2017,2018-04-04,452
grupo méxico,7332600.45,EUR,OP-108389,18/07/2018,2021-08-24,1133
grupo méxico,2950080.48,MXN,OP-108390,2024-07-28,N/A,N/A
GRUPO LALA,6072780.48,MXN,OP-108391,17-Mar-2018,"November 23, 2019",616
soriana,3552448.16,MXN,OP-108392,10/07/2019,2024-07-18,1746
grupo carso,7933458.71,EUR,OP-108393,17-Mar-2016,N/A,N/A
BANORTE,7779866.95,USD,OP-108394,27-Feb-2019,"March 17, 2025",2210
CEMEX,3969907.15,MXN,OP-108395,03-Oct-2018,N/A,N/A
BBVA MÉXICO,5376471.75,EUR,OP-108396,2018-11-11,"August 21, 2025",2475
WALMART DE MÉXICO,6014502.17,EUR,OP-108397,"September 20, 2023",N/A,N/A
telmex,6340081.81,USD,OP-108398,13-Mar-2024,N/A,N/A
cemex,3088198.39,MXN,OP-108399,01-Sep-2017,2019-12-19,839
telmex,9653725.79,USD,OP-108400,2017-08-15,N/A,N/A
TELMEX,6399685.58,MXN,OP-108401,19/06/2020,N/A,N/A
SORIANA,4026312.17,USD,OP-108402,01/12/2019,N/A,N/A
telmex,9545607.61,MXN,OP-108403,2022-02-22,N/A,N/A
femsa,7778355.42,MXN,OP-108404,16-Jul-2021,N/A,N/A
femsa,7053145.33,USD,OP-108405,2019-02-25,N/A,N/A
GRUPO LALA,3801988.39,EUR,OP-108406,"May 17, 2023",N/A,N/A
AMÉRICA MÓVIL,9116987.77,MXN,OP-108407,29/09/2019,N/A,N/A
grupo méxico,8610359.94,USD,OP-108408,03/12/2023,N/A,N/A
GRUPO MÉXICO,6368491.13,USD,OP-108409,"December 18, 2015",06-Feb-2025,3338
cemex,5752494.26,EUR,OP-108410,23/05/2018,N/A,N/A
CEMEX,492128.02,USD,OP-108411,31/12/2021,10-Jun-2023,526
GRUPO CARSO,836535.32,USD,OP-108412,17/11/2017,2020-05-14,909
PEMEX,8719954.12,EUR,OP-108413,2017-09-02,"November 17, 2024",2633
liverpool,6875376.14,EUR,OP-108414,"September 18, 2015",22/06/2024,3200
LIVERPOOL,5931981.76,USD,OP-108415,21-May-2022,07-Apr-2023,321
GRUPO CARSO,1451608.08,USD,OP-108416,17-Jan-2019,25/04/2021,829
bbva méxico,5845319.93,EUR,OP-108417,"January 09, 2018",25-Sep-2019,624
grupo méxico,2902474.24,EUR,OP-108418,20-Jun-2020,26/04/2023,1040
soriana,4074944.41,MXN,OP-108419,2024-12-20,N/A,N/A
LIVERPOOL,7670253.97,MXN,OP-108420,17-Oct-2015,"January 28, 2024",3025
GRUPO MÉXICO,7404660.04,USD,OP-108421,"September 05, 2023",N/A,N/A
grupo méxico,8719505.64,EUR,OP-108422,22/06/2022,N/A,N/A
ALSEA,2903426.93,MXN,OP-108423,27-May-2018,"March 11, 2021",1019
LIVERPOOL,5921457.07,EUR,OP-108424,18/02/2016,27-Jul-2025,3447
alsea,6521300.38,USD,OP-108425,06/10/2021,N/A,N/A
PEMEX,4533013.02,USD,OP-108426,15/11/2016,"September 04, 2020",1389
LIVERPOOL,4694354.19,EUR,OP-108427,08/01/2023,"September 07, 2023",37
BANORTE,3303864.75,USD,OP-108428,"April 02, 2020",N/A,N/A
TELMEX,4926197.34,EUR,OP-108429,"July 11, 2016",02-Aug-2024,2944
GRUPO LALA,9701883.71,MXN,OP-108430,28/01/2021,N/A,N/A
FEMSA,4744566.53,MXN,OP-108431,21/07/2021,N/A,N/A
cemex,819549.57,EUR,OP-108432,29-May-2021,N/A,N/A
telmex,7135078.58,USD,OP-108433,11-Nov-2019,2021-08-11,639
bbva méxico,8858377.44,MXN,OP-108434,16-Dec-2021,N/A,N/A
liverpool,1592867.72,USD,OP-108435,2019-03-08,N/A,N/A
liverpool,7947116.11,USD,OP-108436,28/09/2016,2020-03-02,1251
CEMEX,1387338.95,EUR,OP-108437,2019-02-04,N/A,N/A
GRUPO MÉXICO,440162.89,EUR,OP-108438,2018-08-06,06/01/2020,665
telmex,7756763.51,USD,OP-108439,28/01/2020,N/A,N/A
BANORTE,1060736.76,USD,OP-108440,"July 28, 2018",28-Nov-2021,1219
cemex,1783701.61,EUR,OP-108441,"December 01, 2023",N/A,N/A
femsa,7105563.35,EUR,OP-108442,"September 06, 2024",N/A,N/A
CEMEX,3914818.51,EUR,OP-108443,28/05/2018,N/A,N/A
grupo bimbo,4847778.57,USD,OP-108444,2016-06-18,07-Oct-2021,1937
telmex,2375524.83,MXN,OP-108445,03/01/2025,N/A,N/A
GRUPO CARSO,1384986.0,EUR,OP-108446,"March 18, 2020",N/A,N/A
BANORTE,2451507.15,MXN,OP-108447,06-Jul-2017,18/01/2019,561
grupo carso,3973322.78,MXN,OP-108448,2024-09-12,N/A,N/A
TELMEX,2196663.03,MXN,OP-108449,25-Jan-2019,2020-08-25,578
telmex,8733516.13,EUR,OP-108450,16/06/2021,N/A,N/A
AMÉRICA MÓVIL,5483651.64,USD,OP-108451,"August 06, 2025",N/A,N/A
SORIANA,1617177.51,EUR,OP-108452,"June 01, 2022",2025-08-22,1178
liverpool,8598026.64,USD,OP-108453,07-Jan-2019,24-Feb-2023,1509
GRUPO MÉXICO,8935546.03,USD,OP-108454,28/06/2019,2024-12-27,2009
grupo carso,9658656.73,EUR,OP-108455,16/07/2022,N/A,N/A
bbva méxico,7063833.64,USD,OP-108456,"September 19, 2015",18-Dec-2018,1186
bbva méxico,9662108.71,MXN,OP-108457,02-Feb-2022,N/A,N/A
PEMEX,599019.54,USD,OP-108458,24-Oct-2020,N/A,N/A
pemex,4404994.64,USD,OP-108459,24/03/2017,N/A,N/A
pemex,9383130.43,EUR,OP-108460,04-Jun-2017,N/A,N/A
walmart de méxico,5952365.43,USD,OP-108461,2019-04-06,N/A,N/A
grupo lala,7151484.84,EUR,OP-108462,19/02/2024,N/A,N/A
FEMSA,9887085.09,MXN,OP-108463,10/02/2017,N/A,N/A
FEMSA,4160110.14,EUR,OP-108464,2021-03-21,N/A,N/A
femsa,8103891.91,EUR,OP-108465,"December 06, 2022",N/A,N/A
telmex,2403413.34,MXN,OP-108466,2015-09-24,"September 02, 2021",2170
grupo carso,8925318.3,MXN,OP-108467,11/09/2023,N/A,N/A
telmex,2377892.61,USD,OP-108468,2022-03-28,"February 19, 2025",1059
grupo méxico,772997.99,EUR,OP-108469,01-Sep-2017,20/03/2018,200
américa móvil,992105.16,EUR,OP-108470,2015-10-04,26-Jan-2020,1575
LIVERPOOL,8415647.5,EUR,OP-108471,2018-06-16,2018-09-25,101
américa móvil,1613774.03,EUR,OP-108472,12/05/2024,N/A,N/A
pemex,9591624.28,MXN,OP-108473,25-Apr-2020,16/08/2024,1574
GRUPO BIMBO,2429368.07,EUR,OP-108474,20-May-2023,N/A,N/A
SORIANA,3317539.03,MXN,OP-108475,"October 18, 2020",2023-10-20,1097
américa móvil,5115744.28,USD,OP-108476,2018-03-02,N/A,N/A
bbva méxico,120045.68,USD,OP-108477,05/12/2019,05-Oct-2022,1242
FEMSA,1050275.94,MXN,OP-108478,14-Aug-2019,"February 05, 2020",175
CEMEX,4447430.74,USD,OP-108479,2022-09-11,N/A,N/A
BBVA MÉXICO,3785711.25,MXN,OP-108480,2020-05-29,08/07/2022,800
soriana,1148337.09,USD,OP-108481,08/06/2024,N/A,N/A
LIVERPOOL,5892264.23,EUR,OP-108482,2023-06-25,N/A,N/A
PEMEX,952914.09,EUR,OP-108483,2017-09-22,2019-11-08,777
grupo lala,1365595.4,USD,OP-108484,25-Oct-2024,N/A,N/A
BANORTE,4526597.17,USD,OP-108485,2023-07-10,N/A,N/A
grupo bimbo,7817614.89,EUR,OP-108486,2021-05-04,N/A,N/A
TELMEX,1483580.48,USD,OP-108487,2015-09-09,24-May-2016,258
CEMEX,1634795.62,EUR,OP-108488,26/09/2021,N/A,N/A
CEMEX,983865.7,EUR,OP-108489,21-Nov-2016,N/A,N/A
BBVA MÉXICO,9914716.17,USD,OP-108490,"November 11, 2019",12-Jun-2024,1675
alsea,7238289.64,EUR,OP-108491,26/01/2021,N/A,N/A
bbva méxico,8324787.18,MXN,OP-108492,2023-03-03,2024-09-26,573
ALSEA,5701937.83,USD,OP-108493,2020-01-06,N/A,N/A
femsa,8685786.04,USD,OP-108494,2022-08-06,N/A,N/A
TELMEX,9611946.57,MXN,OP-108495,27/08/2018,N/A,N/A
BBVA MÉXICO,6178365.48,EUR,OP-108496,16/06/2016,2024-12-05,3094
ALSEA,6621648.31,USD,OP-108497,05/03/2021,2024-01-21,993
grupo bimbo,8795608.6,EUR,OP-108498,2016-11-28,N/A,N/A
WALMART DE MÉXICO,7084591.32,MXN,OP-108499,"December 22, 2015",2022-05-28,2349
telmex,7705996.57,USD,OP-108500,"December 09, 2015",21-May-2023,2720
FEMSA,6012529.25,MXN,OP-108501,2023-02-12,N/A,N/A
alsea,546785.55,USD,OP-108502,"June 29, 2025",N/A,N/A
ALSEA,3494319.52,MXN,OP-108503,23-Mar-2016,2020-03-22,1460
banorte,8645155.14,EUR,OP-108504,06/09/2024,N/A,N/A
liverpool,5898488.64,MXN,OP-108505,2016-01-06,"August 30, 2017",602
femsa,5466657.63,USD,OP-108506,"September 01, 2022",N/A,N/A
cemex,6575659.39,USD,OP-108507,26-May-2019,N/A,N/A
BBVA MÉXICO,1584048.32,MXN,OP-108508,2019-05-18,N/A,N/A
alsea,9760754.58,MXN,OP-108509,19-Mar-2019,06/05/2020,444
ALSEA,2377072.72,USD,OP-108510,03/03/2016,N/A,N/A
PEMEX,5029240.22,USD,OP-108511,2018-05-04,26/07/2024,2275
grupo carso,8520139.48,EUR,OP-108512,"September 16, 2015",27/06/2024,3207
grupo lala,7543928.73,MXN,OP-108513,"May 25, 2023",N/A,N/A
TELMEX,8003748.11,MXN,OP-108514,2017-01-28,N/A,N/A
GRUPO MÉXICO,7110576.5,EUR,OP-108515,01-Sep-2020,17/06/2021,289
AMÉRICA MÓVIL,6407865.18,MXN,OP-108516,2023-02-02,"February 08, 2025",737
walmart de méxico,2245391.77,MXN,OP-108517,20-Oct-2018,N/A,N/A
telmex,228581.55,USD,OP-108518,15/07/2017,2021-12-12,1611
alsea,6059593.67,EUR,OP-108519,"January 20, 2017",2024-04-30,2657
PEMEX,4914671.83,USD,OP-108520,"August 12, 2019",N/A,N/A
bbva méxico,4871537.34,MXN,OP-108521,31/01/2023,N/A,N/A
AMÉRICA MÓVIL,4465181.12,EUR,OP-108522,2017-06-14,21-Jan-2025,2778
grupo bimbo,5690670.68,MXN,OP-108523,22-Dec-2021,22-Jun-2025,1278
GRUPO LALA,5421754.59,USD,OP-108524,2016-06-15,N/A,N/A
PEMEX,2399208.8,MXN,OP-108525,2018-10-06,N/A,N/A
grupo bimbo,3643231.37,USD,OP-108526,"August 05, 2018",N/A,N/A
WALMART DE MÉXICO,5226027.15,EUR,OP-108527,19-Jul-2017,N/A,N/A
WALMART DE MÉXICO,8180837.77,EUR,OP-108528,2019-11-07,24/01/2023,1174
FEMSA,4614438.86,EUR,OP-108529,2023-04-27,N/A,N/A
grupo méxico,4534815.89,USD,OP-108530,"October 26, 2017",2024-07-11,2450
grupo méxico,772664.52,EUR,OP-108531,"July 01, 2018",N/A,N/A
américa móvil,6594987.96,MXN,OP-108532,10/02/2023,N/A,N/A
FEMSA,3605835.37,MXN,OP-108533,2015-11-20,N/A,N/A
pemex,801579.8,USD,OP-108534,01-Jun-2017,09/06/2021,1558
GRUPO MÉXICO,3604594.92,EUR,OP-108535,2020-11-13,N/A,N/A
BANORTE,7328591.85,EUR,OP-108536,"February 29, 2016",08-May-2024,2991
ALSEA,3654478.93,USD,OP-108537,23-Jul-2023,11/07/2025,838
GRUPO CARSO,9854543.45,EUR,OP-108538,"December 19, 2016",N/A,N/A
BANORTE,5907341.3,USD,OP-108539,"May 27, 2018",N/A,N/A
grupo bimbo,5891156.49,EUR,OP-108540,"January 18, 2019",2023-11-20,1767
soriana,2371264.62,EUR,OP-108541,"March 01, 2022",N/A,N/A
liverpool,8713652.58,USD,OP-108542,21/07/2016,"June 07, 2017",321
américa móvil,4293341.05,USD,OP-108543,"February 23, 2021","December 13, 2024",1389
grupo lala,2200963.2,USD,OP-108544,"April 01, 2025",N/A,N/A
grupo carso,691815.52,USD,OP-108545,2018-07-03,2019-11-02,487
femsa,3806506.71,USD,OP-108546,17/01/2024,N/A,N/A
AMÉRICA MÓVIL,7637480.93,EUR,OP-108547,"July 24, 2024",N/A,N/A
GRUPO MÉXICO,1547787.98,MXN,OP-108548,09-Aug-2022,04-Jul-2023,329
telmex,5842158.07,EUR,OP-108549,2023-01-28,N/A,N/A
liverpool,8721647.29,EUR,OP-108550,2020-05-12,06/01/2025,1846
grupo lala,4090981.31,MXN,OP-108551,2024-06-10,24-Jun-2025,379
PEMEX,8569443.88,MXN,OP-108552,2016-06-19,"May 19, 2025",3256
AMÉRICA MÓVIL,3905143.91,EUR,OP-108553,21-Jan-2017,N/A,N/A
banorte,205426.51,EUR,OP-108554,"January 08, 2025",N/A,N/A
CEMEX,3043438.43,MXN,OP-108555,"April 12, 2019",N/A,N/A
bbva méxico,2771682.74,USD,OP-108556,20-Jun-2021,2021-09-12,84
grupo méxico,9206983.15,USD,OP-108557,"June 27, 2023",N/A,N/A
TELMEX,1669375.82,MXN,OP-108558,11/01/2024,N/A,N/A
CEMEX,8435141.69,MXN,OP-108559,01-Oct-2015,"April 11, 2023",2749
walmart de méxico,900027.29,MXN,OP-108560,2022-10-29,2023-03-16,138
GRUPO BIMBO,6930471.43,MXN,OP-108561,2020-03-28,2024-07-24,1579
ALSEA,9170248.76,USD,OP-108562,25/11/2021,N/A,N/A
grupo méxico,4972616.9,MXN,OP-108563,"January 11, 2023",N/A,N/A
AMÉRICA MÓVIL,6126579.79,MXN,OP-108564,"January 25, 2021",N/A,N/A
GRUPO MÉXICO,4315063.63,MXN,OP-108565,2025-08-01,N/A,N/A
CEMEX,4016345.23,EUR,OP-108566,13/03/2019,10-Jun-2020,455
liverpool,728443.93,USD,OP-108567,"February 13, 2019",11-Feb-2022,1094
pemex,6168750.27,EUR,OP-108568,2024-12-18,N/A,N/A
FEMSA,2552856.55,USD,OP-108569,01/01/2018,N/A,N/A
liverpool,1919163.76,USD,OP-108570,25/02/2022,"August 10, 2023",531
soriana,5201838.86,EUR,OP-108571,2019-03-05,N/A,N/A
femsa,8125211.69,EUR,OP-108572,"December 03, 2018",N/A,N/A
WALMART DE MÉXICO,4006312.68,EUR,OP-108573,"January 14, 2024",N/A,N/A
BBVA MÉXICO,9535613.1,USD,OP-108574,27-Aug-2023,N/A,N/A
ALSEA,6737070.96,USD,OP-108575,2018-03-04,2018-03-21,17
PEMEX,4463002.13,EUR,OP-108576,2023-11-26,26/02/2025,458
GRUPO MÉXICO,6923423.86,USD,OP-108577,01-Oct-2016,16-Apr-2017,197
grupo carso,8333746.7,MXN,OP-108578,2021-08-11,N/A,N/A
grupo bimbo,4490244.55,EUR,OP-108579,"December 07, 2022",N/A,N/A
banorte,7699733.84,USD,OP-108580,"October 22, 2016",N/A,N/A
bbva méxico,3710371.17,EUR,OP-108581,"January 13, 2019",N/A,N/A
walmart de méxico,5365223.28,EUR,OP-108582,"June 05, 2020",2022-09-11,828
GRUPO BIMBO,2305294.86,MXN,OP-108583,"May 19, 2019",10/05/2024,1966
telmex,2966091.38,MXN,OP-108584,06/09/2023,N/A,N/A
GRUPO MÉXICO,1891328.43,MXN,OP-108585,13/01/2019,2025-01-25,2204
AMÉRICA MÓVIL,2341121.96,MXN,OP-108586,08/09/2017,2020-09-21,1139
WALMART DE MÉXICO,2365599.0,MXN,OP-108587,22/07/2017,08-Nov-2019,839
telmex,2794322.2,EUR,OP-108588,"September 24, 2015",07/02/2022,2473
pemex,5763533.62,MXN,OP-108589,"July 31, 2022",N/A,N/A
ALSEA,3824966.36,MXN,OP-108590,"December 07, 2021",N/A,N/A
américa móvil,9135414.09,EUR,OP-108591,22/02/2017,"March 16, 2017",22
TELMEX,5378763.81,MXN,OP-108592,10/09/2017,"March 31, 2022",1634
AMÉRICA MÓVIL,5533620.47,MXN,OP-108593,13/10/2016,N/A,N/A
AMÉRICA MÓVIL,6560961.62,MXN,OP-108594,13/01/2020,N/A,N/A
américa móvil,6347750.89,EUR,OP-108595,"September 22, 2018","June 16, 2020",633
grupo carso,3255646.15,EUR,OP-108596,05-Jun-2024,N/A,N/A
GRUPO MÉXICO,8559689.19,MXN,OP-108597,01/03/2024,N/A,N/A
CEMEX,9270686.87,EUR,OP-108598,04/11/2016,02/03/2021,1759
liverpool,212745.64,MXN,OP-108599,"March 17, 2016",N/A,N/A
AMÉRICA MÓVIL,9658940.8,MXN,OP-108600,07/12/2022,N/A,N/A
TELMEX,5321493.05,MXN,OP-108601,15-Sep-2015,06-Jul-2019,1390
SORIANA,6871809.94,MXN,OP-108602,20-May-2016,N/A,N/A
BANORTE,6933309.26,MXN,OP-108603,2018-12-30,13-Feb-2020,410
GRUPO BIMBO,2037547.6,EUR,OP-108604,"October 05, 2020","April 20, 2021",197
américa móvil,7802489.57,MXN,OP-108605,15-Nov-2018,N/A,N/A
grupo carso,3716126.48,EUR,OP-108606,"January 26, 2024",N/A,N/A
GRUPO BIMBO,6123873.5,MXN,OP-108607,20/11/2016,2021-11-23,1829
banorte,1072309.43,MXN,OP-108608,19-Sep-2017,N/A,N/A
soriana,9712646.89,USD,OP-108609,2020-05-03,N/A,N/A
GRUPO MÉXICO,5363444.48,MXN,OP-108610,05-Jan-2017,"January 12, 2020",1102
grupo carso,6010239.85,USD,OP-108611,21-Jun-2021,N/A,N/A
telmex,4670946.51,USD,OP-108612,08/04/2019,N/A,N/A
GRUPO CARSO,3057131.15,USD,OP-108613,03/10/2016,N/A,N/A
cemex,1143769.37,MXN,OP-108614,2018-03-02,N/A,N/A
américa móvil,3955025.3,MXN,OP-108615,2016-01-12,N/A,N/A
grupo lala,8147794.8,MXN,OP-108616,17/07/2021,N/A,N/A
walmart de méxico,2107420.54,EUR,OP-108617,"March 22, 2016",03-Jan-2024,2843
américa móvil,3311593.77,USD,OP-108618,"March 24, 2025",N/A,N/A
CEMEX,1286190.2,EUR,OP-108619,14/01/2021,10-Dec-2021,330
AMÉRICA MÓVIL,4866564.69,MXN,OP-108620,04-Jan-2022,N/A,N/A
ALSEA,9414440.89,MXN,OP-108621,11-May-2024,09/06/2025,483
femsa,6446592.17,EUR,OP-108622,2017-08-24,N/A,N/A
GRUPO MÉXICO,1121945.28,MXN,OP-108623,"August 13, 2023",N/A,N/A
GRUPO CARSO,9284246.36,USD,OP-108624,2020-11-08,N/A,N/A
walmart de méxico,2057489.48,MXN,OP-108625,"August 10, 2021",2021-08-30,20
telmex,3053410.35,USD,OP-108626,14-Oct-2022,"March 05, 2024",508
PEMEX,3883859.73,MXN,OP-108627,"May 18, 2021",N/A,N/A
FEMSA,1406989.46,USD,OP-108628,27/02/2018,N/A,N/A
GRUPO MÉXICO,5467327.4,USD,OP-108629,"June 18, 2022",N/A,N/A
AMÉRICA MÓVIL,454343.28,EUR,OP-108630,11-Apr-2025,N/A,N/A
BBVA MÉXICO,5700448.25,MXN,OP-108631,2020-10-31,N/A,N/A
américa móvil,5291743.79,USD,OP-108632,"April 29, 2021",N/A,N/A
BANORTE,6347604.78,MXN,OP-108633,2025-05-21,N/A,N/A
telmex,6374678.61,EUR,OP-108634,25/06/2016,2019-11-13,1236
CEMEX,5478053.11,MXN,OP-108635,2024-07-03,N/A,N/A
ALSEA,4145566.71,EUR,OP-108636,"April 17, 2021",N/A,N/A
SORIANA,8253766.02,MXN,OP-108637,04/08/2016,2019-05-08,1125
pemex,102261.77,MXN,OP-108638,"March 30, 2020",14-Jul-2020,106
GRUPO MÉXICO,1606630.85,EUR,OP-108639,"August 02, 2018",03/10/2019,220
BBVA MÉXICO,2631563.27,EUR,OP-108640,28/03/2022,N/A,N/A
FEMSA,9591511.49,USD,OP-108641,"July 10, 2021",08-Aug-2025,1490
liverpool,4069172.57,USD,OP-108642,21/11/2018,05/10/2024,1997
GRUPO CARSO,5011657.47,MXN,OP-108643,26-Jun-2018,N/A,N/A
américa móvil,5550624.14,USD,OP-108644,20-Nov-2020,13-Oct-2021,327
AMÉRICA MÓVIL,8205511.24,USD,OP-108645,20/04/2019,N/A,N/A
ALSEA,5810034.22,EUR,OP-108646,07/10/2024,N/A,N/A
CEMEX,9207222.07,MXN,OP-108647,20-May-2016,N/A,N/A
GRUPO CARSO,4219809.94,USD,OP-108648,2024-04-18,N/A,N/A
grupo lala,7913708.91,MXN,OP-108649,"June 29, 2019",N/A,N/A
PEMEX,6739189.44,MXN,OP-108650,20-Jun-2024,N/A,N/A
PEMEX,2606183.7,MXN,OP-108651,"December 06, 2023",N/A,N/A
GRUPO LALA,5658135.65,USD,OP-108652,21/05/2021,N/A,N/A
pemex,887172.55,EUR,OP-108653,2023-01-23,N/A,N/A
grupo bimbo,7539027.48,MXN,OP-108654,17-Mar-2018,05-Mar-2023,1814
pemex,7653699.72,MXN,OP-108655,2024-08-31,"July 03, 2025",306
banorte,945913.37,USD,OP-108656,04/04/2024,N/A,N/A
BBVA MÉXICO,4571400.34,USD,OP-108657,25/11/2023,"February 06, 2024",73
LIVERPOOL,8925553.06,MXN,OP-108658,2020-07-04,08/05/2025,1858
liverpool,2190620.61,MXN,OP-108659,28-Jul-2020,N/A,N/A
grupo bimbo,703530.3,USD,OP-108660,07/01/2018,01/12/2023,1656
femsa,1409990.48,MXN,OP-108661,"August 02, 2016",25-Jan-2020,1271
GRUPO BIMBO,7960222.96,USD,OP-108662,2021-11-29,N/A,N/A
BANORTE,8071326.79,EUR,OP-108663,12-Dec-2020,N/A,N/A
GRUPO BIMBO,4836454.03,EUR,OP-108664,30/03/2018,N/A,N/A
PEMEX,6276110.94,USD,OP-108665,11/10/2017,N/A,N/A
alsea,9894591.26,MXN,OP-108666,"January 07, 2018","November 24, 2019",686
grupo méxico,9687436.02,USD,OP-108667,09-Jun-2018,N/A,N/A
grupo bimbo,588273.28,MXN,OP-108668,"July 30, 2021",30/04/2025,1370
liverpool,1240562.61,USD,OP-108669,14/02/2018,N/A,N/A
walmart de méxico,2928498.72,USD,OP-108670,2018-03-19,2022-07-05,1569
BBVA MÉXICO,5627823.24,EUR,OP-108671,23/04/2016,2022-01-30,2108
grupo méxico,7415313.9,USD,OP-108672,22-Dec-2019,14-Sep-2022,997
GRUPO MÉXICO,8669219.76,EUR,OP-108673,13/01/2023,N/A,N/A
grupo méxico,6479555.8,EUR,OP-108674,14-Jun-2021,09-Aug-2024,1152
grupo carso,7833885.62,EUR,OP-108675,"November 13, 2022",N/A,N/A
GRUPO LALA,6696000.28,USD,OP-108676,"February 21, 2021",N/A,N/A
walmart de méxico,5007912.74,EUR,OP-108677,20-Nov-2021,N/A,N/A
américa móvil,137906.78,EUR,OP-108678,12/03/2017,N/A,N/A
SORIANA,3748953.01,MXN,OP-108679,"May 07, 2021",N/A,N/A
SORIANA,8460642.64,MXN,OP-108680,"January 14, 2021",18/10/2021,277
pemex,6146724.3,EUR,OP-108681,"February 03, 2021",21/01/2023,717
américa móvil,6084564.11,MXN,OP-108682,2021-03-08,"December 04, 2024",1367
grupo méxico,6491051.87,EUR,OP-108683,11/05/2016,N/A,N/A
pemex,3253037.82,MXN,OP-108684,"May 25, 2023",N/A,N/A
BBVA MÉXICO,8023723.88,MXN,OP-108685,04/01/2018,29-Mar-2022,1458
BANORTE,9129055.3,USD,OP-108686,2019-10-15,N/A,N/A
grupo lala,6552829.99,EUR,OP-108687,19-Nov-2020,N/A,N/A
CEMEX,7007988.08,USD,OP-108688,2021-09-26,N/A,N/A
liverpool,6608427.97,USD,OP-108689,"July 24, 2017",N/A,N/A
GRUPO MÉXICO,8917135.89,EUR,OP-108690,20/04/2025,N/A,N/A
WALMART DE MÉXICO,6304731.6,USD,OP-108691,"November 22, 2019",N/A,N/A
TELMEX,6625191.12,MXN,OP-108692,2016-02-22,13-Mar-2024,2942
ALSEA,4726994.12,MXN,OP-108693,2015-12-05,10/10/2020,1771
américa móvil,8880869.36,MXN,OP-108694,"July 25, 2025",N/A,N/A
banorte,5446721.95,MXN,OP-108695,2023-10-18,08-Jun-2024,234
pemex,1047694.71,EUR,OP-108696,"July 20, 2020",N/A,N/A
GRUPO CARSO,1725913.6,USD,OP-108697,"April 24, 2024",N/A,N/A
banorte,1193630.21,MXN,OP-108698,18/03/2024,N/A,N/A
FEMSA,3730149.82,USD,OP-108699,2024-01-08,N/A,N/A
GRUPO BIMBO,7368202.0,MXN,OP-108700,2023-10-27,N/A,N/A
grupo méxico,5154256.71,EUR,OP-108701,2016-12-10,21-Jun-2022,2019
walmart de méxico,4575758.16,EUR,OP-108702,"September 06, 2019",N/A,N/A
SORIANA,6256892.3,EUR,OP-108703,"January 03, 2018",2019-04-30,482
WALMART DE MÉXICO,5755379.11,USD,OP-108704,26/12/2018,27-Jul-2021,944
CEMEX,1514275.93,MXN,OP-108705,"July 21, 2023",N/A,N/A
telmex,3502892.42,USD,OP-108706,"July 12, 2016",N/A,N/A
PEMEX,913746.5,MXN,OP-108707,"February 17, 2017",2022-06-22,1951
grupo bimbo,5505374.94,EUR,OP-108708,16/11/2015,25-Jun-2016,222
ALSEA,6421471.46,USD,OP-108709,2017-03-18,2019-02-01,685
GRUPO BIMBO,8289748.32,USD,OP-108710,22-Jul-2019,2020-08-09,384
AMÉRICA MÓVIL,1572623.19,EUR,OP-108711,2020-06-13,"December 26, 2022",926
WALMART DE MÉXICO,6547407.69,MXN,OP-108712,"January 13, 2019",N/A,N/A
BANORTE,5194646.78,EUR,OP-108713,"December 27, 2021",N/A,N/A
femsa,9406604.91,EUR,OP-108714,24/12/2020,13-Dec-2024,1450
femsa,1217547.78,EUR,OP-108715,2020-03-19,N/A,N/A
GRUPO CARSO,5411275.97,EUR,OP-108716,25/03/2018,04-Jul-2022,1562
BBVA MÉXICO,1616781.43,USD,OP-108717,2025-06-22,N/A,N/A
TELMEX,1104538.46,MXN,OP-108718,10-Jun-2025,N/A,N/A
telmex,5333592.9,MXN,OP-108719,"January 30, 2025",18-Jul-2025,169
telmex,2968577.7,MXN,OP-108720,2023-08-04,N/A,N/A
LIVERPOOL,4737100.66,MXN,OP-108721,2018-09-06,N/A,N/A
grupo méxico,3728894.85,MXN,OP-108722,01/10/2017,22/06/2024,2720
BANORTE,7284645.23,MXN,OP-108723,13-Apr-2022,N/A,N/A
GRUPO LALA,9179973.63,USD,OP-108724,12-Mar-2022,N/A,N/A
femsa,5742407.31,USD,OP-108725,16/11/2023,N/A,N/A
WALMART DE MÉXICO,3262554.91,EUR,OP-108726,28-May-2018,N/A,N/A
américa móvil,4141650.26,MXN,OP-108727,"October 27, 2017","February 02, 2019",463
FEMSA,2360896.38,EUR,OP-108728,2015-12-07,19-Sep-2022,2478
alsea,8926013.38,MXN,OP-108729,26-Mar-2023,N/A,N/A
soriana,1239840.49,MXN,OP-108730,24-Oct-2017,N/A,N/A
pemex,4714510.85,EUR,OP-108731,17/10/2020,26/04/2024,1287
GRUPO LALA,8026114.66,MXN,OP-108732,2019-06-13,N/A,N/A
GRUPO BIMBO,5062391.79,USD,OP-108733,20-Jan-2018,N/A,N/A
bbva méxico,4052464.99,USD,OP-108734,2019-02-03,N/A,N/A
grupo bimbo,2184115.6,EUR,OP-108735,2018-12-19,N/A,N/A
cemex,8672958.09,USD,OP-108736,"September 27, 2024",N/A,N/A
PEMEX,658093.23,EUR,OP-108737,"October 23, 2019",N/A,N/A
alsea,5197393.06,EUR,OP-108738,13-Feb-2020,N/A,N/A
AMÉRICA MÓVIL,1535640.96,EUR,OP-108739,2016-02-14,2019-05-26,1197
grupo lala,8515778.35,MXN,OP-108740,12/02/2016,17/08/2017,258
liverpool,9259410.6,USD,OP-108741,31/08/2016,24-Sep-2022,2215
BBVA MÉXICO,7020959.94,EUR,OP-108742,2017-10-02,19/08/2020,1052
AMÉRICA MÓVIL,6656188.52,USD,OP-108743,2019-04-30,N/A,N/A
grupo lala,1112877.22,EUR,OP-108744,21/12/2019,N/A,N/A
soriana,3787020.64,EUR,OP-108745,02/02/2025,02/08/2025,6
américa móvil,3940907.21,EUR,OP-108746,"February 03, 2019",N/A,N/A
alsea,1459013.27,USD,OP-108747,30-Apr-2020,"December 01, 2022",945
GRUPO CARSO,2919845.59,EUR,OP-108748,12/02/2016,10/04/2018,671
liverpool,120003.68,EUR,OP-108749,06/11/2018,29/08/2024,2271
américa móvil,5206665.25,MXN,OP-108750,17/04/2020,N/A,N/A
CEMEX,7258278.85,MXN,OP-108751,10/08/2020,N/A,N/A
AMÉRICA MÓVIL,9005527.44,USD,OP-108752,12/02/2023,N/A,N/A
SORIANA,7029756.99,USD,OP-108753,2022-12-11,N/A,N/A
grupo méxico,875118.51,EUR,OP-108754,18/09/2017,N/A,N/A
BBVA MÉXICO,8609776.14,EUR,OP-108755,29-Sep-2020,N/A,N/A
TELMEX,1054407.18,MXN,OP-108756,"December 25, 2022",N/A,N/A
telmex,1671209.57,EUR,OP-108757,03-Feb-2021,N/A,N/A
banorte,8348253.22,MXN,OP-108758,2025-01-04,N/A,N/A
cemex,9364680.61,EUR,OP-108759,"June 27, 2025",N/A,N/A
BBVA MÉXICO,4038237.91,USD,OP-108760,18-Feb-2019,N/A,N/A
LIVERPOOL,9155347.24,USD,OP-108761,28/04/2021,29/03/2023,700
GRUPO LALA,6245412.25,EUR,OP-108762,26-Nov-2015,N/A,N/A
soriana,9305078.97,MXN,OP-108763,02-Jul-2020,14/04/2025,1747
SORIANA,7902308.56,EUR,OP-108764,2016-01-17,N/A,N/A
BANORTE,3622899.09,EUR,OP-108765,"March 02, 2016","May 22, 2019",1176
cemex,245070.61,USD,OP-108766,"May 27, 2021",N/A,N/A
bbva méxico,4357354.41,EUR,OP-108767,"January 06, 2024",N/A,N/A
grupo carso,6183322.74,USD,OP-108768,"July 24, 2019",N/A,N/A
CEMEX,3014436.85,MXN,OP-108769,18-Mar-2021,24/10/2023,950
BANORTE,4705377.82,EUR,OP-108770,2017-02-28,21/10/2023,2426
liverpool,8673774.6,EUR,OP-108771,03-Dec-2020,N/A,N/A
TELMEX,6375921.8,EUR,OP-108772,09/09/2020,"August 01, 2025",1787
WALMART DE MÉXICO,327364.96,EUR,OP-108773,2017-06-17,N/A,N/A
femsa,8496648.46,EUR,OP-108774,30/11/2015,N/A,N/A
grupo méxico,2323745.43,EUR,OP-108775,21-Apr-2019,N/A,N/A
femsa,6863052.47,USD,OP-108776,23-Aug-2023,N/A,N/A
TELMEX,6059628.12,EUR,OP-108777,17/02/2016,2022-10-20,2437
soriana,384280.78,MXN,OP-108778,05-May-2019,N/A,N/A
soriana,7535874.74,EUR,OP-108779,25-Aug-2017,N/A,N/A
AMÉRICA MÓVIL,2621352.07,MXN,OP-108780,16-Feb-2024,N/A,N/A
GRUPO CARSO,5019220.27,USD,OP-108781,26-Aug-2019,12/12/2021,839
alsea,6489147.7,USD,OP-108782,"April 25, 2021",N/A,N/A
LIVERPOOL,739559.47,EUR,OP-108783,2021-12-13,N/A,N/A
soriana,8192878.87,MXN,OP-108784,01-Oct-2024,N/A,N/A
walmart de méxico,3513483.81,EUR,OP-108785,18/09/2024,N/A,N/A
grupo méxico,5196345.21,USD,OP-108786,06/03/2017,2023-11-02,2343
GRUPO MÉXICO,7275326.97,USD,OP-108787,24-May-2025,N/A,N/A
grupo carso,8548065.61,EUR,OP-108788,20/05/2017,N/A,N/A
BANORTE,3775521.79,EUR,OP-108789,09/08/2016,07/08/2024,2860
grupo bimbo,5229286.97,USD,OP-108790,2018-10-07,2021-02-11,858
SORIANA,8458924.64,EUR,OP-108791,22/08/2021,N/A,N/A
bbva méxico,8594144.23,EUR,OP-108792,2019-09-26,2024-08-15,1785
banorte,9241980.43,EUR,OP-108793,10-Oct-2016,09/05/2024,2887
grupo méxico,9141089.32,USD,OP-108794,02-Jul-2023,N/A,N/A
GRUPO LALA,2643071.35,EUR,OP-108795,2023-01-25,"January 31, 2023",6
bbva méxico,7676618.32,EUR,OP-108796,19-May-2018,16-Feb-2025,2465
soriana,8796191.19,EUR,OP-108797,18/11/2016,N/A,N/A
BBVA MÉXICO,9334324.94,MXN,OP-108798,29/06/2020,N/A,N/A
liverpool,7150521.04,MXN,OP-108799,2017-01-25,N/A,N/A
GRUPO LALA,7932314.55,EUR,OP-108800,01/02/2018,28-Jun-2020,908
telmex,9073899.07,EUR,OP-108801,"May 06, 2022",N/A,N/A
grupo bimbo,7251808.17,MXN,OP-108802,29/12/2016,27/02/2020,1155
grupo bimbo,4421084.89,USD,OP-108803,"December 23, 2017",N/A,N/A
BBVA MÉXICO,4198604.65,USD,OP-108804,17/11/2017,2019-12-09,752
GRUPO BIMBO,8008367.29,MXN,OP-108805,03/09/2024,N/A,N/A
pemex,6679437.59,MXN,OP-108806,"March 15, 2018",N/A,N/A
bbva méxico,9418179.29,USD,OP-108807,"March 01, 2022",N/A,N/A
grupo carso,8208225.04,MXN,OP-108808,05-Sep-2015,23-Jan-2020,1601
WALMART DE MÉXICO,4215154.64,MXN,OP-108809,"October 01, 2023",N/A,N/A
femsa,2524451.62,MXN,OP-108810,2016-01-23,2024-03-02,2961
PEMEX,8153190.15,EUR,OP-108811,06/04/2018,N/A,N/A
bbva méxico,3542283.28,USD,OP-108812,07/08/2023,N/A,N/A
LIVERPOOL,4581449.79,EUR,OP-108813,08/10/2024,N/A,N/A
banorte,4533542.41,MXN,OP-108814,2021-08-05,10-Aug-2022,370
AMÉRICA MÓVIL,3117434.41,USD,OP-108815,"March 03, 2019","March 19, 2020",382
LIVERPOOL,315845.21,MXN,OP-108816,"August 23, 2022",N/A,N/A
grupo lala,3281505.36,EUR,OP-108817,22/08/2021,2025-04-25,1342
grupo lala,4615320.25,EUR,OP-108818,"March 20, 2019",N/A,N/A
banorte,9832356.53,EUR,OP-108819,2017-06-27,2025-08-22,2978
banorte,6941316.48,MXN,OP-108820,2018-10-11,"August 17, 2025",2502
grupo méxico,2787490.92,USD,OP-108821,"August 14, 2025",N/A,N/A
telmex,4591859.77,USD,OP-108822,2019-08-12,2019-09-27,46
GRUPO MÉXICO,6519028.44,EUR,OP-108823,14/08/2017,07-May-2023,2092
BANORTE,1369260.82,MXN,OP-108824,31-Mar-2019,N/A,N/A
FEMSA,9723945.34,MXN,OP-108825,21/01/2021,N/A,N/A
walmart de méxico,790976.01,EUR,OP-108826,23/05/2016,N/A,N/A
pemex,3888375.12,EUR,OP-108827,10-Aug-2023,N/A,N/A
BANORTE,8702802.88,EUR,OP-108828,21-Jul-2018,N/A,N/A
grupo méxico,1095786.17,EUR,OP-108829,06/12/2018,N/A,N/A
PEMEX,5093454.56,EUR,OP-108830,11/09/2022,N/A,N/A
soriana,1981303.55,USD,OP-108831,16-Apr-2021,N/A,N/A
GRUPO BIMBO,5900868.09,MXN,OP-108832,24-Dec-2023,N/A,N/A
WALMART DE MÉXICO,2973481.72,MXN,OP-108833,10-Jan-2024,09/03/2024,237
PEMEX,7802460.91,EUR,OP-108834,12-Mar-2016,01/11/2021,1766
liverpool,1336235.63,EUR,OP-108835,2015-09-23,31-Jul-2019,1407
soriana,804032.57,MXN,OP-108836,2018-07-04,28-Oct-2019,481
GRUPO MÉXICO,1081082.69,USD,OP-108837,2019-03-27,2023-05-03,1498
GRUPO LALA,1047857.01,USD,OP-108838,02/07/2020,N/A,N/A
bbva méxico,2505429.04,USD,OP-108839,"February 26, 2020",17/10/2023,1329
SORIANA,1864737.47,USD,OP-108840,2025-01-18,N/A,N/A
américa móvil,3100919.73,EUR,OP-108841,"December 05, 2017","August 01, 2023",2065
SORIANA,4213707.97,EUR,OP-108842,"August 24, 2019",N/A,N/A
banorte,2761951.01,EUR,OP-108843,2021-04-14,N/A,N/A
banorte,2550616.48,MXN,OP-108844,31-Aug-2022,N/A,N/A
soriana,3642414.52,MXN,OP-108845,2016-11-13,N/A,N/A
CEMEX,2879413.79,MXN,OP-108846,08/06/2024,N/A,N/A
TELMEX,884742.81,USD,OP-108847,"January 28, 2019","December 07, 2020",679
banorte,1525966.56,EUR,OP-108848,10/01/2019,09/09/2024,1805
bbva méxico,6953305.0,MXN,OP-108849,19/08/2021,N/A,N/A
SORIANA,843992.56,USD,OP-108850,2015-12-17,08/04/2018,961
femsa,2790682.81,MXN,OP-108851,11/08/2016,N/A,N/A
ALSEA,5053478.18,USD,OP-108852,11-Feb-2016,N/A,N/A
ALSEA,3719271.27,MXN,OP-108853,10-Apr-2017,07/02/2018,448
grupo bimbo,2904733.75,MXN,OP-108854,15/05/2017,N/A,N/A
liverpool,1669090.89,EUR,OP-108855,30-Jul-2023,N/A,N/A
grupo carso,7843392.2,MXN,OP-108856,2023-11-08,N/A,N/A
walmart de méxico,4257421.24,USD,OP-108857,24-Sep-2015,06/04/2018,984
PEMEX,7758800.83,MXN,OP-108858,"January 12, 2024",N/A,N/A
ALSEA,3962109.06,EUR,OP-108859,"August 14, 2021",07/08/2025,1424
SORIANA,8772146.94,EUR,OP-108860,2023-02-09,N/A,N/A
grupo méxico,4062538.42,USD,OP-108861,"June 03, 2023",N/A,N/A
SORIANA,9562178.62,USD,OP-108862,2015-11-12,N/A,N/A
LIVERPOOL,7413854.52,EUR,OP-108863,12-Oct-2017,"September 08, 2022",1792
grupo carso,6691182.31,MXN,OP-108864,30/09/2020,N/A,N/A
WALMART DE MÉXICO,6309427.63,EUR,OP-108865,05/07/2022,N/A,N/A
LIVERPOOL,3780143.89,EUR,OP-108866,"March 01, 2025",N/A,N/A
GRUPO BIMBO,9024575.08,EUR,OP-108867,09-Nov-2022,N/A,N/A
grupo carso,8596393.97,USD,OP-108868,16/08/2016,N/A,N/A
SORIANA,9615130.52,MXN,OP-108869,05-Mar-2025,N/A,N/A
TELMEX,9920707.01,MXN,OP-108870,03-Nov-2020,N/A,N/A
américa móvil,602243.58,USD,OP-108871,2020-01-12,N/A,N/A
telmex,4513199.47,MXN,OP-108872,04/11/2017,22/06/2025,2994
GRUPO MÉXICO,9164926.05,MXN,OP-108873,"January 05, 2018","January 10, 2023",1831
banorte,3043318.93,MXN,OP-108874,"October 01, 2019",N/A,N/A
FEMSA,4829029.44,USD,OP-108875,22/03/2020,"August 05, 2023",1231
SORIANA,1944785.85,MXN,OP-108876,"November 25, 2019",N/A,N/A
banorte,8604975.32,USD,OP-108877,2016-12-09,03-Dec-2024,2916
grupo lala,4580491.11,USD,OP-108878,21/08/2019,2021-01-28,526
GRUPO LALA,7063957.27,USD,OP-108879,2023-08-28,N/A,N/A
WALMART DE MÉXICO,3098267.16,USD,OP-108880,2018-12-18,N/A,N/A
bbva méxico,4780557.35,MXN,OP-108881,2019-01-01,24-Mar-2024,1909
walmart de méxico,7794266.36,USD,OP-108882,"December 21, 2022",N/A,N/A
TELMEX,820076.81,MXN,OP-108883,2019-06-12,"February 01, 2024",1695
banorte,5829484.98,USD,OP-108884,24/07/2023,N/A,N/A
GRUPO BIMBO,6605435.17,EUR,OP-108885,07/02/2016,N/A,N/A
alsea,7989883.78,USD,OP-108886,13-Oct-2023,N/A,N/A
soriana,3992628.77,USD,OP-108887,13-May-2023,N/A,N/A
LIVERPOOL,4253795.98,USD,OP-108888,22-Dec-2016,02/08/2018,413
GRUPO MÉXICO,9889245.89,USD,OP-108889,2023-04-14,N/A,N/A
alsea,710294.65,EUR,OP-108890,05/08/2016,N/A,N/A
alsea,5666892.52,EUR,OP-108891,2017-02-28,31/12/2023,2497
ALSEA,6499158.46,MXN,OP-108892,17/03/2018,"February 17, 2019",337
BBVA MÉXICO,391923.38,EUR,OP-108893,2017-11-04,N/A,N/A
cemex,6580169.54,EUR,OP-108894,12-Apr-2022,11-Oct-2024,913
TELMEX,918429.33,USD,OP-108895,2020-02-01,N/A,N/A
grupo carso,8052491.04,USD,OP-108896,2018-02-20,04-Aug-2023,1991
grupo méxico,7697807.72,USD,OP-108897,28-Nov-2018,14-Dec-2020,747
TELMEX,1887140.38,EUR,OP-108898,2016-09-12,N/A,N/A
américa móvil,938858.09,USD,OP-108899,"July 13, 2016",27-Mar-2017,257
GRUPO MÉXICO,9826186.12,MXN,OP-108900,01-Jul-2017,17/07/2019,746
FEMSA,162526.07,USD,OP-108901,2024-01-13,2025-04-06,449
walmart de méxico,1830308.17,USD,OP-108902,"November 04, 2016",30/05/2023,2398
GRUPO LALA,6580539.22,MXN,OP-108903,2019-11-27,N/A,N/A
telmex,7071666.57,EUR,OP-108904,26-Jun-2018,09/08/2018,74
alsea,6431922.03,MXN,OP-108905,05-Feb-2020,N/A,N/A
BBVA MÉXICO,6335164.18,MXN,OP-108906,24/01/2021,N/A,N/A
CEMEX,4480178.47,MXN,OP-108907,30/07/2023,N/A,N/A
telmex,9395529.05,EUR,OP-108908,02-Mar-2024,2025-02-15,350
PEMEX,1741397.59,MXN,OP-108909,06-Feb-2017,04/11/2019,794
américa móvil,9397505.59,MXN,OP-108910,08-Mar-2019,2022-09-25,1297
ALSEA,6461605.69,USD,OP-108911,2021-12-17,28/02/2025,1169
SORIANA,5450541.47,EUR,OP-108912,2023-08-09,N/A,N/A
BBVA MÉXICO,4172179.46,USD,OP-108913,04/04/2022,30-Nov-2024,971
soriana,8552169.73,MXN,OP-108914,"October 13, 2016",N/A,N/A
femsa,1227213.16,MXN,OP-108915,"December 26, 2019",2024-04-01,1558
walmart de méxico,3280723.56,EUR,OP-108916,09-Jul-2018,19-Apr-2021,1015
pemex,8856990.5,USD,OP-108917,11/07/2018,"April 23, 2022",1263
TELMEX,5158649.3,MXN,OP-108918,09-Oct-2024,N/A,N/A
pemex,9795009.1,EUR,OP-108919,2024-03-13,N/A,N/A
BANORTE,7026655.38,EUR,OP-108920,2022-11-08,N/A,N/A
grupo méxico,9738823.99,USD,OP-108921,"November 15, 2024",N/A,N/A
grupo lala,5432436.47,EUR,OP-108922,2019-08-15,2023-11-28,1566
BBVA MÉXICO,8041669.31,MXN,OP-108923,13-Dec-2022,N/A,N/A
grupo lala,542996.38,USD,OP-108924,"September 18, 2018",2019-04-19,213
BBVA MÉXICO,7548301.69,MXN,OP-108925,20-Dec-2023,N/A,N/A
LIVERPOOL,2770343.12,MXN,OP-108926,2016-11-14,"May 09, 2025",3098
GRUPO MÉXICO,6188592.9,EUR,OP-108927,"September 24, 2024",05/08/2025,226
GRUPO LALA,6833817.05,MXN,OP-108928,27-Feb-2025,N/A,N/A
GRUPO CARSO,8057868.24,USD,OP-108929,03/07/2022,N/A,N/A
GRUPO CARSO,5965454.32,USD,OP-108930,17/07/2024,N/A,N/A
PEMEX,6388215.54,USD,OP-108931,2018-04-18,N/A,N/A
américa móvil,8374922.09,MXN,OP-108932,27/07/2017,N/A,N/A
grupo carso,9315111.85,MXN,OP-108933,2017-05-04,"March 04, 2022",1765
telmex,7601326.21,EUR,OP-108934,2017-12-25,N/A,N/A
GRUPO LALA,2132527.04,EUR,OP-108935,05/04/2020,N/A,N/A
ALSEA,8594925.43,EUR,OP-108936,2021-10-25,03/01/2023,492
grupo méxico,4923217.93,EUR,OP-108937,"December 01, 2015","March 27, 2016",117
PEMEX,2329132.15,USD,OP-108938,01/10/2021,N/A,N/A
grupo bimbo,5541523.77,USD,OP-108939,16/11/2024,N/A,N/A
ALSEA,2844223.2,MXN,OP-108940,2021-02-14,2021-11-21,280
WALMART DE MÉXICO,6081654.26,MXN,OP-108941,2021-06-22,N/A,N/A
WALMART DE MÉXICO,9822788.21,USD,OP-108942,30/07/2024,2024-10-11,73
BBVA MÉXICO,2389758.65,USD,OP-108943,10/05/2018,"July 23, 2021",1022
BBVA MÉXICO,5094316.62,USD,OP-108944,"May 22, 2016",03-May-2023,2537
GRUPO CARSO,6768453.3,EUR,OP-108945,26/11/2019,N/A,N/A
GRUPO MÉXICO,5036029.28,EUR,OP-108946,"March 06, 2022",N/A,N/A
grupo méxico,5441655.99,EUR,OP-108947,07-Sep-2020,05/08/2023,973
GRUPO BIMBO,2906258.77,MXN,OP-108948,10-Apr-2017,N/A,N/A
PEMEX,6158970.69,MXN,OP-108949,"March 10, 2023",N/A,N/A
ALSEA,8749215.0,USD,OP-108950,31-Mar-2024,N/A,N/A
américa móvil,4578160.28,USD,OP-108951,20-Jul-2020,N/A,N/A
soriana,8370498.45,USD,OP-108952,08-Oct-2018,"March 16, 2025",2351
FEMSA,1486801.77,MXN,OP-108953,"October 16, 2024",N/A,N/A
femsa,9060295.11,EUR,OP-108954,22/01/2017,2020-01-05,1078
SORIANA,2399213.9,EUR,OP-108955,29-Aug-2020,N/A,N/A
banorte,8111754.14,MXN,OP-108956,28-May-2021,N/A,N/A
CEMEX,3381956.2,MXN,OP-108957,"September 22, 2023",N/A,N/A
américa móvil,4557337.64,USD,OP-108958,2020-08-25,07-Jun-2025,1747
grupo bimbo,8740764.16,EUR,OP-108959,29/07/2017,N/A,N/A
CEMEX,6335501.77,USD,OP-108960,22-Feb-2022,N/A,N/A
BBVA MÉXICO,8603075.45,MXN,OP-108961,"March 04, 2018",N/A,N/A
GRUPO BIMBO,9136398.29,MXN,OP-108962,07/11/2016,N/A,N/A
américa móvil,2822676.26,MXN,OP-108963,22/11/2017,2025-05-27,2743
walmart de méxico,4710927.03,EUR,OP-108964,2022-04-08,N/A,N/A
PEMEX,6898102.01,MXN,OP-108965,14-Apr-2016,15/10/2022,2375
américa móvil,2776238.39,USD,OP-108966,"January 04, 2024",N/A,N/A
américa móvil,6409236.24,MXN,OP-108967,"October 04, 2019",N/A,N/A
GRUPO MÉXICO,5480684.23,USD,OP-108968,29/08/2015,"March 28, 2021",2038
GRUPO MÉXICO,7600114.02,USD,OP-108969,22/10/2018,2025-03-04,2325
grupo lala,848903.49,MXN,OP-108970,21/08/2025,N/A,N/A
pemex,1844176.54,MXN,OP-108971,"April 19, 2022",N/A,N/A
GRUPO CARSO,5536576.66,EUR,OP-108972,"January 02, 2016",N/A,N/A
alsea,6920879.2,MXN,OP-108973,15/04/2020,21/10/2021,554
soriana,7200210.26,USD,OP-108974,2022-10-05,N/A,N/A
liverpool,9778118.87,USD,OP-108975,"October 24, 2018",N/A,N/A
AMÉRICA MÓVIL,7315316.79,MXN,OP-108976,"September 16, 2015",2018-07-05,1023
AMÉRICA MÓVIL,8411102.15,EUR,OP-108977,"April 20, 2023",N/A,N/A
grupo bimbo,6336329.71,EUR,OP-108978,2021-08-15,N/A,N/A
FEMSA,9875858.22,USD,OP-108979,2021-10-05,N/A,N/A
soriana,1847208.98,EUR,OP-108980,31-Oct-2021,20-Nov-2021,20
alsea,2875055.27,USD,OP-108981,30/05/2020,N/A,N/A
AMÉRICA MÓVIL,4547998.56,USD,OP-108982,"January 16, 2024",N/A,N/A
LIVERPOOL,6970971.34,MXN,OP-108983,"September 30, 2020",N/A,N/A
pemex,4168418.03,USD,OP-108984,2019-12-13,N/A,N/A
FEMSA,9568209.57,MXN,OP-108985,"June 20, 2016","October 30, 2023",2688
grupo lala,9443865.6,USD,OP-108986,2025-02-13,N/A,N/A
BBVA MÉXICO,1017721.09,EUR,OP-108987,"November 21, 2024",N/A,N/A
walmart de méxico,727234.8,MXN,OP-108988,10/02/2020,N/A,N/A
BBVA MÉXICO,6105549.08,EUR,OP-108989,28/09/2017,N/A,N/A
liverpool,6428210.34,MXN,OP-108990,2021-11-25,N/A,N/A
CEMEX,5808426.16,EUR,OP-108991,06/01/2017,2017-07-22,51
pemex,1054441.06,MXN,OP-108992,17/09/2019,29/04/2023,1320
WALMART DE MÉXICO,9707144.17,USD,OP-108993,2023-02-13,N/A,N/A
pemex,8419978.54,USD,OP-108994,05/06/2017,"February 13, 2020",1013
GRUPO CARSO,450527.14,USD,OP-108995,04/07/2021,2021-09-10,156
GRUPO LALA,623120.88,USD,OP-108996,09/02/2020,N/A,N/A
AMÉRICA MÓVIL,3303449.89,EUR,OP-108997,"June 25, 2018",28-Feb-2020,613
cemex,2915238.19,MXN,OP-108998,2016-03-14,2020-05-09,1517
FEMSA,3627502.03,EUR,OP-108999,14-Jul-2017,"March 15, 2019",609
CEMEX,6731615.15,EUR,OP-109000,"November 03, 2017",N/A,N/A
SORIANA,3006221.96,USD,OP-109001,15/01/2019,"September 15, 2022",1339
ALSEA,8923977.99,MXN,OP-109002,13-Feb-2024,N/A,N/A
alsea,5536476.46,USD,OP-109003,14/06/2022,23/07/2025,1135
soriana,3067176.1,MXN,OP-109004,15/12/2015,"February 24, 2016",71
grupo méxico,2176115.3,EUR,OP-109005,23-Oct-2022,N/A,N/A
soriana,5643315.52,USD,OP-109006,"March 09, 2016",2019-12-17,1378
BANORTE,7693782.38,EUR,OP-109007,14/04/2016,N/A,N/A
WALMART DE MÉXICO,2406408.28,USD,OP-109008,"November 03, 2018",27-Dec-2023,1880
SORIANA,4128187.85,EUR,OP-109009,02/09/2021,N/A,N/A
alsea,402707.43,USD,OP-109010,23/07/2024,N/A,N/A
grupo bimbo,9320156.75,USD,OP-109011,01-Mar-2019,14-May-2025,2266
grupo bimbo,3052307.41,EUR,OP-109012,24/07/2017,N/A,N/A
ALSEA,6166081.7,USD,OP-109013,"October 09, 2024",N/A,N/A
cemex,7551401.47,USD,OP-109014,17-Jun-2021,02/05/2023,598
liverpool,4413861.19,MXN,OP-109015,2018-07-08,N/A,N/A
LIVERPOOL,5326489.97,MXN,OP-109016,18/12/2020,"August 19, 2021",244
cemex,7343313.85,EUR,OP-109017,2024-11-28,N/A,N/A
CEMEX,756300.42,MXN,OP-109018,30-May-2020,27-Sep-2024,1581
grupo carso,5221910.32,USD,OP-109019,"January 01, 2018",N/A,N/A
GRUPO LALA,4024807.65,USD,OP-109020,"February 14, 2024",N/A,N/A
SORIANA,2099316.68,USD,OP-109021,08-Jun-2019,N/A,N/A
GRUPO MÉXICO,8167481.35,EUR,OP-109022,"December 06, 2019",N/A,N/A
WALMART DE MÉXICO,7525649.48,EUR,OP-109023,23/01/2017,N/A,N/A
GRUPO CARSO,9849582.26,USD,OP-109024,10/11/2020,09/03/2023,1057
ALSEA,4076254.05,MXN,OP-109025,26-Feb-2025,N/A,N/A
cemex,7618661.08,USD,OP-109026,02-Nov-2021,N/A,N/A
GRUPO MÉXICO,5208895.09,MXN,OP-109027,2021-11-07,N/A,N/A
pemex,233937.38,MXN,OP-109028,"October 01, 2023",N/A,N/A
GRUPO LALA,8043682.8,USD,OP-109029,05/12/2022,N/A,N/A
GRUPO LALA,8833267.9,EUR,OP-109030,2022-09-11,26/05/2023,257
BANORTE,8536654.81,EUR,OP-109031,30-Aug-2021,N/A,N/A
pemex,4686280.8,USD,OP-109032,"January 12, 2016",N/A,N/A
grupo bimbo,4211927.3,USD,OP-109033,"October 08, 2023",N/A,N/A
soriana,6627393.94,EUR,OP-109034,"May 01, 2017",N/A,N/A
soriana,9722540.3,EUR,OP-109035,13-Dec-2015,05/05/2023,2700
pemex,4691365.47,EUR,OP-109036,17/02/2018,N/A,N/A
BBVA MÉXICO,544098.4,EUR,OP-109037,2023-08-12,N/A,N/A
GRUPO MÉXICO,7362225.2,MXN,OP-109038,2019-06-20,N/A,N/A
alsea,3983753.68,EUR,OP-109039,16-Nov-2015,N/A,N/A
LIVERPOOL,1689865.8,USD,OP-109040,19-Dec-2023,09/04/2025,625
TELMEX,5072469.62,EUR,OP-109041,08-May-2023,N/A,N/A
AMÉRICA MÓVIL,4003693.31,MXN,OP-109042,06-Apr-2016,2016-11-03,211
WALMART DE MÉXICO,8702138.27,MXN,OP-109043,14-Jul-2025,N/A,N/A
BANORTE,6338474.61,EUR,OP-109044,"April 12, 2025",N/A,N/A
bbva méxico,3649928.79,MXN,OP-109045,2016-10-01,N/A,N/A
FEMSA,4850661.74,USD,OP-109046,2015-11-17,"October 17, 2019",1430
liverpool,532998.07,USD,OP-109047,27-Jul-2021,N/A,N/A
grupo carso,8535029.78,EUR,OP-109048,2023-09-03,N/A,N/A
telmex,2380146.26,EUR,OP-109049,2019-03-18,"June 24, 2022",1194
CEMEX,5721122.88,MXN,OP-109050,27-Mar-2017,N/A,N/A
TELMEX,8581526.28,MXN,OP-109051,2024-11-18,N/A,N/A
américa móvil,6037946.55,EUR,OP-109052,2018-04-23,01-Jan-2025,2445
soriana,7153534.85,USD,OP-109053,"June 04, 2021",2023-06-08,734
GRUPO MÉXICO,7433387.46,USD,OP-109054,22/02/2025,"April 17, 2025",54
liverpool,7148381.55,MXN,OP-109055,16-Dec-2019,N/A,N/A
femsa,5174103.85,USD,OP-109056,2019-11-24,05/01/2022,889
SORIANA,192200.42,EUR,OP-109057,30/01/2017,2017-10-03,246
FEMSA,9306436.23,MXN,OP-109058,2018-09-02,N/A,N/A
banorte,3947938.76,EUR,OP-109059,"October 19, 2021",N/A,N/A
SORIANA,6101444.62,MXN,OP-109060,"March 14, 2023",N/A,N/A
walmart de méxico,1380487.65,MXN,OP-109061,2020-09-29,N/A,N/A
pemex,6255966.56,MXN,OP-109062,2024-04-14,N/A,N/A
grupo méxico,4792145.96,EUR,OP-109063,06/08/2020,10-Dec-2021,550
grupo bimbo,6405389.17,USD,OP-109064,2019-10-13,N/A,N/A
soriana,8890907.42,USD,OP-109065,08/03/2024,N/A,N/A
LIVERPOOL,8351902.45,USD,OP-109066,19-Apr-2020,"October 11, 2021",540
telmex,8801550.44,MXN,OP-109067,19-Nov-2019,14/06/2024,1669
LIVERPOOL,4796162.53,USD,OP-109068,"September 12, 2015",15/04/2019,1311
grupo carso,3198334.64,EUR,OP-109069,12-Dec-2024,N/A,N/A
liverpool,592471.09,USD,OP-109070,30-Mar-2020,N/A,N/A
GRUPO LALA,4150463.98,MXN,OP-109071,22/06/2021,"December 02, 2022",528
soriana,7713038.36,MXN,OP-109072,2021-05-09,N/A,N/A
soriana,7764680.86,MXN,OP-109073,"October 17, 2019",23-Apr-2021,554
femsa,7279402.44,USD,OP-109074,2025-06-25,N/A,N/A
CEMEX,5373084.38,MXN,OP-109075,2019-12-07,N/A,N/A
BBVA MÉXICO,7105438.05,EUR,OP-109076,2025-05-31,N/A,N/A
FEMSA,644862.24,USD,OP-109077,2022-03-29,N/A,N/A
soriana,4814201.58,MXN,OP-109078,2017-12-11,N/A,N/A
alsea,3920550.47,EUR,OP-109079,27/08/2017,N/A,N/A
GRUPO BIMBO,1972651.36,MXN,OP-109080,21/02/2016,"June 24, 2016",124
banorte,6967146.97,EUR,OP-109081,14-Aug-2019,N/A,N/A
FEMSA,1265881.25,MXN,OP-109082,18/09/2016,N/A,N/A
WALMART DE MÉXICO,1119354.02,EUR,OP-109083,08/05/2021,N/A,N/A
banorte,4262689.23,EUR,OP-109084,16-Jun-2017,N/A,N/A
femsa,1912067.78,MXN,OP-109085,13-Dec-2024,N/A,N/A
LIVERPOOL,4632965.42,EUR,OP-109086,2023-10-21,N/A,N/A
GRUPO CARSO,2255382.7,MXN,OP-109087,"May 12, 2023",N/A,N/A
WALMART DE MÉXICO,6757867.97,MXN,OP-109088,2016-03-16,04-Feb-2019,1055
FEMSA,7718812.7,MXN,OP-109089,24-Aug-2017,N/A,N/A
CEMEX,5721964.53,MXN,OP-109090,18-Aug-2019,2024-03-17,1673
grupo bimbo,8697247.53,USD,OP-109091,23-Oct-2019,09/02/2022,1045
PEMEX,2560065.36,USD,OP-109092,"October 27, 2017",10/12/2022,1811
grupo carso,5685401.46,EUR,OP-109093,22/03/2019,2021-01-21,671
telmex,1050371.17,MXN,OP-109094,"October 17, 2020",22/06/2025,1709
FEMSA,2085503.34,EUR,OP-109095,13-Dec-2017,N/A,N/A
femsa,4759504.83,USD,OP-109096,04-May-2020,N/A,N/A
walmart de méxico,2533083.3,MXN,OP-109097,05-Feb-2016,05-Aug-2023,2738
grupo méxico,5940886.39,EUR,OP-109098,"May 28, 2024","December 01, 2024",187
pemex,1706314.08,USD,OP-109099,17-Jul-2022,N/A,N/A
liverpool,4380902.67,MXN,OP-109100,01/08/2020,N/A,N/A
SORIANA,397856.62,USD,OP-109101,31-Jul-2018,04-Aug-2022,1465
femsa,5768116.9,MXN,OP-109102,16/01/2022,N/A,N/A
GRUPO LALA,3225801.48,USD,OP-109103,05/02/2016,N/A,N/A
FEMSA,7809233.4,USD,OP-109104,"November 12, 2015",17/03/2024,3048
femsa,9984726.88,EUR,OP-109105,22-Sep-2017,09/01/2021,1440
CEMEX,952792.96,EUR,OP-109106,16/04/2024,N/A,N/A
GRUPO LALA,8038990.51,EUR,OP-109107,02/04/2022,N/A,N/A
PEMEX,4046818.37,EUR,OP-109108,26/02/2022,N/A,N/A
GRUPO BIMBO,422722.02,MXN,OP-109109,2018-06-01,23/10/2024,2336
SORIANA,4988420.43,USD,OP-109110,"May 27, 2020",2023-11-24,1276
TELMEX,5653486.93,MXN,OP-109111,2017-10-28,"June 27, 2021",1338
cemex,3371611.51,MXN,OP-109112,"December 12, 2021",N/A,N/A
alsea,626553.58,EUR,OP-109113,04-Jun-2025,N/A,N/A
bbva méxico,8818620.72,USD,OP-109114,2018-11-17,2022-08-11,1363
BANORTE,9699094.18,EUR,OP-109115,"May 09, 2021",N/A,N/A
FEMSA,1856367.42,EUR,OP-109116,2019-07-12,2022-08-13,1128
TELMEX,1867406.25,MXN,OP-109117,07/01/2017,N/A,N/A
grupo bimbo,6003731.59,EUR,OP-109118,25-Oct-2018,N/A,N/A
cemex,1365424.06,MXN,OP-109119,09-Dec-2023,N/A,N/A
liverpool,8478756.24,USD,OP-109120,30/09/2020,2021-08-16,320
américa móvil,522966.13,EUR,OP-109121,11-Jul-2018,N/A,N/A
WALMART DE MÉXICO,8037699.32,EUR,OP-109122,12/07/2025,N/A,N/A
cemex,2006557.9,USD,OP-109123,"March 21, 2025",N/A,N/A
ALSEA,3619812.08,MXN,OP-109124,25/11/2018,2021-05-21,908
grupo lala,7041820.1,MXN,OP-109125,10/04/2021,N/A,N/A
grupo carso,9905402.14,EUR,OP-109126,"April 15, 2016",15-Nov-2017,579
WALMART DE MÉXICO,9169241.66,MXN,OP-109127,"May 21, 2024",N/A,N/A
BANORTE,5048291.26,MXN,OP-109128,2017-04-04,"February 15, 2024",2508
grupo méxico,6743466.02,USD,OP-109129,30/03/2020,N/A,N/A
grupo bimbo,550329.35,USD,OP-109130,2021-06-25,N/A,N/A
GRUPO BIMBO,9444974.68,MXN,OP-109131,"September 25, 2018",17-Feb-2024,1971
FEMSA,4375370.55,EUR,OP-109132,28/07/2018,2021-02-24,942
grupo lala,1135998.64,EUR,OP-109133,"February 19, 2019",N/A,N/A
grupo méxico,3119492.47,USD,OP-109134,22-Sep-2019,N/A,N/A
GRUPO CARSO,1210724.74,MXN,OP-109135,04-Sep-2023,N/A,N/A
femsa,2536900.65,USD,OP-109136,2024-05-04,N/A,N/A
LIVERPOOL,6039385.23,MXN,OP-109137,29-Jul-2020,N/A,N/A
banorte,788032.69,EUR,OP-109138,"April 27, 2024",N/A,N/A
AMÉRICA MÓVIL,931190.58,USD,OP-109139,2018-03-26,2018-04-06,11
SORIANA,9445434.55,EUR,OP-109140,"September 02, 2017",N/A,N/A
CEMEX,9519837.19,USD,OP-109141,17-Aug-2016,"August 23, 2019",1101
GRUPO LALA,4841904.43,USD,OP-109142,2024-07-13,N/A,N/A
PEMEX,4587798.22,MXN,OP-109143,"May 31, 2019",N/A,N/A
GRUPO LALA,6235832.97,USD,OP-109144,24-Nov-2017,"March 30, 2023",1952
liverpool,2356755.44,MXN,OP-109145,15-Jan-2019,2022-08-29,1322
TELMEX,7988434.58,EUR,OP-109146,2017-05-21,N/A,N/A
walmart de méxico,551240.03,EUR,OP-109147,"October 16, 2021","July 19, 2024",1007
GRUPO MÉXICO,2859488.68,USD,OP-109148,"December 03, 2024",N/A,N/A
walmart de méxico,5235906.26,MXN,OP-109149,13/10/2018,N/A,N/A
telmex,2155762.1,USD,OP-109150,01-Sep-2019,23/12/2022,1209
FEMSA,8417415.67,USD,OP-109151,2024-09-06,N/A,N/A
CEMEX,9392893.69,USD,OP-109152,13-Nov-2015,N/A,N/A
CEMEX,809512.61,MXN,OP-109153,25-Apr-2018,2025-01-13,2455
pemex,2070184.23,USD,OP-109154,"December 12, 2017","September 21, 2023",2109
liverpool,1150179.45,EUR,OP-109155,2022-09-30,N/A,N/A
grupo méxico,6855087.88,USD,OP-109156,"July 05, 2024",N/A,N/A
liverpool,9298648.58,MXN,OP-109157,25/04/2021,"July 13, 2021",79
banorte,2362790.18,EUR,OP-109158,17-Nov-2017,2020-04-12,877
WALMART DE MÉXICO,9257098.67,MXN,OP-109159,18-Apr-2017,30/06/2019,803
grupo lala,7890109.26,MXN,OP-109160,"April 03, 2019",09/11/2024,1988
CEMEX,1575857.73,EUR,OP-109161,2024-11-08,N/A,N/A
LIVERPOOL,5507049.66,USD,OP-109162,17/12/2022,N/A,N/A
grupo bimbo,7906010.49,EUR,OP-109163,28/06/2017,15-Apr-2023,2117
grupo bimbo,1536975.18,EUR,OP-109164,21-Jun-2025,N/A,N/A
LIVERPOOL,6779318.39,USD,OP-109165,26-Aug-2019,N/A,N/A
banorte,3356716.45,EUR,OP-109166,2020-12-21,N/A,N/A
telmex,1223707.9,USD,OP-109167,"March 29, 2018",N/A,N/A
PEMEX,1106770.19,USD,OP-109168,01/03/2020,"May 24, 2023",1237
femsa,8547255.3,MXN,OP-109169,10-Jan-2018,2024-12-24,2540
BANORTE,5723459.29,EUR,OP-109170,2019-09-09,"March 11, 2025",2010
américa móvil,411418.48,EUR,OP-109171,2018-12-01,N/A,N/A
SORIANA,7610538.08,EUR,OP-109172,18-Nov-2017,N/A,N/A
CEMEX,974985.66,EUR,OP-109173,17-Jun-2023,N/A,N/A
LIVERPOOL,4324308.03,USD,OP-109174,04/06/2025,N/A,N/A
GRUPO MÉXICO,8847297.66,EUR,OP-109175,30-Nov-2020,07/06/2022,583
cemex,4560549.09,EUR,OP-109176,17/12/2015,N/A,N/A
GRUPO LALA,7088197.09,USD,OP-109177,2023-06-30,N/A,N/A
américa móvil,9751397.58,USD,OP-109178,02-Jul-2018,20/12/2024,2363
GRUPO LALA,538850.63,EUR,OP-109179,"June 19, 2025",N/A,N/A
telmex,8919421.39,EUR,OP-109180,10-Sep-2024,N/A,N/A
femsa,985044.45,EUR,OP-109181,"November 16, 2020",N/A,N/A
GRUPO MÉXICO,8828419.02,USD,OP-109182,09-Dec-2024,N/A,N/A
GRUPO CARSO,8367509.09,EUR,OP-109183,01/08/2018,"May 25, 2023",1963
femsa,3540892.91,USD,OP-109184,05/06/2018,2018-10-04,151
WALMART DE MÉXICO,8322793.63,USD,OP-109185,30/11/2016,09/05/2018,644
GRUPO CARSO,5475169.87,USD,OP-109186,"September 10, 2015","March 19, 2017",556
CEMEX,9595859.5,MXN,OP-109187,09-Sep-2017,21/01/2022,1595
alsea,7638896.95,USD,OP-109188,09/09/2021,N/A,N/A
pemex,8085604.29,EUR,OP-109189,2016-10-17,15-May-2018,575
grupo bimbo,1784411.22,EUR,OP-109190,2015-09-16,N/A,N/A
femsa,8797586.08,EUR,OP-109191,09-Sep-2020,"February 17, 2025",1622
GRUPO BIMBO,7079838.81,MXN,OP-109192,09-Nov-2018,N/A,N/A
BANORTE,7089498.67,USD,OP-109193,27/07/2023,N/A,N/A
BBVA MÉXICO,9316463.38,USD,OP-109194,2021-11-27,N/A,N/A
cemex,959757.43,USD,OP-109195,17-May-2016,N/A,N/A
FEMSA,5123141.88,MXN,OP-109196,"April 21, 2016",N/A,N/A
pemex,3280039.67,EUR,OP-109197,27/05/2019,N/A,N/A
CEMEX,1079772.7,USD,OP-109198,28-Mar-2024,N/A,N/A
pemex,2688895.49,MXN,OP-109199,29/12/2019,16/06/2024,1631
walmart de méxico,9847485.66,MXN,OP-109200,"November 01, 2024",N/A,N/A
femsa,8529721.8,EUR,OP-109201,20-Jul-2020,N/A,N/A
femsa,1339242.71,USD,OP-109202,"July 07, 2023",N/A,N/A
GRUPO MÉXICO,4409667.05,EUR,OP-109203,"November 12, 2020",N/A,N/A
FEMSA,4980792.04,EUR,OP-109204,27/09/2022,2023-09-20,358
cemex,714012.02,MXN,OP-109205,04/07/2025,N/A,N/A
femsa,2033274.06,EUR,OP-109206,30-Apr-2017,07/10/2017,71
CEMEX,8756489.41,EUR,OP-109207,14-Nov-2019,N/A,N/A
grupo méxico,1034494.56,EUR,OP-109208,2019-06-08,N/A,N/A
PEMEX,6353034.55,MXN,OP-109209,23-May-2017,N/A,N/A
cemex,7152869.94,MXN,OP-109210,11-Sep-2022,N/A,N/A
BBVA MÉXICO,4092770.73,USD,OP-109211,"May 23, 2016",12-Apr-2020,1420
BBVA MÉXICO,187240.46,EUR,OP-109212,15/01/2018,07/10/2024,2368
telmex,1665604.11,USD,OP-109213,25/04/2024,N/A,N/A
BANORTE,4718816.06,MXN,OP-109214,21/08/2019,"January 26, 2025",1985
WALMART DE MÉXICO,5407624.47,USD,OP-109215,12/03/2023,N/A,N/A
soriana,8627920.16,EUR,OP-109216,"April 22, 2021",N/A,N/A
walmart de méxico,9525253.09,MXN,OP-109217,07/06/2019,N/A,N/A
cemex,9344143.19,USD,OP-109218,24-Sep-2019,N/A,N/A
liverpool,3298760.04,USD,OP-109219,"January 07, 2017",14/11/2020,1407
GRUPO CARSO,587329.74,EUR,OP-109220,04/10/2023,N/A,N/A
WALMART DE MÉXICO,2269224.91,USD,OP-109221,01-Sep-2019,"January 17, 2021",504
GRUPO MÉXICO,8420411.87,MXN,OP-109222,"February 05, 2025",N/A,N/A
CEMEX,5038383.44,MXN,OP-109223,02-Jul-2017,13-Sep-2017,73
SORIANA,7270967.32,MXN,OP-109224,2018-12-26,N/A,N/A
walmart de méxico,9550462.79,MXN,OP-109225,2015-09-03,21-Sep-2023,2940
grupo méxico,5401531.28,MXN,OP-109226,2016-11-17,2018-09-03,655
WALMART DE MÉXICO,2487934.94,USD,OP-109227,"December 29, 2017",07-Jul-2024,2382
LIVERPOOL,7284773.22,EUR,OP-109228,"September 12, 2021",2023-12-20,829
grupo bimbo,3015479.22,MXN,OP-109229,27/03/2025,N/A,N/A
grupo méxico,1486534.75,MXN,OP-109230,26-Feb-2022,N/A,N/A
pemex,4524058.99,MXN,OP-109231,01-Jan-2025,N/A,N/A
soriana,8299893.7,MXN,OP-109232,2017-11-15,18/11/2021,1464
WALMART DE MÉXICO,6661919.28,USD,OP-109233,06/06/2016,N/A,N/A
PEMEX,2713127.81,USD,OP-109234,2022-04-08,N/A,N/A
TELMEX,1929783.15,MXN,OP-109235,2017-03-01,"June 10, 2019",831
alsea,8366762.97,EUR,OP-109236,"October 23, 2022",N/A,N/A
LIVERPOOL,9554698.06,MXN,OP-109237,09/06/2022,N/A,N/A
FEMSA,9457747.36,MXN,OP-109238,2024-07-08,N/A,N/A
liverpool,4651058.81,MXN,OP-109239,"May 30, 2017",04/02/2020,1038
BANORTE,122909.24,EUR,OP-109240,23-May-2022,N/A,N/A
SORIANA,4493165.38,EUR,OP-109241,03/05/2022,"August 25, 2023",538
américa móvil,6150894.85,EUR,OP-109242,2017-04-23,"September 04, 2022",1960
BANORTE,3913396.5,EUR,OP-109243,2020-06-28,N/A,N/A
BANORTE,2096583.52,EUR,OP-109244,"November 30, 2021",N/A,N/A
BANORTE,9235993.57,MXN,OP-109245,26-Mar-2023,N/A,N/A
CEMEX,286667.95,EUR,OP-109246,30-Dec-2021,N/A,N/A
GRUPO MÉXICO,7770318.83,USD,OP-109247,20/03/2017,N/A,N/A
AMÉRICA MÓVIL,4079040.37,MXN,OP-109248,2021-02-11,N/A,N/A
femsa,6628118.54,USD,OP-109249,20/09/2019,N/A,N/A
AMÉRICA MÓVIL,9086068.6,USD,OP-109250,"May 14, 2025",N/A,N/A
grupo carso,9892466.77,EUR,OP-109251,01-Sep-2018,2020-01-06,492
BBVA MÉXICO,6501313.92,MXN,OP-109252,25-Apr-2020,"July 17, 2023",1178
soriana,8232686.21,EUR,OP-109253,23/02/2024,N/A,N/A
WALMART DE MÉXICO,144724.23,USD,OP-109254,"February 04, 2017",2019-12-31,1060
GRUPO BIMBO,7003042.69,MXN,OP-109255,24/04/2017,15/11/2017,205
femsa,9986803.79,MXN,OP-109256,19-Feb-2021,21-Jun-2024,1218
banorte,3413118.62,USD,OP-109257,11-Jun-2019,11-Dec-2019,183
GRUPO CARSO,5513126.88,MXN,OP-109258,19-Jan-2021,N/A,N/A
BBVA MÉXICO,8317616.84,MXN,OP-109259,10-Mar-2016,08-Aug-2019,1246
FEMSA,9173166.7,MXN,OP-109260,13/02/2021,"January 08, 2023",694
TELMEX,4693332.15,EUR,OP-109261,2023-02-22,N/A,N/A
bbva méxico,8928146.11,USD,OP-109262,2023-09-10,N/A,N/A
bbva méxico,5300688.75,EUR,OP-109263,23/03/2019,N/A,N/A
grupo carso,7481410.32,USD,OP-109264,"January 07, 2017",18-Aug-2018,588
cemex,8770269.28,EUR,OP-109265,"September 25, 2020","October 05, 2022",740
cemex,4966987.54,USD,OP-109266,22/03/2021,N/A,N/A
GRUPO BIMBO,596232.63,MXN,OP-109267,27/09/2021,N/A,N/A
américa móvil,9502633.86,MXN,OP-109268,2016-07-20,N/A,N/A
CEMEX,4213296.02,EUR,OP-109269,2017-01-12,N/A,N/A
ALSEA,7122571.03,EUR,OP-109270,"August 23, 2016","May 08, 2025",3180
cemex,8632883.17,MXN,OP-109271,19-Mar-2019,N/A,N/A
BBVA MÉXICO,3600790.39,MXN,OP-109272,"June 24, 2021",2025-05-02,1408
soriana,9210565.64,USD,OP-109273,09-Feb-2020,"November 15, 2020",280
GRUPO LALA,7741815.07,MXN,OP-109274,28-Mar-2020,2020-12-18,265
banorte,1613810.16,MXN,OP-109275,"January 23, 2019","May 20, 2021",848
GRUPO CARSO,9027317.94,MXN,OP-109276,"February 23, 2021",N/A,N/A
alsea,5648278.83,EUR,OP-109277,07-Oct-2023,N/A,N/A
GRUPO LALA,6874841.53,EUR,OP-109278,"June 03, 2019",N/A,N/A
alsea,8155807.97,EUR,OP-109279,30-Nov-2023,N/A,N/A
américa móvil,8884221.6,USD,OP-109280,28-Mar-2021,N/A,N/A
LIVERPOOL,8309388.16,USD,OP-109281,07/03/2020,N/A,N/A
PEMEX,128654.91,EUR,OP-109282,26-Apr-2018,N/A,N/A
grupo carso,9004323.1,MXN,OP-109283,"April 09, 2016",31/05/2018,782
grupo lala,7054720.87,MXN,OP-109284,25/09/2024,N/A,N/A
CEMEX,3681217.16,USD,OP-109285,"February 03, 2020",23/10/2024,1724
telmex,8321849.71,EUR,OP-109286,01/01/2016,16-May-2022,2327
BBVA MÉXICO,2883156.96,USD,OP-109287,2018-07-30,N/A,N/A
WALMART DE MÉXICO,3247039.24,EUR,OP-109288,23/01/2021,N/A,N/A
BBVA MÉXICO,6990373.63,USD,OP-109289,2020-02-10,01-Aug-2020,173
GRUPO MÉXICO,5425911.75,MXN,OP-109290,19-Nov-2023,N/A,N/A
grupo lala,8753421.63,MXN,OP-109291,2017-08-02,N/A,N/A
liverpool,3340236.01,USD,OP-109292,2019-07-09,N/A,N/A
CEMEX,6970813.27,USD,OP-109293,"December 22, 2022",N/A,N/A
grupo bimbo,5954853.54,EUR,OP-109294,06/02/2022,N/A,N/A
grupo bimbo,2322086.07,MXN,OP-109295,19-Aug-2020,N/A,N/A
GRUPO MÉXICO,2250659.12,MXN,OP-109296,"February 20, 2025",N/A,N/A
ALSEA,7880824.08,MXN,OP-109297,05-Sep-2020,N/A,N/A
GRUPO CARSO,3078713.94,EUR,OP-109298,2017-11-07,N/A,N/A
SORIANA,6216877.78,EUR,OP-109299,2022-12-04,N/A,N/A
pemex,6511747.45,EUR,OP-109300,"March 14, 2018",07-Feb-2025,2522
BANORTE,2984222.27,MXN,OP-109301,2019-02-07,N/A,N/A
walmart de méxico,3666053.27,EUR,OP-109302,2015-10-05,2018-12-13,1165
BBVA MÉXICO,4445956.06,USD,OP-109303,20-Apr-2023,N/A,N/A
PEMEX,9438207.22,EUR,OP-109304,2021-06-11,29-Jun-2022,383
telmex,3186491.57,EUR,OP-109305,2019-01-29,27-Sep-2023,1702
LIVERPOOL,8055765.57,MXN,OP-109306,13/07/2023,21-Mar-2025,617
BANORTE,6844076.32,EUR,OP-109307,2020-12-26,N/A,N/A
bbva méxico,9020894.61,MXN,OP-109308,"September 11, 2017",N/A,N/A
ALSEA,2812296.46,USD,OP-109309,22-Dec-2022,N/A,N/A
grupo carso,5244211.42,EUR,OP-109310,2019-09-06,19/05/2021,621
GRUPO BIMBO,2231487.19,MXN,OP-109311,18-Jun-2024,N/A,N/A
BANORTE,8317729.51,USD,OP-109312,13/09/2016,2018-04-29,593
SORIANA,7691711.79,EUR,OP-109313,2022-04-28,10/08/2022,163
CEMEX,2424214.1,USD,OP-109314,27/08/2022,"December 06, 2022",101
TELMEX,7373300.14,MXN,OP-109315,2021-05-10,2021-11-06,180
soriana,5165139.07,USD,OP-109316,"July 08, 2024",N/A,N/A
WALMART DE MÉXICO,2076800.26,EUR,OP-109317,25/09/2021,27-Nov-2024,1159
femsa,3046159.91,EUR,OP-109318,29/03/2019,23/03/2022,1090
SORIANA,8094926.55,USD,OP-109319,"March 27, 2018",N/A,N/A
alsea,3661563.96,EUR,OP-109320,2019-09-18,N/A,N/A
PEMEX,9082343.89,USD,OP-109321,14-Apr-2019,N/A,N/A
LIVERPOOL,5836600.4,USD,OP-109322,22-Feb-2022,N/A,N/A
bbva méxico,1082000.16,USD,OP-109323,17-May-2024,N/A,N/A
grupo carso,2905939.23,EUR,OP-109324,2017-06-12,N/A,N/A
grupo bimbo,3269772.39,EUR,OP-109325,"February 19, 2025",N/A,N/A
grupo méxico,9521234.8,USD,OP-109326,"December 29, 2023",N/A,N/A
soriana,8921320.11,USD,OP-109327,"June 18, 2020",N/A,N/A
bbva méxico,6049569.29,EUR,OP-109328,"February 23, 2023",N/A,N/A
BBVA MÉXICO,8428591.24,USD,OP-109329,2025-08-05,N/A,N/A
grupo méxico,1571766.3,MXN,OP-109330,27/01/2021,"September 10, 2023",956
bbva méxico,9343303.06,MXN,OP-109331,30/01/2024,N/A,N/A
WALMART DE MÉXICO,6756366.92,MXN,OP-109332,"September 12, 2018",N/A,N/A
WALMART DE MÉXICO,3675949.41,USD,OP-109333,"March 06, 2018","August 28, 2018",175
banorte,5151141.87,USD,OP-109334,"September 29, 2021",N/A,N/A
TELMEX,5134085.66,MXN,OP-109335,"November 15, 2021",2025-06-30,1323
telmex,3013427.23,MXN,OP-109336,2019-12-28,N/A,N/A
FEMSA,6020539.56,MXN,OP-109337,"July 05, 2016","June 18, 2019",1078
LIVERPOOL,6020994.88,USD,OP-109338,12-May-2021,N/A,N/A
walmart de méxico,2027980.4,EUR,OP-109339,12-Jan-2025,N/A,N/A
GRUPO CARSO,3006260.62,EUR,OP-109340,"September 20, 2016",N/A,N/A
FEMSA,9489767.75,MXN,OP-109341,21-Nov-2024,N/A,N/A
TELMEX,8163611.65,EUR,OP-109342,02/01/2023,01-Jun-2025,851
grupo méxico,657934.34,MXN,OP-109343,20-Jul-2021,"January 12, 2023",541
alsea,6162261.65,EUR,OP-109344,03/03/2024,07-Dec-2024,279
GRUPO MÉXICO,5034452.41,EUR,OP-109345,12/11/2015,17/02/2018,799
AMÉRICA MÓVIL,2413587.36,USD,OP-109346,12/05/2024,N/A,N/A
cemex,1378913.35,MXN,OP-109347,"January 11, 2020",N/A,N/A
BANORTE,5134367.94,MXN,OP-109348,12/07/2017,11-Mar-2022,1555
telmex,8583679.32,MXN,OP-109349,01-Nov-2016,N/A,N/A
grupo carso,9635021.47,EUR,OP-109350,20-Jun-2018,29/10/2020,862
soriana,3029847.33,EUR,OP-109351,22/10/2019,2023-06-11,1328
telmex,9631882.16,USD,OP-109352,25-Jul-2023,N/A,N/A
TELMEX,1926365.89,USD,OP-109353,17-Apr-2022,N/A,N/A
alsea,6245515.25,USD,OP-109354,"November 08, 2015",2025-05-17,3478
grupo lala,8451745.5,EUR,OP-109355,12/05/2024,N/A,N/A
LIVERPOOL,9559129.52,MXN,OP-109356,19-Jul-2021,14/03/2025,1334
BANORTE,6815259.06,EUR,OP-109357,"September 04, 2019",N/A,N/A
GRUPO BIMBO,9723733.29,USD,OP-109358,30-May-2021,05/07/2022,342
liverpool,5962200.61,EUR,OP-109359,"October 15, 2015",18-Aug-2021,2134
SORIANA,7353002.21,USD,OP-109360,19/11/2016,N/A,N/A
bbva méxico,8788785.25,MXN,OP-109361,29/11/2020,04/02/2024,1220
cemex,8235637.57,USD,OP-109362,23/08/2017,N/A,N/A
grupo lala,5676287.14,MXN,OP-109363,"January 31, 2016",N/A,N/A
telmex,3307738.22,MXN,OP-109364,30/09/2019,"June 08, 2025",2078
GRUPO BIMBO,4740306.35,EUR,OP-109365,"September 17, 2024",N/A,N/A
SORIANA,6306666.71,USD,OP-109366,17/12/2022,N/A,N/A
ALSEA,7806591.61,USD,OP-109367,"December 04, 2019",N/A,N/A
GRUPO LALA,536132.19,USD,OP-109368,01-Feb-2020,N/A,N/A
telmex,5081344.73,MXN,OP-109369,07-Feb-2021,2022-08-03,542
GRUPO LALA,8483672.99,MXN,OP-109370,28-Aug-2020,N/A,N/A
walmart de méxico,9912730.66,MXN,OP-109371,15/07/2024,N/A,N/A
grupo bimbo,1564642.96,USD,OP-109372,"May 06, 2017",07/04/2022,1885
walmart de méxico,8557615.49,MXN,OP-109373,2021-09-06,N/A,N/A
grupo bimbo,2231229.98,USD,OP-109374,11-Nov-2016,N/A,N/A
GRUPO LALA,5212725.16,EUR,OP-109375,"November 29, 2018",N/A,N/A
CEMEX,6126678.69,USD,OP-109376,27/03/2023,N/A,N/A
WALMART DE MÉXICO,3973067.41,USD,OP-109377,20/02/2025,N/A,N/A
grupo carso,7189952.48,MXN,OP-109378,08-Jun-2022,N/A,N/A
alsea,2643797.08,EUR,OP-109379,06-Jul-2023,10/08/2025,825
soriana,9050912.76,MXN,OP-109380,"September 13, 2016",N/A,N/A
BBVA MÉXICO,1131239.64,EUR,OP-109381,17-Sep-2024,N/A,N/A
liverpool,3499042.8,EUR,OP-109382,28-Mar-2016,"July 22, 2016",116
PEMEX,2601375.01,EUR,OP-109383,"March 19, 2017","February 02, 2025",2877
GRUPO MÉXICO,748044.34,USD,OP-109384,28-Dec-2024,N/A,N/A
WALMART DE MÉXICO,4900652.24,MXN,OP-109385,05-Mar-2025,29-Apr-2025,55
CEMEX,9509274.51,EUR,OP-109386,"May 17, 2017",2018-05-03,351
BANORTE,6450280.52,MXN,OP-109387,12/11/2024,N/A,N/A
alsea,6004435.81,USD,OP-109388,28/11/2018,N/A,N/A
grupo bimbo,2035283.46,USD,OP-109389,14-May-2019,N/A,N/A
soriana,4002753.4,EUR,OP-109390,16/01/2019,28/08/2019,224
grupo lala,3142049.15,USD,OP-109391,20-Nov-2016,N/A,N/A
LIVERPOOL,818847.9,MXN,OP-109392,2022-08-01,16/07/2025,1080
AMÉRICA MÓVIL,3351996.43,MXN,OP-109393,"April 08, 2018",22/03/2023,1809
TELMEX,4120205.52,EUR,OP-109394,01/11/2022,2025-07-23,1289
grupo carso,7176887.19,EUR,OP-109395,"April 10, 2021",N/A,N/A
SORIANA,3223812.91,EUR,OP-109396,2017-09-18,N/A,N/A
GRUPO MÉXICO,9471829.62,MXN,OP-109397,"January 18, 2018",18-Dec-2022,1795
ALSEA,7085103.84,USD,OP-109398,23-Jan-2016,N/A,N/A
walmart de méxico,4891596.85,MXN,OP-109399,2022-02-22,N/A,N/A
soriana,373738.33,EUR,OP-109400,19/07/2022,N/A,N/A
alsea,6831647.35,USD,OP-109401,2017-11-09,N/A,N/A
grupo lala,8596574.48,USD,OP-109402,26-Dec-2023,N/A,N/A
soriana,7296088.39,EUR,OP-109403,"February 20, 2025",N/A,N/A
américa móvil,8039503.54,EUR,OP-109404,"March 13, 2017",30-Mar-2019,747
CEMEX,3014696.36,EUR,OP-109405,"March 31, 2017",N/A,N/A
bbva méxico,4566112.69,USD,OP-109406,"January 30, 2022",2024-02-09,740
AMÉRICA MÓVIL,7800482.78,MXN,OP-109407,24/05/2019,N/A,N/A
TELMEX,8494759.43,EUR,OP-109408,"November 16, 2017",N/A,N/A
grupo lala,2855668.6,USD,OP-109409,13-Apr-2016,"May 24, 2020",1502
TELMEX,2217716.56,USD,OP-109410,"March 28, 2022",N/A,N/A
ALSEA,8442450.87,USD,OP-109411,2023-02-19,N/A,N/A
femsa,4808120.31,USD,OP-109412,"July 04, 2019",2023-03-19,1354
TELMEX,1569775.72,MXN,OP-109413,2016-01-05,"October 31, 2023",2856
TELMEX,3148751.41,EUR,OP-109414,"February 05, 2025",N/A,N/A
alsea,3235045.21,MXN,OP-109415,21/11/2015,17-Aug-2024,3192
TELMEX,5508762.2,MXN,OP-109416,"October 02, 2020",N/A,N/A
bbva méxico,9728945.03,MXN,OP-109417,23-Jan-2017,05/02/2019,829
AMÉRICA MÓVIL,4837612.97,USD,OP-109418,"September 07, 2024",N/A,N/A
cemex,3789777.47,USD,OP-109419,"May 17, 2018",N/A,N/A
soriana,6297275.14,EUR,OP-109420,"January 14, 2025",N/A,N/A
WALMART DE MÉXICO,676752.68,MXN,OP-109421,"November 05, 2022",N/A,N/A
WALMART DE MÉXICO,8807850.37,MXN,OP-109422,2019-12-30,N/A,N/A
GRUPO MÉXICO,445983.85,EUR,OP-109423,"May 09, 2023",02-Jun-2023,24
grupo carso,9113238.62,EUR,OP-109424,20-Aug-2020,N/A,N/A
liverpool,4451207.47,USD,OP-109425,22/06/2022,20/11/2022,151
alsea,7508759.4,EUR,OP-109426,"March 27, 2018",2024-06-12,2269
TELMEX,6372508.28,EUR,OP-109427,12/07/2021,N/A,N/A
GRUPO MÉXICO,5677677.35,MXN,OP-109428,"April 09, 2018",N/A,N/A
banorte,3493025.1,USD,OP-109429,24-Jun-2020,N/A,N/A
SORIANA,7520867.16,USD,OP-109430,17/08/2019,N/A,N/A
soriana,694686.88,EUR,OP-109431,31-Jul-2022,09/05/2023,401
TELMEX,5950767.54,EUR,OP-109432,09/11/2020,25-Jul-2025,1778
grupo méxico,2533497.73,USD,OP-109433,21/07/2024,N/A,N/A
AMÉRICA MÓVIL,2763734.55,USD,OP-109434,2024-08-20,N/A,N/A
GRUPO CARSO,7510612.36,MXN,OP-109435,"November 23, 2022",N/A,N/A
TELMEX,6753251.67,MXN,OP-109436,2019-01-05,N/A,N/A
AMÉRICA MÓVIL,9998263.92,USD,OP-109437,"September 13, 2018",2024-12-21,2291
GRUPO CARSO,4363567.1,USD,OP-109438,2021-03-24,N/A,N/A
LIVERPOOL,6166728.72,MXN,OP-109439,"June 11, 2019",31/03/2023,1389
telmex,7702680.1,EUR,OP-109440,2020-04-12,05/07/2024,1486
ALSEA,1131023.37,USD,OP-109441,27/11/2017,2018-08-03,249
grupo bimbo,3249793.33,MXN,OP-109442,"December 24, 2015","March 05, 2021",1898
pemex,4608333.2,EUR,OP-109443,14-May-2019,31-Aug-2019,109
alsea,4080186.19,EUR,OP-109444,18-Feb-2019,N/A,N/A
AMÉRICA MÓVIL,2979490.38,USD,OP-109445,24/06/2024,N/A,N/A
grupo lala,6308731.98,MXN,OP-109446,11-Jan-2022,N/A,N/A
AMÉRICA MÓVIL,3824847.17,MXN,OP-109447,"April 30, 2022","December 27, 2023",606
pemex,589439.02,EUR,OP-109448,"May 12, 2021",N/A,N/A
soriana,6348628.05,USD,OP-109449,26/10/2021,N/A,N/A
CEMEX,1078022.65,USD,OP-109450,03-Jan-2019,N/A,N/A
cemex,7797556.52,EUR,OP-109451,06/03/2019,2022-04-11,1043
grupo méxico,9297349.59,USD,OP-109452,18-Jan-2021,N/A,N/A
telmex,7437362.28,EUR,OP-109453,2019-05-28,2019-07-19,52
GRUPO LALA,6438771.89,USD,OP-109454,03/11/2015,N/A,N/A
GRUPO CARSO,3469224.86,USD,OP-109455,25/10/2015,14-Apr-2024,3094
GRUPO CARSO,8522812.09,USD,OP-109456,12/03/2019,N/A,N/A
américa móvil,4802269.63,EUR,OP-109457,17-Feb-2020,N/A,N/A
bbva méxico,2358898.59,MXN,OP-109458,2015-12-28,26/08/2017,607
GRUPO CARSO,9639212.01,MXN,OP-109459,2021-06-22,N/A,N/A
pemex,6695107.1,USD,OP-109460,01-Jun-2018,N/A,N/A
BBVA MÉXICO,6346148.04,USD,OP-109461,10/02/2023,N/A,N/A
BBVA MÉXICO,6802805.79,MXN,OP-109462,01/02/2018,N/A,N/A
américa móvil,303713.39,USD,OP-109463,2025-07-18,N/A,N/A
FEMSA,8422115.72,EUR,OP-109464,26/04/2023,N/A,N/A
bbva méxico,9279840.39,USD,OP-109465,06/07/2019,10-Mar-2021,642
liverpool,1650306.81,USD,OP-109466,2019-04-13,N/A,N/A
GRUPO MÉXICO,3637969.75,MXN,OP-109467,25/02/2021,N/A,N/A
liverpool,1759565.21,MXN,OP-109468,"May 21, 2025",N/A,N/A
ALSEA,8267578.59,USD,OP-109469,2017-04-22,25-Aug-2025,3047
grupo carso,3213695.17,USD,OP-109470,23-Jul-2018,N/A,N/A
walmart de méxico,8324908.14,USD,OP-109471,2020-01-08,"August 12, 2022",947
grupo lala,4729794.44,USD,OP-109472,17/08/2022,N/A,N/A
soriana,8952009.46,EUR,OP-109473,20/10/2018,N/A,N/A
grupo bimbo,4254462.29,MXN,OP-109474,19/01/2024,N/A,N/A
soriana,1098383.91,EUR,OP-109475,"September 22, 2018",2023-02-03,1595
GRUPO CARSO,8959712.27,MXN,OP-109476,13-Mar-2020,N/A,N/A
bbva méxico,8087506.82,EUR,OP-109477,04-Mar-2024,N/A,N/A
GRUPO BIMBO,2437177.05,MXN,OP-109478,2025-02-09,N/A,N/A
AMÉRICA MÓVIL,2224399.34,USD,OP-109479,01/08/2020,N/A,N/A
CEMEX,5950531.38,EUR,OP-109480,"November 24, 2021",N/A,N/A
cemex,3934746.69,EUR,OP-109481,"December 19, 2020","November 29, 2023",1075
grupo lala,2958223.89,USD,OP-109482,2022-07-15,26/08/2024,773
cemex,1170627.05,MXN,OP-109483,13/01/2018,2018-06-11,149
telmex,8976661.69,USD,OP-109484,"November 01, 2016",N/A,N/A
BANORTE,985458.59,USD,OP-109485,2017-06-26,N/A,N/A
walmart de méxico,3627170.92,EUR,OP-109486,2022-01-02,N/A,N/A
WALMART DE MÉXICO,5746091.37,USD,OP-109487,21/10/2019,2025-07-11,2090
GRUPO CARSO,9570878.55,USD,OP-109488,2016-11-20,N/A,N/A
cemex,7067411.15,MXN,OP-109489,05-Dec-2021,19/12/2021,14
GRUPO MÉXICO,4327184.32,MXN,OP-109490,07/05/2022,N/A,N/A
AMÉRICA MÓVIL,3777059.42,EUR,OP-109491,2022-09-06,N/A,N/A
BBVA MÉXICO,4787573.95,EUR,OP-109492,27-Aug-2019,2021-08-19,723
telmex,1096200.36,USD,OP-109493,2025-04-08,N/A,N/A
WALMART DE MÉXICO,5572849.5,MXN,OP-109494,12/05/2018,N/A,N/A
PEMEX,339493.42,EUR,OP-109495,30/12/2015,"November 21, 2024",3249
grupo lala,3526902.3,EUR,OP-109496,14/11/2021,N/A,N/A
GRUPO BIMBO,5509826.82,MXN,OP-109497,2016-05-23,2019-04-21,1063
alsea,876332.25,EUR,OP-109498,2024-05-09,N/A,N/A
soriana,8270399.41,MXN,OP-109499,12/11/2020,N/A,N/A
WALMART DE MÉXICO,3237512.23,USD,OP-109500,2023-04-27,N/A,N/A
BBVA MÉXICO,8672470.87,EUR,OP-109501,2020-02-28,N/A,N/A
GRUPO LALA,9098566.67,EUR,OP-109502,19/06/2017,N/A,N/A
SORIANA,7810275.31,USD,OP-109503,29/07/2018,"December 11, 2021",1231
BBVA MÉXICO,9683753.67,EUR,OP-109504,2020-02-11,27-Apr-2020,76
grupo lala,3369073.2,MXN,OP-109505,21-Oct-2018,N/A,N/A
GRUPO LALA,4115703.95,USD,OP-109506,14/10/2022,N/A,N/A
soriana,3940755.74,EUR,OP-109507,28/07/2023,N/A,N/A
CEMEX,4984305.77,MXN,OP-109508,13-Feb-2019,N/A,N/A
TELMEX,1950608.78,MXN,OP-109509,2019-08-04,2023-09-21,1509
banorte,8088430.0,EUR,OP-109510,"April 10, 2023",10/09/2024,548
GRUPO BIMBO,1298607.16,USD,OP-109511,2022-12-03,"September 22, 2024",659
bbva méxico,1361413.03,MXN,OP-109512,"March 21, 2021",N/A,N/A
américa móvil,5680393.69,MXN,OP-109513,04-Jun-2020,"August 29, 2021",451
GRUPO BIMBO,487143.52,EUR,OP-109514,12-Jan-2017,N/A,N/A
AMÉRICA MÓVIL,9146868.16,MXN,OP-109515,2022-08-08,N/A,N/A
GRUPO LALA,5719229.2,MXN,OP-109516,09/12/2019,N/A,N/A
banorte,2788592.25,MXN,OP-109517,04/01/2022,N/A,N/A
GRUPO LALA,1458062.67,EUR,OP-109518,2024-03-17,N/A,N/A
ALSEA,6060165.25,EUR,OP-109519,"March 11, 2020",N/A,N/A
grupo lala,5649934.75,MXN,OP-109520,08-May-2024,2025-08-22,471
grupo lala,4726487.8,MXN,OP-109521,12/08/2016,05-Mar-2021,1548
grupo carso,4239277.68,EUR,OP-109522,30/10/2016,03/10/2019,861
grupo lala,9503181.28,USD,OP-109523,"March 30, 2019",N/A,N/A
WALMART DE MÉXICO,558942.56,USD,OP-109524,"April 14, 2020",N/A,N/A
FEMSA,1753117.18,USD,OP-109525,28/11/2015,03-Jun-2022,2379
GRUPO BIMBO,8119196.37,USD,OP-109526,2025-08-13,N/A,N/A
FEMSA,5562769.73,USD,OP-109527,"March 23, 2025",N/A,N/A
FEMSA,8179616.9,MXN,OP-109528,2019-03-22,N/A,N/A
AMÉRICA MÓVIL,4860896.96,EUR,OP-109529,"July 13, 2023",N/A,N/A
bbva méxico,8750693.15,EUR,OP-109530,20-Mar-2021,15/05/2021,56
FEMSA,5293059.6,MXN,OP-109531,"January 03, 2017",N/A,N/A
CEMEX,6261665.11,EUR,OP-109532,2023-10-08,"January 31, 2025",481
GRUPO LALA,7435396.44,EUR,OP-109533,15-Sep-2022,N/A,N/A
WALMART DE MÉXICO,8343433.72,MXN,OP-109534,19-May-2021,N/A,N/A
telmex,3963061.16,MXN,OP-109535,02/02/2016,2024-10-26,3189
walmart de méxico,5558099.04,EUR,OP-109536,"February 19, 2017",N/A,N/A
américa móvil,645834.09,EUR,OP-109537,"October 13, 2018","September 18, 2024",2167
GRUPO BIMBO,3760033.24,MXN,OP-109538,"December 16, 2017",17-Aug-2024,2436
américa móvil,8756512.31,MXN,OP-109539,"August 15, 2016",N/A,N/A
alsea,1255189.88,MXN,OP-109540,18/07/2018,"January 19, 2023",1646
GRUPO MÉXICO,6432590.05,USD,OP-109541,"July 11, 2018","December 11, 2022",1614
liverpool,8611588.62,MXN,OP-109542,28-Aug-2021,N/A,N/A
BBVA MÉXICO,9736377.81,USD,OP-109543,25/11/2015,13-May-2025,3457
WALMART DE MÉXICO,7769226.95,USD,OP-109544,18/07/2017,2022-04-19,1736
telmex,8100886.38,USD,OP-109545,10/08/2019,2022-04-03,908
alsea,4403125.29,MXN,OP-109546,2017-08-29,"January 23, 2024",2338
BANORTE,5280889.57,EUR,OP-109547,2023-11-20,N/A,N/A
FEMSA,502482.69,EUR,OP-109548,2022-10-08,N/A,N/A
grupo méxico,3330096.52,MXN,OP-109549,"September 20, 2017",11-Feb-2020,874
liverpool,1399683.93,EUR,OP-109550,2019-07-20,N/A,N/A
grupo carso,8597752.01,MXN,OP-109551,26-Oct-2018,N/A,N/A
bbva méxico,5609206.31,MXN,OP-109552,2019-11-01,N/A,N/A
bbva méxico,8934606.62,MXN,OP-109553,15/09/2019,28/07/2025,2143
femsa,659063.39,USD,OP-109554,18/11/2019,"October 16, 2021",698
AMÉRICA MÓVIL,1279341.12,EUR,OP-109555,09/06/2021,N/A,N/A
AMÉRICA MÓVIL,2266870.68,MXN,OP-109556,01-Apr-2018,18-Oct-2019,565
femsa,2311945.94,USD,OP-109557,"February 18, 2023",N/A,N/A
BANORTE,3322803.51,EUR,OP-109558,2016-01-17,"January 02, 2018",716
telmex,8996915.59,EUR,OP-109559,2016-04-24,2019-03-27,1067
GRUPO BIMBO,1189906.51,MXN,OP-109560,28-Dec-2019,02/04/2025,1865
femsa,3094703.31,MXN,OP-109561,"November 13, 2015",N/A,N/A
cemex,8334171.07,USD,OP-109562,24/04/2023,N/A,N/A
ALSEA,1248693.06,MXN,OP-109563,02/08/2021,N/A,N/A
telmex,4514241.01,EUR,OP-109564,"October 28, 2016",2017-03-17,140
AMÉRICA MÓVIL,998496.85,USD,OP-109565,2023-02-14,N/A,N/A
AMÉRICA MÓVIL,413981.95,USD,OP-109566,"July 01, 2021",N/A,N/A
alsea,6223711.19,EUR,OP-109567,19/02/2018,N/A,N/A
CEMEX,5258637.02,USD,OP-109568,2020-05-02,N/A,N/A
BBVA MÉXICO,9375542.97,EUR,OP-109569,"August 25, 2019",N/A,N/A
grupo méxico,4011352.89,USD,OP-109570,2019-05-06,N/A,N/A
grupo lala,9866510.28,EUR,OP-109571,"October 31, 2021",N/A,N/A
GRUPO LALA,3740901.42,EUR,OP-109572,2024-12-09,N/A,N/A
WALMART DE MÉXICO,1925262.93,USD,OP-109573,30/08/2021,N/A,N/A
walmart de méxico,3676811.82,MXN,OP-109574,2018-09-09,N/A,N/A
GRUPO CARSO,1210483.3,MXN,OP-109575,16-Nov-2023,N/A,N/A
BBVA MÉXICO,8463764.42,USD,OP-109576,"April 02, 2018",N/A,N/A
LIVERPOOL,8875453.5,USD,OP-109577,19-May-2024,N/A,N/A
femsa,1650282.68,MXN,OP-109578,2017-03-17,02/04/2025,2881
CEMEX,5618802.03,MXN,OP-109579,"April 10, 2021",27/04/2023,747
femsa,7424759.58,EUR,OP-109580,13-Nov-2022,"January 04, 2024",417
SORIANA,4589827.19,USD,OP-109581,07-Oct-2016,"September 05, 2021",1794
PEMEX,7221628.71,MXN,OP-109582,10/03/2019,"April 22, 2024",1663
LIVERPOOL,3934843.09,EUR,OP-109583,2020-08-02,N/A,N/A
banorte,3636118.55,MXN,OP-109584,"December 01, 2023",N/A,N/A
soriana,593382.79,EUR,OP-109585,2022-04-29,N/A,N/A
BANORTE,2716424.54,USD,OP-109586,10-Jun-2023,N/A,N/A
AMÉRICA MÓVIL,1695011.35,USD,OP-109587,12/08/2022,N/A,N/A
grupo méxico,2105050.69,EUR,OP-109588,25/12/2016,"April 23, 2017",119
grupo carso,8586257.63,EUR,OP-109589,2016-05-07,15/02/2023,2475
banorte,5821531.11,MXN,OP-109590,2022-04-07,N/A,N/A
cemex,3071139.67,EUR,OP-109591,"June 24, 2021",N/A,N/A
GRUPO MÉXICO,1947976.38,EUR,OP-109592,06-Feb-2025,N/A,N/A
BBVA MÉXICO,8918151.4,USD,OP-109593,2024-01-06,08-Jul-2024,184
pemex,6159700.0,USD,OP-109594,26-Jan-2021,N/A,N/A
soriana,4823110.15,MXN,OP-109595,"May 11, 2018",N/A,N/A
bbva méxico,6865514.06,EUR,OP-109596,28-Jun-2019,N/A,N/A
TELMEX,8344256.3,MXN,OP-109597,08-Dec-2020,"April 15, 2021",128
FEMSA,3864670.84,EUR,OP-109598,07/03/2025,N/A,N/A
alsea,9842177.51,EUR,OP-109599,10/03/2016,N/A,N/A
BBVA MÉXICO,9126368.16,USD,OP-109600,2020-04-02,"June 12, 2025",1897
BBVA MÉXICO,5859659.58,USD,OP-109601,02/04/2024,N/A,N/A
cemex,3762657.77,MXN,OP-109602,26-Aug-2022,11-Sep-2022,16
alsea,542810.13,USD,OP-109603,2021-04-29,N/A,N/A
pemex,394517.03,USD,OP-109604,18/10/2017,N/A,N/A
AMÉRICA MÓVIL,9873391.03,EUR,OP-109605,13-Apr-2022,N/A,N/A
GRUPO CARSO,5480403.46,USD,OP-109606,"September 18, 2017",2023-06-17,2098
GRUPO CARSO,5339717.78,MXN,OP-109607,2025-08-20,N/A,N/A
AMÉRICA MÓVIL,1761035.05,USD,OP-109608,2018-09-28,N/A,N/A
walmart de méxico,7137180.98,MXN,OP-109609,2018-11-01,N/A,N/A
walmart de méxico,1905543.25,USD,OP-109610,21/03/2020,N/A,N/A
CEMEX,9128355.06,EUR,OP-109611,08-Jun-2016,2024-02-28,2821
grupo lala,4415049.28,MXN,OP-109612,2017-01-18,N/A,N/A
BBVA MÉXICO,2169118.77,EUR,OP-109613,2023-02-26,N/A,N/A
alsea,6442942.48,USD,OP-109614,2020-07-29,N/A,N/A
telmex,4323895.34,MXN,OP-109615,"January 10, 2018",N/A,N/A
grupo lala,1736490.11,EUR,OP-109616,02/06/2018,N/A,N/A
TELMEX,2734185.87,MXN,OP-109617,"September 06, 2015",29-Jan-2023,2702
américa móvil,1694447.84,USD,OP-109618,12-May-2018,N/A,N/A
walmart de méxico,7236073.06,USD,OP-109619,"January 28, 2023",N/A,N/A
GRUPO BIMBO,9853513.68,EUR,OP-109620,2025-06-09,N/A,N/A
CEMEX,7893570.61,EUR,OP-109621,"February 10, 2020","August 11, 2020",183
grupo bimbo,6424639.96,EUR,OP-109622,"July 05, 2017",2017-09-06,63
femsa,7103994.2,USD,OP-109623,17-Dec-2021,N/A,N/A
cemex,423528.08,MXN,OP-109624,01/05/2016,07/09/2022,2377
FEMSA,4213449.29,MXN,OP-109625,04/07/2018,N/A,N/A
AMÉRICA MÓVIL,4702997.81,EUR,OP-109626,2019-12-08,2021-10-24,686
grupo lala,7926805.33,MXN,OP-109627,2023-11-15,N/A,N/A
grupo méxico,1958762.17,MXN,OP-109628,01/07/2022,29/03/2023,446
GRUPO MÉXICO,3451336.21,EUR,OP-109629,2025-06-19,N/A,N/A
soriana,9591904.24,EUR,OP-109630,03-Mar-2019,N/A,N/A
SORIANA,7480784.04,EUR,OP-109631,18/01/2018,N/A,N/A
américa móvil,6203625.1,USD,OP-109632,"December 14, 2024",N/A,N/A
SORIANA,8163182.14,USD,OP-109633,2023-08-13,10/07/2025,786
banorte,217006.95,MXN,OP-109634,25-Aug-2025,N/A,N/A
FEMSA,4175276.89,USD,OP-109635,22/07/2019,N/A,N/A
TELMEX,2507758.93,EUR,OP-109636,06-Mar-2023,N/A,N/A
GRUPO BIMBO,4839397.38,EUR,OP-109637,17-Mar-2017,18-Feb-2021,1434
grupo méxico,1628301.8,MXN,OP-109638,"January 08, 2020",08-Feb-2020,31
TELMEX,3913404.31,USD,OP-109639,04-Apr-2023,N/A,N/A
FEMSA,8958538.19,EUR,OP-109640,"August 19, 2022",N/A,N/A
soriana,4661162.39,USD,OP-109641,17/05/2024,N/A,N/A
américa móvil,8199520.63,EUR,OP-109642,2018-10-28,N/A,N/A
pemex,9627317.89,MXN,OP-109643,"December 26, 2022",N/A,N/A
AMÉRICA MÓVIL,2487264.32,USD,OP-109644,25/09/2018,2022-05-10,1323
CEMEX,2700129.18,MXN,OP-109645,22/02/2019,N/A,N/A
GRUPO CARSO,6575538.21,MXN,OP-109646,2024-12-14,N/A,N/A
grupo carso,473300.5,USD,OP-109647,11-Dec-2016,2021-07-17,1679
BBVA MÉXICO,7680153.7,EUR,OP-109648,2022-09-30,N/A,N/A
pemex,6375508.86,MXN,OP-109649,20/08/2025,N/A,N/A
GRUPO LALA,2314552.51,USD,OP-109650,14/10/2019,"May 29, 2024",1689
WALMART DE MÉXICO,576829.64,EUR,OP-109651,30-Sep-2015,"October 14, 2018",1110
liverpool,8255725.26,EUR,OP-109652,2018-12-25,N/A,N/A
SORIANA,9973511.48,EUR,OP-109653,29-Oct-2019,N/A,N/A
grupo bimbo,5650668.37,MXN,OP-109654,01-May-2021,N/A,N/A
FEMSA,5627899.77,EUR,OP-109655,13/03/2023,N/A,N/A
banorte,3021057.0,USD,OP-109656,13/04/2021,N/A,N/A
BBVA MÉXICO,8205979.73,USD,OP-109657,11/11/2024,N/A,N/A
cemex,7320461.88,USD,OP-109658,19/05/2021,N/A,N/A
cemex,6717822.28,EUR,OP-109659,"June 16, 2021",N/A,N/A
walmart de méxico,8953308.21,MXN,OP-109660,"September 18, 2015",N/A,N/A
BANORTE,6350078.32,MXN,OP-109661,12/05/2017,"July 25, 2023",2058
WALMART DE MÉXICO,4738478.16,MXN,OP-109662,14/10/2022,N/A,N/A
telmex,7697308.28,EUR,OP-109663,11-Oct-2017,N/A,N/A
grupo bimbo,7318194.19,USD,OP-109664,27-Nov-2023,N/A,N/A
telmex,3975302.35,EUR,OP-109665,15-Feb-2024,N/A,N/A
SORIANA,7174124.04,EUR,OP-109666,07/10/2018,20-Aug-2019,406
pemex,7093051.93,MXN,OP-109667,13-Jun-2020,N/A,N/A
BBVA MÉXICO,3213702.09,MXN,OP-109668,"June 07, 2018","July 23, 2025",2603
GRUPO MÉXICO,398975.22,EUR,OP-109669,"April 17, 2023",N/A,N/A
pemex,5457246.57,EUR,OP-109670,2025-01-15,N/A,N/A
AMÉRICA MÓVIL,7675048.22,USD,OP-109671,"April 05, 2020",N/A,N/A
TELMEX,5510722.37,MXN,OP-109672,09-Mar-2018,13-Feb-2021,1072
GRUPO MÉXICO,9211029.71,USD,OP-109673,06-Jul-2016,23/01/2017,201
cemex,8048540.64,EUR,OP-109674,2023-08-27,N/A,N/A
alsea,7180606.82,MXN,OP-109675,2016-06-19,N/A,N/A
soriana,3029777.48,MXN,OP-109676,25-Jan-2024,N/A,N/A
bbva méxico,7012307.23,USD,OP-109677,09-Jan-2022,2024-10-29,1024
FEMSA,4430635.52,USD,OP-109678,21-Feb-2020,N/A,N/A
banorte,2873521.15,MXN,OP-109679,"May 30, 2021",N/A,N/A
soriana,5088094.08,MXN,OP-109680,2018-08-17,N/A,N/A
BANORTE,3326834.18,MXN,OP-109681,2019-12-26,N/A,N/A
GRUPO MÉXICO,2853577.92,USD,OP-109682,13-Jul-2024,N/A,N/A
pemex,1582860.0,EUR,OP-109683,2018-12-01,2023-05-04,1615
grupo méxico,7223176.12,EUR,OP-109684,11-Jul-2023,N/A,N/A
bbva méxico,9217982.78,MXN,OP-109685,2017-09-17,2019-04-23,583
pemex,2251977.6,MXN,OP-109686,2015-12-05,N/A,N/A
GRUPO MÉXICO,8094697.81,MXN,OP-109687,06-Feb-2022,N/A,N/A
GRUPO CARSO,6112860.62,MXN,OP-109688,10-Feb-2020,14-Mar-2021,398
banorte,4344006.83,MXN,OP-109689,"July 22, 2018",12/03/2021,1230
grupo méxico,8300391.21,EUR,OP-109690,04-Aug-2017,30-Aug-2022,1852
GRUPO LALA,8866661.21,EUR,OP-109691,10-Jan-2020,"May 27, 2021",503
ALSEA,3393720.91,EUR,OP-109692,17/08/2022,N/A,N/A
GRUPO CARSO,4582896.25,EUR,OP-109693,"August 15, 2020",N/A,N/A
bbva méxico,577346.57,EUR,OP-109694,2025-04-06,N/A,N/A
liverpool,1023662.93,MXN,OP-109695,2016-03-25,19/09/2023,2734
SORIANA,201447.24,MXN,OP-109696,29/02/2016,17/11/2022,2453
banorte,9814348.98,EUR,OP-109697,2021-08-13,N/A,N/A
femsa,7322544.67,MXN,OP-109698,12-Oct-2021,N/A,N/A
grupo lala,4094189.18,EUR,OP-109699,2019-09-12,2024-08-22,1806
WALMART DE MÉXICO,3987054.9,USD,OP-109700,31-Aug-2021,N/A,N/A
grupo bimbo,5511563.47,EUR,OP-109701,10/12/2022,N/A,N/A
femsa,1421150.78,EUR,OP-109702,"March 30, 2024",N/A,N/A
FEMSA,516256.23,MXN,OP-109703,"May 28, 2025",N/A,N/A
ALSEA,7408036.5,USD,OP-109704,08/03/2021,10-Feb-2025,1287
WALMART DE MÉXICO,8224309.72,USD,OP-109705,2020-03-02,2021-02-07,342
femsa,6748398.62,USD,OP-109706,30-Dec-2015,26/06/2018,909
grupo bimbo,7773261.12,MXN,OP-109707,26/09/2020,19-Dec-2022,814
GRUPO MÉXICO,9459962.76,USD,OP-109708,25-Jul-2020,"June 06, 2022",681
GRUPO LALA,1859985.01,EUR,OP-109709,22-Oct-2020,N/A,N/A
banorte,598145.5,USD,OP-109710,2017-05-10,2024-12-06,2767
telmex,4355387.13,MXN,OP-109711,"September 06, 2020",07-Feb-2025,1615
grupo méxico,2015394.44,EUR,OP-109712,"January 31, 2024",N/A,N/A
LIVERPOOL,8651306.75,USD,OP-109713,21-Nov-2022,N/A,N/A
walmart de méxico,9213593.68,USD,OP-109714,14/07/2022,26/07/2022,12
CEMEX,8357888.73,USD,OP-109715,"November 26, 2020",N/A,N/A
bbva méxico,2386716.0,MXN,OP-109716,"April 12, 2022",N/A,N/A
cemex,6662934.73,USD,OP-109717,2016-06-09,10/10/2017,488
grupo carso,2333743.16,MXN,OP-109718,2023-07-28,N/A,N/A
GRUPO MÉXICO,4069113.4,EUR,OP-109719,24-Jan-2019,"November 27, 2024",2134
banorte,8232835.02,EUR,OP-109720,"November 29, 2022",N/A,N/A
soriana,2418611.51,MXN,OP-109721,2022-07-10,N/A,N/A
GRUPO CARSO,2114929.87,MXN,OP-109722,2023-10-15,14/08/2025,669
AMÉRICA MÓVIL,7056903.91,EUR,OP-109723,"February 22, 2021","February 23, 2025",1462
GRUPO LALA,4235795.95,USD,OP-109724,2018-01-14,"January 30, 2020",746
FEMSA,8790869.73,MXN,OP-109725,"November 07, 2017",2020-06-18,954
PEMEX,6112083.85,EUR,OP-109726,12-Aug-2023,"June 17, 2025",675
alsea,3217706.88,USD,OP-109727,06-Feb-2025,N/A,N/A
CEMEX,8822429.58,EUR,OP-109728,2020-08-31,2023-03-09,920
pemex,1255961.32,EUR,OP-109729,2025-01-08,N/A,N/A
BBVA MÉXICO,8799622.31,MXN,OP-109730,13-Mar-2021,29-May-2021,77
LIVERPOOL,225038.06,USD,OP-109731,13/03/2020,"December 29, 2020",291
banorte,4001940.61,MXN,OP-109732,"July 30, 2021",N/A,N/A
LIVERPOOL,1077011.9,MXN,OP-109733,2016-07-31,10-Jun-2018,679
walmart de méxico,2514821.11,EUR,OP-109734,2024-12-12,N/A,N/A
américa móvil,1584513.93,USD,OP-109735,"November 14, 2020",N/A,N/A
BBVA MÉXICO,8721296.21,EUR,OP-109736,23/09/2024,N/A,N/A
GRUPO MÉXICO,3621526.1,USD,OP-109737,19-Aug-2018,28-Apr-2022,1348
ALSEA,9400875.56,MXN,OP-109738,12/07/2017,N/A,N/A
américa móvil,4379689.27,USD,OP-109739,27-Mar-2022,N/A,N/A
alsea,2207098.17,EUR,OP-109740,"April 07, 2016",2020-01-13,1376
ALSEA,116484.2,EUR,OP-109741,07/12/2023,2024-07-23,377
alsea,6805178.27,MXN,OP-109742,18-Jan-2019,N/A,N/A
ALSEA,9744176.34,MXN,OP-109743,2019-07-08,N/A,N/A
PEMEX,5939685.5,EUR,OP-109744,"May 31, 2018","April 16, 2024",2147
telmex,9792983.29,MXN,OP-109745,11-May-2022,N/A,N/A
WALMART DE MÉXICO,6714747.59,MXN,OP-109746,"June 09, 2021","January 21, 2025",1322
soriana,3488821.22,EUR,OP-109747,"June 09, 2024",N/A,N/A
BBVA MÉXICO,3609068.51,EUR,OP-109748,"November 22, 2019",2020-03-31,130
bbva méxico,5245883.97,EUR,OP-109749,07-Nov-2015,"November 16, 2019",1470
liverpool,3896901.23,EUR,OP-109750,2020-02-20,22-Sep-2023,1310
pemex,8677255.31,EUR,OP-109751,12/04/2021,N/A,N/A
cemex,4236664.01,EUR,OP-109752,"August 05, 2018",15/02/2020,559
FEMSA,8768187.36,EUR,OP-109753,02-Apr-2016,"November 21, 2016",233
bbva méxico,3579920.16,MXN,OP-109754,"May 16, 2016",N/A,N/A
pemex,3905528.35,MXN,OP-109755,19-Aug-2017,N/A,N/A
SORIANA,4871372.39,MXN,OP-109756,02-Nov-2019,10-Mar-2021,494
GRUPO CARSO,737919.83,USD,OP-109757,2015-11-10,N/A,N/A
LIVERPOOL,9458527.14,EUR,OP-109758,01-Feb-2017,2022-03-01,1854
BBVA MÉXICO,6732775.83,USD,OP-109759,15/06/2016,"May 31, 2025",3272
LIVERPOOL,8508039.86,EUR,OP-109760,26/05/2024,N/A,N/A
grupo lala,2704747.77,EUR,OP-109761,2016-04-10,N/A,N/A
grupo carso,6817031.01,MXN,OP-109762,31/01/2024,N/A,N/A
grupo bimbo,3149439.48,MXN,OP-109763,29-Mar-2023,N/A,N/A
CEMEX,7524730.2,EUR,OP-109764,2023-09-15,N/A,N/A
soriana,6031617.96,USD,OP-109765,24-Jul-2024,N/A,N/A
banorte,3172661.52,MXN,OP-109766,2022-02-17,2022-10-06,231
SORIANA,1064622.05,USD,OP-109767,"June 29, 2024",N/A,N/A
TELMEX,889567.36,EUR,OP-109768,18/07/2019,"June 29, 2023",1442
américa móvil,1489507.73,USD,OP-109769,"June 21, 2024",N/A,N/A
WALMART DE MÉXICO,5545701.87,EUR,OP-109770,28-Aug-2018,"October 01, 2021",1130
GRUPO BIMBO,6440393.23,EUR,OP-109771,"April 21, 2022",N/A,N/A
AMÉRICA MÓVIL,889647.02,MXN,OP-109772,06-Feb-2016,04-Sep-2023,2767
ALSEA,5030450.21,USD,OP-109773,2019-08-02,2022-05-08,1010
ALSEA,3500899.69,EUR,OP-109774,10-May-2025,N/A,N/A
AMÉRICA MÓVIL,5812876.26,USD,OP-109775,24/01/2016,2022-12-23,2525
soriana,5739612.25,EUR,OP-109776,17-Mar-2023,N/A,N/A
WALMART DE MÉXICO,5552114.26,MXN,OP-109777,23-Apr-2023,N/A,N/A
cemex,4397749.04,MXN,OP-109778,11/01/2018,N/A,N/A
alsea,2229569.34,USD,OP-109779,"July 24, 2024",N/A,N/A
alsea,2821885.29,MXN,OP-109780,25-Oct-2023,12-Aug-2024,292
BANORTE,9962861.14,USD,OP-109781,2018-09-20,2025-06-17,2462
FEMSA,1215391.51,USD,OP-109782,07/03/2022,2023-01-14,195
telmex,1350132.87,EUR,OP-109783,07/12/2021,N/A,N/A
CEMEX,3416444.41,USD,OP-109784,"March 30, 2017",13-Dec-2020,1354
GRUPO LALA,5053007.09,EUR,OP-109785,2015-11-25,2016-01-01,37
grupo carso,9356222.59,MXN,OP-109786,06/05/2025,N/A,N/A
grupo lala,8090744.31,EUR,OP-109787,2023-11-21,22-Jul-2024,244
grupo bimbo,294580.86,EUR,OP-109788,"May 30, 2022",N/A,N/A
GRUPO BIMBO,2566035.33,EUR,OP-109789,2020-03-10,N/A,N/A
CEMEX,3996502.18,EUR,OP-109790,18/02/2018,"March 29, 2018",39
WALMART DE MÉXICO,9264081.35,MXN,OP-109791,"October 12, 2019",2021-03-30,535
GRUPO CARSO,8627372.3,EUR,OP-109792,10/04/2018,N/A,N/A
bbva méxico,999238.72,MXN,OP-109793,"October 26, 2023",N/A,N/A
AMÉRICA MÓVIL,7643162.72,MXN,OP-109794,30/04/2018,23-Jan-2021,999
femsa,9376026.37,MXN,OP-109795,"November 07, 2023","February 03, 2024",88
telmex,1736939.88,EUR,OP-109796,"July 24, 2018",N/A,N/A
WALMART DE MÉXICO,6730330.99,MXN,OP-109797,22/09/2023,2023-11-26,65
grupo carso,2412719.55,USD,OP-109798,2017-11-10,28-Jan-2022,1540
FEMSA,9269512.09,EUR,OP-109799,"August 11, 2016",27/08/2018,746
banorte,1693239.33,EUR,OP-109800,2025-08-05,N/A,N/A
femsa,6867471.25,USD,OP-109801,"March 11, 2025",N/A,N/A
walmart de méxico,528509.69,USD,OP-109802,"April 23, 2020","November 03, 2024",1655
CEMEX,7111656.65,USD,OP-109803,28-Aug-2019,N/A,N/A
grupo méxico,1188079.23,EUR,OP-109804,"August 25, 2019",2024-08-01,1803
FEMSA,2979455.31,EUR,OP-109805,"May 08, 2018",N/A,N/A
GRUPO MÉXICO,8907335.38,EUR,OP-109806,2025-02-02,N/A,N/A
GRUPO LALA,5388057.57,EUR,OP-109807,03/12/2022,N/A,N/A
américa móvil,3486475.39,MXN,OP-109808,2015-09-29,28-Oct-2015,29
BBVA MÉXICO,6276010.72,MXN,OP-109809,"July 14, 2024",N/A,N/A
TELMEX,4883619.24,MXN,OP-109810,2018-07-08,N/A,N/A
GRUPO BIMBO,7576698.04,USD,OP-109811,19-Apr-2017,22/03/2022,1798
SORIANA,1666795.5,MXN,OP-109812,"December 28, 2024",N/A,N/A
grupo bimbo,9622328.46,EUR,OP-109813,"January 13, 2020","April 26, 2020",104
liverpool,672106.87,MXN,OP-109814,23/08/2017,2018-10-28,431
AMÉRICA MÓVIL,6116651.35,EUR,OP-109815,30/07/2021,N/A,N/A
LIVERPOOL,5997538.82,MXN,OP-109816,2023-06-17,N/A,N/A
GRUPO BIMBO,1259957.48,EUR,OP-109817,2022-06-17,N/A,N/A
TELMEX,4959548.27,EUR,OP-109818,2016-12-27,02-Jul-2018,552
FEMSA,1557401.09,MXN,OP-109819,29-Aug-2015,N/A,N/A
GRUPO MÉXICO,2913898.24,EUR,OP-109820,10-Jan-2020,21/05/2024,1593
LIVERPOOL,6062121.59,USD,OP-109821,03/03/2024,N/A,N/A
cemex,7815367.15,MXN,OP-109822,2025-01-27,N/A,N/A
AMÉRICA MÓVIL,950263.31,MXN,OP-109823,16/08/2025,N/A,N/A
AMÉRICA MÓVIL,8136613.5,EUR,OP-109824,"February 04, 2020",N/A,N/A
TELMEX,8431966.57,USD,OP-109825,29-May-2025,N/A,N/A
grupo bimbo,1565135.31,EUR,OP-109826,16-Oct-2019,2025-01-02,1905
telmex,1513031.75,USD,OP-109827,22/09/2018,N/A,N/A
grupo bimbo,4157200.79,USD,OP-109828,"May 19, 2017",2019-01-24,615
banorte,9386719.83,EUR,OP-109829,29-Jun-2021,"March 31, 2025",1371
américa móvil,8658029.37,MXN,OP-109830,20-Dec-2020,N/A,N/A
femsa,234731.6,MXN,OP-109831,13/04/2023,N/A,N/A
grupo bimbo,2879730.89,EUR,OP-109832,"July 27, 2021",2024-03-03,950
liverpool,1125563.79,EUR,OP-109833,"March 02, 2021",N/A,N/A
FEMSA,9797582.26,USD,OP-109834,26/01/2023,N/A,N/A
américa móvil,1129410.37,USD,OP-109835,2023-07-16,"December 16, 2024",519
grupo bimbo,7108865.47,EUR,OP-109836,22-Jan-2021,N/A,N/A
américa móvil,9017712.12,EUR,OP-109837,"January 28, 2019","May 20, 2019",112
PEMEX,6696791.53,MXN,OP-109838,23/12/2023,N/A,N/A
BBVA MÉXICO,6054282.56,EUR,OP-109839,"December 27, 2015",04-Jun-2019,1255
BBVA MÉXICO,3503639.52,EUR,OP-109840,20/02/2021,N/A,N/A
AMÉRICA MÓVIL,1772662.89,MXN,OP-109841,2017-09-28,N/A,N/A
pemex,9184777.05,EUR,OP-109842,"November 23, 2024",N/A,N/A
PEMEX,5248649.22,EUR,OP-109843,18-Jun-2018,N/A,N/A
alsea,2427222.95,MXN,OP-109844,"February 23, 2023",N/A,N/A
WALMART DE MÉXICO,312994.46,EUR,OP-109845,11/09/2018,12/09/2019,395
soriana,1489884.87,EUR,OP-109846,2024-10-18,N/A,N/A
CEMEX,4300869.63,MXN,OP-109847,06/11/2015,26-May-2021,2176
ALSEA,1381326.7,USD,OP-109848,24/03/2024,N/A,N/A
walmart de méxico,8202203.58,USD,OP-109849,03/11/2015,N/A,N/A
AMÉRICA MÓVIL,1599161.86,MXN,OP-109850,17/03/2016,21-Oct-2021,2044
liverpool,4706193.85,EUR,OP-109851,"June 28, 2017",2019-09-06,800
walmart de méxico,7908508.18,MXN,OP-109852,04/01/2016,"November 09, 2017",587
bbva méxico,1441777.45,MXN,OP-109853,23-Aug-2023,N/A,N/A
grupo bimbo,3694634.92,MXN,OP-109854,2025-04-26,N/A,N/A
BANORTE,2066911.25,EUR,OP-109855,2025-05-17,N/A,N/A
soriana,6934768.83,MXN,OP-109856,17-Mar-2017,"March 03, 2023",2177
GRUPO LALA,4972112.35,USD,OP-109857,06-Jan-2025,N/A,N/A
cemex,6024769.1,MXN,OP-109858,2019-02-28,N/A,N/A
femsa,6397192.08,USD,OP-109859,09/11/2017,13-Dec-2019,823
grupo carso,4826927.17,EUR,OP-109860,2025-04-07,N/A,N/A
grupo carso,6791773.16,USD,OP-109861,2019-01-08,N/A,N/A
liverpool,3417286.22,MXN,OP-109862,2019-05-17,19/09/2024,1952
TELMEX,9512086.28,EUR,OP-109863,"June 27, 2025",N/A,N/A
pemex,6854893.2,MXN,OP-109864,2017-03-21,N/A,N/A
WALMART DE MÉXICO,7469540.13,USD,OP-109865,23/05/2019,N/A,N/A
cemex,8202306.23,EUR,OP-109866,01/01/2018,N/A,N/A
GRUPO MÉXICO,2434690.66,EUR,OP-109867,"July 27, 2023",N/A,N/A
FEMSA,6398198.66,USD,OP-109868,19-Jul-2019,N/A,N/A
SORIANA,9302616.01,MXN,OP-109869,14/12/2020,N/A,N/A
PEMEX,8068436.82,EUR,OP-109870,"March 25, 2023",N/A,N/A
bbva méxico,3514578.26,USD,OP-109871,"October 19, 2023",N/A,N/A
telmex,2770241.84,MXN,OP-109872,"December 07, 2021",N/A,N/A
GRUPO CARSO,1444989.49,USD,OP-109873,2022-06-20,N/A,N/A
AMÉRICA MÓVIL,1797691.28,EUR,OP-109874,12-Nov-2018,26/12/2023,1870
BBVA MÉXICO,2068337.63,USD,OP-109875,2019-10-21,N/A,N/A
CEMEX,5799753.96,MXN,OP-109876,12-Jan-2017,08-Apr-2022,1912
WALMART DE MÉXICO,7892441.3,MXN,OP-109877,16/03/2021,"October 31, 2023",959
alsea,185610.58,EUR,OP-109878,"May 05, 2017",N/A,N/A
GRUPO BIMBO,2965132.37,USD,OP-109879,19-Jan-2024,2024-04-16,88
liverpool,7857850.4,EUR,OP-109880,14-Dec-2022,N/A,N/A
WALMART DE MÉXICO,5421446.55,EUR,OP-109881,2022-06-30,N/A,N/A
BANORTE,5539225.08,MXN,OP-109882,2017-04-19,05/03/2017,14
bbva méxico,2383688.58,USD,OP-109883,12/09/2023,N/A,N/A
américa móvil,4325087.49,MXN,OP-109884,2021-12-09,N/A,N/A
AMÉRICA MÓVIL,980073.54,EUR,OP-109885,"February 29, 2016",01-Nov-2017,611
grupo bimbo,8072045.35,EUR,OP-109886,2019-08-01,2022-09-26,1152
alsea,3780480.04,EUR,OP-109887,2019-11-23,N/A,N/A
alsea,6556631.64,USD,OP-109888,"February 11, 2022",N/A,N/A
grupo bimbo,2934702.01,USD,OP-109889,31-Oct-2023,N/A,N/A
grupo carso,5216248.76,USD,OP-109890,18-Nov-2018,N/A,N/A
cemex,5553062.95,EUR,OP-109891,07-Nov-2018,N/A,N/A
GRUPO LALA,9207214.02,MXN,OP-109892,15-May-2021,N/A,N/A
WALMART DE MÉXICO,4216137.76,USD,OP-109893,2019-10-11,2023-07-07,1365
femsa,7982268.21,USD,OP-109894,16/02/2025,N/A,N/A
ALSEA,839386.27,MXN,OP-109895,"November 12, 2021",22-Jul-2023,617
bbva méxico,1090165.0,MXN,OP-109896,"May 18, 2024",N/A,N/A
LIVERPOOL,7142167.3,EUR,OP-109897,"May 17, 2019",21-Apr-2022,1070
walmart de méxico,6602631.03,EUR,OP-109898,"November 30, 2018",N/A,N/A
PEMEX,8440685.0,MXN,OP-109899,2023-01-07,N/A,N/A
banorte,3915401.56,USD,OP-109900,"August 07, 2021",N/A,N/A
grupo carso,5787916.45,MXN,OP-109901,18-Aug-2017,09/10/2021,1484
LIVERPOOL,3126993.8,EUR,OP-109902,20-May-2016,26/06/2017,402
bbva méxico,4605441.12,EUR,OP-109903,2019-05-01,N/A,N/A
soriana,8908901.37,MXN,OP-109904,2019-06-10,N/A,N/A
GRUPO MÉXICO,3709331.12,EUR,OP-109905,"March 21, 2024",N/A,N/A
walmart de méxico,545515.9,MXN,OP-109906,04-Mar-2023,N/A,N/A
GRUPO LALA,3451936.82,EUR,OP-109907,2017-05-11,N/A,N/A
américa móvil,6093477.16,MXN,OP-109908,"April 11, 2022",N/A,N/A
BBVA MÉXICO,496371.74,USD,OP-109909,"December 07, 2022",28-Oct-2023,325
grupo lala,9767756.08,EUR,OP-109910,2023-04-06,N/A,N/A
ALSEA,1354376.7,EUR,OP-109911,04/04/2022,N/A,N/A
walmart de méxico,5068077.91,EUR,OP-109912,"May 27, 2020",N/A,N/A
soriana,4799712.19,USD,OP-109913,"November 09, 2019",2023-06-23,1322
CEMEX,7533809.26,MXN,OP-109914,2021-02-07,N/A,N/A
cemex,5592464.97,USD,OP-109915,23-Aug-2020,09/05/2024,1474
telmex,2771382.13,MXN,OP-109916,19/09/2018,N/A,N/A
FEMSA,8955877.14,EUR,OP-109917,2023-01-18,N/A,N/A
TELMEX,8037550.03,EUR,OP-109918,2024-11-03,N/A,N/A
LIVERPOOL,2614491.99,USD,OP-109919,26/04/2017,2024-05-29,2590
AMÉRICA MÓVIL,1220071.62,MXN,OP-109920,2023-08-28,N/A,N/A
walmart de méxico,2638513.59,USD,OP-109921,30-Jul-2022,N/A,N/A
GRUPO BIMBO,1792355.26,USD,OP-109922,17-Jan-2020,N/A,N/A
grupo lala,1373843.69,EUR,OP-109923,"December 02, 2016",28-Jul-2022,2064
alsea,8070499.84,EUR,OP-109924,2016-01-09,N/A,N/A
GRUPO LALA,7874454.66,EUR,OP-109925,14-Jul-2025,N/A,N/A
GRUPO LALA,7962555.33,MXN,OP-109926,26-Apr-2018,N/A,N/A
ALSEA,7405172.39,USD,OP-109927,"July 21, 2017",N/A,N/A
grupo méxico,2882252.79,USD,OP-109928,"December 03, 2016",2024-08-22,2819
FEMSA,6200630.02,USD,OP-109929,2016-06-12,2024-08-31,3002
femsa,4244558.99,MXN,OP-109930,26/04/2018,N/A,N/A
BANORTE,845536.52,USD,OP-109931,27/04/2019,2024-07-28,1919
telmex,7418666.18,EUR,OP-109932,11/02/2018,N/A,N/A
ALSEA,6141363.1,USD,OP-109933,"November 12, 2015",2020-09-29,1783
banorte,9844610.55,MXN,OP-109934,2020-01-22,N/A,N/A
soriana,3224811.6,MXN,OP-109935,2024-04-12,N/A,N/A
SORIANA,2609376.03,USD,OP-109936,17-Jun-2021,N/A,N/A
grupo bimbo,4637625.71,EUR,OP-109937,14-Jun-2023,N/A,N/A
GRUPO BIMBO,4149962.59,EUR,OP-109938,23-Nov-2023,N/A,N/A
BANORTE,1938121.17,EUR,OP-109939,2022-10-17,N/A,N/A
GRUPO BIMBO,3144937.43,MXN,OP-109940,"May 22, 2022",N/A,N/A
GRUPO BIMBO,1274094.57,MXN,OP-109941,2017-01-25,"December 17, 2024",2883
américa móvil,9067912.17,MXN,OP-109942,13-Jul-2017,N/A,N/A
grupo bimbo,4440205.89,MXN,OP-109943,24-May-2017,N/A,N/A
TELMEX,3899802.7,USD,OP-109944,26-Jul-2025,N/A,N/A
liverpool,7074205.1,EUR,OP-109945,2017-07-22,14-Feb-2020,937
femsa,4188171.16,EUR,OP-109946,18-Mar-2024,N/A,N/A
femsa,6040836.28,EUR,OP-109947,25-Oct-2020,N/A,N/A
FEMSA,4293791.15,MXN,OP-109948,21-Sep-2018,N/A,N/A
telmex,8167937.85,EUR,OP-109949,15/12/2024,N/A,N/A
alsea,1371071.39,MXN,OP-109950,25/08/2018,N/A,N/A
grupo lala,8327776.63,USD,OP-109951,2016-11-26,27/03/2021,1582
grupo bimbo,1568014.83,MXN,OP-109952,"March 21, 2023",N/A,N/A
liverpool,2382366.03,EUR,OP-109953,"June 27, 2021",20/09/2022,450
grupo bimbo,5519575.86,EUR,OP-109954,03/05/2025,N/A,N/A
GRUPO MÉXICO,1323118.86,USD,OP-109955,2025-03-27,N/A,N/A
LIVERPOOL,9502820.55,EUR,OP-109956,07/11/2021,N/A,N/A
AMÉRICA MÓVIL,2194213.88,EUR,OP-109957,"June 28, 2019",09/06/2019,70
FEMSA,3298260.2,EUR,OP-109958,15/07/2019,27-Nov-2023,1596
TELMEX,5385582.2,MXN,OP-109959,2016-08-25,N/A,N/A
grupo lala,8205544.84,USD,OP-109960,2024-02-10,N/A,N/A
GRUPO LALA,3965508.1,MXN,OP-109961,26-Aug-2022,06/02/2025,1011
BBVA MÉXICO,2952212.97,EUR,OP-109962,22-Sep-2018,N/A,N/A
soriana,6336726.29,EUR,OP-109963,"September 01, 2015",N/A,N/A
femsa,4621744.69,USD,OP-109964,2017-05-27,N/A,N/A
bbva méxico,5540712.97,EUR,OP-109965,"December 16, 2024",N/A,N/A
GRUPO MÉXICO,2158476.11,EUR,OP-109966,08-Oct-2017,N/A,N/A
AMÉRICA MÓVIL,2122943.13,EUR,OP-109967,04/03/2023,"May 09, 2023",36
GRUPO BIMBO,4159213.81,USD,OP-109968,27-Apr-2017,2021-07-16,1541
GRUPO BIMBO,1291837.89,MXN,OP-109969,"April 19, 2021",N/A,N/A
liverpool,2478975.22,USD,OP-109970,04-Jun-2024,12/03/2024,182
bbva méxico,155598.84,USD,OP-109971,26/04/2017,20-Jun-2019,785
TELMEX,1300073.3,MXN,OP-109972,2024-07-08,N/A,N/A
grupo méxico,6876537.09,USD,OP-109973,2016-11-11,30-Jul-2019,991
américa móvil,2723014.75,EUR,OP-109974,02-Oct-2024,N/A,N/A
GRUPO MÉXICO,5634188.16,EUR,OP-109975,2018-08-09,29-Jul-2022,1450
CEMEX,4999026.51,USD,OP-109976,2018-03-15,N/A,N/A
grupo carso,2048425.47,EUR,OP-109977,2020-09-04,N/A,N/A
banorte,8860496.1,USD,OP-109978,"March 14, 2018",N/A,N/A
bbva méxico,6939442.86,USD,OP-109979,25/05/2022,"April 24, 2024",700
ALSEA,5277189.77,MXN,OP-109980,23/06/2025,N/A,N/A
GRUPO BIMBO,5223427.57,USD,OP-109981,"October 20, 2015",N/A,N/A
grupo carso,8034277.84,MXN,OP-109982,09/03/2025,N/A,N/A
grupo carso,241716.98,MXN,OP-109983,2024-05-14,N/A,N/A
PEMEX,4482269.51,MXN,OP-109984,09-Jan-2017,2018-03-13,428
LIVERPOOL,9711501.08,EUR,OP-109985,"February 09, 2018",2022-01-03,1424
BBVA MÉXICO,5330344.22,USD,OP-109986,27-Jul-2022,N/A,N/A
WALMART DE MÉXICO,8229144.49,EUR,OP-109987,26-Mar-2021,N/A,N/A
grupo bimbo,9586325.92,MXN,OP-109988,"November 17, 2021",N/A,N/A
PEMEX,7169881.26,USD,OP-109989,25-Jun-2023,N/A,N/A
ALSEA,2184484.7,USD,OP-109990,2023-05-04,"September 14, 2024",499
pemex,2142570.09,EUR,OP-109991,06-Sep-2018,2023-02-23,1631
pemex,5741285.25,USD,OP-109992,21-Aug-2025,N/A,N/A
LIVERPOOL,3755251.09,USD,OP-109993,08-Oct-2019,2023-05-24,1324
GRUPO LALA,5262127.94,MXN,OP-109994,"January 31, 2018",2021-02-12,1108
BBVA MÉXICO,7649613.74,MXN,OP-109995,02-Jan-2021,"March 01, 2023",788
SORIANA,1578366.47,MXN,OP-109996,28/02/2017,12-Feb-2022,1810
walmart de méxico,2057031.71,MXN,OP-109997,2020-05-19,N/A,N/A
GRUPO BIMBO,6555258.51,MXN,OP-109998,13/05/2017,2019-12-24,955
soriana,1394502.18,USD,OP-109999,18/05/2024,30/10/2024,165
